Date,Close,High,Low,Open,Volume
2018-01-02,40.23237991333008,40.2417241547698,39.531711484275874,39.74191415126249,102223600
2018-01-03,40.22537612915039,40.7672281267938,40.16231853236063,40.295443689367616,118071600
2018-01-04,40.41221237182617,40.514977627745246,40.19033478588271,40.29776859795569,89738400
2018-01-05,40.8723258972168,40.95874053156003,40.41689212140461,40.50797887656705,94640000
2018-01-08,40.72052001953125,41.01479951333092,40.622423291146994,40.72052001953125,82271200
2018-01-09,40.71583557128906,40.886330527395515,40.500964385725915,40.767218198682784,86336000
2018-01-10,40.706504821777344,40.708842664386644,40.40521891928828,40.442588763192425,95839600
2018-01-11,40.93771743774414,40.98676579221811,40.7532096664602,40.776563140765795,74670800
2018-01-12,41.36045837402344,41.423519533337156,41.02413694272906,41.14792141899934,101672400
2018-01-16,41.15026092529297,41.89763993406561,41.13858240438722,41.54963996826612,118263600
2018-01-17,41.82990264892578,41.86493464152241,40.88867176747151,41.14090924173439,137547200
2018-01-18,41.867286682128906,42.06347661525512,41.63139618307245,41.8929780088606,124773600
2018-01-19,41.68043518066406,41.9420169476055,41.43520049226432,41.715467180242186,129700400
2018-01-22,41.33943557739258,41.52160907619025,41.246014549623844,41.40950313011101,108434400
2018-01-23,41.34877395629883,41.909310783105305,41.297394888530555,41.40950082837842,130756400
2018-01-24,40.690155029296875,41.40950843945654,40.451926745023115,41.397829918542136,204420400
2018-01-25,39.963783264160156,40.8606378070579,39.82832030240219,40.75787255580819,166116000
2018-01-26,40.057212829589844,40.171656622698116,39.71855713477156,40.171656622698116,156572000
2018-01-29,39.228084564208984,39.74190727721749,39.020219775428046,39.74190727721749,202561600
2018-01-30,38.996856689453125,39.09027769049413,38.466683420899365,38.66053538365308,184192800
2018-01-31,39.10429763793945,39.34019158896355,38.8870921670817,38.973506787042304,129915600
2018-02-01,39.18605422973633,39.382240558791324,38.94782593657848,39.04358482234974,188923200
2018-02-02,37.485755920410156,38.95716013658482,37.392334901262075,38.77031453450521,346375200
2018-02-05,36.54920196533203,38.27518171314244,36.43475817272473,37.158783638850124,290954000
2018-02-06,38.07666015625,38.23781447548652,35.96764833446802,36.161500373275416,272975200
2018-02-07,37.26154327392578,38.163070074933216,37.151775171913954,38.09066824510716,206434400
2018-02-08,36.23623275756836,37.60253756671725,36.208207161904596,37.43671114354451,217562000
2018-02-09,36.679439544677734,37.02651078400794,35.23252394126466,36.83421586241189,282690400
2018-02-12,38.1568603515625,38.43357852431035,36.93741390436866,37.16957849038807,243278000
2018-02-13,38.539100646972656,38.63524992743858,37.90827262494443,37.9786258442686,130196800
2018-02-14,39.24967956542969,39.2895455739884,38.19673887658199,38.23425751043336,162579600
2018-02-15,40.567596435546875,40.59104512106228,39.63190693047491,39.81716693279276,204588800
2018-02-16,40.436283111572266,40.9967616423969,40.28151028166677,40.41986938372041,160704400
2018-02-20,40.30025863647461,40.865421001998236,40.199418192113605,40.3471595876204,135722000
2018-02-21,40.11735153198242,40.832599250578035,40.10327802296101,40.53008500542689,149886400
2018-02-22,40.45268630981445,40.79272266748071,40.26742630638958,40.28853119697347,123967600
2018-02-23,41.156227111816406,41.191401942979354,40.69658904083861,40.72707628005614,135249600
2018-02-26,41.9699592590332,42.068452335634156,41.32271750780691,41.35554853334056,152648800
2018-02-27,41.833946228027344,42.32406784199246,41.7800103071155,42.00044873820776,155712400
2018-02-28,41.770626068115234,42.35689694186854,41.75421234437313,42.03796544341421,151128400
2018-03-01,41.038963317871094,42.15991300108843,40.490214610015975,41.869121344243176,195208000
2018-03-02,41.322731018066406,41.34383591745674,40.440977052626046,40.52305643245232,153816000
2018-03-05,41.46577072143555,41.68151798734125,40.92640076751445,41.08821211152215,113605600
2018-03-06,41.43059539794922,41.80111907072272,41.30396244619029,41.7213870796777,95154000
2018-03-07,41.045989990234375,41.23828852566568,40.86776495945233,41.02488510072984,126814000
2018-03-08,41.493919372558594,41.536129169515,41.05538978315525,41.151535513438546,95096400
2018-03-09,42.20681381225586,42.21150498140383,41.59943801604093,41.733109499405906,128740800
2018-03-12,42.6148567199707,42.77197688165048,42.26075040737717,42.27950792605273,128828400
2018-03-13,42.2044792175293,43.03229362608752,42.033289078601506,42.81889011225261,126774000
2018-03-14,41.84567642211914,42.33345428800608,41.697934995814336,42.28655332708337,117473600
2018-03-15,41.894920349121094,42.267791390111284,41.75890863863255,41.859745523704035,90975200
2018-03-16,41.74717712402344,42.005134159904195,41.653371637810366,41.894914950049724,157618800
2018-03-19,41.10933303833008,41.61821595827732,40.724739313754895,41.58304112121544,133787200
2018-03-20,41.095245361328125,41.46107782208997,41.02489213926311,41.095245361328125,78597600
2018-03-21,40.16423416137695,41.06005393123253,40.16188678845447,41.04832780155726,148219600
2018-03-22,39.596744537353516,40.494908555129875,39.53811743769994,39.866427764434306,165963200
2018-03-23,38.6798095703125,39.847660204185324,38.6798095703125,39.48886269872853,164115200
2018-03-26,40.51601028442383,40.59339847247877,39.031571938963225,39.413821710118775,150164800
2018-03-27,39.477142333984375,41.07414393053354,39.1441408426636,40.72941630380633,163690400
2018-03-28,39.04096221923828,39.871124060930434,38.738447920587014,39.22153471131714,166674000
2018-03-29,39.34581756591797,40.276816164694516,39.13944903672395,39.35285253138467,153594000
2018-04-02,39.087860107421875,39.61785140476967,38.56959852456519,39.07848134546911,150347200
2018-04-03,39.48887252807617,39.57329570203977,38.66574926566696,39.31299121384488,121112000
2018-04-04,40.24398422241211,40.3377861453882,38.63994772264869,38.665743788214215,138422000
2018-04-05,40.523048400878906,40.85839366355364,40.35420208259207,40.471456271496045,107732800
2018-04-06,39.48652648925781,40.44800880545494,39.44431311551647,40.09390240110896,140021200
2018-04-09,39.87815475463867,40.59105872724588,39.83125378957353,39.83828875541759,116070800
2018-04-10,40.628578186035156,40.80445947688379,40.225223472757165,40.56995108908561,113634400
2018-04-11,40.438629150390625,40.78570058116523,40.26509164584622,40.38938081183268,89726400
2018-04-12,40.837284088134766,41.03896141306867,40.579323470784374,40.666093993882306,91557200
2018-04-13,40.97563552856445,41.23593989277432,40.769270651413485,40.98736165959085,100497200
2018-04-16,41.23125457763672,41.31802151105579,40.99909005243207,41.04599100081229,86313600
2018-04-17,41.79877471923828,41.962929868710894,41.369623956700956,41.388385056399805,106421600
2018-04-18,41.704959869384766,41.9347806054284,41.47983388010552,41.69792490586436,83018000
2018-04-19,40.523048400878906,41.1304242406062,40.49021737111835,40.74817443971879,139235200
2018-04-20,38.86273956298828,40.152536002898835,38.79473011048212,40.00714191291514,261964400
2018-04-23,38.75016403198242,39.14413637278911,38.48047726168653,39.123031478455985,146062000
2018-04-24,38.21079635620117,39.005779628477015,37.8074416526787,38.85100323747827,134768000
2018-04-25,38.37729263305664,38.792373442463585,38.08650454957621,38.135749302540106,113528400
2018-04-26,38.510963439941406,38.86506977787231,38.311629901195275,38.48751117244882,111852000
2018-04-27,38.065391540527344,38.536751967120935,37.66907191427153,38.45936379350475,142623200
2018-04-30,38.75484848022461,39.223865178378034,37.95283035577987,38.02083978086763,169709600
2018-05-01,39.655364990234375,39.67881367917698,38.75719754468878,39.02453693116686,214277600
2018-05-02,41.407135009765625,41.683853104628085,40.75754597352116,41.09289114729308,266157600
2018-05-03,41.482181549072266,41.62523178453475,40.907636811934324,41.24532940570239,136272800
2018-05-04,43.109676361083984,43.20816945228311,41.782358058055685,41.80111915804322,224805200
2018-05-07,43.42156982421875,44.01018453355884,43.32542053554756,43.42625741514392,169805600
2018-05-08,43.63028335571289,43.67014934958215,43.072152284915745,43.38170505375531,113611200
2018-05-09,43.93749237060547,43.946871131806425,43.43564455597334,43.74754114603787,92844800
2018-05-10,44.56596755981445,44.643355748706455,44.00549271751808,44.026601189625815,111957200
2018-05-11,44.3964729309082,44.74252983037608,44.12810264072007,44.60834648133808,104848800
2018-05-14,44.29288101196289,44.617751562338626,44.22461293578099,44.49533599968654,83115200
2018-05-15,43.89032745361328,44.03863854695123,43.57487541925094,43.97036687867035,94780800
2018-05-16,44.29994583129883,44.36586467071861,43.78674803552611,43.80322864340894,76732400
2018-05-17,44.019813537597656,44.47180540297354,43.87150241585593,44.2575790253715,69176000
2018-05-18,43.859737396240234,44.21285642880138,43.81736483654692,44.06690171148546,73190800
2018-05-21,44.17047882080078,44.556555441924544,44.00098141717452,44.25758035606822,73603200
2018-05-22,44.0598258972168,44.46473588249332,43.97036795401736,44.34702957496204,60962800
2018-05-23,44.34233093261719,44.375288562931686,43.73025655007666,43.86915275622062,80233600
2018-05-24,44.29288101196289,44.45531628715076,43.836183567201495,44.438839272394304,92936000
2018-05-25,44.39412307739258,44.64601277398445,44.175187419796956,44.311727203564814,69844000
2018-05-29,44.23405075073242,44.43415300907553,43.991575924992354,44.16342980507082,90056400
2018-05-30,44.1398811340332,44.25758748372396,43.9703837031095,44.19167221526615,74762000
2018-05-31,43.99155807495117,44.31171940312337,43.819707856715965,44.073953934274336,109931200
2018-06-01,44.78489685058594,44.789602516532064,44.19871815026651,44.255218470622694,93770000
2018-06-04,45.15920639038086,45.5335116194763,45.04620933090354,45.11447741480749,105064800
2018-06-05,45.50761795043945,45.65592906665708,45.28397665552099,45.451121214441805,86264000
2018-06-06,45.665348052978516,45.688890756479125,45.18039853460859,45.58295577495082,83734400
2018-06-07,45.542930603027344,45.717133656482744,45.27926600539702,45.703009472917365,85388800
2018-06-08,45.12859344482422,45.199217941279684,44.67424886369031,45.0038250576677,106627200
2018-06-11,45.01795959472656,45.19216624711074,44.777841280495316,45.046211555074656,73234000
2018-06-12,45.26514434814453,45.34283095420171,44.99912690244376,45.05562723197043,67644400
2018-06-13,44.8931999206543,45.40640146025285,44.83199391352035,45.298110040740724,86553600
2018-06-14,44.916748046875,45.09801684848903,44.78020823715004,45.09330758826043,86440400
2018-06-15,44.455326080322266,44.766072517330024,44.31878630576844,44.73546772189716,246876800
2018-06-18,44.43178176879883,44.54477882716092,44.06924430139088,44.22932676017291,73939600
2018-06-19,43.71379089355469,43.86445489874216,43.18646507934191,43.58431317219516,134314000
2018-06-20,43.90446090698242,44.06924904987307,43.72319215374665,43.869150444974466,82514800
2018-06-21,43.65962219238281,44.339964459828835,43.53720663510799,44.08100916407657,102847600
2018-06-22,43.532501220703125,43.822057737254866,43.48071015698018,43.814995646030056,108801600
2018-06-25,42.8851318359375,43.53251677162518,42.546136967603,43.17468845592623,126652400
2018-06-26,43.41714859008789,43.91151653812936,42.9722188736952,43.07815742835521,98276800
2018-06-27,43.353599548339844,44.08808595262717,43.32299475079041,43.60548924535381,101141200
2018-06-28,43.669044494628906,43.836189048695495,43.26884372711666,43.33946823717454,69460800
2018-06-29,43.57722473144531,44.06688335029261,43.059317751239284,43.85500986376897,90950800
2018-07-02,44.06454086303711,44.09279282544298,43.17939053675064,43.27355775791656,70925200
2018-07-03,43.29710388183594,44.24581678705579,43.2076459052671,44.20814989248861,55819200
2018-07-05,43.6455078125,43.88327690941216,43.381846770178385,43.6125501822098,66416800
2018-07-06,44.25052261352539,44.35881043686303,43.598428471363974,43.65021954934719,69940800
2018-07-09,44.86493682861328,44.888475934967545,44.563608967231666,44.61069077205164,79026400
2018-07-10,44.81079864501953,45.02973068179138,44.770775334103476,44.89554734134358,63756400
2018-07-11,44.22932434082031,44.676606883449594,44.16576192741964,44.37527901622558,75326000
2018-07-12,44.97087860107422,45.06033655826407,44.5659685524734,44.617759623255736,72164400
2018-07-13,45.04151153564453,45.16157071738776,44.940282208513345,44.98265836167209,50055600
2018-07-16,44.94261932373047,45.35223493962522,44.82726585914835,45.08622115020571,60172400
2018-07-17,45.06973648071289,45.16860933053521,44.5400581903078,44.669535824162324,62138000
2018-07-18,44.822566986083984,45.152146850343286,44.71192275355339,45.14743759156633,65573600
2018-07-19,45.17097854614258,45.32870458400602,44.65542428942272,44.65542428942272,81147200
2018-07-20,45.0673942565918,45.30045046027843,44.76841921206279,45.147433688320305,82704800
2018-07-23,45.10741424560547,45.189810103073654,44.62481763495967,44.888478631479195,63957600
2018-07-24,45.43463897705078,45.59001217970089,45.21099769014568,45.30516130817569,74791600
2018-07-25,45.86309814453125,45.870160237270106,45.30045841417882,45.448769545919404,66839600
2018-07-26,45.7194938659668,46.131466017243845,45.578244834398404,45.813657492271,76304000
2018-07-27,44.9591178894043,45.95020696888031,44.75195714936341,45.90312514578523,96096000
2018-07-30,44.70722198486328,45.24631543024671,44.50947619991051,45.17569090930291,84118000
2018-07-31,44.79667282104492,45.2321876723777,44.57303151581136,44.799029246561446,157492000
2018-08-01,47.43566131591797,47.49686732768109,46.4492814810623,46.87773433974285,271742800
2018-08-02,48.822227478027344,49.05528728580015,47.16492406575627,47.21906796740019,249616000
2018-08-03,48.963470458984375,49.140029917969756,48.372582503962036,48.737472770954085,133789600
2018-08-06,49.21772766113281,49.260100216675234,48.74690233050748,48.9658343850344,101701600
2018-08-07,48.756324768066406,49.318960981159805,48.673928885668055,49.2765884190894,102349600
2018-08-08,48.789283752441406,48.92111429423588,48.14660806513692,48.50678922115141,90102000
2018-08-09,49.172996520996094,49.384866473630254,48.77750139273708,49.32601330988609,93970400
2018-08-10,49.02653503417969,49.39743090242757,48.82336994816407,48.986374954988406,98444800
2018-08-13,49.34308624267578,49.83446227625625,49.06668789966988,49.44703165810567,103563600
2018-08-14,49.55097961425781,49.742332045788096,49.198983276632525,49.64783817493935,82992000
2018-08-15,49.666744232177734,49.784863388699996,49.215528189132144,49.42578014355335,115230400
2018-08-16,50.39435958862305,50.510114057112624,49.95731725963036,50.02346370011316,114001600
2018-08-17,51.40071487426758,51.48812186646989,50.35654232295401,50.42268873943836,141708000
2018-08-20,50.89989471435547,51.77869768428093,50.81720988532367,51.523563547511685,121150800
2018-08-21,50.80067825317383,51.308592719080146,50.56207888756199,51.21645993387259,104639200
2018-08-22,50.803043365478516,51.11251493875671,50.51719345762094,50.57861771807685,76072400
2018-08-23,50.906982421875,51.27551351969438,50.696730520954475,50.708539549833304,75532800
2018-08-24,51.06526565551758,51.24007966949176,50.81721474938912,51.16921107177788,73905600
2018-08-27,51.48576736450195,51.6747586949245,51.10542361873389,51.29913711900238,82100400
2018-08-28,51.90153884887695,52.09997809862449,51.71727331629577,51.73853389204528,91107200
2018-08-29,52.6763916015625,52.79687538777403,51.833023121625715,52.007837078546316,109019200
2018-08-30,53.16069030761719,53.92373880558673,52.53938258935229,52.74018653315402,195175200
2018-08-31,53.7749137878418,54.06784690966644,53.38984428836114,53.51032449768809,173360400
2018-09-04,53.94737243652344,54.14108594690396,53.53868123150636,53.95918507117456,109560400
2018-09-05,53.59537124633789,54.25683907496072,53.17723213437342,54.096198793356,133332000
2018-09-06,52.70475769042969,53.70877030386008,52.27952809791721,53.44418099923575,137160000
2018-09-07,52.2795295715332,53.24101745045913,52.14014985816449,52.409461340228574,150479200
2018-09-10,51.57790756225586,52.40946737291451,51.13850418781404,52.19685074383668,158066000
2018-09-11,52.88194274902344,52.9882492587636,51.1597635933339,51.50230839347898,142996000
2018-09-12,52.22519302368164,53.15360764020319,51.93461737319087,53.139433921586026,197114800
2018-09-13,53.48670959472656,53.94501243257914,52.579555468815734,52.80398111284486,166825600
2018-09-14,52.879573822021484,53.588288636449,52.56774117812255,53.330789785670724,127997200
2018-09-17,51.47161102294922,52.669337540449504,51.327505490380204,52.4803461462213,148780400
2018-09-18,51.556640625,52.409460912019995,51.29205131507944,51.450330521211534,126286800
2018-09-19,51.58734130859375,51.882639097106946,50.8620918144542,51.61805343210611,108495200
2018-09-20,51.97950744628906,52.51104356592274,51.77161661043625,52.02911907019395,106435200
2018-09-21,51.41962432861328,52.29370523412945,51.332213714764634,52.15668660065999,384986800
2018-09-24,52.15904998779297,52.27008227145814,51.176301449926825,51.221187301371494,110773600
2018-09-25,52.489784240722656,52.638615511284215,51.901549623240875,51.91336225823483,98217600
2018-09-26,52.07164001464844,52.85831390102555,51.91572188840217,52.20865864637607,95938800
2018-09-27,53.14179611206055,53.49379241878552,52.808699298788234,52.87484932822745,120724800
2018-09-28,53.32843017578125,53.35205184075627,52.92210004922642,53.10400092790325,91717600
2018-10-01,53.68750762939453,54.19778315474895,53.47253354452783,53.850512611497464,94403200
2018-10-02,54.164703369140625,54.334795190286975,53.53867347513633,53.68514003040311,99152800
2018-10-03,54.823814392089844,55.15454651217673,54.28282676137159,54.34661210049897,114619200
2018-10-04,53.85996627807617,54.88996531394605,53.56230374089691,54.51906948736873,128168000
2018-10-05,52.98588562011719,53.95918984709933,52.10944356396356,53.852883335249984,134322000
2018-10-08,52.863037109375,53.1063622318355,52.01966478038702,52.49450599592842,118655600
2018-10-09,53.59537124633789,53.68986871026096,52.503951672171496,52.83232269929613,107564000
2018-10-10,51.11251449584961,53.47253621494058,51.03928120567304,53.262284289555225,167962400
2018-10-11,50.661293029785156,51.854296937675905,50.15810799817568,50.677831437884706,212497600
2018-10-12,52.47088623046875,52.652790721334746,51.22590944484672,52.071642947462294,161351600
2018-10-15,51.34874725341797,52.404732541694706,51.32748667559729,52.246453343402386,123164000
2018-10-16,52.48032760620117,52.67877048262682,51.20700353895954,51.71964012658048,116736000
2018-10-17,52.2535400390625,52.59608478681421,51.81649782677638,52.515764645492226,91541600
2018-10-18,51.032196044921875,51.91100276572367,50.31875540497844,51.46687363023819,130325200
2018-10-19,51.80940246582031,52.27006626511478,51.365273467162524,51.51410469643808,132314800
2018-10-22,52.12596893310547,52.76617618297206,51.722003540271174,51.92280389191962,115168400
2018-10-23,52.61735153198242,52.74019644792127,50.720358416207795,50.987308828331614,155071200
2018-10-24,50.8124885559082,52.97170619640665,50.68255678665356,52.58664026806459,163702000
2018-10-25,51.92518615722656,52.29844315480246,51.20465852281456,51.431448907881126,119423200
2018-10-26,51.09833526611328,52.017301933671156,50.240789247146296,51.00383780130841,189033600
2018-10-29,50.13921356201172,51.899188017139984,48.68634598538271,51.781068877806405,183742000
2018-10-30,50.389617919921875,50.83374336526925,49.43757808963061,49.88170353497799,146640000
2018-10-31,51.7031135559082,52.07873158104837,51.17393847569283,51.235362739607034,153435600
2018-11-01,52.49686813354492,52.52994134683256,51.218818240233645,51.7479932575457,233292800
2018-11-02,49.014713287353516,50.47230292231517,48.53042413230621,49.50372821693035,365314800
2018-11-05,47.62327194213867,48.28473981849687,46.81533749201692,48.26347923934601,264654800
2018-11-06,48.138282775878906,48.362708455674046,47.64690664485731,47.70124044834841,127531600
2018-11-07,49.59822463989258,49.62421099408189,48.223319767020705,48.65799732372377,133697600
2018-11-08,49.42516326904297,49.81157269477847,49.012673205621276,49.77838408856891,101450400
2018-11-09,48.4721794128418,48.83725414465748,47.94590026761649,48.72820739840714,137463200
2018-11-12,46.030426025390625,47.37694293079011,45.94034111622578,47.17543835522245,204542000
2018-11-13,45.57052993774414,46.743988758610655,45.38562145044577,45.42829458759235,187531600
2018-11-14,44.28327560424805,46.103913863049335,44.077028770048315,45.96641717934507,243204000
2018-11-15,45.37614440917969,45.50889886088742,44.3069899736933,44.6602144819987,185915200
2018-11-16,45.878719329833984,46.2200900127269,44.913876541520615,45.16042002511673,147713200
2018-11-19,44.0604362487793,45.20781787683078,43.854193031994036,45.04187485083766,167701200
2018-11-20,41.95532989501953,43.0197420672639,41.60684765041812,42.28484670118081,271300800
2018-11-21,41.90791702270508,42.735266618961745,41.85339364940584,42.607250817126655,124496800
2018-11-23,40.843505859375,41.8652485061949,40.79846701261189,41.47172379819083,94496000
2018-11-26,41.3958625793457,41.47409365729359,40.36226968529681,41.30578126736825,179994000
2018-11-27,41.3057746887207,41.43141753463873,40.50924447872487,40.65859140621429,165549600
2018-11-28,42.89409637451172,42.97706609276824,41.469348200420384,41.89606149396926,184250000
2018-11-29,42.5645751953125,43.335028367317676,42.126008096640945,43.30183975998431,167080000
2018-11-30,42.334632873535156,42.74949235818661,41.96718517795777,42.74000782999921,158126000
2018-12-03,43.81390380859375,43.84235015808843,42.95810782751556,43.72856114282213,163210000
2018-12-04,41.88657760620117,43.2378332586359,41.78701178099935,42.89646264806565,165377200
2018-12-06,41.41957092285156,41.43379409773715,40.40020118769581,40.717864151099256,172393600
2018-12-07,39.942684173583984,41.36505996578626,39.89764169473139,41.127997333752546,169126400
2018-12-10,40.2057991027832,40.321957405947316,38.719416301603985,39.11531021944765,248104000
2018-12-11,39.975852966308594,40.7249677627777,39.58943991025158,40.694152095656555,189126800
2018-12-12,40.087276458740234,40.75579093217634,40.06831102170334,40.39545486304984,142510800
2018-12-13,40.52583694458008,40.909880685541545,40.19395086452644,40.41679021139973,127594400
2018-12-14,39.22911071777344,40.08253736549948,39.181698930074774,40.06357192696252,162814800
2018-12-17,38.864036560058594,39.909483314980214,38.57718927162782,39.22199972246695,177151600
2018-12-18,39.36897659301758,39.71508586552915,38.97070965657398,39.20540286647577,135366000
2018-12-19,38.14100646972656,39.6961367467661,37.714293011444084,39.35239665605946,196189200
2018-12-20,37.17851638793945,38.43020623587975,36.815811012529885,38.02482772479942,259092000
2018-12-21,35.73242950439453,37.493805755071484,35.471662925552984,37.18562378254359,382978400
2018-12-24,34.807891845703125,35.92682728092065,34.75099553606444,35.120812505498044,148676800
2018-12-26,37.25911331176758,37.27333648323871,34.78181086894606,35.156370059261675,234330000
2018-12-27,37.0173225402832,37.164303808057454,35.57598515454274,36.94383371504013,212468400
2018-12-28,37.036277770996094,37.579152986301054,36.638014459884026,37.337348194676096,169165600
2018-12-31,37.39424514770508,37.77828529250411,37.095544041939455,37.58152295661812,140014000
2019-01-02,37.436912536621094,37.657382560104914,36.56215126344113,36.71861339400552,148158800
2019-01-03,33.707923889160156,34.54475438454186,33.66288142679495,34.132264253567534,365248800
2019-01-04,35.146888732910156,35.215638890994725,34.089591894725444,34.262646525522236,234428400
2019-01-07,35.06866455078125,35.28202303602157,34.58742781885169,35.25120374411971,219111200
2019-01-08,35.73717498779297,35.99083362118485,35.20852657958671,35.455070009455085,164101200
2019-01-09,36.344058990478516,36.63327559109025,35.471670542086514,35.865191626259296,180396400
2019-01-10,36.46022415161133,36.50052435461603,35.7632596139456,36.152042085783165,143122800
2019-01-11,36.10226058959961,36.43651971289026,35.91735205698948,36.242130268194934,108092800
2019-01-14,35.55938720703125,35.860457698224735,35.37447868293772,35.7608918481196,129756800
2019-01-15,36.287166595458984,36.363024731160756,35.5712366750947,35.623390725952945,114843600
2019-01-16,36.730472564697266,36.95331194342955,36.270570632809374,36.28953607113632,122278800
2019-01-17,36.94856643676758,37.37527971845507,36.33220240574262,36.555041764917604,119284800
2019-01-18,37.17615509033203,37.42744084338128,36.97701977635849,37.33735590651915,135004000
2019-01-22,36.34169387817383,37.15481678323688,36.18048944437783,37.078958639376545,121576000
2019-01-23,36.488651275634766,36.77786774930717,35.9623723558234,36.543174625406685,92522400
2019-01-24,36.19944763183594,36.62141864613615,35.97186962856401,36.53370666750917,101766000
2019-01-25,37.39899826049805,37.48671389113541,36.58350587244994,36.85849576715417,134142000
2019-01-28,37.05287170410156,37.059983290146754,36.42702681111613,36.93196750675945,104768400
2019-01-29,36.66883850097656,37.48670730390051,36.53371471002909,37.041028491557945,166348800
2019-01-30,39.174583435058594,39.38793826706386,37.984528510908085,38.70045837079162,244439200
2019-01-31,39.456687927246094,40.06356742305423,39.01100921494888,39.37845685855858,162958400
2019-02-01,39.47565460205078,40.058826416325836,39.33578495633769,39.579962696906414,130672400
2019-02-04,40.59695816040039,40.69415466560486,39.655819629284345,39.68663891563872,125982000
2019-02-05,41.291561126708984,41.504919632922416,40.8577397603801,40.978640381799345,144406400
2019-02-06,41.3057746887207,41.62106827364478,40.97625793139639,41.40296757255128,112958400
2019-02-07,40.52347946166992,41.23466722725265,40.381240461638164,40.869588815238885,126966800
2019-02-08,40.57109069824219,40.630610517833716,40.09731162648508,40.23301855889848,95280000
2019-02-11,40.337772369384766,40.76155684785086,40.29491984092061,40.723463289570496,83973600
2019-02-12,40.68536376953125,40.71155263291125,40.40204887463883,40.4972827563848,89134000
2019-02-13,40.51631546020508,41.06389833254654,40.454416177620466,40.80439288315696,89960800
2019-02-14,40.66392517089844,40.773439560677936,40.32585316707472,40.404419733377416,87342800
2019-02-15,40.57346725463867,40.87820841832707,40.41395458558312,40.77107347735558,98507200
2019-02-19,40.69489288330078,40.816315650930065,40.352061743881706,40.404439480348884,75891200
2019-02-20,40.95676803588867,41.263892264881214,40.70916724485647,40.75678236242413,104457600
2019-02-21,40.72583770751953,41.03772095743167,40.54489877740289,40.90201766804449,68998800
2019-02-22,41.180564880371094,41.18770696667767,40.80201977491948,40.84963489456358,75652800
2019-02-25,41.48055648803711,41.87100640476121,41.41389457294777,41.46389282566573,87493600
2019-02-26,41.50434875488281,41.73528587720178,41.22817600180852,41.35674080846053,68280800
2019-02-27,41.632911682128906,41.663863142959855,41.12342230100702,41.237702941244116,111341600
2019-02-28,41.22342300415039,41.64244483272273,41.16866579075333,41.501978939190536,112861600
2019-03-01,41.65672302246094,41.69957553997126,41.16151778980415,41.4924477730699,103544800
2019-03-04,41.86623764038086,42.3185867630682,41.41864748708526,41.82814408844058,109744800
2019-03-05,41.79005432128906,41.90195186974716,41.55435453421323,41.887667694676146,78949600
2019-03-06,41.549591064453125,41.780528223893675,41.41150466571953,41.58530149826311,83241600
2019-03-07,41.06868362426758,41.53055809671059,40.95440656528032,41.39485113751143,99185600
2019-03-08,41.166290283203125,41.204383840899425,40.35443904470858,40.54966580330091,95997600
2019-03-11,42.592384338378906,42.64476207379975,41.74720574903715,41.780536704959346,128044000
2019-03-12,43.0709228515625,43.48994107105625,42.70427873080419,42.85426983773272,129870400
2019-03-13,43.26137924194336,43.63992435242317,43.073294612569825,43.389940429970174,124130000
2019-03-14,43.742305755615234,43.8303975608462,43.463753429758704,43.78277879788824,94318000
2019-03-15,44.31132507324219,44.59940266966172,43.744698721062,44.008966930642686,156171600
2019-03-18,44.7636604309082,44.851748588606974,44.23274110168336,44.23512421911368,104879200
2019-03-19,44.4089241027832,44.99460068115345,44.263695608787415,44.84223009997764,126585600
2019-03-20,44.7969856262207,45.113631415703125,43.9803720359133,44.337490855702434,124140800
2019-03-21,46.44687271118164,46.74209224259424,45.18981475936104,45.239812992435944,204136800
2019-03-22,45.485050201416016,47.065896580642246,45.42076777434819,46.50640878224067,169630800
2019-03-25,44.93507766723633,45.706452090174984,44.42558823212463,45.59455455525224,175381200
2019-03-26,44.470829010009766,45.9207346479957,43.94467581313153,45.63027762337992,199202000
2019-03-27,44.87080001831055,45.17792067619841,44.413688258793016,44.93746192285677,119393600
2019-03-28,44.930320739746094,45.13030645740991,44.647005823321656,44.98507795541089,83121600
2019-03-29,45.22316360473633,45.25411507712012,44.88747091024145,45.19459525041401,94256000
2019-04-01,45.53029251098633,45.63504436494066,44.8493854798706,45.625522790145645,111448000
2019-04-02,46.192142486572266,46.29689795003126,45.485046741025556,45.49456831370297,91062800
2019-04-03,46.50878143310547,46.78257110861055,45.98500419384211,46.00881357119078,93087200
2019-04-04,46.58972930908203,46.751621456363765,45.98262649117338,46.37545580304311,76457200
2019-04-05,46.901611328125,46.92542070577744,46.646864791887666,46.77066701663857,74106400
2019-04-08,47.63966369628906,47.67061153128953,46.744483310155175,46.76353008781775,103526800
2019-04-09,47.496803283691406,48.2943701052345,47.43252087860452,47.69202998328842,143072800
2019-04-10,47.76345443725586,47.7920264154458,47.18254052900446,47.30158014519366,86781200
2019-04-11,47.365867614746094,47.8539308198169,47.2444485010714,47.818220384265864,83603200
2019-04-12,47.34681701660156,47.64917866679961,46.71352900287141,47.42538360127354,111042800
2019-04-15,47.43253707885742,47.58014871253934,47.1420800473952,47.27778698972833,70146400
2019-04-16,47.43729019165039,47.94201703520826,47.27301492918647,47.48728843219198,102785600
2019-04-17,48.361045837402344,48.420565658052794,47.28492646285772,47.50633845193266,115627200
2019-04-18,48.53483200073242,48.603873379039385,48.21580670422305,48.35865206262389,96783200
2019-04-22,48.69435119628906,48.79196456564161,48.172957030939074,48.28961717719952,77758000
2019-04-23,49.39666748046875,49.460949876553684,48.54434357614256,48.67052525150928,93292000
2019-04-24,49.32050704956055,49.63476982624294,49.29431818210354,49.36812218144555,70162400
2019-04-25,48.87290954589844,49.46334508558559,48.83481599293768,49.24193312050334,74172800
2019-04-26,48.639591217041016,48.806245964505955,48.12057656602047,48.7824365865248,74596400
2019-04-29,48.713401794433594,49.03718976166445,48.534842333816606,48.66340354702817,88818800
2019-04-30,47.77536392211914,48.42531927458395,47.403960863567825,48.34437319932044,186139600
2019-05-01,50.12045669555664,51.26085497694235,49.81333235534916,49.96808608448377,259309200
2019-05-02,49.794273376464844,50.627550746312075,49.55143515858325,49.958548639197176,127985200
2019-05-03,50.41326904296875,50.434695298434924,50.0513876529615,50.20852079198046,83569600
2019-05-06,49.634765625,49.720474308259035,48.44913186725117,48.63721289375776,129772400
2019-05-07,48.296756744384766,49.382397541879435,47.81345615806851,49.01575709573647,155054800
2019-05-08,48.306297302246094,48.88721148114405,48.03250751057324,48.068217958947095,105358000
2019-05-09,47.78726577758789,48.01581981569588,46.82066463565413,47.71107867635127,139634400
2019-05-10,47.125240325927734,47.52436694654239,46.07127049602343,47.18260069191322,164834800
2019-05-13,44.3863525390625,45.28497649247843,43.700434952267486,44.86195605399725,229722400
2019-05-14,45.08900833129883,45.3375626885166,44.31227095065522,44.55126706777633,146118800
2019-05-15,45.629146575927734,45.82751382697898,44.45806684688862,44.517815887080246,106178800
2019-05-16,45.428382873535156,45.99958345378855,45.132026372240446,45.38775397079813,132125600
2019-05-17,45.17027282714844,45.624364058228416,44.63492013264827,44.67554904096242,131516400
2019-05-20,43.757789611816406,44.058926994173994,43.08621123813103,43.86055981831974,154449200
2019-05-21,44.596675872802734,44.93126897024765,44.14258107279463,44.26686007189899,113459200
2019-05-22,43.683712005615234,44.38397255733177,43.62874391724978,44.13302589344985,118994400
2019-05-23,42.93804168701172,43.14835578247127,42.4958974279958,42.97150099629786,146118800
2019-05-24,42.773136138916016,43.53075340614285,42.68948603770904,43.067100347137895,94858800
2019-05-28,42.59627151489258,43.16030242542194,42.51979466347363,42.76117939821549,111792800
2019-05-29,42.393123626708984,42.86394617150037,42.06330788653476,42.16368579728549,113924800
2019-05-30,42.613006591796875,42.83527122076542,42.22344177055687,42.52935649566115,84873600
2019-05-31,41.84104537963867,42.53891349401557,41.821925255667836,42.118278060238815,108174400
2019-06-03,41.41801834106445,42.52217898232048,40.6938605637744,41.96771001391318,161584400
2019-06-04,42.933265686035156,42.97867553532043,41.70960663780382,41.929482645108415,123872000
2019-06-05,43.626346588134766,44.21188995189266,43.29175350609404,44.0422011159206,119093600
2019-06-06,44.26685333251953,44.32660235130905,43.533133631324745,43.755401877552906,90105200
2019-06-07,45.44511032104492,45.86813447046718,44.39830980535762,44.57516459850568,122737600
2019-06-10,46.0258674621582,46.69266494884902,45.796429611108664,45.84183945170739,104883600
2019-06-11,46.55883026123047,46.843236207404864,46.2696470186837,46.570780795743644,107731600
2019-06-12,46.41065216064453,46.83606491698479,46.21945455574318,46.353291785136825,73012800
2019-06-13,46.40109634399414,47.03204596994404,46.269651392297824,46.53254494248193,86698400
2019-06-14,46.06410217285156,46.26724663690452,45.48095119972922,45.779696276386936,75046000
2019-06-17,46.33894348144531,46.59467100260571,45.927869988201316,46.10233608169049,58676400
2019-06-18,47.428775787353516,47.86852774049729,46.65443074959841,46.85518660036521,106204000
2019-06-19,47.2901611328125,47.77054566831844,47.156323888998976,47.72274352684957,84496800
2019-06-20,47.670169830322266,47.945013921889384,47.328403467116104,47.88765353768087,86056000
2019-06-21,47.50764465332031,48.002368332728025,47.35707594275429,47.512425596440636,191202400
2019-06-24,47.459842681884766,47.83745693129313,47.3618534124554,47.45028079634536,72881600
2019-06-25,46.74047088623047,47.62236346699699,46.67354862052132,47.42399625849341,84281200
2019-06-26,47.751426696777344,48.03583267016002,47.165886917526144,47.26626485281565,104270000
2019-06-27,47.73707962036133,48.17444289617968,47.69645072327974,47.86852455047612,83598800
2019-06-28,47.302101135253906,47.67971535866674,47.09417572397105,47.48373683329946,124442400
2019-07-01,48.16967010498047,48.87231930153746,47.95457140270037,48.55684266357657,109012000
2019-07-02,48.451683044433594,48.547283681806604,48.124259522560685,48.13621005808124,67740800
2019-07-03,48.85319137573242,48.86036096665152,48.44211781134659,48.583124628476725,45448000
2019-07-05,48.8101806640625,49.013328841833136,48.49231536016307,48.59986654062499,69062000
2019-07-08,47.80401611328125,48.1338283561263,47.41923212430183,47.992821487608886,101354400
2019-07-09,48.0955810546875,48.16010738213968,47.51481858007789,47.608026922078025,82312000
2019-07-10,48.57118606567383,48.6906841394985,48.17206293671445,48.241373861736164,71588400
2019-07-11,48.21746826171875,48.84841788640936,48.207910021298474,48.590301633564366,80767200
2019-07-12,48.5879020690918,48.7551985897967,48.32500493170507,48.38475394958472,70380800
2019-07-15,49.04438018798828,49.202114806735395,48.75519336783644,48.77670213673965,67789600
2019-07-16,48.87470626831055,49.25949016524323,48.6357101496391,48.896215043761046,67467200
2019-07-17,48.599857330322266,49.01570820127691,48.58073720512569,48.7671538673035,56430000
2019-07-18,49.15194320678711,49.20452264524316,48.68350920421264,48.75520876999739,74162400
2019-07-19,48.418212890625,49.35268839848465,48.36324481568932,49.1829995843911,83717200
2019-07-22,49.52477264404297,49.52716129222279,48.661996568281346,48.67155480779176,89111600
2019-07-23,49.91193389892578,49.928665372781936,49.54148929435253,49.821117880303326,73420800
2019-07-24,49.87132263183594,49.98603975456587,49.51282843236224,49.63232649885347,59966400
2019-07-25,49.47697067260742,50.0075422744963,49.407659765565704,49.923892185802046,55638400
2019-07-26,49.6490592956543,50.12465927895895,49.505660153344266,49.586917965483835,70475600
2019-07-29,50.11271286010742,50.34215077729674,49.816359956944865,49.8211409012258,86693600
2019-07-30,49.897613525390625,50.227429363633455,49.5462889099037,49.89283258151694,135742800
2019-07-31,50.91572570800781,52.90656358701365,50.49987484291198,51.723533663924655,277125600
2019-08-01,49.813961029052734,52.10832530830055,49.41006063749324,51.12127013624457,216071600
2019-08-02,48.75999069213867,49.33596858476301,48.18879009634884,49.12087352988322,163448400
2019-08-05,46.207496643066406,47.476565118347665,46.02586095314947,47.31883049277341,209572000
2019-08-06,47.08222961425781,47.337957180388806,46.37479958500888,46.91732172907666,143299200
2019-08-07,47.56977844238281,47.6940574258256,46.3222222523882,46.70222514662527,133457600
2019-08-08,48.61898422241211,48.64288529572493,47.653441397317536,47.84702769205936,108038000
2019-08-09,48.21834945678711,48.64297728137218,47.81050936305556,48.29271917768118,98478800
2019-08-12,48.095977783203125,48.47262901521788,47.7769048588154,47.88966009001431,89927600
2019-08-13,50.132774353027344,50.893270127420344,48.09598664589979,48.22553694677137,188874000
2019-08-14,48.640560150146484,49.52580693537661,48.60217461253329,48.738921717537906,146189600
2019-08-15,48.39826965332031,49.21394238525781,47.90166625323127,48.81090512777732,108909600
2019-08-16,49.54021072387695,49.69854835341414,48.90206475803103,49.00762317772249,110481600
2019-08-19,50.463844299316406,51.034813742319905,50.387073206778055,50.52861579041757,97654400
2019-08-20,50.46623229980469,51.18354695733414,50.45663774540958,50.590983470819914,107537200
2019-08-21,51.01322555541992,51.255527463503284,50.76372681466608,51.09719348410533,86141600
2019-08-22,50.97004318237305,51.445052429028564,50.55980542800198,51.14517220703567,89014800
2019-08-23,48.614173889160156,50.87167268359999,48.22073125322143,50.2431213591193,187272000
2019-08-26,49.53780746459961,49.70573963141325,49.19474263893695,49.38666668414398,104174400
2019-08-27,48.97883224487305,50.03201131914729,48.82769145865033,49.86647686959799,103493200
2019-08-28,49.30750274658203,49.35308512364201,48.77731659181928,48.96444154769402,63755200
2019-08-29,50.142364501953125,50.21673786254846,49.57859195226925,50.02001470468099,83962000
2019-08-30,50.077598571777344,50.48783265913524,49.708144094052756,50.418262059397264,84573600
2019-09-03,49.34828567504883,49.65536271132292,48.99322853822822,49.52341468933475,80092000
2019-09-04,50.18555450439453,50.255125103836555,49.736934872570345,49.993630433984336,76752400
2019-09-05,51.16676330566406,51.3322977758527,50.742131881351554,50.85968624758702,95654800
2019-09-06,51.161964416503906,51.440254145532066,50.98203628042235,51.351490769805636,77449200
2019-09-09,51.380271911621094,51.92485536288293,50.63657123511484,51.54100725454967,109237600
2019-09-10,51.98723220825195,52.00642498087169,50.79011275885333,51.30590525316312,127111600
2019-09-11,53.640174865722656,53.668965856636916,52.23433622087792,52.315906424379826,177158400
2019-09-12,53.52022933959961,54.319110798315485,53.46505239627143,53.93046714945555,128906800
2019-09-13,52.479034423828125,52.96843729417026,52.064001256565966,52.778914620535716,159053200
2019-09-16,52.75492477416992,52.810105368157046,52.19354990284835,52.234333171895095,84632400
2019-09-17,52.946842193603516,52.975633179223315,52.567793218654614,52.769315475406735,73274800
2019-09-18,53.44345474243164,53.4626475159437,52.6445733906473,53.033216987486675,101360000
2019-09-19,53.00922393798828,53.68095264649306,52.86767770380978,53.26112037335412,88242400
2019-09-20,52.23433303833008,53.39307059939063,52.17195927300286,53.10998544062051,221652400
2019-09-23,52.471839904785156,52.74053140147138,52.21514068797828,52.52701683843027,76662000
2019-09-24,52.22233963012695,53.37628179948727,52.10478892590082,53.026020089457724,124763200
2019-09-25,53.0260124206543,53.13876766068672,52.092785451052755,52.43105117115003,87613600
2019-09-26,52.75251770019531,53.004417762621344,52.498219914361066,52.77890730027131,75334000
2019-09-27,52.49583053588867,53.00922529663117,52.1263760760949,52.90846232712596,101408000
2019-09-30,53.7313346862793,53.877676369428805,52.96843755851151,52.99482716237936,103909600
2019-10-01,53.88007736206055,54.75093068188669,53.78651488097034,53.995234000823245,139223200
2019-10-02,52.529415130615234,53.63777114984615,52.28231048438784,53.5130199648798,138449200
2019-10-03,52.97563552856445,53.00922196273818,51.61058034563439,52.402261102678956,114426000
2019-10-04,54.46063232421875,54.57578893613265,53.712132650009956,54.13196485508281,138478800
2019-10-07,54.472633361816406,55.16115707118716,54.17995001859924,54.28311070218234,122306000
2019-10-08,53.83448791503906,54.712537951919714,53.81769652866201,54.175155017507095,111820000
2019-10-09,54.46544647216797,54.64777233374476,54.13197980362061,54.46544647216797,74770400
2019-10-10,55.199546813964844,55.28351473349061,54.53021582409262,54.68135295433329,113013600
2019-10-11,56.66777420043945,57.01083545845641,55.73214559915671,55.885684144816,166795600
2019-10-14,56.58620071411133,57.12838653198092,56.29831641523806,56.3534933545323,96427600
2019-10-15,56.45424270629883,57.013216118499486,56.34868430138051,56.7109382267624,87360000
2019-10-16,56.22633743286133,56.4350565436216,55.945650001818564,55.98643327019431,73903200
2019-10-17,56.44465255737305,56.653368012877294,56.02242253800609,56.39907017958543,67585200
2019-10-18,56.71575164794922,56.99643911696723,56.207152265044876,56.27912425571174,97433600
2019-10-21,57.6993522644043,57.81450890497435,56.93406101508978,56.98204111833702,87247200
2019-10-22,57.567405700683594,58.104788693598735,57.48583550156147,57.85528996983772,82293600
2019-10-23,58.33988952636719,58.35428685033186,57.869679441632414,58.08079626535233,75828800
2019-10-24,58.435855865478516,58.72853923419843,58.01122447632799,58.65896497767729,69275200
2019-10-25,59.15557098388672,59.19155514531401,58.2679262824244,58.33509915752011,73477200
2019-10-28,59.748138427734375,59.79611853294327,59.18916123346468,59.357093432019504,96572800
2019-10-29,58.36629104614258,59.91607378454795,58.19356339041532,59.72894880191648,142839600
2019-10-30,58.35907745361328,58.84848392967806,57.86727691472334,58.71893364927705,124522000
2019-10-31,59.67855453491211,59.77691611414118,56.91965683308477,59.313902865640614,139162000
2019-11-01,61.372283935546875,61.3986698789117,59.77452135224457,59.865682443755965,151125200
2019-11-04,61.77531814575195,61.859286061859265,61.266722523104576,61.73453121919917,103272000
2019-11-05,61.68655776977539,61.940855593414504,61.49223598607557,61.667361337070204,79897600
2019-11-06,61.71294403076172,61.772920071009715,61.26432442111376,61.600188782243734,75864400
2019-11-07,62.42518997192383,62.64656766388103,62.107563983005626,62.259158538774514,94940400
2019-11-08,62.59602355957031,62.66820792913619,61.804367371392445,62.2471153056992,69986400
2019-11-11,63.09172439575195,63.156690344064025,62.148473460221936,62.15328330493137,81821200
2019-11-12,63.033966064453125,63.2336884296262,62.78372197443297,62.93530917879608,87388800
2019-11-13,63.6379280090332,63.71252097695285,62.81980661221337,62.83424348708343,102734400
2019-11-14,63.19758605957031,63.736582281448385,63.067646847770135,63.464675577038285,89182800
2019-11-15,63.94834899902344,63.95315884390402,63.28663183584902,63.447846087006816,100206400
2019-11-18,64.270751953125,64.35015474102957,63.58016138753755,63.95793595738407,86703200
2019-11-19,64.07587432861328,64.48734000161132,63.859313834576106,64.46327609265741,76167200
2019-11-20,63.329933166503906,64.02533382823812,62.65858906891337,63.895401946077534,106234400
2019-11-21,63.04600524902344,63.527254078451136,62.84628287257729,63.45025250335686,121395200
2019-11-22,62.99065399169922,63.3275266769126,62.764466472354414,63.18555916468959,65325200
2019-11-25,64.0951156616211,64.11196113080011,63.16871031932938,63.21442953951619,84020400
2019-11-26,63.594600677490234,64.28519126935085,63.163881108293,64.23225362764353,105207600
2019-11-27,64.44884490966797,64.48253585383468,63.8400654100489,63.905031361017265,65235600
2019-11-29,64.30685424804688,64.48732250131548,63.982009923508976,64.15044989720182,46617600
2019-12-02,63.5633430480957,64.54749597316658,63.3925017784307,64.31168141512865,94487200
2019-12-03,62.430015563964844,62.44926228863821,61.66964143204824,62.15570017026076,114430400
2019-12-04,62.981040954589844,63.35882310204498,62.72597962601802,62.81982668593476,67181600
2019-12-05,63.905052185058594,63.97965253669769,63.21927822710292,63.474339612458984,74424400
2019-12-06,65.1394271850586,65.20921031494399,64.31889712610206,64.36221509760516,106075600
2019-12-09,64.22747039794922,65.161086935307,63.7438129866393,64.96859034566656,128042400
2019-12-10,64.60283660888672,64.98542849439848,63.97239456081009,64.631710359752,90420400
2019-12-11,65.15387725830078,65.23328743607989,64.60766242070665,64.68225540996873,78756800
2019-12-12,65.31989288330078,65.58458117297278,64.32371175724688,64.43439691719212,137310400
2019-12-13,66.20780181884766,66.24389400998982,65.19236656282973,65.31989720038126,133587600
2019-12-16,67.34114074707031,67.56492701892114,66.64814864663275,66.65295849103184,128186000
2019-12-17,67.47349548339844,67.80074117462817,67.08608634301142,67.27137184882572,114158400
2019-12-18,67.31229400634766,67.83204379770525,67.16310799409514,67.3267308886123,116028400
2019-12-19,67.37964630126953,67.65877150492523,67.12218375712777,67.25452424857191,98369200
2019-12-20,67.24008178710938,68.01248404193913,67.02833114376412,67.91142590788041,275978000
2019-12-23,68.33731079101562,68.39746687445842,67.46384328450273,67.50234405909875,98572000
2019-12-24,68.40229797363281,68.55149127528131,68.07746089671582,68.50336345626253,48478800
2019-12-26,69.75942993164062,69.7762754042592,68.50577869758881,68.53465245449213,93121200
2019-12-27,69.73294830322266,70.73635528399755,69.32870107290967,70.05057427415741,146266000
2019-12-30,70.14683532714844,70.4283691578937,68.63090426605163,69.65114955957583,144114400
2019-12-31,70.65933990478516,70.66655834165601,69.66556015035431,69.76421701643756,100805600
2020-01-02,72.27156066894531,72.33171678614215,71.0299375288093,71.28259028372564,135480400
2020-01-03,71.56891632080078,72.32688174170664,71.34513738245916,71.50154177990413,146322800
2020-01-06,72.13917541503906,72.17767619128301,70.44277672665065,70.69302810060023,118387200
2020-01-07,71.79991912841797,72.40388138645835,71.58095004051803,72.148820106767,108872000
2020-01-08,72.95491790771484,73.25569843032547,71.50395296037216,71.50395296037216,132079200
2020-01-09,74.50453186035156,74.6970284371342,73.6791919560673,73.92943603722999,170108400
2020-01-10,74.67296600341797,75.2360335553344,74.17247048793807,74.73793929040194,140644800
2020-01-13,76.268310546875,76.29478305034202,74.87028331939693,74.98819427311953,121532000
2020-01-14,75.23844146728516,76.4150983993522,75.11572800719021,76.2057563300334,161954400
2020-01-15,74.91600799560547,75.91700649010697,74.48528821645434,75.0387288028542,121923600
2020-01-16,75.85443115234375,75.96512366006613,75.09646578451866,75.45740237331857,108829200
2020-01-17,76.69422149658203,76.69662274727602,75.7966897960532,76.10228015577917,137816400
2020-01-21,76.17446899414062,76.76399437532534,76.0373113220916,76.32365494902595,110843200
2020-01-22,76.44638061523438,76.99740524586852,76.35253356734525,76.65812393494353,101832400
2020-01-23,76.81454467773438,76.89394751401544,75.95310504727735,76.49932724037184,104472000
2020-01-24,76.5931625366211,77.8010945444288,76.40306717879187,77.05997452322455,146537600
2020-01-27,74.34092712402344,75.01948249541286,73.36158384540518,74.60801674004179,161940000
2020-01-28,76.44397735595703,76.61481864871986,75.120542963226,75.21919986278621,162234000
2020-01-29,78.04414367675781,78.8887379591413,77.33189726555223,78.07061618830397,216229200
2020-01-30,77.93102264404297,77.98396030536023,76.69902690059489,77.12974662934549,126743200
2020-01-31,74.47566986083984,77.64468949943712,74.18210776179268,77.22359674590982,199588400
2020-02-03,74.2711181640625,75.43333062820889,72.72149664968535,73.2219921031148,173788400
2020-02-04,76.72307586669922,76.91317116030791,75.46701645941087,75.87126360713593,136616400
2020-02-05,77.34871673583984,78.14518291668757,76.74715573258482,77.84680366564679,118826800
2020-02-06,78.25345611572266,78.25586470947945,77.06236978662149,77.6182115421901,105425600
2020-02-07,77.1897964477539,78.00262411427845,76.7001698716179,77.75419304088338,117684000
2020-02-10,77.55643463134766,77.55643463134766,75.69923310986869,75.77882441135435,109348800
2020-02-11,77.08849334716797,78.1232241451145,76.87141886050789,78.05086843646208,94323200
2020-02-12,78.91917419433594,78.92399545470602,77.53712126556233,77.53712126556233,113730400
2020-02-13,78.357177734375,78.68279311833038,77.99056323907321,78.1931665675849,94747600
2020-02-14,78.37646484375,78.62489586415948,77.86995292388279,78.32580849927255,80113600
2020-02-18,76.94135284423828,77.12224944183446,75.88250122650535,76.06339782410153,152531200
2020-02-19,78.05565643310547,78.28479501402794,77.18253023750563,77.18253023750563,93984000
2020-02-20,77.25489807128906,78.30409972893571,76.75080047464016,77.8168875800011,100566000
2020-02-21,75.50624084472656,77.29109325633112,74.89119532498566,76.84970141309908,129554000
2020-02-24,71.91967010498047,73.36684305832843,69.76097486599113,71.69777437412706,222195200
2020-02-25,69.48360443115234,72.96888275320897,69.0132775682206,72.58779705787798,230673600
2020-02-26,70.58586120605469,71.84731631381621,69.10251036153399,69.10974593206521,198054800
2020-02-27,65.97181701660156,68.98194071587555,65.83674807118915,67.80008376316424,320605600
2020-02-28,65.93319702148438,67.151238688421,61.835287914284685,62.04995543810668,426510000
2020-03-02,72.0716323852539,72.70597777742344,66.98481977694166,68.08467075383604,341397200
2020-03-03,69.78269958496094,73.32344855796747,68.93368652238642,73.24385726370319,319475600
2020-03-04,73.01953125,73.17872118058433,70.70164577624014,71.50000237914564,219178400
2020-03-05,70.65098571777344,72.25010562325896,70.28677817477744,71.27808809920204,187572800
2020-03-06,69.71273040771484,70.14447238483373,67.83140857783133,68.01712645055636,226176800
2020-03-09,64.1989974975586,67.07404319923313,63.43440466648222,63.61530125773645,286744800
2020-03-10,68.82270812988281,69.08802459436366,64.97081653756358,66.84490987612755,285290000
2020-03-11,66.43247985839844,67.82900397076429,65.57141009124467,66.90522837411211,255598800
2020-03-12,59.8719482421875,65.12277445766078,59.816474316666195,61.73156686549944,418474000
2020-03-13,67.04509735107422,67.51543140756253,61.01038635778413,63.89026420635652,370732000
2020-03-16,58.419960021972656,62.4889229945198,57.88691638094368,58.35724684046864,322423600
2020-03-17,60.98868179321289,62.134356503349196,57.50099395776619,59.6982846602086,324056000
2020-03-18,59.495689392089844,60.29887079269061,57.19227179173887,57.83144203035199,300233600
2020-03-19,59.03983688354492,60.983872113197,58.51644306635794,59.669357314419855,271857200
2020-03-20,55.29166030883789,60.740266023209095,54.99257655004273,59.61870468799079,401693200
2020-03-23,54.117027282714844,55.113165767293296,51.28056983554764,55.01186410993206,336752800
2020-03-24,59.54634094238281,59.74170869121859,56.512101379550025,57.00896347667582,287531200
2020-03-25,59.218318939208984,62.28873655883238,58.924060140998606,60.47977034705603,303602000
2020-03-26,62.334564208984375,62.392448772259634,59.42092219277503,59.45951435519265,252087200
2020-03-27,59.75377655029297,61.7146935301043,59.58735106071219,60.962164721931764,204216800
2020-03-30,61.45901870727539,61.63026911474741,60.154150297630075,60.477355032834254,167976400
2020-03-31,61.33359146118164,63.31139348283063,60.781255481124106,61.649560602994704,197002000
2020-04-01,58.10641098022461,59.99014731742834,57.67708326845724,59.45469299280137,176218400
2020-04-02,59.07600021362305,59.129063507420874,57.13920103105384,57.968913973692054,165934000
2020-04-03,58.22700881958008,59.26173593576545,57.63849118766615,58.56227043050136,129880000
2020-04-06,63.30659103393555,63.46095234552199,60.149342430497086,60.51595698613039,201820400
2020-04-07,62.57334518432617,65.53281860383495,62.46963288857008,65.31573677087265,202887200
2020-04-08,64.17487335205078,64.48842448399525,63.00748829000569,63.371688404036405,168895200
2020-04-09,64.63798522949219,65.13967603448393,63.844457266187234,64.80923934887565,161834800
2020-04-13,65.90667724609375,66.01521817669068,64.11700321080237,64.71517076301717,131022800
2020-04-14,69.23519134521484,69.52462899824943,67.06443102957132,67.5347653755762,194994800
2020-04-15,68.60321044921875,69.06148026776538,67.6866708121255,68.11358404886052,131154400
2020-04-16,69.14834594726562,69.51255354700056,68.10155824756667,69.31477144908467,157125200
2020-04-17,68.21007537841797,69.21104245877268,66.7773737102237,68.66593834588957,215250000
2020-04-20,66.79425811767578,67.93993657233999,66.77496571925322,67.04028220194732,130015200
2020-04-21,64.72962188720703,66.87143866583018,64.02050667372501,66.6374787843657,180991600
2020-04-22,66.59406280517578,67.02821165517099,65.65340205638569,65.99348115115153,116862400
2020-04-23,66.33599853515625,67.95683260093587,66.29740637160167,66.53860187329087,124814400
2020-04-24,68.25108337402344,68.2607332539519,66.81114610399659,66.8593881429372,126161200
2020-04-27,68.29931640625,68.62975298338314,67.52266679021487,67.96887246841614,117087600
2020-04-28,67.19220733642578,68.94087388344896,67.10055927281037,68.75997734410174,112004800
2020-04-29,69.39920043945312,69.86712041006258,68.4730103815356,68.67561376663903,137280800
2020-04-30,70.86325073242188,71.03932613647548,69.54873938118598,69.93706068950303,183064000
2020-05-01,69.72236633300781,72.11743524186343,68.94571673597511,69.0421934380716,240616800
2020-05-04,70.7088851928711,70.83671853428713,69.05910858714758,69.74651734637497,133568000
2020-05-05,71.77011108398438,72.59982394651486,71.02240378382372,71.16712251300002,147751200
2020-05-06,72.5105972290039,73.14011388910748,72.08609083522563,72.46959075931778,142333600
2020-05-07,73.26069641113281,73.60561146479019,72.83378315653766,73.13527743933939,115215200
2020-05-08,75.00446319580078,75.05767015159822,73.59206909173967,73.91856598501353,133838400
2020-05-11,76.18466186523438,76.67802725492889,74.3054951964832,74.5134886448119,145946400
2020-05-12,75.31399536132812,77.3164993988426,75.1930711866458,76.86665763109883,162301200
2020-05-13,74.40465545654297,76.41200151515211,73.33084801811279,75.49297320787404,200622400
2020-05-14,74.86175537109375,74.92221747074527,72.92454733645849,73.6452582213304,158929200
2020-05-15,74.41918182373047,74.4651336180388,72.60531851354459,72.6391808380365,166348400
2020-05-18,76.17259216308594,76.54504087404145,75.05041909846814,75.739688715166,135178400
2020-05-19,75.7323989868164,77.03353696378241,75.70095751911882,76.18948854925284,101729600
2020-05-20,77.20526123046875,77.27539194682277,76.5498468046985,76.58854343128702,111504800
2020-05-21,76.6296615600586,77.60673109306647,76.39264748790822,77.06740654244075,102688800
2020-05-22,77.123046875,77.20527445284804,76.26690139409212,76.368473598234,81803200
2020-05-26,76.60064697265625,78.41692345166804,76.54501918320653,78.23795799610525,125522000
2020-05-27,76.93438720703125,77.07949771603786,75.7203109556176,76.45795296780663,112945200
2020-05-28,76.96824645996094,78.22344013486418,76.334604889172,76.61030820274443,133560800
2020-05-29,76.8932876586914,77.66961902448975,76.53777018415474,77.21010850014466,153532400
2020-06-01,77.83889770507812,77.9598218875062,76.71671774944491,76.84731793304262,80791200
2020-06-02,78.19925689697266,78.22344321190015,77.13270462012565,77.57287045767401,87642800
2020-06-03,78.62974548339844,78.89094587146293,77.94773126866299,78.51849729325161,104491200
2020-06-04,77.95257568359375,78.75067242701921,77.58012709236915,78.45320362768672,87560400
2020-06-05,80.17274475097656,80.23320685109042,78.172661136236,78.20168176339025,137250400
2020-06-08,80.64675903320312,80.68062134923207,79.16181381231353,79.87042779704282,95654400
2020-06-09,83.19344329833984,83.58523659393398,80.29610368341933,80.32754516181643,147712400
2020-06-10,85.33378601074219,85.800551637391,83.70130935970825,84.13905436012791,166651600
2020-06-11,81.23687744140625,84.90330013235034,81.13530524486026,84.48006542527774,201662400
2020-06-12,81.938232421875,84.11486795424553,80.83057003176687,83.36997815286581,200146000
2020-06-15,82.95157623291016,83.60214898703789,80.43393362831908,80.59597529574442,138808800
2020-06-16,85.14997100830078,85.42084738289208,83.3699705447458,85.00002619954361,165428800
2020-06-17,85.03148651123047,85.95292841624997,84.91056229922657,85.89246631024803,114406400
2020-06-18,85.06536865234375,85.4813483337798,84.45832660485075,84.98797536727892,96820400
2020-06-19,84.5792236328125,86.2334658205362,83.47397466183713,85.76912102080368,264476000
2020-06-22,86.79214477539062,86.93483446322153,84.92507460309979,84.97102639518768,135445200
2020-06-23,88.64469146728516,90.05950604686922,87.61441494809407,88.03281532631361,212155600
2020-06-24,87.0799331665039,89.19127232771852,86.70748456883423,88.27466483721669,192623200
2020-06-25,88.23596954345703,88.27466617320825,86.47773432903298,87.2347210034187,137522400
2020-06-26,85.52485656738281,88.3520651420764,85.37732519563349,88.13198219774738,205256800
2020-06-29,87.49591064453125,87.59023505976948,84.95650253776073,85.43294416349418,130646000
2020-06-30,88.22630310058594,88.51168985334573,87.06543360477359,87.08477823143156,140223200
2020-07-01,88.05944061279297,88.84544812015437,88.0110753484099,88.30370992303591,110737200
2020-07-02,88.05944061279297,89.59760068051055,87.94577892020953,88.96395888624608,114041600
2020-07-06,90.4150161743164,90.88178176519018,89.45245698793732,89.48389845748481,118655600
2020-07-07,90.13449096679688,91.56865036942912,90.0232427568075,90.79231898432114,112424400
2020-07-08,92.2337417602539,92.26518323950614,91.02207866967171,91.10914794918781,117092000
2020-07-09,92.6303482055664,93.1769205126767,91.58556145720479,93.12371357510385,125642800
2020-07-10,92.79240417480469,92.85045281703451,91.61702434360537,92.22647973230556,90257200
2020-07-13,92.36434173583984,96.69584832868833,92.15151392052759,94.09355666430854,191649200
2020-07-14,93.89281463623047,94.08386957373939,90.81650244245171,91.74761295378508,170989200
2020-07-15,94.53854370117188,96.01139965901083,93.34381194373303,95.76229608743468,153198000
2020-07-16,93.37527465820312,94.22899945989806,92.77790864360324,93.41397129897987,110577600
2020-07-17,93.18660736083984,93.97986982567868,92.71500002379474,93.82509068603153,92186800
2020-07-20,95.15039825439453,95.28825359058399,92.93023208675609,93.2736600045327,90318000
2020-07-21,93.8371810913086,96.01381673517915,93.58807752951296,95.93884432011826,103433200
2020-07-22,94.10079956054688,94.78039302096889,93.4526475751938,93.53970946249737,89001600
2020-07-23,89.8176498413086,93.91214102009206,89.00987716210209,93.83474776947158,197004400
2020-07-24,89.59514617919922,89.93857411627435,86.23828958165114,88.02071829007306,185438800
2020-07-27,91.71858215332031,91.81048572351438,90.43195431248509,90.65445070078177,121214000
2020-07-28,90.21186828613281,91.46706199244389,90.20702659484037,91.29051001469016,103625600
2020-07-29,91.94109344482422,92.12490060025137,90.6568789640174,90.69315474979174,90329200
2020-07-30,93.05358123779297,93.15757426558149,90.71006994116662,91.11637343156816,158130000
2020-07-31,102.79524993896484,102.94519477180637,97.53746050279906,99.53029641393837,374336800
2020-08-03,105.38542938232422,107.99738887948055,104.37450494640413,104.67197372398552,308151200
2020-08-04,106.08921813964844,107.17753592025956,104.85336899973937,105.57407987592546,173071600
2020-08-05,106.4737548828125,106.79299653251695,105.34674048719083,105.81109264863613,121776800
2020-08-06,110.18856048583984,110.68193335336008,106.21741336825394,106.80510328626323,202428800
2020-08-07,107.68334197998047,110.16675794348517,106.88864916741639,109.71126193007606,198045600
2020-08-10,109.24848937988281,110.26366188327368,106.60516497027935,109.12492193624439,212403600
2020-08-11,105.99945831298828,109.01105257691337,105.74021214896973,108.5143723583924,187902400
2020-08-12,109.52227783203125,109.77909878796228,106.89348975910477,107.08731438450859,165598000
2020-08-13,111.46051788330078,112.46115364225324,110.4114222865851,110.89841629855303,210082000
2020-08-14,111.36119079589844,111.45083484959588,109.55616888260863,111.28608321610146,165565200
2020-08-17,111.07044982910156,112.50477691266525,110.44535925101356,112.48054699080019,119561600
2020-08-18,111.99598693847656,112.41998472569632,110.48897736471524,110.82333108852379,105633600
2020-08-19,112.13651275634766,113.54661008039473,112.04202566230961,112.40302713967982,145538000
2020-08-20,114.62476348876953,114.73863746481582,112.16072762152713,112.17768930590152,126907200
2020-08-21,120.53166198730469,121.01380564130231,115.56967415425338,115.58178541828921,338054800
2020-08-24,121.9732666015625,124.81042301409434,120.11252368244841,124.72561457851019,345937600
2020-08-25,120.97262573242188,121.31667291273054,119.25482982936344,120.84906568793242,211495600
2020-08-26,122.61775207519531,123.07324808240537,121.22219109888121,122.28582351932762,163022400
2020-08-27,121.15193939208984,123.55055438295649,120.0107741116813,123.21862581210485,155552400
2020-08-28,120.95569610595703,122.54023144519307,120.73279110800112,122.12350180079086,187630000
2020-08-31,125.05755615234375,126.95707306517328,122.11138325352543,123.64262300855076,225702700
2020-09-01,130.0388946533203,130.63977010693876,126.50154782295441,128.6627208391991,151948100
2020-09-02,127.34473419189453,133.72166435231713,123.0805326757577,133.3437011033317,200119000
2020-09-03,117.14938354492188,124.86372013453284,116.78111381462604,122.99329113592864,257599600
2020-09-04,117.2269058227539,119.88234128870778,107.46768860387866,116.36437378387909,332607200
2020-09-08,109.33811950683594,115.3176975867679,109.20244081478072,110.4332424909772,231366600
2020-09-09,113.69924926757812,115.46307981230207,111.70282771529025,113.64110336417085,176940500
2020-09-10,109.9874496459961,116.78110786689479,109.02800526992252,116.64542916296256,182274400
2020-09-11,108.54344177246094,111.67376035548035,106.60516602652415,111.03412581023233,180860300
2020-09-14,111.79973602294922,112.35214426737836,109.31874564711791,111.17948842899139,140150100
2020-09-15,111.97417449951172,115.16263852668574,110.10373838004288,114.67806966043925,184642000
2020-09-16,108.66940307617188,112.41996847950239,108.58218423592244,111.6737357351675,154679000
2020-09-17,106.93465423583984,108.73725101622504,105.3549623880546,106.33379357166754,178011000
2020-09-18,103.54267883300781,107.45799642585531,102.81582548420052,106.99281442322203,287104900
2020-09-21,106.68269348144531,106.78929923364105,99.91810821399545,101.31366904715068,195713800
2020-09-22,108.35930633544922,109.37690408898602,105.791096813168,109.20245897106359,183055400
2020-09-23,103.81404113769531,108.65003656547653,103.47483700123934,108.17516112594639,150718700
2020-09-24,104.88008117675781,106.84742948908296,101.75945665626949,101.9242082877403,167743300
2020-09-25,108.81478881835938,108.96985441233768,104.34706305845842,105.08360984198643,149981400
2020-09-28,111.41207885742188,111.76096905147743,109.29935819072301,111.46053870423745,137672400
2020-09-29,110.56891632080078,111.75126549437508,110.06496797160435,111.01472616815981,99382200
2020-09-30,112.2358627319336,113.6411171846329,110.11345566616853,110.2782073418153,142675200
2020-10-01,113.18560028076172,114.08689869652889,112.25522891512048,114.00936590090853,116120400
2020-10-02,109.53195190429688,111.80943167027127,108.75664609356778,109.40596665096126,144712000
2020-10-05,112.90457153320312,113.04994370495149,110.04561752920706,110.39450778382883,106243800
2020-10-06,109.66764068603516,112.53628778325715,108.78572170928096,112.1292442741749,161498200
2020-10-07,111.52838134765625,111.98387730301256,110.6076959885073,111.08257884073628,96849000
2020-10-08,111.42178344726562,112.80765091391855,111.05350632008391,112.66227875286972,83477200
2020-10-09,113.36005401611328,113.38912696820374,111.37331849200241,111.72220870495784,100506900
2020-10-12,120.56075286865234,121.31667922649164,115.59876429754219,116.35469065538149,240226800
2020-10-13,117.36258697509766,121.5201890553274,115.957340112208,121.40388985664498,262330500
2020-10-14,117.44981384277344,119.23302386837867,115.92826777316701,117.26567529237093,150712000
2020-10-15,116.98462677001953,117.45950223722147,114.50363628707971,115.05604455535725,112559200
2020-10-16,115.3467788696289,117.79870373934006,115.14326081684207,117.53703239008934,115393800
2020-10-19,112.40060424804688,116.70357101200219,112.09048045069933,116.257768515436,120639300
2020-10-20,113.88339233398438,115.30802617540574,112.06140841970505,112.613816705773,124423700
2020-10-21,113.26313018798828,115.04634007817563,112.85608671832885,113.06929820388042,89946000
2020-10-22,112.17770385742188,114.39703037608496,111.05350042518317,113.82523521136082,101988000
2020-10-23,111.4896240234375,112.9530243111908,110.75307715494814,112.79795869932553,82572600
2020-10-26,111.49932098388672,112.95302786819327,109.39628607186555,110.49141665682858,111850700
2020-10-27,113.00148010253906,113.66049418453407,111.00505835146696,111.92573641878347,92276800
2020-10-28,107.76811981201172,111.86757593688382,107.67120751132958,111.49930623671789,143937800
2020-10-29,111.76097106933594,113.32128352260756,108.7372584642391,108.90201751002611,146129200
2020-10-30,105.50035095214844,108.53374987611883,104.39553435267372,107.63245134560678,190272600
2020-11-02,105.4131088256836,107.26416545991421,104.00786205893465,105.74261950243951,122866900
2020-11-03,107.0315933227539,108.04918369356872,105.3743683811965,106.27566693473848,107624400
2020-11-04,111.40239715576172,112.02264481194184,108.88264012828803,110.61739783333208,138235500
2020-11-05,115.35647583007812,115.92827100011738,113.26314194201399,114.30980518907859,126387100
2020-11-06,115.22542572021484,115.72053342058035,112.74014741905776,114.8662234022807,114457900
2020-11-09,112.92460632324219,118.42909663240218,112.66249091138815,116.98259196742552,154515300
2020-11-10,112.58480072021484,114.1575076747416,110.79850704253381,112.17706242879606,138023400
2020-11-11,116.00204467773438,116.13795743815948,113.04107964654202,113.76918689454358,112295000
2020-11-12,115.73023223876953,117.011700843839,115.10891457611105,116.1282678012146,103162300
2020-11-13,115.77877807617188,116.17680624012897,114.42935305539847,115.95352413531403,81581900
2020-11-16,116.78841400146484,117.45826768159665,114.7011715913371,115.44869182782028,91183000
2020-11-17,115.90496063232422,117.14759576828429,115.48751219696048,116.06029372766406,74271000
2020-11-18,114.58468627929688,116.32243681277677,114.55556316864666,115.14775777417243,76322100
2020-11-19,115.1768569946289,115.58459527254094,113.40027354655376,114.15750389315893,74113000
2020-11-20,113.9148178100586,115.3030761134196,113.86628176431465,115.17687350645622,73604300
2020-11-23,110.52670288085938,114.18666026045105,110.42962337461562,113.7595015449486,127959300
2020-11-24,111.80815124511719,112.46830213663921,109.30346044434035,110.58493635731566,113874200
2020-11-25,112.64305114746094,113.34203533416394,111.80815419186463,112.17706662745255,76499200
2020-11-27,113.18669891357422,114.060429121406,112.8275040662974,113.16728597859581,46691300
2020-11-30,115.57491302490234,117.43886611768262,113.40029367663415,113.55562680437811,169410200
2020-12-01,119.13777923583984,119.865886582141,116.50688558000795,117.47769537507614,127728200
2020-12-02,119.48727416992188,119.76880990592802,117.36119829848747,118.45821072635326,89004200
2020-12-03,119.35134887695312,120.16682548333053,118.6426545252001,119.91441288325119,78967600
2020-12-04,118.6814956665039,119.27369022514605,117.97280126779268,119.02127760834182,78260400
2020-12-07,120.1376953125,120.93375893668696,118.68148082386364,118.73972703326832,86712000
2020-12-08,120.74932098388672,121.33181279274314,119.49697544555106,120.73961821864586,82225500
2020-12-09,118.22520446777344,122.27347915241411,117.46797408436613,120.89493115150903,115089200
2020-12-10,119.64260864257812,120.2542236129108,116.64280964087811,116.98259162067868,81312200
2020-12-11,118.83683013916016,119.17661208486537,117.03112333433712,118.8562430760472,86939800
2020-12-14,118.22520446777344,119.74937540549305,117.99221221288433,119.02126812811062,79184500
2020-12-15,124.14715576171875,124.16657610565406,120.50661897640848,120.71048814758292,157243700
2020-12-16,124.0792007446289,124.62285187377786,122.86568846942772,123.69088274191743,98208600
2020-12-17,124.94322967529297,125.79754711737371,124.30249159373241,125.13738869029768,94359800
2020-12-18,122.9627685546875,125.33154675459895,122.43853039208297,125.1956339798523,192541500
2020-12-21,124.48692321777344,124.56458977108868,119.84645405419545,121.37062498122869,121251600
2020-12-22,128.03041076660156,130.48655855974283,125.86549408459715,127.76828795319533,168904800
2020-12-23,127.13725280761719,128.56432952785477,126.96249934769376,128.30222155804168,88223700
2020-12-24,128.11778259277344,129.56429466422506,127.27318272727676,127.48676208852152,54930100
2020-12-28,132.69998168945312,133.33100207588342,129.61279910731304,130.07879843395568,124486200
2020-12-29,130.93310546875,134.7386778886634,130.41857748936,134.02028815847115,121047300
2020-12-30,129.81666564941406,132.020407669835,129.50599945561927,131.62237216405273,96452100
2020-12-31,128.81675720214844,130.80692029298538,127.87507049302144,130.16618225748783,99116600
2021-01-04,125.63251495361328,129.70991364361626,123.05986719141745,129.62254430627095,143301900
2021-01-05,127.18578338623047,127.89448518815179,124.68109238722828,125.12767140195429,97664900
2021-01-06,122.90452575683594,127.2246340413711,122.6909464043688,123.99183545726343,155088000
2021-01-07,127.09841918945312,127.7877006759222,124.12774352599207,124.61314843344341,109578200
2021-01-08,128.19541931152344,128.75849069520498,126.42853860962131,128.56431691137144,105158200
2021-01-11,125.21504974365234,126.37031583011212,124.7490651654895,125.41892632912634,100384500
2021-01-12,125.04029083251953,125.90431086268742,123.15691766682359,124.74904496331433,91951100
2021-01-13,127.06930541992188,127.61295658608566,124.73936761825328,125.00147562190729,88636800
2021-01-14,125.14710998535156,127.17609915715049,125.00147960973679,126.98194013638121,90221800
2021-01-15,123.42875671386719,126.41885265934873,123.29284393513538,125.02088418474625,111598500
2021-01-19,124.09861755371094,124.95293491139884,123.23459743091543,124.05007410140924,90757300
2021-01-20,128.17599487304688,128.62257382285637,124.79758149233558,124.90437114467832,104319500
2021-01-21,132.87474060058594,135.59301116722563,129.69048544958548,129.89436203777117,120150900
2021-01-22,135.01048278808594,135.76771300467377,131.0787013937247,132.30191601743337,114459400
2021-01-25,138.7481231689453,140.85477848015867,132.55435242559187,138.89375351472623,157611700
2021-01-26,138.98110961914062,140.0878320002914,137.2433520930361,139.40826822473906,98390600
2021-01-27,137.91323852539062,140.0878578213645,136.3114082725256,139.24324321793168,140843800
2021-01-28,133.08831787109375,137.8452949915903,132.7097026247184,135.44739349341899,142621100
2021-01-29,128.1080780029297,132.7485480341253,126.40916071663973,131.86510749004256,177523800
2021-02-01,130.2244110107422,131.42822035718712,127.10810539305974,129.84579582479762,106239800
2021-02-02,131.0496063232422,132.33106742025004,130.6806938981219,131.76799601841705,83305400
2021-02-03,130.03030395507812,131.80688817183957,129.70993485237824,131.797170590512,89880900
2021-02-04,133.3795623779297,133.38926514344305,130.66129188255576,132.3213832150557,84183100
2021-02-05,132.96636962890625,133.60806525933478,132.09134092233725,133.54001472396752,75693800
2021-02-08,133.11219787597656,133.1608138714623,131.1773940055882,132.25660382908822,71297200
2021-02-09,132.2371368408203,134.05527394815869,132.08158644572234,132.83021630146237,76774200
2021-02-10,131.63436889648438,133.18999187171354,130.6718255115653,132.69412944515517,73046600
2021-02-11,131.38157653808594,132.60661952451218,130.05930155973675,132.13020650092022,64280000
2021-02-12,131.61485290527344,131.77041809115235,129.98146296008306,130.623158225199,60145100
2021-02-16,129.495361328125,132.2371278628611,129.10644827799214,131.73156315096224,80576300
2021-02-17,127.21053314208984,128.55225709344114,125.8785412883954,127.60916342263837,97918500
2021-02-18,126.1119384765625,126.39388754422443,123.87573596059903,125.61607603838664,96856700
2021-02-19,126.26746368408203,127.08417376158879,125.22715268582576,126.62721014953155,87668800
2021-02-22,122.50482940673828,126.1216398427311,122.11592370284757,124.4590677731543,103916400
2021-02-23,122.36871337890625,123.19513336260104,115.10592588579131,120.32696770808406,158273000
2021-02-24,121.87285614013672,122.07702996162088,118.83940802921852,121.47423317945595,111039900
2021-02-25,117.63381958007812,122.9520867762104,117.19630523380374,121.22146392346573,148199500
2021-02-26,117.89630126953125,121.3867126364465,117.83796059992733,119.18940199791072,164560400
2021-03-01,124.24518585205078,124.38130174579385,119.38388273905605,120.31725204661986,116307900
2021-03-02,121.64923095703125,125.14936711599789,121.5422817134225,124.84796874824156,102260900
2021-03-03,118.67411804199219,122.22287046374831,118.46021953832745,121.34783450228308,112966300
2021-03-04,116.79766845703125,120.17141407750445,115.3295602258347,118.3727333702154,178155000
2021-03-05,118.05184936523438,118.55742889881681,114.30864851877307,117.62405985730818,153766600
2021-03-08,113.1322250366211,117.64351287063639,112.98638448752729,117.57545493676041,154376600
2021-03-09,117.73102569580078,118.67411961018901,115.4948308955723,115.72817134912674,129525800
2021-03-10,116.65180969238281,118.78105499068555,116.13650543340157,118.31437413808155,111943300
2021-03-11,118.5768814086914,119.79220694881545,117.8963020733253,119.14079423957098,103026500
2021-03-12,117.6727066040039,117.80882250311154,115.85458391545468,117.06018505801954,88105100
2021-03-15,120.55057525634766,120.56029993815383,117.07960562741921,118.04214884674406,92403800
2021-03-16,122.08675384521484,123.69098519524891,121.26033388239702,122.21314504308985,115227900
2021-03-17,121.29923248291016,122.368717641283,118.94635623317845,120.60892835870807,111932600
2021-03-18,117.18656158447266,119.7630534964986,116.98238776140393,119.47137236768086,121229700
2021-03-19,116.66152954101562,118.06158696536845,116.36013117462356,116.57402966087285,185549500
2021-03-22,119.96721649169922,120.43390477213393,116.92404394954326,116.99210188442348,111912300
2021-03-23,119.14082336425781,120.7936635357698,118.75191761279609,119.90891018351063,95467100
2021-03-24,116.75875854492188,119.49081556265351,116.73931659895885,119.41303294328375,88530500
2021-03-25,117.24488830566406,118.28521414548541,115.6989976953015,116.22401924724316,98844700
2021-03-26,117.84770202636719,118.11021653249013,115.62122444554402,117.01155734823239,94071200
2021-03-29,118.02269744873047,119.1796897776827,117.3810093980004,118.27548724702227,80819200
2021-03-30,116.57403564453125,117.06016589541106,115.56288383257017,116.7782094597697,85671900
2021-03-31,118.7616195678711,120.09361168317854,117.78935908416811,118.27548932601961,118323800
2021-04-01,119.58804321289062,120.7353109160336,119.09218827381586,120.22973871260609,75089100
2021-04-05,122.40760803222656,122.66039785902176,119.65610882120376,120.43392024929994,88651200
2021-04-06,122.70899963378906,123.60347753407522,122.16453611496429,122.99095607539735,80171300
2021-04-07,124.35211181640625,124.3715537614014,121.66867092380699,122.33953300139642,83466700
2021-04-08,126.74388122558594,126.77304785417073,124.95492543996741,125.3729903400282,88844600
2021-04-09,129.3106689453125,129.34955284443396,125.87858997142516,126.199437772379,106686700
2021-04-12,127.5994644165039,129.16480430519968,127.00638495965602,128.84395658242786,91420000
2021-04-13,130.70098876953125,130.9246193949784,128.27033720569543,128.7661996194506,91266500
2021-04-14,128.36756896972656,131.2551842091699,128.0078372862974,131.19685094542675,87222800
2021-04-15,130.76904296875,131.2551732400093,129.93289830876327,130.10791292088626,89347100
2021-04-16,130.43849182128906,130.93433940993674,129.5828977054859,130.57460771830137,84922400
2021-04-19,131.09962463378906,131.71215360069297,129.6412336348906,129.80651616783663,94264200
2021-04-20,129.4176025390625,131.7704712922572,128.15366085563892,131.27462375202614,94812300
2021-04-21,129.7967529296875,130.03981801008018,127.657783189335,128.68837675651753,68847100
2021-04-22,128.28001403808594,130.42870078687824,127.76471731540651,129.34949136408457,84566500
2021-04-23,130.5940399169922,131.37183646308597,128.49395363729542,128.49395363729542,78657500
2021-04-26,130.98294067382812,131.3135056957382,129.85511489088012,131.08988992627178,66905100
2021-04-27,130.6620635986328,131.65377327736235,130.38983189631728,131.2648602486865,66015800
2021-04-28,129.87457275390625,131.2746303918658,129.38844245381026,130.58431883810096,107760100
2021-04-29,129.7772979736328,133.2677236525645,128.77587107243528,132.68436155056918,151101000
2021-04-30,127.8133544921875,129.8550923634748,127.43417354212586,128.1244700954483,109839500
2021-05-03,128.8634033203125,130.35097557067442,128.1731066561789,128.37727305832388,75135100
2021-05-04,124.30352020263672,127.8425557241814,123.18541899331925,127.55087456774729,137564700
2021-05-05,124.54660034179688,126.8314040623254,124.42020170471136,125.61607819964402,84000900
2021-05-06,126.14109802246094,126.15081528786173,123.60348979624123,124.34240994349356,78128300
2021-05-07,126.81307983398438,127.83567547908756,126.10211342037881,127.43638287913002,78973300
2021-05-10,123.54072570800781,126.16054372317713,123.50176833952001,126.03394527871879,88071200
2021-05-11,122.62525939941406,122.97586087179818,119.5671689854115,120.27812799107281,126142800
2021-05-12,119.5671615600586,121.38837950118456,119.06073063774643,120.18073081693389,112172300
2021-05-13,121.70979309082031,122.85900963548862,121.01831640984287,121.32996797634482,105861300
2021-05-14,124.12506866455078,124.55359227820217,122.56681111085221,122.95637735686638,81918000
2021-05-17,122.97586059570312,123.61864605940792,121.9045589198871,123.51151514879045,74244600
2021-05-18,121.59290313720703,123.67707407576847,121.5247295992301,123.25829164809352,63342900
2021-05-19,121.43708801269531,121.66108360866002,119.65482729355216,119.94700386173781,92612000
2021-05-20,123.98872375488281,124.3880312073582,121.83637931031465,121.96299261493283,76857100
2021-05-21,122.15776062011719,124.66071371547133,121.9434988295615,124.48540928959464,79295400
2021-05-24,123.78421020507812,124.60230012567476,122.65447618088876,122.72264972174192,63092900
2021-05-25,123.58943176269531,124.9723924215316,123.02456103094238,124.48542900111524,72009500
2021-05-26,123.54072570800781,124.06663903705564,123.12194328471185,123.64785661375969,56575900
2021-05-27,122.01170349121094,124.3101365812093,121.81692404847594,123.1414450640804,94625600
2021-05-28,121.35916137695312,122.51811890538758,121.30072904118603,122.29411590101695,71311100
2021-06-01,121.03776550292969,122.07985090220888,120.70663903510166,121.81689796777825,67637100
2021-06-02,121.79744720458984,121.97275168319568,120.81380131441908,121.03779694075112,59278900
2021-06-03,120.31707000732422,121.59289214427336,119.91776258501811,121.42732891420592,76229200
2021-06-04,122.60579681396484,122.86875724869951,120.61901518744897,120.83327704379282,75169300
2021-06-07,122.61550903320312,123.02455024570587,121.57342360305104,122.878461975424,71057600
2021-06-08,123.43360900878906,125.10874632513031,122.91743682004416,123.29726191856811,74403800
2021-06-09,123.81340789794922,124.41723590564901,123.21932108902007,123.89132262739905,56877900
2021-06-10,122.82006072998047,124.84579976710832,122.65449744925097,123.70631691474892,71186400
2021-06-11,124.02767181396484,124.11532774368726,122.81028200929232,123.22906439931397,53522400
2021-06-14,127.0760726928711,127.13450505313246,123.75503561496892,124.48546983968079,96906500
2021-06-15,126.2579574584961,127.19291956440452,126.01447944620644,126.55013404538738,62746300
2021-06-16,126.75464630126953,127.47534656209021,125.10874743356234,126.96890813933193,91815000
2021-06-17,128.35186767578125,129.0920503743114,126.26769639966578,126.41379212945316,96721700
2021-06-18,127.05652618408203,128.07912157458279,126.84226442246718,127.30000410767042,108953300
2021-06-21,128.8485565185547,128.95568742961305,125.8391720998025,126.90073257983343,79663300
2021-06-22,130.4846954345703,130.58209255634193,128.18626305147518,128.6829675675103,74783600
2021-06-23,130.21205139160156,130.81588702946803,129.75431149256474,130.2802323751994,60214200
2021-06-24,129.92959594726562,131.12750347675475,129.46210751467535,130.94245782977737,68711000
2021-06-25,129.63742065429688,130.39707078875628,129.3452440962624,129.97829578212327,70783700
2021-06-28,131.2638397216797,131.72157948620062,129.87115289056985,129.9295852246422,62111300
2021-06-29,132.7733917236328,132.92922117145156,130.84505060419642,131.28330792306184,64556100
2021-06-30,133.38699340820312,133.82525083392224,132.3254180392348,132.61759460995344,63261400
2021-07-01,133.68890380859375,133.74733615062,132.218287184251,133.03638455477136,52485800
2021-07-02,136.30870056152344,136.34765049437885,134.15634896857634,134.30242979267734,78852600
2021-07-06,138.31495666503906,139.41546688315523,136.4158316454704,136.4158316454704,108181800
2021-07-07,140.79843139648438,141.11007543459237,138.9382563535141,139.79528860384676,104911600
2021-07-08,139.50315856933594,140.30175867225685,137.00019762598444,137.88646110200742,105575500
2021-07-09,141.3243865966797,141.85029259632174,138.92855627210733,139.02595342720224,99890800
2021-07-12,140.73025512695312,142.50278173643568,140.24329922685985,142.39565084398657,76299700
2021-07-13,141.8405303955078,143.61305721006948,139.88297280050324,140.27253162136344,100827100
2021-07-14,145.2589569091797,145.66801299296932,143.8273051980656,144.23636128185524,127050800
2021-07-15,144.60646057128906,146.08681108461445,143.2527233830004,145.3466432583112,106820300
2021-07-16,142.57095336914062,145.85303150774294,142.07426368162248,144.5869580069263,93251400
2021-07-19,138.73377990722656,140.31152766267098,137.9741296348984,139.9998686480134,121434600
2021-07-20,142.33721923828125,143.26244743833868,139.23045273850917,139.717408691922,96350000
2021-07-21,141.60679626464844,142.31776271135624,140.85689473808662,141.7334095777614,74993500
2021-07-22,142.97027587890625,144.33374665171397,142.00609770767423,142.13271101540525,77338200
2021-07-23,144.6843719482422,144.8402014430063,143.0871567787064,143.700726126391,71447400
2021-07-26,145.10313415527344,145.92121655552194,143.8467795270844,144.4019164234274,72434100
2021-07-27,142.9410858154297,145.3174337626536,141.7529118418177,145.22977037782812,104818600
2021-07-28,141.19775390625,143.13584408542147,138.82140631068384,141.0321906538661,118931200
2021-07-29,141.8405303955078,142.72679380278865,140.80818614558353,140.91531705042755,56699500
2021-07-30,142.0548095703125,142.51254941417247,140.35046351445212,140.61342392407167,70440600
2021-08-02,141.72369384765625,143.11638102630255,141.46073341799487,142.5417764502479,62880000
2021-08-03,143.51568603515625,144.17793912255732,141.39254995347815,142.0061193250026,64786600
2021-08-04,143.11636352539062,143.9344460279435,142.4638442773508,143.42802249439222,56368300
2021-08-05,143.2234649658203,143.9831149705437,142.35668407013773,143.14555023960324,46397700
2021-08-06,142.54074096679688,143.48685218422662,142.0433070322341,142.74557545925379,54126800
2021-08-09,142.49197387695312,143.0869508994325,141.936020036627,142.59926530339968,48908700
2021-08-10,142.01405334472656,144.0720871817776,141.7214390067462,142.83336158468475,69023100
2021-08-11,142.2676239013672,143.10644361120174,141.94574966449076,142.45294678468827,48493500
2021-08-12,145.22300720214844,145.37907015513477,142.24812227389452,142.58950812317931,72282600
2021-08-13,145.42784118652344,145.75946379823836,144.6182813640554,145.30103817728678,59375000
2021-08-16,147.39805603027344,147.46633914191412,142.86258697892168,144.88159714502063,103296000
2021-08-17,146.4910125732422,147.94430623200614,145.41809822926902,146.53002087530285,92229700
2021-08-18,142.75534057617188,147.00795993561067,142.5505060596621,146.11062014748856,86326000
2021-08-19,143.08694458007812,144.35493005036025,140.94113102889904,141.45807654722455,86960300
2021-08-20,144.54026794433594,144.84263065061194,143.16499090967656,143.8087395067066,60549600
2021-08-23,146.02281188964844,146.49098584387335,144.24762936861552,144.65728343893502,60131800
2021-08-24,145.93504333496094,147.14450905669656,145.47661765156835,145.76923200651873,48606400
2021-08-25,144.7060546875,146.6177885615759,144.15984926147306,146.12033978338724,58991300
2021-08-26,143.90623474121094,145.44732274946605,143.8769748010463,144.6962977745989,48597200
2021-08-27,144.94012451171875,145.08642419637218,143.21371381791263,143.8476989620497,55802400
2021-08-30,149.3488311767578,149.70972863585897,144.94991248756867,145.33030665463397,90956700
2021-08-31,148.0906219482422,149.03673327230263,147.56391312712373,148.90018188960238,86453100
2021-09-01,148.7538299560547,151.16299758315895,148.5880186674378,149.0659558284964,80313700
2021-09-02,149.86578369140625,150.9094380524186,148.64656965264444,150.08036655286702,71115500
2021-09-03,150.49974060058594,150.82161480012687,149.31953520226918,149.97303195298093,57808700
2021-09-07,152.83090209960938,153.38685589495006,150.58754556278473,151.15326259436534,82278300
2021-09-08,151.2898406982422,153.17230013553674,150.1876663830064,153.1137802396808,74420200
2021-09-09,150.2754669189453,152.2652178698881,150.1584122397238,151.66049241202037,57305700
2021-09-10,145.30101013183594,151.650669593774,145.03765581078468,151.18249570977798,140893200
2021-09-13,145.86672973632812,147.69066866511997,145.08642999338122,146.9201321568595,102404300
2021-09-14,144.47195434570312,147.34931083330153,143.29176371635268,146.64704249063803,109296300
2021-09-15,145.3595428466797,145.7594485393446,142.76505234502355,144.9011172737186,83281300
2021-09-16,145.1254425048828,145.30101702156867,143.5941177955223,144.7840715894616,68034100
2021-09-17,142.46267700195312,145.15471031932145,142.17006274358968,145.15471031932145,129868800
2021-09-20,139.4195556640625,141.27275491051466,137.79068761664803,140.2583754550107,123478900
2021-09-21,139.89747619628906,141.03867353306788,139.2634909051742,140.38516176883357,75834000
2021-09-22,142.2578582763672,142.82356032742504,140.1608018149043,140.8923300236282,76404300
2021-09-23,143.21372985839844,143.45757261545157,142.05303595354863,143.03815533417017,64838200
2021-09-24,143.30154418945312,143.83800136075783,141.97503867631073,142.07258175581498,53477900
2021-09-27,141.7897186279297,142.36519899589,140.27790504587242,141.88726170941032,74150700
2021-09-28,138.4149169921875,141.18496735666514,138.2003341585889,139.7219107001194,108972300
2021-09-29,139.31227111816406,140.89236770909372,138.53197117688373,138.9611368887371,74602000
2021-09-30,138.0150146484375,140.82408826037346,137.80043180958225,140.12181985738948,89056700
2021-10-01,139.13668823242188,139.40004260947205,135.68388091891475,138.40515987182454,94639600
2021-10-04,135.71310424804688,138.70750000671873,134.86453634124737,138.26857120239484,98322000
2021-10-05,137.63462829589844,138.73680249578317,135.92772872481194,136.0545317412187,80861100
2021-10-06,138.50271606445312,138.6490157972431,134.9621137010957,136.03502801816884,83221100
2021-10-07,139.7609100341797,140.66801284222436,139.2049562794912,139.53657886179528,61732700
2021-10-08,139.3805389404297,140.62901288949595,139.04891630336158,140.48271316225515,58773200
2021-10-11,139.2927703857422,141.24351294952652,138.31739910385002,138.76607644203366,64452200
2021-10-12,138.02474975585938,139.72190071402855,137.56632417893402,139.70238912610083,73035900
2021-10-13,137.43954467773438,137.91746698955632,135.77165355544514,137.76141892529833,78762700
2021-10-14,140.21932983398438,140.33638447460456,138.02474508035556,138.6099736345154,69907100
2021-10-15,141.27273559570312,141.33125547588753,139.97549034735292,140.22909633879294,67940300
2021-10-18,142.94064331054688,143.22349439217342,139.63413574665708,139.91698682828363,85589200
2021-10-19,145.09622192382812,145.4961277086073,142.94065979384268,143.38932223477877,76378900
2021-10-20,145.5838623046875,146.0617994269622,144.47194001956103,145.037656955219,58418800
2021-10-21,145.79847717285156,145.95454013073487,144.2281290062348,145.14498028007083,61421000
2021-10-22,145.02793884277344,146.481232332848,144.97916730862042,146.0033099939033,58883400
2021-10-25,144.9791717529297,145.69118854784608,143.98428898104416,145.0181800516583,50720600
2021-10-26,145.6424560546875,147.12500978003416,145.34007843670338,145.65220441024096,60893400
2021-10-27,145.1840362548828,146.04235295115012,144.8329019618233,145.68147030213953,56094900
2021-10-28,148.81240844726562,149.39762230558532,146.03259425054543,146.13013733509126,100077900
2021-10-29,146.11058044433594,146.24713179057537,142.80407331191392,143.59412144965486,124953200
2021-11-01,145.29127502441406,146.0130400607468,144.15984105888933,145.32053496464482,74588300
2021-11-02,146.3251953125,147.8370236875447,144.98892661408803,144.99868985144568,69122000
2021-11-03,147.7589874267578,148.2271614322934,146.13011931995035,146.6860731609645,54511500
2021-11-04,147.2420196533203,148.67580139860405,146.92989377476803,147.84674493928904,60394600
2021-11-05,147.76951599121094,148.6681654176707,146.57782514412813,148.36536141475236,65463900
2021-11-08,146.94900512695312,148.0527879681065,146.67550378830177,147.89649723038997,55020900
2021-11-09,147.31036376953125,147.91597153908737,146.5777679561521,146.71451857846154,56787900
2021-11-10,144.48744201660156,146.64616444006643,144.41907415140022,146.53871644786318,65187100
2021-11-11,144.43862915039062,145.96242651484354,144.25303577054234,145.5033467129879,41000000
2021-11-12,146.5093994140625,146.90987379593676,144.05763589771334,144.98558760939255,63804000
2021-11-15,146.51919555664062,148.3555742437889,145.9624154592678,146.88060480284193,59222800
2021-11-16,147.4960174560547,147.97465228236786,145.87453448172622,146.46061733416252,59256200
2021-11-17,149.92825317382812,151.40320809343083,147.48626594651472,147.4960285297294,88807000
2021-11-18,154.20660400390625,154.98804289425877,149.49846040015208,150.14314860254595,137827700
2021-11-19,156.82440185546875,157.2834965855034,152.897682743032,153.99168810581827,117305600
2021-11-22,157.28346252441406,161.85485386154411,157.26392246010866,157.92813559947206,117467900
2021-11-23,157.66445922851562,158.04540862120066,155.36898538496055,157.38118037733318,96041900
2021-11-24,158.18212890625,158.3774848564214,155.9354982175197,157.01974088138022,69463600
2021-11-26,153.171142578125,156.72667394842426,152.73158803573577,155.86710492688786,76959800
2021-11-29,156.5216064453125,157.44955853817083,155.10524204048522,155.67178482147494,88748200
2021-11-30,161.46414184570312,161.67903783874624,156.20898240534294,156.27736517799391,174048100
2021-12-01,160.94644165039062,166.3481143018466,160.7120055934647,163.59354652559932,152052500
2021-12-02,159.95986938476562,160.38966136948252,154.13818224096923,155.05637149837315,136739200
2021-12-03,158.08444213867188,161.13205157338396,156.01364225594332,160.21386222018816,118023100
2021-12-06,161.48373413085938,163.98432659887726,160.46785912528537,160.47762170823455,107497000
2021-12-07,167.20770263671875,167.598429443289,164.4336093812365,165.15644279486372,120405400
2021-12-08,171.01718139648438,171.87676531869016,166.73881675330688,168.13564062689133,116998900
2021-12-09,170.50926208496094,172.64844463234323,169.8841141404718,170.85114615502485,108923700
2021-12-10,175.2858123779297,175.46164318083981,170.63627480069655,171.1442122366866,115402700
2021-12-13,171.66189575195312,177.9036129181879,171.45676231906222,176.91704079075095,153237000
2021-12-14,170.2845916748047,173.61546458889217,168.21379204713816,171.18324085105056,139380400
2021-12-15,175.13929748535156,175.33465344975855,168.31149697974806,171.04652519555987,131063300
2021-12-16,168.2626495361328,176.93659123544322,166.78769490587976,175.11975249855263,150185800
2021-12-17,167.16860961914062,169.44454258569772,165.75226057944147,165.98668171971096,195432700
2021-12-20,165.81094360351562,166.6216852046928,163.57408971474158,164.37505382735594,107499100
2021-12-21,168.9757080078125,169.1808265329912,165.1955026634982,167.57888393978646,91185900
2021-12-22,171.56419372558594,171.7790897184107,168.15517538914062,169.02452194022183,92135300
2021-12-23,172.1893768310547,172.7461569911751,171.2028195021509,171.76936224404878,68356600
2021-12-27,176.14540100097656,176.233308952318,172.9610554465104,172.98058061033834,74919600
2021-12-28,175.1294708251953,177.12213985486545,174.38711240701065,175.97929213404015,79144300
2021-12-29,175.21746826171875,176.43846184720914,174.0062372592178,175.16862553735774,62348900
2021-12-30,174.06480407714844,176.3798175385403,173.95735606919604,175.30533745901636,59773000
2021-12-31,173.44943237304688,175.0709001571645,173.14661351296067,173.9573548573712,64062300
2022-01-03,177.78639221191406,178.6362137085352,173.58618706197944,173.70339765267045,104487900
2022-01-04,175.52996826171875,178.6947878000668,174.96342566446933,178.3919838905217,99310400
2022-01-05,170.86093139648438,175.9891036993743,170.58743006603996,175.44210103848545,94537600
2022-01-06,168.00869750976562,171.23212317548703,167.65705080251047,168.69245085589924,96904000
2022-01-07,168.17471313476562,170.09899955917385,167.06116796216358,168.8780063916408,86709100
2022-01-10,168.19427490234375,168.4970788622131,164.2675561955421,165.1564429133354,106765600
2022-01-11,171.01718139648438,171.11485190283432,166.8560422275084,168.32123396506768,76138300
2022-01-12,171.45675659179688,173.06846173538992,170.7632407657719,172.0330618342014,74805200
2022-01-13,168.19427490234375,172.52146809219963,167.80354809549323,171.70096415486904,84505800
2022-01-14,169.05386352539062,169.74737940608347,167.11979931497876,167.36399798657283,80440800
2022-01-18,165.85975646972656,168.5361646254104,165.4788071020713,167.53006719532837,90956700
2022-01-19,162.3726043701172,167.11006537282074,162.08934042059263,166.05512514217625,94815000
2022-01-20,160.6925048828125,165.74253213798244,160.37016081486053,163.1051891966637,91420500
2022-01-21,158.6412353515625,162.4702688967568,158.53378733529433,160.60458738914824,122848900
2022-01-24,157.86953735351562,158.53376542721094,151.11012055841888,156.30667494751387,162294600
2022-01-25,156.07225036621094,158.98309429431202,153.37630245676536,155.29081165334586,115798400
2022-01-26,155.98434448242188,160.57527648713483,154.15774320444362,159.70592982008216,108275300
2022-01-27,155.52525329589844,160.0380400395087,154.6070638933257,158.68029600296296,121954600
2022-01-28,166.37744140625,166.39698147337538,159.0221785798324,161.86465470605705,179935700
2022-01-31,170.7241668701172,170.93906288440527,165.576454917367,166.21138037947398,115541600
2022-02-01,170.55812072753906,170.78277933201363,168.31148996868112,169.9720379540269,86213900
2022-02-02,171.7595672607422,171.79864739328102,169.30781806090394,170.69486467196293,84914300
2022-02-03,168.88780212402344,172.15030783567607,168.125903430298,170.4311395793071,89418100
2022-02-04,168.6041717529297,170.27662529840396,166.93171820745542,167.90975737649003,82465400
2022-02-07,167.8901824951172,170.129885294368,167.19576822143142,169.06382633955357,77251200
2022-02-08,170.99058532714844,171.49916986063508,167.66524328351184,167.95865801143464,74829200
2022-02-09,172.40875244140625,172.77062217708496,171.05905354274313,172.1838075995271,71285000
2022-02-10,168.34007263183594,171.62628436106874,167.78259814649985,170.31571564595043,90865900
2022-02-11,164.93655395507812,169.2790510191681,164.3497243806945,168.54552151303656,98670700
2022-02-14,165.17127990722656,165.85590442480958,162.9022215932997,163.69443102962404,86185500
2022-02-15,168.995361328125,169.15185115822308,166.5111487010071,167.21533801275692,62527400
2022-02-16,168.7606658935547,169.5333102903167,166.31556790878483,168.07604144255788,61177400
2022-02-17,165.17127990722656,168.13473775909648,164.7702802170368,167.27405840916626,69589300
2022-02-18,163.6259307861328,166.7947676550334,162.54030687860808,166.0905932914819,82772700
2022-02-22,160.71136474609375,163.02931224334074,158.58900712715553,161.35685910032004,91162800
2022-02-23,156.5547332763672,162.50119815168253,156.241753586249,161.90459367562613,90009200
2022-02-24,159.1660919189453,159.27367681919955,148.66194638721413,149.22921086821898,141147500
2022-02-25,161.2297821044922,161.4938419663862,157.33717500506495,160.24195287546036,91974200
2022-02-28,161.4938507080078,161.78726549413435,158.86292250111,159.4790920596061,95056600
2022-03-01,159.615966796875,162.94130845487337,158.4129829679633,161.08302534266187,83474400
2022-03-02,162.90219116210938,163.6846254319098,159.37146939131958,160.7798480922219,79724800
2022-03-03,162.57948303222656,165.20063634825544,161.91442341280975,164.7702966304226,76678400
2022-03-04,159.5866241455078,161.9143617747294,158.54013016070306,160.87764280753723,83737200
2022-03-07,155.8016357421875,161.3960207362876,155.54733601828758,159.7724722055909,96418800
2022-03-08,153.9824676513672,159.30300237550088,152.37848423515257,155.33216629168248,131148300
2022-03-09,159.37149047851562,159.82139509337992,155.90923815043413,157.9337716080875,91454900
2022-03-10,155.0387725830078,156.86770104560523,152.55454474714313,156.68187121650197,105342000
2022-03-11,151.33197021484375,155.78205064733166,151.10702542359093,155.43973102802846,96970100
2022-03-14,147.312255859375,150.7353929741164,146.8036862331013,148.12403016599976,108732100
2022-03-15,151.68409729003906,152.15356685525754,147.07754097449947,147.58611061794517,92964300
2022-03-16,156.08526611328125,156.48626575095446,151.06793536575267,153.60105321090987,102300200
2022-03-17,157.09268188476562,157.4643416281666,154.168353662837,155.12682808541686,75615400
2022-03-18,160.3788604736328,160.86788006337628,156.25153394230247,156.98506332691767,123511700
2022-03-21,161.7480926513672,162.69679166385907,159.43013010111937,159.91914959524135,95811400
2022-03-22,165.11256408691406,165.69937857870127,161.2884277154457,161.8752422072329,81532000
2022-03-23,166.4720458984375,168.84867380689857,163.9682532045546,164.30079784879288,98062700
2022-03-24,170.24728393554688,170.31573891650316,166.4720521767643,167.30337650948087,90131400
2022-03-25,170.88304138183594,171.4307410459289,168.95630261256107,170.06149188569648,80546200
2022-03-28,171.74365234375,171.8707872641407,168.22270601580345,168.38897085299945,90371900
2022-03-29,175.02987670898438,175.0787667230212,172.467404224187,172.80972386459516,100589400
2022-03-30,173.86602783203125,175.66561632731086,172.81951875433577,174.6288971925018,92633200
2022-03-31,170.7754364013672,174.12032889178556,170.57004158960083,173.9344990439243,103049300
2022-04-01,170.48199462890625,171.0394840841696,168.16404671715162,170.20814487239906,78751300
2022-04-04,174.5212860107422,174.57019094673097,170.60912991069844,170.73627975953104,76468400
2022-04-05,171.21556091308594,174.38441368133695,170.58961634544698,173.60197924086432,73401800
2022-04-06,168.05648803710938,169.8169616919483,166.393824277865,168.57484765163213,89058800
2022-04-07,168.35964965820312,169.55285855113002,166.11994669119974,167.4011755212215,77594700
2022-04-08,166.35467529296875,168.00756384278074,165.48422104719532,168.00756384278074,76575500
2022-04-11,162.11001586914062,165.31798361672782,161.8655060412837,165.00501879739264,72246700
2022-04-12,163.97804260253906,166.13950070260202,162.9804385205217,164.33013728303388,79265200
2022-04-13,166.6578369140625,167.2837812669122,163.10756555004033,163.71394494457553,70618900
2022-04-14,161.66004943847656,167.50873303070674,161.41553970406295,166.87299876701744,75329400
2022-04-18,161.4449462890625,162.94134514885508,159.97788741289764,160.32019219645267,69023900
2022-04-19,163.72377014160156,164.1345597736567,160.31042259224273,161.39604679422817,67723800
2022-04-20,163.55743408203125,165.1712071523127,162.4522603203473,165.05383234121763,67929800
2022-04-21,162.7652587890625,167.7630389892028,162.26646424033356,165.200581424204,87227800
2022-04-22,158.23695373535156,164.18343379206294,157.95332893712188,162.80440987833427,84882400
2022-04-25,159.3030548095703,159.58667965590095,154.9801226542558,157.5816959947762,96046400
2022-04-26,153.3565216064453,158.7748512209157,153.2782766938566,158.6868312906376,95623200
2022-04-27,153.13157653808594,156.28084845296394,151.96770771639416,152.48606720314393,88063200
2022-04-28,160.04632568359375,160.9070049099631,155.43975472715812,155.7527344180899,130216800
2022-04-29,154.1878204345703,162.55005567908978,153.7966108597285,158.28580564908395,131747600
2022-05-02,154.4910888671875,154.75514872367953,149.9040823265059,153.26853978592672,123055300
2022-05-03,155.9776611328125,157.18065989099466,152.88706912402677,154.67686742533908,88966500
2022-05-04,162.3740692138672,162.82395888042848,155.76251479077115,156.1635144371754,108256500
2022-05-05,153.32720947265625,160.47667363266967,151.5471709663278,160.25172879543595,130525300
2022-05-06,154.052001953125,156.16767394547392,151.0156200226824,152.8080631040653,116124600
2022-05-09,148.9391326904297,152.63176175523802,148.38083908771665,151.75022430191655,131577900
2022-05-10,151.3388671875,153.5231099451531,149.7912929478581,152.32814774676658,115366700
2022-05-11,143.49322509765625,152.2595317646696,142.8173843082867,150.3495566722883,142689800
2022-05-12,139.6341094970703,143.19940187956024,135.95128476595931,139.83980605277625,182602000
2022-05-13,144.0906982421875,145.06038475011871,140.17279469669467,141.62241482375455,113990900
2022-05-16,142.55294799804688,144.49232147743598,141.22085987637433,142.56275232444813,86643800
2022-05-17,146.17706298828125,146.696184283466,143.66959085558614,145.8048571745172,78336300
2022-05-18,137.92984008789062,144.33560760113403,137.0287088681347,143.83608013972986,109742900
2022-05-19,134.53102111816406,138.7525598644923,133.79641419166288,137.0090939545788,136095600
2022-05-20,134.76608276367188,137.81225334878067,129.88829706526903,136.23529658390538,137426100
2022-05-23,140.17283630371094,140.31975175202894,134.82488980062982,134.96201586760006,117726300
2022-05-24,137.4792938232422,139.05625126128453,134.51148183512868,137.92005516834,104132700
2022-05-25,137.635986328125,138.87991021944293,135.50072064953915,135.58886991195646,92482700
2022-05-26,140.82907104492188,141.37757526410218,134.32535040420584,134.57021942674126,90601500
2022-05-27,146.56881713867188,146.6079896103765,142.27870662441157,142.4060433122878,90978500
2022-05-31,145.78521728515625,147.5678709384086,143.82626511004062,146.01050754614022,103718400
2022-06-01,145.6579132080078,148.62572491730577,144.6490389655957,146.8234773391278,74286600
2022-06-02,148.10662841796875,148.16539460884292,143.8459002321125,144.79599350624025,72348100
2022-06-03,142.396240234375,144.93307974702813,141.49512401563555,143.88503314588232,88570300
2022-06-06,143.14064025878906,145.52077501341512,141.92608448379778,144.01237341190438,71598400
2022-06-07,145.6579132080078,145.94195473174813,141.14252729935507,141.3873963509184,67808200
2022-06-08,144.9232940673828,146.79408210793065,144.4335560047601,145.5305644824367,53950200
2022-06-09,139.71246337890625,144.91347882072873,139.60472041542363,144.06133943857793,69473000
2022-06-10,134.3155517578125,137.8710395567264,134.24698126233585,137.40089525066517,91437900
2022-06-13,129.17332458496094,132.4251777606438,128.7423526705115,130.14299644685158,122207100
2022-06-14,130.03526306152344,131.14207601932122,128.7815346427886,130.3976794412042,84784300
2022-06-15,132.65042114257812,134.52122379977993,129.44754553707168,131.5338191539686,91533000
2022-06-16,127.3906478881836,129.67282879246193,126.39157816992548,129.36919361966238,108123900
2022-06-17,128.85987854003906,130.34868645706888,127.14579529566508,127.40046865716874,134520300
2022-06-21,133.0814208984375,134.24699991857628,130.58376865027734,130.68170729877417,81000500
2022-06-22,132.5720977783203,134.93262385029735,131.16164978530637,132.0235786011109,73409200
2022-06-23,135.43214416503906,135.74556869818326,132.8463282477274,134.01190702274286,72433800
2022-06-24,138.75257873535156,138.99744774415504,136.901369626622,137.02869134817942,89116800
2022-06-27,138.75257873535156,140.5450216732672,138.07673787975503,139.77122723590202,70207900
2022-06-28,134.6191864013672,140.47644880841756,134.50165406172098,139.212931320367,67083400
2022-06-29,136.37246704101562,137.7829151592785,133.8650103621575,134.63880492913648,66242400
2022-06-30,133.91395568847656,135.53008505921423,131.02450456880948,134.4330767564404,98964500
2022-07-01,136.07861328125,136.1863562547321,132.87573705664798,133.2479278277153,71051600
2022-07-05,138.65463256835938,138.70360936186282,134.1196535002059,134.94242477245444,73353800
2022-07-06,139.98670959472656,141.16207781793045,138.18447732277275,138.44894003031942,74064300
2022-07-07,143.34632873535156,143.54222096010838,140.33933002838788,140.34911940865916,66253700
2022-07-08,144.0221405029297,144.52168281438622,142.02401609395528,142.27867446652914,64547800
2022-07-11,141.8966827392578,143.6303594367227,140.82905749070648,142.68026652507825,63141600
2022-07-12,142.86639404296875,145.40323372369386,142.07302074051665,142.76844044820817,77588800
2022-07-13,142.50399780273438,143.44428658574307,139.20315284375937,140.05530730128564,71185600
2022-07-14,145.42282104492188,145.8929653987599,140.30995449187216,141.12292146669557,78140700
2022-07-15,147.0879364013672,147.76377735798872,145.1583671279135,146.7059412883577,76259900
2022-07-18,144.05157470703125,148.4592176926782,143.68915834296686,147.64625063740658,81420900
2022-07-19,147.90090942382812,148.1261847699647,143.89485526545627,144.88412086859606,82982400
2022-07-20,149.8990020751953,150.5650535340759,147.2838029205586,148.0184099284549,64823400
2022-07-21,152.16165161132812,152.37713759641647,148.82163378808133,151.32909076479385,65086600
2022-07-22,150.92745971679688,153.0725146399616,150.26142318216912,152.20078156045275,66675400
2022-07-25,149.81088256835938,151.85798424989775,149.1546353044719,150.849124954379,53623900
2022-07-26,148.4885711669922,149.9479808770686,147.70498735893062,149.1350139839463,55138700
2022-07-27,153.57203674316406,154.10096215711584,149.0370729884084,149.44845111836102,78620700
2022-07-28,154.12057495117188,154.40461645264705,151.24091273921562,153.7581586202447,81378700
2022-07-29,159.17465209960938,160.2716754702952,156.22643448443253,157.93072824104914,101786900
2022-08-01,158.19522094726562,160.23253356212356,157.5879503888758,157.70548276904853,67829400
2022-08-02,156.72598266601562,159.07673453265352,156.35379186998745,156.81414688340993,59907000
2022-08-03,162.7203826904297,163.17093336402678,157.45079605540153,157.53894532472003,82507500
2022-08-04,162.40696716308594,163.7586492750685,161.05528505110334,162.60285943908943,55474100
2022-08-05,162.18136596679688,162.67178435198056,159.876393569881,160.08237587686597,56697000
2022-08-08,161.71054077148438,164.59420304327227,161.05338198319762,163.18179581085533,60276900
2022-08-09,161.7595977783203,162.64235984823435,160.12160217379457,160.87685067478762,63135500
2022-08-10,165.99679565429688,166.0948703368816,163.70162657940335,164.46667794890814,70170500
2022-08-11,165.2611846923828,167.71327649760102,164.9669306824805,166.8010905635419,57149200
2022-08-12,168.80198669433594,168.87063747457046,166.1537158722437,166.5656804191666,68039400
2022-08-15,169.87109375,170.0672580774187,168.06635799154176,168.2330984181666,54091700
2022-08-16,169.7141571044922,170.38113378052608,168.37041574061854,169.4689479524639,56377100
2022-08-17,171.2050323486328,172.77436193637106,169.2629800618565,169.45914438952641,79542000
2022-08-18,170.8126983642578,171.54832585930868,169.80243780169835,170.42036968678258,62290100
2022-08-19,168.233154296875,170.41061347713787,168.02717195652198,169.714212672156,70346300
2022-08-22,164.3588409423828,166.6049507819939,163.93707330716836,166.43821031061515,69026800
2022-08-23,164.02529907226562,165.4769480040651,163.4564120530002,163.87817957003261,54147100
2022-08-24,164.319580078125,164.88846719098774,163.06411023124903,164.11361274111158,53841500
2022-08-25,166.77163696289062,166.87952958176348,165.12383874706296,165.54559127859812,51218200
2022-08-26,160.48448181152344,167.7721056277997,160.42563400937078,167.3013082441995,78961000
2022-08-29,158.28746032714844,159.77832160747866,156.75735719048248,158.0618570691757,73314000
2022-08-30,155.86473083496094,159.4447780510849,154.6975330126192,159.02302554257605,77906200
2022-08-31,154.20712280273438,157.5027341926007,154.12865408316875,157.23790413486398,87991100
2022-09-01,154.9329833984375,155.38415993328115,151.70602203096658,153.6382716729597,74229900
2022-09-02,152.82415771484375,157.286967514474,152.00025851175562,156.6886565527691,76957800
2022-09-06,151.56866455078125,154.079603619405,150.74476547508485,153.47148977301632,73714800
2022-09-07,152.97132873535156,153.66771454965397,150.66635604545868,151.85317527366345,87449600
2022-09-08,151.50003051757812,153.36361410419434,149.75412756943635,151.6765739248584,84923800
2022-09-09,154.35427856445312,154.79566708651402,151.7844910019974,152.49069467763707,68028800
2022-09-12,160.29812622070312,161.11222243462,156.24728104104713,156.53171708379904,104956000
2022-09-13,150.89187622070312,157.46347745743722,150.4308818908401,156.83574272665854,122656600
2022-09-14,152.333740234375,154.08944624806267,150.66632089509483,151.82370097735972,87965400
2022-09-15,149.45008850097656,152.2651001071562,148.4790697119515,151.68639505914092,90481100
2022-09-16,147.8120880126953,148.44964084888636,145.52673670084437,148.31232430924803,162278800
2022-09-19,151.51966857910156,151.59813732109004,146.24277663621996,146.4487439883553,81474200
2022-09-20,153.89328002929688,155.05067517637016,150.14649142825516,150.46035140561636,107689800
2022-09-21,150.77423095703125,155.6980357811973,150.65653533272163,154.32485530993193,101696800
2022-09-22,149.81300354003906,151.50984684718208,148.0180705759549,149.4599017279835,86652500
2022-09-23,147.54721069335938,148.56728891825972,145.71305143666189,148.2926559268732,96029900
2022-09-26,147.88079833984375,150.8233093330637,146.77244774315443,146.792068673697,93339400
2022-09-27,148.8517608642578,151.75504386028683,147.0764489671257,149.81299153282302,84442700
2022-09-28,146.96856689453125,147.75323924438212,142.06438341593866,144.81072915722658,146691400
2022-09-29,139.74960327148438,143.9083561021041,137.98409428837317,143.3002421615135,128138200
2022-09-30,135.55165100097656,140.35776059275875,135.35548662233668,138.5726303244555,124925300
2022-10-03,139.72018432617188,140.32831325471835,135.05140704196927,135.56144631438175,114311700
2022-10-04,143.30027770996094,143.41797334923848,141.4955264315323,142.25077503845796,87830100
2022-10-05,143.59449768066406,144.55572849466822,140.26946161653336,141.30916116839794,79471000
2022-10-06,142.64309692382812,144.712663290669,142.43712956504083,143.0158197187154,68402200
2022-10-07,137.40538024902344,140.35770766147775,136.77764549427565,139.80842665549343,85925600
2022-10-10,137.7290802001953,139.17091126885134,135.91454138275128,137.7290802001953,74899000
2022-10-11,136.3166961669922,138.64128959242282,135.57126557653487,137.2190642395612,77033700
2022-10-12,135.68894958496094,137.67024396939837,135.51240615749046,136.46381898254117,70433700
2022-10-13,140.24981689453125,140.83830981626429,131.79499606499104,132.40312487373902,113224000
2022-10-14,135.72816467285156,141.75050040665323,135.54180333634727,141.54451814883853,88598000
2022-10-17,139.68092346191406,140.16152374746147,137.58193404215913,138.3666062011952,85250900
2022-10-18,140.9952850341797,143.88875049899616,137.91545818930572,142.70194639396894,99136600
2022-10-19,141.10317993164062,142.1722884311379,138.78840452952474,138.97476591255997,61758300
2022-10-20,140.6421661376953,143.09425775385319,139.91634163141597,140.2792613677454,64522000
2022-10-21,144.44781494140625,145.0167019837592,139.916339525803,140.13212478208789,86548600
2022-10-24,146.58602905273438,147.35108041478094,143.20214572577777,144.36934369172494,75981900
2022-10-25,149.42063903808594,149.56777350297594,146.49775025875292,147.21375676214043,74732300
2022-10-26,146.48794555664062,149.07735346461445,145.20303709712394,148.06709300971718,88194300
2022-10-27,142.02513122558594,146.19368643958677,141.3679725525205,145.23247083964995,109180200
2022-10-28,152.7554931640625,154.48176014348397,144.98726930709842,145.35997702745019,164762400
2022-10-31,150.40150451660156,151.2842665764986,149.0087181195706,150.22496108445085,97943200
2022-11-01,147.76307678222656,152.47109701606183,146.27221543184598,152.1081921430116,80379300
2022-11-02,142.25071716308594,149.25388921211223,142.22129326523782,146.09559446780847,93604600
2022-11-03,136.2186279296875,140.06350662558899,136.09111434862288,139.3376819611652,97918500
2022-11-04,135.95333862304688,140.16810151754257,132.0234836201314,139.59827074317496,140814800
2022-11-07,136.48385620117188,136.70981865595215,133.29084915754692,134.70559929239224,83374600
2022-11-08,137.05369567871094,138.9498435557623,135.0789489012502,137.94774130575934,89908500
2022-11-09,132.5048828125,136.12035725287217,132.2297941583769,136.07123106652006,74917800
2022-11-10,144.29443359375,144.29443359375,137.05368118428237,138.7631733571785,118854000
2022-11-11,147.07481384277344,147.37937519314977,141.83828048896822,143.26286485614494,93979700
2022-11-14,145.67971801757812,147.64464544159856,144.84461786588682,146.3576203774582,73374100
2022-11-15,147.40887451171875,150.8966242970365,145.95483216140596,149.55065357357725,89868300
2022-11-16,146.1807403564453,147.2418027556235,144.70704507834287,146.51478934612993,64218300
2022-11-17,148.0769805908203,148.82364786076732,143.58711275398744,143.862201484558,80389400
2022-11-18,148.63693237304688,150.02220984195606,147.34008803390304,149.63904958366277,74829600
2022-11-21,145.41441345214844,147.733027851429,145.12950564069578,147.5267189168743,58724100
2022-11-22,147.54637145996094,147.78216811313607,144.35336486366882,145.53233313834016,51804100
2022-11-23,148.42083740234375,149.16750461394776,146.7211639605135,146.82923559559399,58301400
2022-11-25,145.5126953125,146.2691965387926,144.5400508786952,145.70918504900035,35195900
2022-11-28,141.69091796875,144.06847835661756,140.86565204725017,142.59478278627932,69246000
2022-11-29,138.69439697265625,142.2705641956943,137.88878454429147,141.75967888062996,83763800
2022-11-30,145.43408203125,146.11198429763354,138.08525867650403,138.9203437218135,111380900
2022-12-01,145.70921325683594,146.51484082101652,144.0390276864429,145.61097586517099,71250400
2022-12-02,145.2179718017578,145.40464232225125,143.09584639700262,143.4004227674544,65447400
2022-12-05,144.05865478515625,148.2734173934748,143.21373541725012,145.17866278529172,68826400
2022-12-06,140.40390014648438,144.71691547188212,139.43125562304482,144.49095300364328,64727200
2022-12-07,138.4684295654297,140.85580904494128,137.54491133359693,139.69650913090823,69721100
2022-12-08,140.14842224121094,141.0031757409908,138.62561570092225,139.86351440208722,62128300
2022-12-09,139.66708374023438,143.01728952780834,138.42916952445157,139.8439200617972,76097000
2022-12-12,141.95620727539062,141.9660265170688,138.58634846990296,140.1975885864345,70462700
2022-12-13,142.9190216064453,147.34010905974955,141.71059523341404,146.87834983755218,93886200
2022-12-14,140.6986541748047,144.08815144991274,138.68460028950005,142.80112620848055,82291200
2022-12-15,134.10630798339844,139.3133690938159,133.64454880056923,138.63546667684503,98931900
2022-12-16,132.1511993408203,135.23613504981998,131.38487878191776,134.2929782040358,160156900
2022-12-19,130.04873657226562,132.82911109974094,129.01716151047765,132.74069295008061,79592600
2022-12-20,129.9799346923828,130.91327209557377,127.61219386559817,129.08588923628005,77432800
2022-12-21,133.07469177246094,134.4108428696223,130.42204304769788,130.64800547841642,85928000
2022-12-22,129.91114807128906,132.20028988979308,128.01500065859045,131.9939809440485,77852100
2022-12-23,129.54769897460938,130.09787639620362,127.36662777385332,128.6241804492717,63814900
2022-12-27,127.7497329711914,129.10553745425895,126.46270813173636,129.07606474734044,69007800
2022-12-28,123.82972717285156,128.73221899747332,123.66271014073895,127.39606774936588,85438400
2022-12-29,127.33712768554688,128.19186635387044,125.49009852746012,125.74553370652504,75703700
2022-12-30,127.65151977539062,127.67117324976594,125.19536766637758,126.15818552945343,77034200
2023-01-03,122.87673950195312,128.6044974020352,121.99252063798394,127.9953746812147,112117500
2023-01-04,124.14412689208984,126.4037966398773,122.886574422074,124.66483150899292,89113600
2023-01-05,122.8276138305664,125.52938912334946,122.57217865426507,124.90061292758642,80962700
2023-01-06,127.346923828125,128.00517262460522,122.69987531467847,123.80023721738742,87754700
2023-01-09,127.86767578125,131.07051781969213,127.61224055371211,128.1820714377982,70790800
2023-01-10,128.4375,128.95820466182693,125.87326865028986,127.97574077291436,63896200
2023-01-11,131.14913940429688,131.16877789281833,128.172274351121,128.9484144016718,69458900
2023-01-12,131.0704803466797,131.90556546211644,129.1350257391296,131.53223946571177,71379600
2023-01-13,132.39678955078125,132.55398732492168,129.3511613806362,129.71466811603167,57809700
2023-01-17,133.55612182617188,134.88243886666353,131.77786487384603,132.4655864864573,63646600
2023-01-18,132.83892822265625,136.1792989256054,132.6620769549058,134.42069543585905,69672800
2023-01-19,132.89784240722656,133.86065244378065,131.42414715096476,131.72870843866633,58280400
2023-01-20,135.45225524902344,135.59963378756996,131.8662690124696,132.9076780568954,80223600
2023-01-23,138.63546752929688,140.80671912517695,135.4817521326256,135.6978953680963,81760300
2023-01-24,140.03053283691406,140.64948968940584,137.83964325138285,137.84946249034775,66435100
2023-01-25,139.37228393554688,139.9322803802267,136.37576702094836,138.4192930644909,65799300
2023-01-26,141.43548583984375,141.72039372676826,139.41159795380088,140.65933109437518,54105100
2023-01-27,143.37094116210938,144.64814715401417,140.57092820918845,140.64952711543583,70555800
2023-01-30,140.49229431152344,142.9975794810538,140.34493076851774,142.41792955695834,64015300
2023-01-31,141.75970458984375,141.80883078137197,139.78495761656453,140.19759064122545,65874500
2023-02-01,142.87969970703125,144.03901475780756,138.84178798038548,141.44531098955775,77663600
2023-02-02,148.17520141601562,148.52887400177488,145.57166328269082,146.28885767804982,118339000
2023-02-03,151.7906494140625,154.62014981197694,145.23761799882098,145.43410775063012,154357300
2023-02-06,149.06922912597656,150.41521473457135,148.13589150827315,149.8945101165513,69858300
2023-02-07,151.9380340576172,152.5078649107581,147.9983592694092,147.9983592694092,83322600
2023-02-08,149.25587463378906,151.86923151834947,148.5190269025848,151.18150996746658,64120100
2023-02-09,148.22430419921875,151.62363543992853,147.782198500911,151.0832773681269,56007100
2023-02-10,148.58837890625,148.913088785703,146.82709018156558,147.06324691592152,57450700
2023-02-13,151.38284301757812,151.78625678187208,148.49982115470684,148.52933886882354,62199000
2023-02-14,150.74325561523438,151.30412220458746,148.44078385852455,149.68057287811524,61707600
2023-02-15,152.839111328125,153.0063833860837,150.42840282421838,150.6547103127393,65573800
2023-02-16,151.24508666992188,153.82306709582505,150.8908590911332,151.0482818929642,68167900
2023-02-17,150.10369873046875,150.5464794908576,148.4309630722788,149.90690894964015,59144100
2023-02-21,146.09893798828125,148.87372305726493,146.03006833094608,147.79135689260553,58867200
2023-02-22,146.52207946777344,147.54539539799444,144.80014250744384,146.48271250078488,51011300
2023-02-23,147.0041961669922,147.92912460701393,144.87884561858363,147.68313363952294,48394200
2023-02-24,144.35733032226562,144.82962872471046,143.38320079150859,144.75090982195374,55469600
2023-02-27,145.5479278564453,146.7778826433076,145.08546365545737,145.3413038601465,44998500
2023-02-28,145.04611206054688,146.68932985809187,144.47541123636594,144.69188448050687,50547000
2023-03-01,142.97976684570312,144.8689754008769,142.68457472462396,144.47539591550134,55479000
2023-03-02,143.5701446533203,144.35731860288683,141.59236804059648,142.06468141879296,52238100
2023-03-03,148.60804748535156,148.6867663889097,144.96738452683869,145.66599039801153,70732300
2023-03-06,151.36312866210938,153.79352005595112,150.9990669195326,151.32376170858595,87558000
2023-03-07,149.16891479492188,151.55993956940895,148.7064506179963,151.23522972088062,56182000
2023-03-08,150.4185333251953,151.00891757952724,149.39521763366128,150.35949790258118,47204800
2023-03-09,148.1751251220703,152.06177965604292,147.82089750549494,151.09749920529256,53833600
2023-03-10,146.11862182617188,148.5194958597798,145.242894659562,147.80120650188752,68572400
2023-03-13,148.0570526123047,150.68423448355665,145.33146834316847,145.43970497520198,84457100
2023-03-14,150.14303588867188,150.94004418166887,147.6929755826584,148.85404568502526,73695900
2023-03-15,150.5366668701172,150.7924921205148,147.5158900006413,148.76552856017204,77167900
2023-03-16,153.35076904296875,153.9509875803486,149.20827470890512,149.71994010489203,76161100
2023-03-17,152.514404296875,154.2265068856699,151.80594908869074,153.5770871091514,98944600
2023-03-20,154.8759002685547,155.28917828804447,151.67801783277878,152.58327776546486,73641400
2023-03-21,156.72573852539062,156.8438093660786,154.0296725549558,154.79717806171172,73938300
2023-03-22,155.2989959716797,159.53987720924363,155.27931249330243,156.74542384346483,75701800
2023-03-23,156.38137817382812,158.95937384680835,155.15142327717084,156.28299079055427,67622100
2023-03-24,157.6802215576172,157.76877470893055,155.31871410467124,156.31251228008384,59196500
2023-03-27,155.7417755126953,158.19185056660328,155.33834678641222,157.37515888196728,52390300
2023-03-28,155.12193298339844,155.94847423078335,153.47871475266618,155.43680869937373,45992200
2023-03-29,158.19186401367188,158.46737267599337,156.7946372221569,156.8143056879684,51305700
2023-03-30,159.7563934326172,159.86463007168524,158.68387629082392,158.93970152221254,49501700
2023-03-31,162.25559997558594,162.35400234628182,159.3135582693612,159.835057803043,68749800
2023-04-03,163.50527954101562,163.62335040456196,161.58655293789977,161.63575413574327,56976200
2023-04-04,162.9739532470703,164.16454121432164,162.46228779099377,163.92839947620809,46278300
2023-04-05,161.13392639160156,162.40324825832465,159.20536551321473,162.09822184489292,51511700
2023-04-06,162.01947021484375,162.31466233453045,159.40212310856722,159.8252203026454,45390100
2023-04-10,159.43165588378906,159.43165588378906,157.51292944566782,158.8314373555464,47716900
2023-04-11,158.2213897705078,159.75637097122245,157.93603184667685,159.7465367378167,47644200
2023-04-12,157.5326385498047,159.46119953470492,157.21776287074414,158.6346733983191,50133100
2023-04-13,162.90504455566406,163.14120127307194,158.83143501847854,159.03807402297244,68445600
2023-04-14,162.56068420410156,163.6528847449455,161.19297496954,161.9506163702145,49386500
2023-04-17,162.58035278320312,162.73779061232008,161.39959909302152,162.44259843625022,41516200
2023-04-18,163.8004608154297,164.7253892225956,162.99360326395418,163.43639900098648,49923000
2023-04-19,164.94186401367188,165.46336364998885,162.8853681685066,163.1412083770297,47720200
2023-04-20,163.9775390625,165.17797593709363,162.9050222690973,163.42652181136077,52456400
2023-04-21,162.3737030029297,163.78076396537094,161.85220341407148,162.40322071444277,58337300
2023-04-24,162.67869567871094,162.94437004141076,161.2617857631016,162.35398590520944,41949600
2023-04-25,161.14376831054688,163.6430299514636,161.10440134757968,162.54099521393778,48714100
2023-04-26,161.13392639160156,162.62955575633885,160.18932943478703,160.44515464932056,45498800
2023-04-27,165.7093505859375,165.85693915334915,162.5409858833323,162.5409858833323,64902300
2023-04-28,166.95895385742188,167.12624089927414,165.18783120394306,165.7880496631181,55275900
2023-05-01,166.8704376220703,167.71664719399982,165.93567490070697,166.5654112090663,52472900
2023-05-02,165.83726501464844,167.6182522416185,164.8533011388869,167.36241202489828,48425700
2023-05-03,164.7647705078125,168.1791268243892,164.4794275510536,166.7818997315747,65136000
2023-05-04,163.13133239746094,164.3612870012041,161.67507035057545,162.2457710884036,81235400
2023-05-05,170.78659057617188,171.50487988988195,168.02163990321543,168.23811312336284,113453200
2023-05-08,170.71771240234375,171.06210572406735,169.35000337616833,169.7140651629481,55962800
2023-05-09,169.0154571533203,170.75706217667226,168.84818511789587,170.27492954930042,45326900
2023-05-10,170.7767791748047,171.23924342814053,169.14339542958015,170.24544525293916,53724500
2023-05-11,170.96372985839844,171.7902559418124,169.40906507439723,171.06213225532295,49514700
2023-05-12,170.0375213623047,171.50564580777203,168.49055408757272,171.07210045600348,45533100
2023-05-15,169.5448760986328,170.66814597161118,168.95367509817433,170.61887671576198,37266700
2023-05-16,169.5448760986328,170.59916600644908,169.2788341449399,169.4660482962473,42110300
2023-05-17,170.15576171875,170.3922300756776,167.91906995533154,169.19014751327734,57951600
2023-05-18,172.48110961914062,172.6683237371227,170.04735615510018,170.46119076780954,65496700
2023-05-19,172.58950805664062,173.80145343851697,172.37273538217633,173.80145343851697,55809500
2023-05-22,171.64356994628906,172.1460951955022,170.9045763773169,171.42679729660153,43570900
2023-05-23,169.0423126220703,170.83561089353927,168.76642289336164,170.58927970470205,50747300
2023-05-24,169.31817626953125,169.88966634378653,168.0175556109429,168.5791828168519,45143500
2023-05-25,170.4513397216797,171.3479738482291,169.17041449607095,169.8798495430277,56058300
2023-05-26,172.85552978515625,173.19055165787438,170.56958397024448,170.77650880236848,54835000
2023-05-30,174.69808959960938,176.36329091292328,173.978806707213,174.36308277683443,55964400
2023-05-31,174.64883422851562,176.71802248155805,174.16601962684186,174.72766202276017,99625300
2023-06-01,177.4471435546875,177.47670209655325,174.33351350934285,175.09221783191245,68901800
2023-06-02,178.2945098876953,179.11233123154489,176.62930866038764,178.37333767160567,61996900
2023-06-05,176.9446258544922,182.23581511366768,175.42721727327233,179.9498694414483,121946500
2023-06-06,176.58004760742188,177.4766816655694,174.82615579439974,177.3288889732544,64848400
2023-06-07,175.21046447753906,178.5507149734009,174.71780207381394,175.82136104700194,61944600
2023-06-08,177.9201202392578,178.18614713091944,174.85575927069235,175.2892895872439,50214900
2023-06-09,178.3043670654297,179.55571862854532,177.97920810525306,178.83643579626113,48900000
2023-06-12,181.0928497314453,181.19138823156914,178.31424143935143,178.60984190485868,54274900
2023-06-13,180.619873046875,181.44754220802452,179.76264534674598,180.1173628493618,54929100
2023-06-14,181.25048828125,181.68403358526143,179.34881869349235,180.67899811094975,57462900
2023-06-15,183.2802734375,183.78279874291368,181.08300318978328,181.26036948430115,65433200
2023-06-16,182.2062530517578,184.245882524342,181.56579797087073,183.98968846409701,101256200
2023-06-20,182.29493713378906,183.36895259993452,181.7037512704965,181.7037512704965,49799100
2023-06-21,181.26036071777344,182.68907870149724,179.91045548906328,182.1865534203878,49515700
2023-06-22,184.25575256347656,184.30502181445038,180.9746189088309,181.04359886716716,51245300
2023-06-23,183.94044494628906,184.80753566864925,182.29495416898448,182.82703803401998,53117000
2023-06-26,182.5511474609375,185.29034946556595,182.51172604562308,184.08825189117624,48088700
2023-06-27,185.3001708984375,185.6253298715582,182.94524533692336,183.1620179856705,50730800
2023-06-28,186.4727020263672,187.11315707618536,184.84692226306757,185.1720661878379,51216800
2023-06-29,186.80772399902344,187.2806907250245,186.16726889716722,186.3052137668684,46347300
2023-06-30,191.12344360351562,191.62595381515632,188.45320690668942,188.81778728912292,85213200
2023-07-03,189.63563537597656,191.03479491877454,188.94589592351636,190.9362564156046,31458200
2023-07-05,188.52220153808594,190.1479814937267,187.82261429340878,188.75868490984942,46920300
2023-07-06,188.99513244628906,189.20205725316632,186.42343432149448,187.0540415419299,45094300
2023-07-07,187.88174438476562,189.84254634486774,187.4482140588147,188.601042385603,46815000
2023-07-10,185.8421173095703,187.20187038994513,184.29515010539157,186.48257243692333,59922200
2023-07-11,185.3199005126953,186.52199803845542,183.86162393721375,186.3840531601648,46638100
2023-07-12,186.98507690429688,188.88674640306317,185.7041517573503,186.89638625272656,60750200
2023-07-13,187.7437744140625,188.38424453327508,186.99493300399138,187.7043680387378,41342300
2023-07-14,187.8916015625,188.37440112570727,186.8471596075647,187.43834550769154,41616200
2023-07-17,191.14315795898438,191.46831693797242,188.9951421376018,189.08381775872684,50520200
2023-07-18,190.88699340820312,191.47819437683242,189.5962201627232,190.5125801606121,48288200
2023-07-19,192.23690795898438,195.320964896157,189.822849750849,190.26625801592914,80507300
2023-07-20,190.29579162597656,193.58677299126168,189.67503216410122,192.22701989757815,59581200
2023-07-21,189.12322998046875,192.10876269219432,188.42364281090323,191.25153499324207,71951700
2023-07-24,189.92135620117188,192.04966138875844,189.4286937985748,190.57167418096722,45377800
2023-07-25,190.778564453125,191.58653792745972,190.08884016702333,190.49282690419068,37283200
2023-07-26,191.64569091796875,192.76896069007793,190.48301476563847,190.82786945588313,47471900
2023-07-27,190.3844757080078,194.30606454519102,189.72430983845956,193.14338839624878,47460200
2023-07-28,192.9561767578125,193.74443968391378,191.2909752730755,191.81319626670884,48291400
2023-07-31,193.5670623779297,193.60648379116893,192.39452340931743,193.1827862905988,38824100
2023-08-01,192.7393798828125,193.8429388199064,192.41422090280528,193.36013930235927,35175100
2023-08-02,189.7538604736328,192.31569604997566,189.03457754647138,192.17775117305615,50389300
2023-08-03,188.36451721191406,189.54690382056828,187.89156557542466,188.75865610470643,61235200
2023-08-04,179.31927490234375,184.6301752435833,179.25029494609427,182.79747042079737,115956800
2023-08-07,176.22532653808594,180.44251500174,174.74733950545405,179.45719031331873,97576100
2023-08-08,177.16139221191406,177.62449604499406,174.97397007455905,177.05300588853657,67823000
2023-08-09,175.57504272460938,178.2748232727554,174.41235154839882,178.21570618554995,60378500
2023-08-10,175.35826110839844,178.09746293161143,174.99369573264087,176.8460961883882,54686900
2023-08-11,175.4174346923828,176.23636037713308,174.19399178686675,174.953720563952,52036700
2023-08-14,177.065185546875,177.29211207450308,174.9438673937282,175.59506357405235,43675600
2023-08-15,175.0819854736328,177.08489459113486,174.68732936330193,176.49291042563854,43622600
2023-08-16,174.21376037597656,176.15745776554937,174.14468726786023,174.7662850202376,46964900
2023-08-17,171.67800903320312,175.14116345073805,171.16494410110627,174.77610583538885,66062900
2023-08-18,172.16151428222656,172.76337470680727,169.6652772069575,170.0007364455324,61172200
2023-08-21,173.4934844970703,173.77962299820936,171.42151715942626,172.7337706675176,46311900
2023-08-22,174.8649139404297,175.30890581271296,173.89799596554266,174.69718434668556,42038900
2023-08-23,178.70303344726562,179.1273031269572,175.95027131734813,176.13773826499084,52722800
2023-08-24,174.02627563476562,178.68329009610582,173.6612029173666,178.25902046647073,54945800
2023-08-25,176.2265167236328,176.7593040006282,173.4737548580186,175.0129348306344,51449600
2023-08-28,177.78543090820312,178.1800870283186,176.1673167274641,177.6867593505913,43820700
2023-08-29,181.66299438476562,182.43258442181371,177.10465107991652,177.3019791564373,53003900
2023-08-30,185.14585876464844,185.34320186637345,182.27470331859433,182.47203136515444,60813900
2023-08-31,185.36293029785156,186.59624944883035,184.9781353249528,185.33333184264131,60794500
2023-09-01,186.9317169189453,187.3855699191495,185.76745585396847,186.96131537308187,45766500
2023-09-05,187.16851806640625,187.44478036173828,185.10641198511868,185.76746926717502,45280000
2023-09-06,180.4691619873047,186.32989809435446,179.04837565163587,185.88589107308178,81755800
2023-09-07,175.19052124023438,175.83185624974686,171.22416252451072,172.84227669356144,112488800
2023-09-08,175.80224609375,177.8347687964352,175.417451102765,175.96999075471308,65551300
2023-09-11,176.96652221679688,177.8939807491613,174.9734739911946,177.66705421097663,58953100
2023-09-12,173.9473419189453,177.72623373133553,172.487096210491,177.09477490699047,90370200
2023-09-13,171.88525390625,174.93401565723292,171.65831231126361,174.15454941477398,84267900
2023-09-14,173.3948211669922,173.75001770449512,171.26364194197464,171.67803539320033,60895800
2023-09-15,172.67457580566406,174.1446979390041,171.50046839224674,174.1249606133089,109259500
2023-09-18,175.59506225585938,176.98624997924455,173.8190795297471,174.12494029407293,67257600
2023-09-19,176.68038940429688,177.23291401853146,174.7662755227223,175.15107052586188,51826900
2023-09-20,173.14813232421875,177.30194242582076,173.05932191129062,176.86781171431105,58436200
2023-09-21,171.6089324951172,173.9473155673331,171.5398744594861,172.22066895942882,63149100
2023-09-22,172.45745849609375,174.71690737052137,171.72734327191537,172.33906468788402,56725400
2023-09-25,173.73028564453125,174.60840835340898,171.82603288281885,171.87536866413782,46172700
2023-09-26,169.66526794433594,172.8620217812148,169.3692683155077,172.4871029695211,64588900
2023-09-27,168.1556854248047,170.7308568174817,166.79411110643792,170.31646332448594,66921800
2023-09-28,168.41221618652344,169.7343308371659,165.38317681816312,167.08022534636603,56294400
2023-09-29,168.92529296875,170.76047278128746,168.0668924554359,169.72448150635748,51861100
2023-10-02,171.43138122558594,171.97404472395215,168.64900568223578,168.93514418826848,52164500
2023-10-03,170.09939575195312,171.31299281082715,168.54049336939298,169.96126458937815,49594600
2023-10-04,171.34255981445312,171.8852232303615,168.68845469814508,168.80684851428336,53020300
2023-10-05,172.57591247558594,173.10869980697885,170.3756599300563,171.47084810780015,48527900
2023-10-06,175.12149047851562,175.61481822954005,170.8689926183437,171.48072926712837,57266700
2023-10-09,176.6014404296875,176.6606373398207,173.45400756283908,174.45052401213385,42390800
2023-10-10,176.0094451904297,177.3216985969386,175.5753144327677,175.7233217666065,43698000
2023-10-11,177.40061950683594,177.4499552810768,175.22998093671887,175.8219650621156,47551100
2023-10-12,178.2985382080078,179.90677658142434,176.6508101249457,177.66707923291622,56743100
2023-10-13,176.4633026123047,179.50218762206515,175.76277074017605,178.99899884980246,51427100
2023-10-16,176.33506774902344,176.6902643223361,174.15455252434904,174.3913552582801,52517000
2023-10-17,174.78599548339844,176.03905203817294,172.467364361049,174.29266779074965,57549400
2023-10-18,173.4934844970703,175.21027033840411,172.77323025982977,173.23695950912395,54764400
2023-10-19,173.1185302734375,175.46675944254312,172.8521291505183,173.69077704835468,59302900
2023-10-20,170.57298278808594,173.07908076842247,170.33618008275127,172.97054807703984,64244000
2023-10-23,170.69137573242188,171.68789221712717,167.66233657820504,168.62926966195786,55980100
2023-10-24,171.12551879882812,171.35244533043914,169.16206908920728,170.74072378645857,43816600
2023-10-25,168.81674194335938,170.75057806188605,168.3727349771656,169.58633193718455,57157000
2023-10-26,164.66290283203125,169.09299056011605,163.45918215856796,168.0964590692853,70625300
2023-10-27,165.97515869140625,166.70528904611524,164.60370840247674,164.68264263448572,58499100
2023-10-30,168.01754760742188,168.88580920893756,166.61649869462795,166.76450604315932,51131000
2023-10-31,168.4911346435547,168.61938959873203,165.6594236135805,167.09008588386948,44846000
2023-11-01,171.6484375,171.90496247869652,167.849808268541,168.71806981976965,56934900
2023-11-02,175.20040893554688,175.40759814141026,173.118565411641,173.17776232760195,77334800
2023-11-03,174.29269409179688,174.46043878115682,171.03674287311975,171.91486569633807,79829200
2023-11-06,176.8382568359375,177.035584920202,173.85856813665714,174.02629776104038,63841300
2023-11-07,179.3936767578125,180.00539823599848,176.58170308551922,176.78889227095914,70530000
2023-11-08,180.4494171142578,181.00194176498167,179.16676200069597,179.91662978825056,49340300
2023-11-09,179.97579956054688,181.66297171772456,179.38380034968415,180.51846299464347,53763500
2023-11-10,184.15487670898438,184.32284238950194,181.31944959381738,181.75415237279827,66133400
2023-11-13,182.5741424560547,183.7893232540613,181.9912524470517,183.58186108306094,43627500
2023-11-14,185.18234252929688,185.8442707665973,184.05607409829287,185.43920547847273,60108400
2023-11-15,185.74546813964844,187.21752694473682,185.51824264456812,185.5874067506803,53790500
2023-11-16,187.42498779296875,188.6599317940755,186.37774261703024,187.2866746678448,54412900
2023-11-17,187.4052276611328,188.08691917335904,186.29872264128753,187.95848017105547,50922700
2023-11-20,189.14402770996094,189.598493753426,187.59294582194016,187.60281994734135,46505100
2023-11-21,188.34378051757812,189.21318592585277,187.45462685911554,189.10451024981845,38134500
2023-11-22,189.00570678710938,190.60618938615343,188.53149251239262,189.18354656200316,39617700
2023-11-24,187.68190002441406,188.60069136661463,186.97057088690215,188.57105390880199,24048300
2023-11-27,187.50404357910156,188.37344913120532,186.62476390027032,187.63248260157215,40552600
2023-11-28,188.10667419433594,188.77849160556613,187.11871894105684,187.49414676130317,38415400
2023-11-29,187.08908081054688,189.77632029571453,186.69390474066958,188.6006511365786,43014200
2023-11-30,187.66209411621094,188.02764780463457,185.92329832735996,187.55341843722022,48794400
2023-12-01,188.93655395507812,189.2526917735191,186.95075439627809,188.0375111237308,45704800
2023-12-04,187.14834594726562,187.7608884211111,185.19219887595256,187.69172432124148,43389500
2023-12-05,191.09030151367188,192.05849343193452,187.8893210956394,187.91897362196437,66628400
2023-12-06,190.0035858154297,192.41418427833113,189.79610855274007,192.10792052269625,41089700
2023-12-07,191.93006896972656,192.6512720749557,191.2582515665674,191.29777821822415,47477700
2023-12-08,193.3527374267578,193.629363703371,191.33730018286,191.86091528323507,53406400
2023-12-11,190.8531951904297,191.15947399253523,189.11439931154695,190.78404615931,60943700
2023-12-12,192.36476135253906,192.3746354774224,189.41076991243543,190.75438957156285,52696900
2023-12-13,195.57565307617188,195.61516465825315,192.5031112505093,192.74021089300243,70404200
2023-12-14,195.7238311767578,197.21563829918102,193.79732129680679,195.6349188149913,66831600
2023-12-15,195.19033813476562,196.01032777733312,194.62719637119332,195.1508114803035,128538400
2023-12-18,193.53054809570312,194.26164038796966,192.0486152607036,193.72813612536964,55751900
2023-12-19,194.5679168701172,194.5777909959987,193.53056080250687,193.79731295132126,40714100
2023-12-20,192.48333740234375,195.2990010280865,192.48333740234375,194.5283970820936,52242800
2023-12-21,192.3351287841797,194.70623052718972,191.16934877699248,193.73803856316968,46482500
2023-12-22,191.26812744140625,193.05632389177538,190.64571085868127,192.82908334808235,37149600
2023-12-26,190.72476196289062,191.55464074590694,190.5074106042434,191.27801448490152,28919300
2023-12-27,190.82351684570312,191.16930715220508,188.78833180171554,190.17147795272518,48087700
2023-12-28,191.2483673095703,192.3153607227681,190.8433020640508,191.80161980345068,34049900
2023-12-29,190.21102905273438,192.0585006042798,189.4206618129017,191.56452296375952,42672100
