Date,Close,High,Low,Open,Volume
2018-01-02,24.38573455810547,24.38573455810547,24.149218206072568,24.26339840666855,57121600
2018-01-03,24.30417251586914,24.41835425284149,24.21446018289095,24.385730454967018,57865700
2018-01-04,24.62224578857422,24.826139837539184,24.369416047834196,24.442818029908636,76512500
2018-01-05,24.736431121826172,24.80983311922295,24.508069179304137,24.769054923152947,56445200
2018-01-08,24.56515884399414,24.687494977894076,24.508067196291716,24.654871179206978,42914800
2018-01-09,24.687496185302734,24.907702170445393,24.573314439901864,24.630406090396505,69479100
2018-01-10,24.915857315063477,25.062661309578374,24.720119174239763,24.769054876137037,63532800
2018-01-11,25.005569458007812,25.030037307239244,24.83429918015286,25.005569458007812,59318300
2018-01-12,25.43782615661621,25.44598210658308,25.095284035949533,25.18499637440834,66371600
2018-01-16,25.478601455688477,25.92716931936463,25.307331192611045,25.886389574164134,104467900
2018-01-17,25.429670333862305,25.51938422835831,24.744586089101787,25.28286634490099,124382900
2018-01-18,25.67434310913086,25.861925296176185,25.454137121422814,25.552006967822535,76463800
2018-01-19,25.87007713317871,25.886389030916593,25.65802712935083,25.755896960189926,66491000
2018-01-22,26.049503326416016,26.049503326416016,25.755895407190554,25.82929738699692,53848800
2018-01-23,26.03319549560547,26.20446732709944,25.92717126131936,25.984261353287906,56531400
2018-01-24,26.171842575073242,26.269710856143092,25.951636609283657,26.1065949802423,81585000
2018-01-25,26.171842575073242,26.30233465355856,26.04135049658792,26.294180259792974,62265800
2018-01-26,26.261560440063477,26.261560440063477,26.057666342098972,26.188158440349174,52699900
2018-01-29,26.326805114746094,26.465454720128015,26.24524871946994,26.30233881839866,59126500
2018-01-30,26.00057029724121,26.2615560052573,25.976104005193758,26.057661941724522,60555800
2018-01-31,26.098440170288086,26.334958031013684,26.057661979757313,26.13921836081886,65734100
2018-02-01,26.50623321533203,26.50623321533203,26.065821209071704,26.09844501201923,62367400
2018-02-02,26.057662963867188,26.644875774275686,25.98426097366905,26.457293601808576,96971900
2018-02-05,24.679336547851562,26.082127083055656,23.774046447918238,25.380732593247703,155908300
2018-02-06,25.44598388671875,25.519385885967225,23.896387507551843,23.986101407875204,165878400
2018-02-07,25.48675537109375,25.886387508641928,25.16868116185069,25.38073115320876,101180500
2018-02-08,24.255231857299805,25.592776098990882,24.247075910022676,25.535686023638878,128981300
2018-02-09,24.736431121826172,24.964793064348203,23.75773886026142,24.605939027696,143071100
2018-02-12,25.380735397338867,25.64171956708617,24.907701200774795,24.97294724321162,95055100
2018-02-13,25.429670333862305,25.609096567265905,25.087128211482046,25.315490144931687,76727300
2018-02-14,26.098440170288086,26.122906462371247,25.331798054721162,25.42151194059477,97251500
2018-02-15,26.269704818725586,26.481756342014982,25.992410382364497,26.41650876217952,68117400
2018-02-16,26.073972702026367,26.310489010605327,26.03319451090222,26.098440550053823,62137800
2018-02-20,26.041351318359375,26.22893349265291,25.894547336533712,26.065817611604768,58573900
2018-02-21,25.992414474487305,26.40020102354345,25.910856542440808,25.935322833143037,72210300
2018-02-22,25.84560775756836,26.212616079340254,25.764049834200826,26.090279972082957,64749700
2018-02-23,26.12290382385254,26.147373224640702,25.902699439404337,25.93532167741633,53626300
2018-02-26,26.440975189208984,26.45728708425433,26.13921290880978,26.237081167905984,61796300
2018-02-27,26.367586135864258,26.791683120085384,26.359428629719417,26.359428629719417,69235500
2018-02-28,26.179996490478516,26.726434198085187,26.171842096861926,26.49807384270261,72044000
2018-03-01,25.770681381225586,26.482894392713327,25.67244585757062,26.25367712990141,90547100
2018-03-02,25.89348030090332,25.942599631240363,25.074843532394606,25.47597692301851,82739100
2018-03-05,26.30279541015625,26.48289334257367,25.516903444952412,25.66425828601722,70543100
2018-03-06,26.286418914794922,26.458331832927726,26.155437197715102,26.44195872793644,50832600
2018-03-07,26.343727111816406,26.384658318914944,25.852544819506672,25.950781902538804,52763900
2018-03-08,26.3601016998291,26.417406017555926,26.04083233311094,26.35191358423893,53139800
2018-03-09,26.78579330444336,26.79397829723029,26.523829815345962,26.581134133407822,73905800
2018-03-12,26.88402557373047,27.05593850707977,26.720297632176056,26.761228836851974,60322800
2018-03-13,26.491079330444336,27.006821232759588,26.441960013083154,26.990448126972527,63347500
2018-03-14,26.31097984313965,26.64662072446539,26.139066906501032,26.64662072446539,58011400
2018-03-15,26.278234481811523,26.47470864637771,26.13906775416744,26.433777439591267,41964200
2018-03-16,26.33553695678711,26.66299283391315,26.26186266342697,26.286420761213684,83447600
2018-03-19,26.18000030517578,26.37647447983001,25.934409928996295,26.30279705469106,57363200
2018-03-20,26.18000030517578,26.36010137170457,26.09813632597411,26.245492737677548,44784500
2018-03-21,26.089946746826172,26.56475586901565,25.934405369829115,26.196368808081893,64546300
2018-03-22,25.009349822998047,25.778868735506993,24.902927742163296,25.73793752628414,110271900
2018-03-23,23.879629135131836,25.140328658189592,23.7813920583645,25.123957113249507,115740200
2018-03-26,24.919296264648438,25.017531773275717,24.272572660246933,24.469045238926753,83297000
2018-03-27,24.166147232055664,25.107578792599607,23.912368820371395,25.09120568963449,85821800
2018-03-28,24.059730529785156,24.526353168244984,23.7486492912871,24.3871864373732,79396100
2018-03-29,24.5509090423584,24.673704208047987,23.99423595904533,24.2070816415724,65678300
2018-04-02,23.994239807128906,24.608217295468926,23.53580371970083,24.39537157880666,86644200
2018-04-03,24.223461151123047,24.27257891810002,23.822329337722163,24.182529938879846,69698700
2018-04-04,24.460859298706055,24.534536712733733,23.699528622795544,23.74045982551079,66640800
2018-04-05,24.82105827331543,25.00934429238351,24.657331911205226,24.706449663695768,55765500
2018-04-06,24.256206512451172,24.796508210577937,24.04336232889984,24.567289355658268,79687600
2018-04-09,24.452672958374023,25.074835324735762,24.362622443657756,24.411740196491536,65917500
2018-04-10,24.952043533325195,25.033907506725985,24.74738438053593,24.952043533325195,60540500
2018-04-11,24.477237701416016,24.755574312104596,24.469051146816277,24.68189688213258,62211500
2018-04-12,25.091209411621094,25.21400457922465,24.698264250719603,24.739195452779033,57989100
2018-04-13,24.395374298095703,25.516907322171736,24.198901667297662,25.48416110299256,99254500
2018-04-16,24.501792907714844,24.861993437445523,24.125219271763374,24.624588081520084,110588900
2018-04-17,24.591840744018555,24.861990721448247,24.460857469986568,24.698262799977147,83475900
2018-04-18,24.174339294433594,24.73919742267264,24.149779634387176,24.58365759332151,79743200
2018-04-19,24.706453323364258,24.755571083130416,24.182526388724067,24.190711380830567,80902600
2018-04-20,24.771944046020508,24.99297630581996,24.665520412150215,24.771944046020508,65554600
2018-04-23,24.82105827331543,24.886549130444553,24.657331911205226,24.78012707314418,50686300
2018-04-24,24.714641571044922,25.26312820387878,24.559100166126967,24.935672285856654,81486800
2018-04-25,24.6737117767334,24.8374397554934,24.39537514969683,24.63278056275626,65893500
2018-04-26,24.61640167236328,24.788316165836232,24.55091080852248,24.59184357431383,45936700
2018-04-27,24.68189239501953,24.73101015226283,24.534537561864283,24.550910668087166,47411200
2018-04-30,24.49360466003418,24.911109471227547,24.49360466003418,24.780127753373776,55153900
2018-05-01,24.51816749572754,24.526352487907257,24.24801747245895,24.49360783491205,52871700
2018-05-02,24.215269088745117,24.61640081091056,24.198895983001556,24.518165299299795,68234600
2018-05-03,23.904186248779297,24.16614967702479,23.27383577367283,24.15796312471397,110672700
2018-05-04,23.986053466796875,24.08429055283311,23.593108245502947,23.7322765398894,58281900
2018-05-07,24.264385223388672,24.38718194683574,24.010608347020124,24.10065886116792,46765200
2018-05-08,24.501792907714844,24.665519285646717,24.288947211120597,24.37081118079921,65119800
2018-05-09,25.148513793945312,25.2058196629945,24.624586911183517,24.640960016626142,72266500
2018-05-10,25.287683486938477,25.435038321343647,24.902924855989145,25.0584662435752,54773200
2018-05-11,25.312244415283203,25.40229494336143,25.222193887204977,25.304057861691962,42024800
2018-05-14,25.475975036621094,25.566024012719783,25.402297607996783,25.41048416244677,41791600
2018-05-15,25.55783462524414,25.672444813414142,25.25493995129766,25.312244264669946,64433500
2018-05-16,25.426851272583008,25.582392657137497,25.394106621923044,25.52508834741356,43590100
2018-05-17,25.222192764282227,25.443225017128828,25.10758414195823,25.410480365647132,45981500
2018-05-18,24.771944046020508,25.205822012135123,24.747384385567653,25.18944890516655,58641700
2018-05-21,25.009349822998047,25.115773465258346,24.95204550551583,24.98479172203455,34983300
2018-05-22,25.287683486938477,25.492342632184467,25.00116193273438,25.050279690394316,61103000
2018-05-23,24.919296264648438,25.181259702888195,24.62458661591608,25.140326939772446,73893100
2018-05-24,24.73101234436035,24.894740298250934,24.419931105678828,24.886553744413856,62146200
2018-05-25,24.690074920654297,24.71463457598242,24.460856155200442,24.567279766863876,44166700
2018-05-29,23.707721710205078,24.39537676834218,23.494877509690774,24.362632107272994,135895000
2018-05-30,24.141592025756836,24.231642547232,23.87144202275667,23.977865650213744,79435300
2018-05-31,23.87034034729004,24.051175688900994,23.697723439920647,24.001857244426205,97509300
2018-06-01,24.16625213623047,24.379967482086318,24.09227368698017,24.240230585480766,64796600
2018-06-04,24.16625213623047,24.3224290366261,24.10871369077025,24.289549029045943,43777000
2018-06-05,23.93609619140625,24.116931513340777,23.886776184492817,24.09227150988406,47690800
2018-06-06,24.692319869995117,24.70053830361485,24.06761387196301,24.075833873387708,74995800
2018-06-07,24.733423233032227,24.914258596959773,24.56902630742153,24.82384169889864,68402700
2018-06-08,24.66765594482422,24.70053437749204,24.503259078070958,24.66765594482422,49572900
2018-06-11,24.708759307861328,24.996453098182027,24.708759307861328,24.766297752364462,46732800
2018-06-12,24.577245712280273,24.88137954691596,24.453948804975898,24.799181086111297,49644600
2018-06-13,24.527925491333008,24.955356202400893,24.412848595201318,24.6430023874647,68900200
2018-06-14,24.248455047607422,24.70054426035593,24.149816574528565,24.692325824754256,77863200
2018-06-15,24.067617416381836,24.174474315029666,23.730605147362652,24.04295740847609,105079500
2018-06-18,24.16625213623047,24.248450587375803,23.68128299905855,23.788141455889,52644100
2018-06-19,24.051176071166992,24.141594527312108,23.796362274891333,23.870340726681864,65466200
2018-06-20,24.034730911254883,24.24844621860629,23.985412476575256,24.182687783098533,52256500
2018-06-21,24.075830459594727,24.20734732813169,23.837455155493515,24.0100704575215,68322600
2018-06-22,23.829240798950195,24.26489150903634,23.829240798950195,24.21557149580047,76079200
2018-06-25,23.410032272338867,23.763484561070545,23.229196910390097,23.722386114020225,73616400
2018-06-26,23.4593505859375,23.56620748118876,23.023699866948206,23.44291058118957,56369300
2018-06-27,23.212751388549805,23.714160476004405,23.212751388549805,23.434686712617076,61764400
2018-06-28,23.566200256347656,23.70593711825475,23.262066532971744,23.344264963706152,71292100
2018-06-29,23.171653747558594,23.977195061331585,23.163433746258264,23.91143661873389,102307600
2018-07-02,23.24563217163086,23.24563217163086,22.875739952456215,23.081235281374365,52534300
2018-07-03,22.83464241027832,23.36892997288055,22.801762403814184,23.28673152452521,40599000
2018-07-05,22.949722290039062,23.081239197436002,22.859303828276712,22.97438229810294,44506800
2018-07-06,23.04014015197754,23.13877704605474,22.711346324239756,22.859303233160727,39424900
2018-07-09,23.87855339050293,23.91143339126624,23.196309052711552,23.20452905290238,61758900
2018-07-10,23.69771957397461,24.108710202429116,23.631961136134084,24.01829176247158,58858400
2018-07-11,23.57442855834961,23.76348391815464,23.525110109662474,23.566208555600884,50218900
2018-07-12,23.64840316772461,23.8127984925366,23.557984720004786,23.755260050462155,51700700
2018-07-13,23.467565536499023,23.582643984844786,23.196311769649228,23.525105544574362,75178000
2018-07-16,24.478609085083008,24.536147537942934,23.61552758876833,23.656627603529177,129172000
2018-07-17,24.66765594482422,24.823832811459344,24.314203778768007,24.569017511211317,87778900
2018-07-18,24.766298294067383,24.897816757271944,24.527924509082688,24.593682956782438,59109200
2018-07-19,24.3881893157959,24.675883132510936,24.36352930825855,24.601904677704063,59260600
2018-07-20,24.766298294067383,24.790958299881687,24.21557070665508,24.34708916985964,80432700
2018-07-23,25.275924682617188,25.358123125227326,24.766295592678233,24.774515593719737,74080200
2018-07-24,25.34168815612793,25.57184352758533,25.19373124360569,25.358128161476003,64761500
2018-07-25,25.538957595825195,25.571837598898295,25.210165404118392,25.23482540642322,57644100
2018-07-26,25.43210220336914,25.65403596582523,25.39100219713288,25.637597531135658,46215000
2018-07-27,25.530738830566406,25.596497272090016,25.317023503663446,25.473200390208863,57198900
2018-07-30,25.736236572265625,25.8513150315885,25.588279672996975,25.596499674934684,58721000
2018-07-31,25.382787704467773,25.826658461318807,25.33346925408608,25.777340010937117,64066000
2018-08-01,25.68691635131836,25.933510121169036,25.621157908171185,25.66225634721131,69070700
2018-08-02,25.711576461791992,25.7362348981961,25.3745642432929,25.46498112311622,46427200
2018-08-03,25.900632858276367,25.900632858276367,25.612939068531645,25.62937907201535,50153800
2018-08-06,25.90885353088379,25.96639197676159,25.74445662740002,25.85131508500599,41261500
2018-08-07,25.900632858276367,26.139006637569977,25.884192854792662,25.93351129743875,43946200
2018-08-08,26.139007568359375,26.22942602293445,25.875973774473785,25.90063378057746,43689600
2018-08-09,25.974613189697266,26.130790098507575,25.933513178007637,26.08147008448002,38219100
2018-08-10,25.637601852416992,25.75267875366516,25.39922647948271,25.670480295142813,55679800
2018-08-13,25.053993225097656,25.580062398320546,25.029334785971905,25.54718238907937,63960600
2018-08-14,25.308805465698242,25.399222344327704,25.004671689022036,25.160848578007382,42521200
2018-08-15,24.955350875854492,25.169066185772383,24.790954001208483,25.053987746398263,59747900
2018-08-16,25.251266479492188,25.349904931216628,25.086871150358117,25.11974958906293,44015400
2018-08-17,25.2677059173584,25.366344366875715,25.111529025541387,25.201947473615178,39843500
2018-08-20,25.374563217163086,25.42388165578185,25.193726329219448,25.226606333501888,40011000
2018-08-21,25.497865676879883,25.68692103945703,25.341688757974516,25.40744721312332,53510600
2018-08-22,25.464981079101562,25.55539952657356,25.38278263301838,25.415662638573636,33062900
2018-08-23,25.349905014038086,25.464981901588406,25.267706565299996,25.432103462776173,38259100
2018-08-24,25.391002655029297,25.54717954593369,25.358124217252293,25.432102662006745,43585000
2018-08-27,25.736236572265625,25.884193471534275,25.473202781479163,25.506082789230003,47729300
2018-08-28,25.70335578918457,25.818432670211894,25.637597347482536,25.77733423207497,38539000
2018-08-29,25.596494674682617,25.736231544716087,25.538956240163795,25.678693110197262,46401800
2018-08-30,25.489639282226562,25.604716157928966,25.44032084518337,25.49785928303457,47358900
2018-08-31,25.423885345458984,25.440325349986082,25.169071546509432,25.382785334141236,49266000
2018-09-04,25.596494674682617,25.612934675346498,25.33346093527956,25.407439370462264,44745600
2018-09-05,25.629379272460938,25.67869771549274,25.45676237014207,25.538960820398433,48516700
2018-09-06,25.480709075927734,25.69545753978163,25.381593794385957,25.645899111318762,42666000
2018-09-07,25.488964080810547,25.703712504786555,25.298993291080915,25.604597241650065,49103800
2018-09-10,25.4559268951416,25.604599012436505,25.39811031072331,25.505483742445314,34156200
2018-09-11,25.480709075927734,25.522006190929503,25.356816155538475,25.37333405630881,53071000
2018-09-12,25.13380241394043,25.571557407857128,25.092503732657228,25.505481093187612,59482300
2018-09-13,24.8942813873291,25.332038072664748,24.844724532036924,25.216404885188325,59219500
2018-09-14,25.084251403808594,25.100769304778638,24.86950293735829,24.886020838328335,33743900
2018-09-17,25.009918212890625,25.18336800841059,24.902543179620416,25.059475072270022,35026600
2018-09-18,24.95209312438965,25.109024973551012,24.886016805066504,25.051208391066226,49921700
2018-09-19,25.604598999023438,25.769790590460968,24.88601762426908,24.88601762426908,92666300
2018-09-20,25.761533737182617,25.910205871042493,25.720235047008234,25.85238770479836,83357400
2018-09-21,25.629379272460938,25.91020404431213,25.579820847745665,25.885424831954495,85992100
2018-09-24,25.389850616455078,25.769790647448087,25.3237742948107,25.588079581388214,45587700
2018-09-25,25.332035064697266,25.6376390493765,25.27421847782429,25.480707188304255,40949900
2018-09-26,24.886018753051758,25.38985171194374,24.8282021660413,25.36507249948904,57882400
2018-09-27,24.729089736938477,25.03469216265459,24.720829999029405,24.976875572675,45879700
2018-09-28,24.332630157470703,24.654753633902356,24.29959278126823,24.48956202673823,74707600
2018-10-01,24.48955726623535,24.72908489252338,24.398703317801626,24.514336475108337,53900900
2018-10-02,24.43174171447754,24.547374876644447,24.175696180229227,24.43174171447754,42940300
2018-10-03,24.77863883972168,24.927310924821356,24.54737097674624,24.621707019296082,61080300
2018-10-04,25.13380241394043,25.431146617645062,24.894274788648676,24.9190539974186,72325700
2018-10-05,24.968608856201172,25.315509874506063,24.819936766158577,25.27421277188689,51931000
2018-10-08,25.001646041870117,25.125538916405823,24.70430188267773,24.81993502219327,47471600
2018-10-09,24.762123107910156,24.93557442517706,24.671269156373842,24.803421790775452,58868600
2018-10-10,24.150920867919922,24.88602021813016,24.12614165400643,24.762127299330583,88454400
2018-10-11,23.4240779876709,24.15917723532377,23.34148219486655,23.861833011381613,111417300
2018-10-12,23.506675720214844,23.98573107503992,22.903729020732452,23.9444323847702,102279200
2018-10-15,23.060657501220703,23.638826476887935,22.829389595877064,23.531451473363354,114636100
2018-10-16,23.56448745727539,23.605784560893692,23.044135129537082,23.324959845215385,87887800
2018-10-17,23.870100021362305,24.10962773594005,23.258893488990935,23.432344864268646,79068700
2018-10-18,23.33322525024414,23.870095604642003,23.24236970974866,23.680126361227728,77369200
2018-10-19,23.391036987304688,23.556228558414094,23.101952525555017,23.242364888382937,64305400
2018-10-22,22.614643096923828,23.4158203095665,22.556826509492677,23.391041096931495,89942900
2018-10-23,22.317302703857422,22.46597484409939,21.565683839642162,21.796950213010543,102392500
2018-10-24,21.631755828857422,22.21818295832817,21.54090030019655,22.18514558678657,86386600
2018-10-25,21.962129592895508,22.24295424012714,21.623488384536742,21.788678334130967,73780400
2018-10-26,21.79694366455078,21.95387549603513,21.375706585545547,21.7473868244865,91103500
2018-10-29,21.978660583496094,22.44945462851255,21.714355265268185,22.04473691305307,89367000
2018-10-30,22.119070053100586,22.18514637391186,21.739130026897946,22.10255057905183,79004800
2018-10-31,22.713760375976562,23.027622553457462,22.350339768853416,22.383378721948247,92296300
2018-11-01,22.969804763793945,23.12673663204748,22.804614733081095,22.93676738780494,49827300
2018-11-02,23.03588104248047,23.440598743640052,22.730278619846292,23.134996321005872,69010200
2018-11-05,23.176294326782227,23.324966462600614,23.03588192910752,23.085440357969627,41103100
2018-11-06,23.300182342529297,23.33322128814799,22.911984183811494,23.143252076991423,43514400
2018-11-07,23.572751998901367,23.680125435429506,23.242368801064973,23.473636724473682,56679200
2018-11-08,23.845314025878906,24.051802710782873,23.481893499340504,23.53971007905223,49421200
2018-11-09,23.556228637695312,23.861830997277604,23.440593907376115,23.74619784234199,43270600
2018-11-12,22.920244216918945,23.556229749858865,22.829388690675056,23.44059501408019,50307500
2018-11-13,22.928510665893555,23.242372868300983,22.87069406876988,22.92025092696387,57423400
2018-11-14,22.474231719970703,23.209332640690718,22.119072441869214,23.085439722712625,69213300
2018-11-15,23.044137954711914,23.101954537019164,22.201663704390988,22.416412135377715,66174800
2018-11-16,22.920244216918945,23.035877377313966,22.64767921357093,22.870687373233032,52456100
2018-11-19,22.920244216918945,23.143252376581046,22.746794476326418,22.945023426453734,46000000
2018-11-20,22.614643096923828,22.77157495951113,22.27600173449807,22.64768204710383,92330600
2018-11-21,22.52379035949707,22.92850806890675,22.507270883508774,22.78809567377409,40364400
2018-11-23,22.276004791259766,22.441196414060023,22.201668718538055,22.366860341338313,22974100
2018-11-26,22.763317108154297,22.903729507286293,22.383378601905356,22.449454932356648,53210700
2018-11-27,22.911985397338867,23.04413803604579,22.622900909398577,22.65593985676717,43617100
2018-11-28,23.481895446777344,23.51493281990239,22.763314070548233,23.027619357083704,61388100
2018-11-29,23.15977668762207,23.41582227143416,23.10195851996284,23.275409872172567,46824600
2018-11-30,23.457120895385742,23.64709016089942,23.019365768365883,23.077182364358386,64284600
2018-12-03,23.572751998901367,23.98572942081302,23.424079874951758,23.94443073339155,59908700
2018-12-04,22.292516708374023,23.391036373908836,22.07776830171669,23.391036373908836,103565700
2018-12-06,21.82740020751953,21.860622214239807,21.204472135681293,21.785870718884176,133294200
2018-12-07,21.121417999267578,22.043352194679514,21.0134428963552,21.719428470130637,107477600
2018-12-10,20.56492805480957,20.95529566287084,20.174560446748306,20.913767766932207,110166900
2018-12-11,20.415424346923828,21.09649195417142,20.37389645250634,20.938683103847243,78545000
2018-12-12,20.36559295654297,20.755960596303822,20.24100767442251,20.65629300428258,87191800
2018-12-13,20.265926361083984,20.614766145956715,20.16625875637064,20.48187495021358,64860100
2018-12-14,20.332374572753906,20.65629829018384,20.03337013598779,20.083203944750775,92762600
2018-12-17,20.324066162109375,20.70612953990888,20.066589667102157,20.149647060901007,98602800
2018-12-18,20.324066162109375,20.839020736311834,20.19117496570642,20.490180949707078,89046300
2018-12-19,20.083206176757812,20.963610955628607,19.991842863714893,20.30746071739676,121887600
2018-12-20,20.025066375732422,20.2908488297701,19.73436622255807,19.809117735779715,112594000
2018-12-21,19.410438537597656,20.35728865702605,19.3190752509202,19.858945905257656,160800400
2018-12-24,18.878875732421875,19.277549374832667,18.820736024260494,18.903793429143136,64859100
2018-12-26,20.025066375732422,20.083206089529615,18.845655547798945,19.028380588902753,100877800
2018-12-27,20.241008758544922,20.241008758544922,19.427048264440156,19.7509719163283,91575400
2018-12-28,20.25762176513672,20.55662776686772,20.149648255727254,20.423736562584633,78693800
2018-12-31,20.465267181396484,20.739355524569177,20.241014234573974,20.407127469842933,56257300
2019-01-02,20.73104476928711,20.880547754942498,19.94200352215515,20.00014322009048,71836300
2019-01-03,20.39881706237793,20.797492224131812,20.30745535763656,20.714434832758588,66599600
2019-01-04,21.24599838256836,21.30413807793393,20.789185132534964,20.847324827900536,83829100
2019-01-07,21.229387283325195,21.412113856670167,21.005134391601363,21.229387283325195,57016300
2019-01-08,21.187862396240234,21.420422802601227,20.839022578792825,21.362281512869856,67339400
2019-01-09,21.3955020904541,21.470253582524215,21.08819022481164,21.320750598383988,69707200
2019-01-10,21.370586395263672,21.41211588595427,21.113109889734304,21.229389295291806,65235800
2019-01-11,21.6197566986084,21.628062596021095,21.146330051212406,21.204471333101278,63476000
2019-01-14,21.902151107788086,21.993512811927527,21.270917155373564,21.403808347019993,76715400
2019-01-15,22.051654815673828,22.26760342072295,21.63636940231509,21.769260607854836,80625500
2019-01-16,23.62973976135254,23.85399267211382,23.13970286536162,23.3639557761229,163131700
2019-01-17,24.0782470703125,24.086552968335184,23.33073367433971,23.5383763723426,107428800
2019-01-18,24.335723876953125,24.46861507860376,23.845686976795868,24.103165066158553,97928200
2019-01-22,24.16131019592285,24.335729343196466,23.995195364453128,24.069946880195662,84861400
2019-01-23,24.020105361938477,24.3191113290268,23.770934778823495,24.269275945053458,79425900
2019-01-24,24.153003692626953,24.252672905856898,23.870609436695247,23.87891533648011,59492300
2019-01-25,24.568281173706055,24.684560564439707,24.20282962315872,24.319110598080258,72182100
2019-01-28,24.609813690185547,24.643037284733204,24.327421057471355,24.352337169193916,59963800
2019-01-29,24.410476684570312,24.667954787736605,24.368948775898676,24.535063578961562,51451900
2019-01-30,24.144691467285156,24.476919450698748,24.04502386435507,24.435391546842546,66475800
2019-01-31,23.646347045898438,23.953658899175604,23.2393675966634,23.878907410113264,100201200
2019-02-01,23.571598052978516,23.95366143577708,23.513458351815004,23.75432463856445,64244100
2019-02-04,23.98688316345215,24.06163465955854,23.60482136929773,23.64634927416216,55195900
2019-02-05,23.903833389282227,23.986889219982128,23.729412659597898,23.961973104447527,46622600
2019-02-06,23.86229705810547,24.003494147735182,23.70448975760424,23.812463257114974,35606900
2019-02-07,23.455318450927734,23.787546443453163,23.17292426123411,23.70449063346283,62289200
2019-02-08,23.496849060058594,23.521765170568077,23.139703357000347,23.380568068991284,50031300
2019-02-11,23.596519470214844,23.6380473821167,23.43040465423083,23.538379759876925,47724400
2019-02-12,23.829078674316406,23.970275785408802,23.7377153717895,23.77093896695863,49178100
2019-02-13,23.83738136291504,24.078246058701026,23.804157772220144,23.97857845499234,48951200
2019-02-14,23.579906463623047,23.77093896747328,23.347347634186924,23.55499035143387,47756600
2019-02-15,24.177915573120117,24.34402877627395,23.812463991480858,23.88721548736589,65867000
2019-02-19,24.194530487060547,24.30250559507568,23.878914230792073,24.02841725162021,40841300
2019-02-20,24.427087783813477,24.4603113771521,24.094859771367886,24.16961127219166,42806300
2019-02-21,24.327417373657227,24.460308563348256,24.177914389207828,24.36063937898601,42754100
2019-02-22,24.153003692626953,24.31081262016253,24.05333447939701,24.128085993272368,47887800
2019-02-25,24.310808181762695,24.57659058960105,24.18622287611198,24.18622287611198,61227400
2019-02-26,24.327417373657227,24.609809963609713,24.053327512708037,24.10316289698313,53153200
2019-02-27,24.52675437927246,24.643033775253244,24.260970413306737,24.33572190620523,48128600
2019-02-28,24.27631378173828,24.66867453958319,24.217877242514177,24.626934609359193,62358100
2019-03-01,24.46831512451172,24.75215105175455,24.384833688450424,24.48501173017917,45771500
2019-03-04,24.234567642211914,24.660321508971766,24.01751655765145,24.485010343940832,56893200
2019-03-05,24.27631378173828,24.368143538962606,23.959086172117587,24.22622554701423,39932500
2019-03-06,24.075956344604492,24.343095687257488,24.04256313063483,24.21787431942341,41672000
2019-03-07,23.833860397338867,23.975778372617384,23.591765964379093,23.93403844729621,53908600
2019-03-08,23.917343139648438,23.934039747594444,23.38306442358567,23.424804351174508,40860700
2019-03-11,24.159439086914062,24.259615549659905,23.959084569146206,23.959084569146206,40709300
2019-03-12,24.159439086914062,24.309705373308994,24.117697567206488,24.209527318286984,34450000
2019-03-13,24.45162582397461,24.635283752398358,24.19283315249293,24.251269693706107,54683300
2019-03-14,24.59354019165039,24.743806480768612,24.409882278437117,24.468318814810605,45219100
2019-03-15,24.45996856689453,24.71876119637697,24.426576945453096,24.57684322262972,82346200
2019-03-18,24.894073486328125,25.010946562438658,24.485016127665016,24.526756057054136,58568600
2019-03-19,24.752155303955078,25.161212659424294,24.660327141560753,25.052687888494187,55455100
2019-03-20,23.90899658203125,24.760504542159087,23.87560495597643,24.727112916104264,81689900
2019-03-21,23.524980545043945,23.87560132278458,23.408107483222416,23.750379957650647,77444400
2019-03-22,22.548259735107422,23.433159515729656,22.297815319422657,23.299589797608437,118851600
2019-03-25,22.40633773803711,22.857135058702948,22.214331501314188,22.464774280320057,65568000
2019-03-26,22.7152156829834,22.832090352744068,22.439728005858534,22.665127448672404,59878500
2019-03-27,22.5649471282959,22.848783061402212,22.498162296522413,22.615035354057017,57621700
2019-03-28,22.815393447875977,22.882178290182928,22.55660238297107,22.70686867623077,45872300
2019-03-29,23.03244400024414,23.107577144971565,22.790347957838843,22.999050783798086,83446300
2019-04-01,23.825515747070312,23.992477055073728,23.2494954926094,23.2912354215412,91751100
2019-04-02,24.10099983215332,24.10099983215332,23.666897629833652,23.767074081276043,66694000
2019-04-03,24.075956344604492,24.409880522920737,23.959083280262828,24.267962548101824,63110600
2019-04-04,24.33474349975586,24.46831314976363,24.075952501900282,24.084300804060245,53712100
2019-04-05,24.27631378173828,24.626934609359193,24.192832329014013,24.476668312910764,46383400
2019-04-08,24.35144805908203,24.376492973743467,24.10100528157305,24.117700299070997,35272800
2019-04-09,24.11769676208496,24.267963043463553,23.99247539169484,24.209526510099902,40535300
2019-04-10,24.267959594726562,24.334744422262197,24.00082028458403,24.126041637178858,42669700
2019-04-11,24.267959594726562,24.61858033735761,24.20117476719093,24.41822585475071,50440100
2019-04-12,25.18625831604004,25.22799824633594,24.677022886593402,24.677022886593402,100192000
2019-04-15,24.910762786865234,25.161205474279488,24.760496537506373,25.127813859019614,57438800
2019-04-16,24.94416046142578,25.086078443374678,24.209527232221937,24.459969980472387,105168400
2019-04-17,25.069385528564453,25.14451867779075,24.593541719372492,24.902422620889066,94831600
2019-04-18,25.069385528564453,25.177910303960047,24.894074316277667,25.00260068394956,61796600
2019-04-22,25.086078643798828,25.127820163691503,24.86068080548308,24.985902180608758,34763400
2019-04-23,25.102771759033203,25.219644813918986,24.97755040133044,25.035986928773333,41889700
2019-04-24,25.061037063598633,25.18625844741579,24.919119070665513,25.002600523969043,40078100
2019-04-25,25.111125946044922,25.311480483772847,24.960859644679896,24.9692079494531,43243800
2019-04-26,25.33652687072754,25.369918499484854,25.086082489803808,25.186260560628583,40627500
2019-04-29,25.687145233154297,26.021069449648774,25.386612642171137,25.403309251064925,68408600
2019-04-30,25.52853012084961,25.77897288012493,25.386612132653266,25.712188038166428,47764200
2019-05-01,25.26139259338379,25.787323063088067,25.19460774655981,25.511835370904617,56161000
2019-05-02,25.461742401123047,25.511830628861734,25.16955815347462,25.261387897892256,40634100
2019-05-03,25.63705062866211,25.712183762405825,25.46174104477742,25.595310706482696,35256100
2019-05-06,25.436704635620117,25.55357932287216,25.102780369778213,25.13617359250065,39882000
2019-05-07,24.977556228637695,25.18625907092502,24.73546016729177,25.177910766160366,58528400
2019-05-08,24.877376556396484,25.136169210550975,24.76885178602051,24.818940019095866,39903400
2019-05-09,24.802242279052734,24.860680405963357,24.443274767401505,24.560147836670456,44173500
2019-05-10,24.693714141845703,24.802238892451857,24.368138297751305,24.59353610166808,59649900
2019-05-13,23.58342170715332,24.209530248051195,23.41645879267001,24.17613702824399,72547000
2019-05-14,23.89229965209961,24.201178935549148,23.550025560716573,23.675248527155418,52216100
2019-05-15,23.616811752319336,23.78377305208286,23.38306402191903,23.45819716410927,51973200
2019-05-16,23.867250442504883,24.067604923541936,23.73368078848018,23.758724103437387,42791500
2019-05-17,23.708642959594727,23.908997500448745,23.558376655885123,23.583421570595505,43772500
2019-05-20,23.708642959594727,23.80882102615991,23.575073265692044,23.708642959594727,41717600
2019-05-21,23.950735092163086,24.000823321082823,23.750380584208045,23.850557042047523,39258700
2019-05-22,23.78377342224121,23.900646493122245,23.66690035136018,23.800470030160266,29177600
2019-05-23,23.174360275268555,23.541677667685324,22.95730916121665,23.48323954321759,59772900
2019-05-24,23.524980545043945,23.59176537926711,23.25784120815128,23.316277739062045,35524400
2019-05-28,23.29123306274414,23.58341731250472,23.274536455951864,23.416454429134085,44273400
2019-05-29,23.166011810302734,23.24949325239868,22.85713095223056,22.98235391151251,49818900
2019-05-30,22.67347526550293,23.316280362395965,22.52320897352521,23.182710678921598,58649300
2019-05-31,22.205984115600586,22.431383581402162,22.105806044485522,22.12250265505077,68304200
2019-06-03,22.272768020629883,22.531559104305938,22.03902025946278,22.197634868550328,50109900
2019-06-04,23.30793571472168,23.332980631405785,22.656782211423213,22.690175433668685,58426400
2019-06-05,23.299585342407227,23.383066798339346,22.92391958685086,23.241148800937644,44874400
2019-06-06,23.400299072265625,23.534592078943955,23.114931035603696,23.29958131835667,38633600
2019-06-07,23.106542587280273,23.324766568810176,23.014216625626805,23.291192909707032,51317200
2019-06-10,23.55977439880371,23.895502965766198,23.366730672910293,23.383517501478437,48305800
2019-06-11,23.70245933532715,24.088548389548926,23.61852679302849,23.81996393401721,38691800
2019-06-12,23.459054946899414,23.727637781209253,23.383515824639776,23.66888548631397,33528900
2019-06-13,23.45066261291504,23.63531291978459,23.341549830903,23.475841254240862,33404200
2019-06-14,23.534591674804688,23.643702839812356,23.316367743909545,23.425478908917214,37322100
2019-06-17,23.442272186279297,23.68567482176787,23.32476757610414,23.509417906505135,33410100
2019-06-18,24.02140235900879,24.17247901209734,23.35833704456431,23.51780871274008,60170700
2019-06-19,23.769609451293945,24.315168675956592,23.752822619549153,24.088552850923445,61953500
2019-06-20,23.72764015197754,24.0130098421647,23.375124746503996,23.99622301312307,60887200
2019-06-21,23.601734161376953,23.962641258547976,23.568160514637555,23.660486442291315,69444000
2019-06-24,23.484235763549805,23.819964337551923,23.408696634289313,23.568168307270362,40046400
2019-06-25,23.299585342407227,23.517809314739008,22.980641997891503,23.517809314739008,46901300
2019-06-26,23.42548179626465,23.652099167920152,23.37512291396787,23.45066203785304,42312300
2019-06-27,23.677276611328125,23.769602558270194,23.551378611512526,23.56816543838925,35575600
2019-06-28,24.340347290039062,24.5669647007438,24.11372987933433,24.34874070534816,101856900
2019-07-01,24.692859649658203,25.053768458546056,24.550174808955568,24.74321853435323,48029900
2019-07-02,24.466238021850586,24.70124877778198,24.281587742755796,24.62570966340688,32263500
2019-07-03,24.382305145263672,24.541776784534694,24.281587394793394,24.499811321985373,26642300
2019-07-05,24.558568954467773,24.81875840083283,24.466242995711088,24.642501498712022,33092000
2019-07-08,24.50820541381836,24.59213634124281,24.289981480579176,24.34873377012822,30924400
2019-07-09,24.634105682373047,24.692857977351633,24.28998372531565,24.315162365517917,28750100
2019-07-10,24.357126235961914,24.676067910060873,24.306765760409633,24.48302422308309,40574800
2019-07-11,24.642498016357422,24.760002601166136,24.365521780108388,24.424274072512745,37376800
2019-07-12,24.718040466308594,24.785186181087532,24.64250133707227,24.70964705185121,29632900
2019-07-15,24.524993896484375,24.785184928877356,24.407489301777893,24.760004686777382,46462100
2019-07-16,24.331951141357422,24.508209641287554,24.22283995635694,24.483029398188936,54920400
2019-07-17,24.49981117248535,24.860719911374414,24.340339534187443,24.4242720596537,84958300
2019-07-18,24.74321937561035,24.82715192020911,24.49142334269421,24.575355887292968,49468800
2019-07-19,24.676067352294922,24.852325810984315,24.65928052749027,24.79357352504776,44863200
2019-07-22,24.818756103515625,24.85232975845767,24.575353508705703,24.583746922441215,31224300
2019-07-23,25.389495849609375,25.414676091231577,24.927869292695753,24.969834761186082,64030300
2019-07-24,25.742006301879883,25.80915199914328,25.2132341360406,25.238412771964562,53171900
2019-07-25,25.46503257751465,25.926659090992448,25.355919808298534,25.80076109648758,43251900
2019-07-26,25.82594108581543,26.010591369243663,25.532178034226998,25.658076027513516,46978800
2019-07-29,25.616113662719727,25.893089921813875,25.59093342066388,25.783977140451917,39176700
2019-07-30,25.926660537719727,25.93505395127239,25.305562342742093,25.355921223178132,37598300
2019-07-31,25.750404357910156,26.0693460772085,25.674865234756343,25.87630236287319,60607600
2019-08-01,24.751611709594727,26.077740733544825,24.64250052699582,25.64129280138908,76913400
2019-08-02,24.659278869628906,24.759998210805655,24.264798118519174,24.642493646832463,57492300
2019-08-05,23.56816864013672,24.03818865037804,23.257618704248614,23.94586429177358,96207700
2019-08-06,23.853540420532227,23.912292726845806,23.240835510575906,23.845147005218816,65115800
2019-08-07,23.408689498901367,23.442263146507788,22.762412791274052,23.173680369174935,75388500
2019-08-08,23.819963455200195,23.912289409960835,23.559774020096643,23.593347676693263,53141900
2019-08-09,23.777997970581055,23.937469637555925,23.47584146491921,23.727639086597435,53499600
2019-08-12,23.198862075805664,23.375120547318836,23.04778384333147,23.35833372129285,55674700
2019-08-13,23.266006469726562,23.710847729102543,22.980636846863444,23.140108483376306,69919200
2019-08-14,22.174894332885742,22.72884690040357,22.057389727921407,22.611342295439236,106591700
2019-08-15,22.032209396362305,22.519016244703867,21.99863573743108,22.309185679024225,70192000
2019-08-16,22.68687629699707,22.762415411928767,22.19167614394698,22.26721525887868,70841700
2019-08-19,22.888315200805664,23.24922397807354,22.77920242583262,23.198863496910622,44964800
2019-08-20,22.42668342590332,22.712053036037872,22.409898202450456,22.67848098825246,47665000
2019-08-21,22.602949142456055,22.728847163644563,22.485444536130807,22.602949142456055,47785400
2019-08-22,22.821170806884766,22.91349515923707,22.62812548640988,22.737238267662647,49353700
2019-08-23,22.216854095458984,22.84634563319347,22.040597233315616,22.619729896277676,81880700
2019-08-26,22.477048873901367,22.49383410106942,22.233644669844164,22.409903162589043,41499100
2019-08-27,22.216854095458984,22.577762833234186,22.057384058533014,22.544190783679156,52517000
2019-08-28,22.53580093383789,22.728844651717647,21.99863364811681,22.007027062052458,45897900
2019-08-29,22.938674926757812,23.03939429191688,22.594552963857662,22.661698673670376,55432900
2019-08-30,23.089750289916992,23.240828518344422,22.955458887065898,23.081356877128822,41326200
2019-09-03,22.703659057617188,22.85473727108268,22.334358536790035,22.837950447168815,50743100
2019-09-04,23.07296371459961,23.14850282963265,22.795987493105056,22.93027889741273,40862500
2019-09-05,23.757293701171875,24.019197973568776,23.486939084501344,23.529182748714405,63413700
2019-09-06,23.427806854248047,23.731954885476167,23.292630309575888,23.672815348611035,56054100
2019-09-09,24.188173294067383,24.374042235990572,23.63056969116058,23.655915895449578,68629300
2019-09-10,24.796466827392578,24.796466827392578,24.34024486437382,24.40783312429165,71066200
2019-09-11,24.889404296875,24.89785303236164,24.41628638964396,24.813368900358313,53982200
2019-09-12,25.066822052001953,25.176652379655025,24.424732721099552,24.686637049681003,72943900
2019-09-13,25.48925018310547,25.615977985373284,25.23579457856984,25.34562491082023,79657000
2019-09-16,25.455455780029297,25.48925072077702,25.041477424458524,25.075272365206246,43391300
2019-09-17,25.294933319091797,25.36252158561087,24.999234048784082,25.218896317828914,48284900
2019-09-18,25.345623016357422,25.472350809152946,24.965438026539534,25.15130695997553,66640400
2019-09-19,25.19355010986328,25.430109848360665,25.13441057809678,25.3456241123665,43035700
2019-09-20,24.99923324584961,25.455453627342457,24.982335776904716,25.32027709864596,167269000
2019-09-23,24.940093994140625,25.02457972837607,24.644394730032236,24.76267379110305,52048300
2019-09-24,24.4500732421875,25.041470027702463,24.28110181122266,25.007676708368088,64806900
2019-09-25,24.711978912353516,24.847155420224553,24.31489812191123,24.31489812191123,45807700
2019-09-26,24.610599517822266,24.77957098441232,24.54301125347251,24.67818778217202,33198100
2019-09-27,24.796466827392578,25.10061319130719,24.67818616396296,24.847157619473144,41336600
2019-09-30,24.644392013549805,24.940091245064096,24.568355022262384,24.914745044157897,39191000
2019-10-01,24.027650833129883,24.93164445394589,24.00230463024887,24.872504925321483,49434400
2019-10-02,23.52073860168457,23.90937071962979,23.49539239821501,23.824886597593935,52293100
2019-10-03,23.495389938354492,23.554529462160488,22.946235145458743,23.453147881759115,53015800
2019-10-04,23.9685115814209,23.99385617316343,23.520738327270827,23.529187061662107,42641800
2019-10-07,23.917821884155273,24.179727845656192,23.807991547491163,23.934719354851755,36742400
2019-10-08,23.34332275390625,23.588331265513286,23.199697463654587,23.546089196617,58201100
2019-10-09,23.562978744506836,23.715052730081602,23.44469969414033,23.512287953125647,37511400
2019-10-10,24.036096572875977,24.289552124384066,23.689706567147073,23.689706567147073,48239300
2019-10-11,24.424734115600586,24.78802166935288,24.382492051344883,24.492322385268583,70008600
2019-10-14,24.619049072265625,24.63594654177369,24.272659004507222,24.281107739261255,36040100
2019-10-15,25.11751365661621,25.548389469298893,24.593704982600613,24.788021051624742,78656000
2019-10-16,25.48925018310547,25.9539193285646,25.472352713088046,25.658221660416846,87131700
2019-10-17,25.56528663635254,25.801846377209237,25.345624365149476,25.59907996422841,55575900
2019-10-18,25.641321182250977,25.759600235634004,25.430107666106295,25.455452256727657,48872900
2019-10-21,26.207380294799805,26.317210642766884,25.87788602803524,25.911680972906133,61087400
2019-10-22,26.35944938659668,26.50307465253291,25.979264385168015,26.16513171284905,58662100
2019-10-23,26.54531478881836,26.562212256863173,26.266513011803962,26.300306336462338,47771200
2019-10-24,26.4946231842041,26.629799701557697,26.359446666850506,26.5706601766444,39491000
2019-10-25,26.798770904541016,26.90860283761735,26.477727062367453,26.494624530753242,43702000
2019-10-28,26.9001522064209,27.22964475955148,26.81566648188119,27.009982520320705,58790300
2019-10-29,27.09447479248047,27.153614330520508,26.874812500166353,26.984644452039188,48266600
2019-10-30,26.71428871154785,27.043779700238993,26.638251709760898,27.043779700238993,45262400
2019-10-31,26.41858673095703,26.71428597298983,26.038401760996113,26.53686578319766,49430900
2019-11-01,26.866361618041992,26.900156557897144,26.503075683187653,26.78187749126696,41985300
2019-11-04,27.37327766418457,27.45776179594997,27.119818823162294,27.23810111964211,54228600
2019-11-05,27.728116989135742,27.956228029647786,27.45776387953553,27.46621100420785,68785600
2019-11-06,27.702768325805664,27.930879332833616,27.601383507440254,27.677420509782905,47524500
2019-11-07,28.074506759643555,28.38710193440595,27.888637790554064,27.97312515053258,68310700
2019-11-08,28.099842071533203,28.10829241617054,27.821041932882583,27.939320974907826,38724000
2019-11-11,28.032258987426758,28.091398515947112,27.854840401865694,27.905529584675946,27784000
2019-11-12,27.95622444152832,28.15054051268448,27.87174031419534,27.990019381606665,37282200
2019-11-13,27.702768325805664,27.78725245158069,27.44086237932257,27.64362879319058,48887800
2019-11-14,27.626731872558594,27.76190841020303,27.44931327118706,27.618281526095448,35554600
2019-11-15,27.821044921875,27.846389512785574,27.626728871548035,27.812594576329793,36398300
2019-11-18,27.846391677856445,27.905531209820932,27.668973081962985,27.76190755301083,31133700
2019-11-19,27.829486846923828,28.006908618748874,27.728105279353752,27.98156080970991,33183700
2019-11-20,27.618274688720703,27.736556949881813,27.39016373363168,27.702762018121497,43612200
2019-11-21,27.745010375976562,27.913981850311988,27.56759177821263,27.694317966817092,42787600
2019-11-22,28.032258987426758,28.15053804446747,27.829492587597976,27.84639005615559,38783900
2019-11-25,28.277265548706055,28.311057260689946,28.099843752194353,28.158986499606502,50238800
2019-11-26,28.175884246826172,28.21812953206687,27.98156818159749,28.201232062543145,50626600
2019-11-27,28.235027313232422,28.387101335120043,28.142096053512816,28.294170075400434,32097700
2019-11-29,28.150535583496094,28.319507031437855,28.082948938036775,28.192777639765957,19503400
2019-12-02,28.243467330932617,28.51382033255305,28.167430347797996,28.260364796391645,47158800
2019-12-03,27.745010375976562,27.795702785136033,27.500001899333338,27.77035496912489,58745100
2019-12-04,28.00691032409668,28.133636485560185,27.753451555445427,27.947770804174617,46637900
2019-12-05,28.108850479125977,28.219282046636625,28.032398353996758,28.168312883064484,38304500
2019-12-06,28.601537704467773,28.71196926530903,28.516592344102364,28.610034184778982,50908500
2019-12-09,28.46562385559082,28.62702458073615,28.40616145383976,28.457130615536897,32974500
2019-12-10,28.482620239257812,28.567568861958886,28.287243267733277,28.372191890434348,41960100
2019-12-11,28.576059341430664,28.677994438358834,28.440144798707003,28.440144798707003,43107800
2019-12-12,29.45950698852539,29.569938572751326,28.61004024315951,28.69498562151271,64942500
2019-12-13,29.255626678466797,29.697349671253672,29.17917455970642,29.467993314972542,48539600
2019-12-16,29.47648811340332,29.807779528978287,29.47648811340332,29.688854737793175,50777100
2019-12-17,29.76531219482422,29.96068913547656,29.5104728479063,29.60391145742499,50840500
2019-12-18,29.82476806640625,29.960682571013795,29.773798912006896,29.82476806640625,48757900
2019-12-19,29.688859939575195,29.92670956361903,29.63789077422662,29.858753916945687,45409500
2019-12-20,29.697343826293945,29.93519661587801,29.654871155443704,29.93519661587801,109395500
2019-12-23,29.875743865966797,29.89273358972166,29.6888633855802,29.765315522247867,33995400
2019-12-24,29.91822052001953,29.969186452059745,29.83327189918826,29.892734313540878,13805400
2019-12-26,30.173046112060547,30.207025544863942,29.97766923412662,30.003152188500632,26992100
2019-12-27,30.028642654418945,30.342947625786888,29.952190531715647,30.32595790513528,28111300
2019-12-30,29.85875129699707,30.283484582926143,29.807782136120768,30.215525701757745,30705100
2019-12-31,29.91822052001953,29.952196727893494,29.70585382862918,29.756819760669394,29630100
2020-01-02,30.274995803833008,30.291985528446915,29.977683724236236,30.028649657619322,37614200
2020-01-03,29.64638900756836,29.858755681718684,29.52746094805922,29.714344658258156,50357900
2020-01-06,29.603910446166992,29.646386369584107,29.19616685693506,29.230146299485554,42185000
2020-01-07,29.408536911010742,29.66337627867591,29.332084776665358,29.476495803965918,34149000
2020-01-08,29.70584487915039,29.892725307760628,29.349067260062537,29.366056979110297,45311600
2020-01-09,29.756816864013672,30.011659461241468,29.680364732936983,29.98617325724375,39861600
2020-01-10,29.510465621948242,29.790787862780572,29.442506751166274,29.73132547107501,39730400
2020-01-13,29.782304763793945,29.790798005304627,29.4425167751151,29.595421045974735,37956100
2020-01-14,30.003158569335938,30.30047056845296,29.824771369865722,29.986168849321,66719300
2020-01-15,29.450998306274414,29.552936606620257,29.170676081466176,29.53594688989595,74745500
2020-01-16,29.493484497070312,29.72284089209562,29.391546161198004,29.646388760420518,50368500
2020-01-17,29.4849853515625,29.688858764428982,29.391543505684446,29.663372562534445,54156100
2020-01-21,29.102724075317383,29.323587204343063,29.068747874316262,29.238638600695534,50811000
2020-01-22,29.18767738342285,29.264129518799205,29.077245801110692,29.196170624927596,38879700
2020-01-23,28.98379898071289,29.102723784171804,28.652507530946522,28.95831602010251,45717100
2020-01-24,28.491107940673828,29.00078655796062,28.261751590757488,28.98379683865671,47797200
2020-01-27,27.904979705810547,28.142832584529433,27.582184694016384,27.667130067549945,57096200
2020-01-28,28.236278533935547,28.448645239020788,27.989932378326564,28.049394796513734,38834600
2020-01-29,28.04088592529297,28.406156755900973,28.01540296888782,28.31271816892965,37414700
2020-01-30,28.44013786315918,28.474117300668286,27.75206883565865,27.777555034019237,50542800
2020-01-31,27.887990951538086,28.176806494206765,27.735086699267594,28.09186112759339,54845300
2020-02-03,28.00691032409668,28.37218116244988,27.96443440857767,28.032393281042168,48485500
2020-02-04,28.55907440185547,28.796927321803285,28.482622256239896,28.50810846508432,45061600
2020-02-05,29.4849853515625,29.569933957114355,28.9413272378625,28.966810199299076,54604800
2020-02-06,29.450998306274414,29.739817009673374,29.391535917967907,29.680354621366863,39511500
2020-02-07,29.400039672851562,29.442512354945443,29.085737936807348,29.15369358006597,31263000
2020-02-10,29.467998504638672,29.467998504638672,29.20466590288847,29.25563183073262,24373800
2020-02-11,29.535951614379883,29.765307966159497,29.527455134430095,29.603907251689964,32476300
2020-02-12,29.663373947143555,30.113593476438542,29.544449134277826,29.799291722370807,36656700
2020-02-13,29.65488624572754,29.756821355730562,29.349077675259743,29.527464927879716,31775100
2020-02-14,29.603910446166992,29.69735229295185,29.476492397289636,29.62939664830886,26447700
2020-02-18,29.111217498779297,29.586919907875608,28.890354392947685,29.535950751039646,40318000
2020-02-19,29.493484497070312,29.603912833577926,29.230148656754235,29.264128102045007,29632100
2020-02-20,29.603910446166992,29.79929062060333,29.272618982444673,29.272618982444673,42604100
2020-02-21,29.18767738342285,29.425527031056657,29.00079366573434,29.3320851722124,46675500
2020-02-24,27.803041458129883,28.21078503770001,27.624654249653815,28.185302076619976,79159600
2020-02-25,26.40142250061035,27.8285250620731,26.19755070611567,27.769062657874112,91586800
2020-02-26,26.019161224365234,26.843144862655155,25.95969882164925,26.66475603427825,80012800
2020-02-27,24.74496078491211,25.738836749221473,24.55807872042525,25.10173681364442,121148300
2020-02-28,24.20979881286621,24.422165469119424,23.530226160947535,23.785065500359785,171198800
2020-03-02,24.948833465576172,24.95732670533577,23.30936275306534,24.0823771894986,147776300
2020-03-03,23.572694778442383,25.27162773544724,23.462264849137707,24.948831186516955,138698500
2020-03-04,24.116355895996094,24.14184047689859,23.275384168960915,23.997431092242312,111239800
2020-03-05,22.89386749267578,23.381152673765367,22.56900961823802,23.28711461054911,110878700
2020-03-06,21.979137420654297,22.406580792947693,21.457657615241953,21.773964797621513,119121200
2020-03-09,18.747671127319336,20.08129431652554,18.38861854208296,19.00413656081641,145196000
2020-03-10,20.18387222290039,20.243714021267586,18.45700097869439,19.87611253922142,134863600
2020-03-11,19.38028335571289,20.483086453328895,19.029779906577275,19.525614173444765,127347000
2020-03-12,17.533727645874023,19.551260921555354,17.225967890446814,17.602118521461506,139552600
2020-03-13,20.654069900512695,20.731009861371437,18.362972467313618,18.96994308846952,128357400
2020-03-16,17.47388458251953,18.576687576233773,16.738681499665386,16.969501299710334,121688800
2020-03-17,18.7904109954834,19.397381455964375,17.123382756157703,18.00391509423369,120065700
2020-03-18,17.773094177246094,17.926972404059736,16.84126760139018,17.3285527293839,148272500
2020-03-19,18.123600006103516,18.5937870729631,16.242848477530984,17.320005993287932,122461300
2020-03-20,16.815624237060547,18.6707287482867,16.72158616271664,18.60233786619129,150910400
2020-03-23,15.45634937286377,16.815619171813395,15.345214834397698,16.4651158028331,181898500
2020-03-24,17.978269577026367,18.08085507754656,16.25139788945417,16.601901338937907,147882400
2020-03-25,18.03810691833496,18.8929934866867,17.44823472961358,18.559586616244147,146991300
2020-03-26,19.42302703857422,19.619652237043045,18.097953182894095,18.217636810213886,116111400
2020-03-27,18.465559005737305,18.978491517395913,18.03811551778305,18.533949898587288,91522800
2020-03-30,18.841703414916992,19.106717832042268,18.18344027281738,18.50829649730317,80449100
2020-03-31,18.14924430847168,19.226401749629957,17.918424507387694,18.653627593551356,95213700
2020-04-01,16.901107788085938,17.396941930759827,16.67883708542982,17.037889508094825,83961300
2020-04-02,17.58502769470215,17.773103903565982,16.747238713336365,16.798531483677515,70007400
2020-04-03,17.123382568359375,17.730351391616377,16.824171873125916,17.43968975974012,68293500
2020-04-06,18.286027908325195,18.46555498204164,17.790193635564624,17.978269772845387,97766200
2020-04-07,18.927194595336914,19.559810677296106,18.679278253350947,19.491419793586118,94560300
2020-04-08,20.047096252441406,20.175328947224862,19.15801319155069,19.15801319155069,81212300
2020-04-09,21.252485275268555,21.645732400343903,20.56002582892218,20.57712395537774,125275700
2020-04-13,20.448888778686523,21.24393362584484,20.329205169201835,21.184091821102495,83164700
2020-04-14,20.286462783813477,21.07295868220673,19.747884832896204,20.944725992042343,88991100
2020-04-15,18.969934463500977,19.363181524145418,18.730565624043393,18.944287278019758,99082200
2020-04-16,18.311676025390625,18.987035775466378,18.02956343576479,18.935743022052744,89213300
2020-04-17,19.901756286621094,20.004341743089547,19.072515422241196,19.098162601641523,92800300
2020-04-20,19.234954833984375,19.773532851886316,18.961391292791813,19.294796654799335,74446300
2020-04-21,18.49974822998047,19.12381677922926,18.380064610114662,18.722018974421992,78871300
2020-04-22,18.636531829833984,19.00413341949933,18.593788141505676,18.94429160361282,49669500
2020-04-23,18.696372985839844,19.140912833923196,18.679274860376292,18.773311289291833,50614800
2020-04-24,18.96139144897461,19.063976962483142,18.525398940145,18.901549627666743,47633500
2020-04-27,20.064189910888672,20.218069775086615,19.19220673137858,19.25204853844068,66916700
2020-04-28,20.42324447631836,21.209740372359455,20.389049853308112,20.901982242998763,65504900
2020-04-29,21.18408966064453,21.46620216177785,20.953269896835437,21.29522419660814,73493900
2020-04-30,20.560028076171875,20.842140671255695,20.389051684629496,20.696809841632682,55244100
2020-05-01,19.730789184570312,20.055645482498562,19.499969334939347,19.98725459711539,51772600
2020-05-04,19.602554321289062,19.653847072040506,19.17511092703703,19.405930751269242,45886100
2020-05-05,19.371736526489258,20.106939763406007,19.337541899261694,20.072743505611125,45691900
2020-05-06,19.106721878051758,19.730788902058556,19.004134736162207,19.662398017654624,53874600
2020-05-07,19.525609970092773,19.978700452675323,19.328986444479636,19.37173012202448,51884300
2020-05-08,20.149681091308594,20.19242640853771,19.876117583310755,20.064192087417485,45181000
2020-05-11,19.3033390045166,19.764978542620852,19.286240881497907,19.756429481111503,68951800
2020-05-12,18.696372985839844,19.50851437855456,18.679274860376292,19.414476319072026,69588700
2020-05-13,17.841487884521484,18.593787536359116,17.71325356257564,18.51684759541847,112113400
2020-05-14,18.559589385986328,18.627981887005088,17.18322291432322,17.34565184310883,88359100
2020-05-15,18.328773498535156,18.551044262809274,18.149246422150718,18.294577243769673,64484000
2020-05-18,19.602554321289062,19.713688886345047,18.867351161394076,19.16656186348393,86589400
2020-05-19,18.987035751342773,19.66239713112769,18.969939253938104,19.37173547787434,62179000
2020-05-20,19.585458755493164,19.66239870696581,19.354638901075223,19.388835159759672,59789500
2020-05-21,19.5769100189209,19.893218894783768,19.474324502282997,19.499970066158777,57726000
2020-05-22,19.371736526489258,19.619654503800184,19.200758498649492,19.602556374902747,48107000
2020-05-26,20.756650924682617,21.030214424420265,20.260816673766357,20.303560359137713,119485500
2020-05-27,22.2099552154541,22.372384138729164,21.34651948618876,22.286895145922976,117672700
2020-05-28,21.252485275268555,22.346739279350974,21.192643463241183,22.29544653055138,84340800
2020-05-29,20.619871139526367,21.29523089003276,20.568576755512794,20.876336537325304,113811100
2020-06-01,21.03876304626465,21.261033792780545,20.560025301199467,20.756650489257364,58375500
2020-06-02,21.235393524169922,21.705580728889288,20.99602457362925,21.337979052567658,71118100
2020-06-03,22.218503952026367,22.346736624072054,21.70557163327672,21.79960968704144,86744600
2020-06-04,23.053531646728516,23.096573430310784,22.011903736261903,22.13242204384329,94545300
2020-06-05,24.198461532592773,24.973225163879675,24.000465050580154,24.92157469297758,118767900
2020-06-08,24.56862449645996,24.878528934776906,24.22428367753647,24.61166627785604,79598500
2020-06-09,24.293153762817383,24.56862677185655,23.71638497222405,23.862729341238442,77773400
2020-06-10,22.898584365844727,24.189857901791544,22.82110782233278,24.077946609190196,90415300
2020-06-11,20.600114822387695,22.115209111565477,20.38490259338981,21.504005527403205,149875500
2020-06-12,21.331830978393555,21.564258875176016,20.694803149332607,21.547043149371117,73729700
2020-06-15,21.650348663330078,21.667566034724814,20.393510106414706,20.453769264357373,76538900
2020-06-16,22.209897994995117,22.588671920117,21.40070131933581,22.537021452762712,96796500
2020-06-17,21.521223068237305,22.295986770306044,21.452355220096507,22.295986770306044,58349500
2020-06-18,21.555654525756836,21.943035496741015,21.159663227886853,21.26296580531256,53419000
2020-06-19,21.736433029174805,21.943036552023408,21.0821877191848,21.89999476715702,127563600
2020-06-22,21.19409942626953,21.547047323694468,21.185490740730035,21.426527368080404,55484300
2020-06-23,21.34044647216797,21.874171907022664,21.31462041231148,21.52983265196494,46108300
2020-06-24,20.496809005737305,21.125229863430175,20.38489938671566,21.125229863430175,75437100
2020-06-25,21.280187606811523,21.32323104383168,20.272994167689202,20.40212283681043,65031900
2020-06-26,19.92864990234375,20.7550656253313,19.816740277928794,20.737848254824744,118139200
2020-06-29,20.135250091552734,20.522632654169875,19.88560482826278,20.15246745921095,66269200
2020-06-30,20.44515609741211,20.58289175450275,19.885604785239067,19.971689981405355,61716200
2020-07-01,20.023344039916992,20.720631134462007,19.997517983845384,20.686198034972037,57379900
2020-07-02,20.049169540405273,20.651762721261413,19.988908744574744,20.522635728359298,56000200
2020-07-06,20.367687225341797,20.72924387131576,20.19551676842499,20.505422934099578,59589000
2020-07-07,19.808135986328125,20.135257888817616,19.713442069476795,20.12664920165484,60645800
2020-07-08,19.885604858398438,19.963081371039276,19.54126571440501,19.825345713441905,52922600
2020-07-09,19.601526260375977,19.937256744523506,19.274402818747234,19.74787061227543,79385900
2020-07-10,20.677589416503906,20.703413830720212,19.52405184592866,19.549876260144966,81142900
2020-07-13,20.823936462402344,21.099407862397797,20.539856375914646,20.978889535384553,73598100
2020-07-14,20.7808895111084,20.78949819614293,20.186905021174873,20.565677311061496,67423100
2020-07-15,21.176877975463867,21.40930751443606,20.90140665902508,21.314613633683262,57384400
2020-07-16,20.600114822387695,20.84976015421696,20.264384270571476,20.445161754798978,78067100
2020-07-17,19.988908767700195,20.643154060025125,19.97169303938178,20.557068850677854,66659100
2020-07-20,20.29881477355957,20.40211735270087,19.89421642596197,19.963084264743237,61114000
2020-07-21,21.021930694580078,21.0735811700433,20.39351137697063,20.41072710749903,75499300
2020-07-22,20.92723846435547,20.944455838202106,20.634549676719242,20.86697929783139,52193700
2020-07-23,21.125234603881836,21.211318187705242,20.755069282460372,21.10801723034151,61047600
2020-07-24,20.961669921875,21.374876977701817,20.892802079237196,21.14244739307215,50217600
2020-07-27,20.7808895111084,20.892800774618507,20.557068626026968,20.849757349445856,54721300
2020-07-28,20.97028160095215,21.14245041115429,20.729243296342208,20.772285088407962,48406500
2020-07-29,21.753652572631836,21.770869945073585,20.823935805984434,20.97028018786129,71393500
2020-07-30,21.383481979370117,21.478175862410506,20.96166631064078,21.28017941224073,61755900
2020-07-31,21.417919158935547,21.478179959052387,21.05636256792908,21.460962587590434,61955800
2020-08-03,21.51261329650879,21.788084675172442,21.25435928949635,21.547048039811212,58284000
2020-08-04,21.529830932617188,21.572872720334978,21.400703927524862,21.486787502960446,37985300
2020-08-05,21.856950759887695,22.029121178658553,21.736432451911377,21.796691605899536,51322600
2020-08-06,21.92581558227539,22.097985977357638,21.762255513079687,21.908599856318023,51999700
2020-08-07,22.47676658630371,22.545634436553787,21.74504465118473,21.81391250143481,63354500
2020-08-10,22.864145278930664,23.079357494091372,22.562847849317894,22.648933063769956,64051100
2020-08-11,23.174049377441406,23.888553803917052,23.053531072860064,23.483955465723437,81441000
2020-08-12,23.010488510131836,23.733601648577313,22.735017151093334,23.65612512360538,61971300
2020-08-13,22.683364868164062,22.95883620517791,22.502585777037044,22.80388316762295,55955500
2020-08-14,22.786664962768555,22.950226678848153,22.3131988248849,22.43371711992322,50931900
2020-08-17,22.295988082885742,22.735021256356642,22.2443376042242,22.648936030627993,57518700
2020-08-18,21.977474212646484,22.37346394021931,21.917213407114954,22.27016298604338,45850100
2020-08-19,21.951644897460938,22.450937147098184,21.856951001894608,22.089380577227157,59856000
2020-08-20,21.607311248779297,21.80530613406408,21.538443391204623,21.658961731475493,49403700
2020-08-21,21.504003524780273,21.891386157675928,21.435135683592026,21.504003524780273,55010700
2020-08-24,22.11520767211914,22.12381635775141,21.555656241532823,21.710607657096975,54579500
2020-08-25,22.382068634033203,22.545630364563223,22.1496390656914,22.41650337390848,57304700
2020-08-26,22.003293991088867,22.330417441533704,21.98607826364865,22.330417441533704,39478000
2020-08-27,22.425111770629883,22.57145614005634,21.899995091343424,21.943036876846968,52934800
2020-08-28,22.64032554626465,22.786669925802162,22.373462845439406,22.7264107651583,46466400
2020-08-31,22.158246994018555,22.502586171319255,22.115205212582985,22.459544389883682,49416200
2020-09-01,22.13242530822754,22.295987065454252,21.865562598391666,22.020515669244443,46109200
2020-09-02,22.3992862701416,22.51980457725965,21.94303581300519,21.977470553289653,57300900
2020-09-03,22.243255615234375,23.07542816312755,22.069885852188456,22.7113529834324,86192500
2020-09-04,23.006080627441406,23.196786044412736,22.364613495114035,22.76336328944249,99621400
2020-09-08,22.087223052978516,22.81537340886806,22.009206825320597,22.659340953552217,74978600
2020-09-09,22.11322784423828,22.29526459689843,21.870510520648253,22.225917026355066,53822700
2020-09-10,21.79249382019043,22.442627899822615,21.740483556765266,22.27792845674685,56609600
2020-09-11,22.10455894470215,22.173906514472037,21.74915244295941,21.8618416238193,47708300
2020-09-14,22.321266174316406,22.529308845108776,22.13922945738915,22.251918617385616,47802400
2020-09-15,21.913848876953125,22.390613110972758,21.8358326708952,22.338602858059517,63820200
2020-09-16,22.19124412536621,22.459965755247126,21.714478129938747,21.913853842472815,64598600
2020-09-17,21.97453498840332,22.087224182239268,21.75782360124624,21.78382790954402,48862000
2020-09-18,21.853174209594727,22.173907771320394,21.757822329116753,21.801163942663415,94055800
2020-09-21,21.211706161499023,21.480429423633385,20.830295379189742,21.29839103143345,75218600
2020-09-22,20.752281188964844,21.324399071697762,20.63959035102793,21.038340130331303,68665300
2020-09-23,20.16282844543457,21.029674027851996,20.16282844543457,20.890978866935345,59950300
2020-09-24,20.23217010498047,20.648255465963697,19.894100955853627,20.266843058374278,53570700
2020-09-25,20.362201690673828,20.414211960522945,20.0501367648258,20.18016491951359,42111300
2020-09-28,20.882305145263672,21.073010531902014,20.622252194995358,20.700266757374784,47996900
2020-09-29,20.604917526245117,20.795622937275905,20.3968748087452,20.78695428404134,45695200
2020-09-30,20.882305145263672,21.081679184027802,20.604914890743782,20.61358354286957,56226100
2020-10-01,20.890974044799805,21.15969565037636,20.68293135144605,21.038337825930757,44782200
2020-10-02,20.986328125,21.177035187378102,20.431547550903403,20.492226469523153,51682100
2020-10-05,21.34173583984375,21.419750409724877,21.133691475572437,21.255050963626786,44396800
2020-10-06,21.125022888183594,21.835835843658653,21.047006670789855,21.601787191477438,67541100
2020-10-07,21.567113876342773,21.766489584632385,21.324398210666416,21.35040251577376,47648000
2020-10-08,21.879180908203125,21.93119117688986,21.506437066965496,21.62779656507005,52080600
2020-10-09,21.983198165893555,22.095887331656648,21.705807923975545,21.96586086242961,44511500
2020-10-12,22.26058578491211,22.39061223881851,21.879173420527415,21.93118367141476,48362900
2020-10-13,21.62779426574707,22.260591036520267,21.53244073881155,22.22591642549773,61186900
2020-10-14,20.474889755249023,21.315729225949273,20.44888379717013,21.10768652144745,127409500
2020-10-15,20.934316635131836,20.977659898308435,20.35353013557687,20.448883661188958,66832400
2020-10-16,21.0123348236084,21.10768835815184,20.75228183369649,20.977661863195884,58357700
2020-10-19,20.56157684326172,21.08168452904189,20.535572533667597,21.064347220394644,51377900
2020-10-20,20.925647735595703,21.22037530821337,20.700267729865935,20.708936382398974,62476400
2020-10-21,20.847637176513672,21.09902320809634,20.81296421034388,20.995001002833234,41564900
2020-10-22,21.55844497680664,21.593117931685967,20.804288781009465,20.847630387952705,55402000
2020-10-23,21.58445167541504,21.896516570848636,21.41975057467214,21.879179264796434,51007400
2020-10-26,21.272388458251953,21.307061417020424,20.93431760334443,21.211707886998237,59450200
2020-10-27,20.67426872253418,21.142364505612765,20.639594103518146,21.055681264826354,55009300
2020-10-28,20.344860076904297,20.509561158839983,20.041465522517925,20.29284981806325,81942500
2020-10-29,20.405546188354492,20.587582970472557,20.04147097074159,20.249513716037995,57490400
2020-10-30,20.54424285888672,20.665600722534176,20.145492994452823,20.362204410038647,66453400
2020-11-02,20.873638153076172,21.029670596995892,20.344861904987443,20.708937056341302,59756400
2020-11-03,21.402414321899414,21.619125681346095,21.24638187855757,21.30706079466241,65106200
2020-11-04,20.526897430419922,20.925645483771657,20.171490981692948,20.70893415389539,88845500
2020-11-05,21.33306884765625,21.48910130631856,20.682934705481046,20.71760766664121,74722600
2020-11-06,21.073015213012695,21.636464499341585,21.00366763397801,21.61046019056402,55454500
2020-11-09,24.06363296508789,24.50572439948042,22.798037586623195,23.05809224687705,178378800
2020-11-10,23.976945877075195,24.063630755868164,23.560860442920788,23.829582079140106,77694600
2020-11-11,23.699552536010742,24.072296309461287,23.508847149923263,24.05495900525979,48360900
2020-11-12,23.136106491088867,23.318143249581652,22.806704280421133,23.266132983351792,67912600
2020-11-13,23.404829025268555,23.586865790733203,23.196786299004696,23.300806835448316,52421000
2020-11-16,23.907594680786133,24.271669793828615,23.560856871549554,24.150311973939885,57396700
2020-11-17,23.881591796875,23.924935061964835,23.413496107540336,23.621538819842023,46402300
2020-11-18,23.387493133544922,24.21099708821798,23.370155825296145,23.950942424616464,54416700
2020-11-19,23.387493133544922,23.413499095918088,23.101434160946955,23.344151516299693,46423000
2020-11-20,23.240127563476562,23.361487058667798,23.084095107785394,23.179448642569238,40538000
2020-11-23,23.742897033691406,23.855587871344234,23.456838093046084,23.500181358826605,45421200
2020-11-24,25.121177673339844,25.129846325185355,24.202322071607526,24.210990723453033,80387800
2020-11-25,25.164525985717773,25.173194639303986,24.687759958735683,24.887134031088767,57249900
2020-11-27,25.12984848022461,25.225202005326082,24.973816040377265,25.112511175046812,25971600
2020-11-30,24.410367965698242,25.017160447665955,24.358357701162195,24.89580095924651,63567900
2020-12-01,24.869800567626953,25.173196856358718,24.852463258927592,24.913142185998595,50255100
2020-12-02,25.19052505493164,25.294547222959018,24.731098084032755,24.86979320581841,45257500
2020-12-03,25.21669578552246,25.382423412354203,24.9724656861747,25.24286383092161,54013700
2020-12-04,25.54815101623535,25.670265233958812,25.29519823531511,25.46964854378986,66188200
2020-12-07,25.373699188232422,25.426033612168176,25.02480025585851,25.20797157147431,42197800
2020-12-08,25.234146118164062,25.426040164500794,25.094586509249755,25.173088997224273,33869100
2020-12-09,25.120746612548828,25.513258954240452,25.077134869552584,25.513258954240452,54886300
2020-12-10,25.391143798828125,25.408587497169233,24.83290385988046,24.972463428697054,58859600
2020-12-11,24.920133590698242,25.077138550420365,24.684626151115058,25.016081435791005,40538400
2020-12-14,24.614843368530273,25.26030683068571,24.5450635797481,25.225417768135323,40267100
2020-12-15,24.981191635131836,25.13819660069771,24.641015318860216,24.728240484583665,43672700
2020-12-16,25.050968170166016,25.1381933245217,24.806739734387822,25.120747960914276,42463200
2020-12-17,25.146915435791016,25.225417906561923,24.885241642342265,25.042244920202673,43182700
2020-12-18,25.00735855102539,25.3824255820671,24.920133389253575,25.199252575978125,82817200
2020-12-21,25.94066047668457,26.158722520029613,25.059689621928833,25.382422178099294,93397400
2020-12-22,25.478368759155273,25.975551623539175,25.443479696768435,25.975551623539175,39054300
2020-12-23,26.2110595703125,26.47273504674889,25.58304142149192,25.635375851306584,52537200
2020-12-24,26.132558822631836,26.402956999206637,25.940664791495017,26.402956999206637,22632300
2020-12-28,26.280839920043945,26.647184263851972,26.158725693335125,26.368065080699488,32861200
2020-12-29,26.176166534423828,26.385505885610055,26.106386750695084,26.315726101881314,33291900
2020-12-30,26.15000343322754,26.35934282397276,26.115114366610797,26.167448798376704,26370100
2020-12-31,26.437841415405273,26.507621202058246,26.080219800848617,26.17616763137696,28716000
2021-01-04,26.193614959716797,26.66462813905223,25.949384856261943,26.568680301323276,51483900
2021-01-05,26.394229888916016,26.638459976043446,26.08894269592707,26.315727420327963,48507000
2021-01-06,28.042781829833984,28.452736233929457,27.35370493191627,27.824718109396,107002800
2021-01-07,28.662071228027344,29.324978276729702,28.64462586788225,29.054583512886342,74358500
2021-01-08,28.37422752380371,28.784185165154234,28.00788494610833,28.714403725195766,44641400
2021-01-11,28.84524917602539,28.8975852685399,27.82471866353344,27.99044629579972,51868200
2021-01-12,29.359878540039062,29.630276719133803,28.958645108373293,29.150537477616794,68166200
2021-01-13,29.185422897338867,29.377318559019596,28.86269200689985,29.15925651705975,43172800
2021-01-14,29.647720336914062,29.9791722857755,29.150535758895685,29.202871853256333,48483500
2021-01-15,28.792909622192383,29.333705864408557,28.522514828446884,29.037141363870283,57684300
2021-01-19,28.583572387695312,29.30753662482657,28.08639120642034,28.348064986981488,78130200
2021-01-20,28.20850944519043,28.601021835784984,28.05150448895261,28.5748521248366,53920000
2021-01-21,27.71133041381836,28.330625942299296,27.67643968133294,28.20851170596372,49626600
2021-01-22,27.51943016052246,27.693880466730338,27.257756364892064,27.35370419967454,45314500
2021-01-25,27.17926025390625,27.30137449861986,26.6646335602106,27.275208111142263,48078400
2021-01-26,26.987356185913086,27.41475754744912,26.96118814446677,27.388589506002802,36373000
2021-01-27,26.0191650390625,26.542514317939123,25.87960545318627,26.4378437966912,63809200
2021-01-28,26.446563720703125,26.82163069251099,26.097664792398596,26.533788868699588,51223300
2021-01-29,25.86215591430664,26.603567134394872,25.80982149397136,26.516341991381925,64019100
2021-02-01,26.132558822631836,26.202340285243373,25.79238251080877,26.05405800455713,40985300
2021-02-02,27.06586456298828,27.214146836235212,26.638463108025142,26.67335217389889,53527000
2021-02-03,27.54559898376465,27.676435885276195,26.93502455846881,26.961192604243706,49404900
2021-02-04,28.348068237304688,28.374234620152183,27.72005009374205,27.73749379441321,51751900
2021-02-05,28.234676361083984,28.705691238677492,28.191064611831962,28.688245873504044,42008800
2021-02-08,28.862695693969727,29.02842166917933,28.26084557912768,28.287011962749425,46014100
2021-02-09,28.74057960510254,28.801636714506046,28.426569712534285,28.7580249688411,35868600
2021-02-10,28.76674461364746,29.150532615484245,28.66207576357611,28.888858826624492,45031900
2021-02-11,28.679521560668945,29.054588550412507,28.39167805941155,28.758024031251615,29479900
2021-02-12,29.106924057006836,29.1767055162656,28.705690648358296,28.784193126342846,37468300
2021-02-16,29.89194107055664,30.144893803604738,29.39475994828266,29.638988337508543,52802600
2021-02-17,30.014060974121094,30.14489953744295,29.473268011958996,29.691330065920166,45455300
2021-02-18,29.822166442871094,30.223403166306703,29.673885837638487,29.70877656617428,37541700
2021-02-19,30.127452850341797,30.293178806221295,29.81344297405412,29.830888336888183,54514100
2021-02-22,30.659530639648438,30.746754143151744,30.014065400688487,30.04895613303516,56783400
2021-02-23,30.98226547241211,31.304996468595338,30.650810128368807,30.8950386306303,67440700
2021-02-24,31.732393264770508,31.8545074912334,31.052037345763782,31.174154899589794,58139500
2021-02-25,31.33987808227539,32.299349771026755,31.19159415809363,32.23829266323509,74762000
2021-02-26,30.27573013305664,31.427097335313146,30.24956375534793,31.165423576138917,70933300
2021-03-01,31.21776580810547,31.444548890097586,30.738029933895312,30.982258380250368,45901700
2021-03-02,30.99097442626953,31.34859601992202,30.964808047605022,31.095646595652575,41167400
2021-03-03,31.76727867126465,32.24701785560471,31.26137643236455,31.374769632968828,66047000
2021-03-04,31.995193481445312,32.319527383187264,31.4867751032484,31.67962391482513,96512800
2021-03-05,32.37211227416992,32.95941949781882,31.70590934215387,32.4597689707511,74292300
2021-03-08,32.54743957519531,33.07338661316713,32.275698377372365,32.76658473166519,65335500
2021-03-09,31.837398529052734,32.573726168015156,31.390344015059597,32.03901161135464,63946000
2021-03-10,32.757816314697266,32.89806907792209,31.88123570856972,32.03025615043401,53365600
2021-03-11,32.643863677978516,33.12598234898755,32.30199442817133,32.67016002646765,45834000
2021-03-12,33.25746536254883,33.46784616901897,32.941899168677836,33.23993335001886,46069600
2021-03-15,33.09091567993164,33.37142118772057,32.626329059635495,33.3363571632746,50131600
2021-03-16,32.99449920654297,33.064627272272475,32.407191703564344,32.80165036967704,50300400
2021-03-17,33.266239166259766,33.62563712957841,32.72276005331477,33.31006753371032,63796000
2021-03-18,34.1340446472168,35.03692486730058,33.67822237017892,33.75711475166412,95439700
2021-03-19,33.77465057373047,34.11651648410319,32.89806994451232,33.56427309529636,106252700
2021-03-22,33.01202392578125,33.64316300227481,32.7841144503194,33.380189501698986,54701300
2021-03-23,32.3458251953125,33.152277735208536,32.240633116629866,32.74905146526052,49838000
2021-03-24,32.3458251953125,33.125981387482675,32.33705751681082,32.61756303885201,43896800
2021-03-25,33.01202392578125,33.09091631034294,32.10914701437812,32.31952447728298,47517900
2021-03-26,33.9061393737793,33.976264086055416,33.38019232809423,33.61686615792968,66846000
2021-03-29,33.58180618286133,33.86231172566858,33.18734421832305,33.353893339399285,45680000
2021-03-30,34.17787551879883,34.58986608420314,33.86230600052198,33.86230600052198,56705900
2021-03-31,33.914894104003906,34.17787089625999,33.71328101545937,33.85353374418117,49270000
2021-04-01,34.616172790527344,34.642469141084646,33.941205260473616,34.037629671036996,65587000
2021-04-05,34.88791275024414,35.3086711037796,34.71259593363183,35.06322956685645,50328500
2021-04-06,34.7914924621582,35.1947221913795,34.58987926949283,34.651239661004446,42590100
2021-04-07,35.10704803466797,35.19470809019861,34.70382181089463,34.86160656696058,43136400
2021-04-08,34.80024719238281,34.93173226359434,34.37948894550519,34.88790390652383,45285900
2021-04-09,35.05446243286133,35.22101155621012,34.633700769019335,34.9843343742577,45872900
2021-04-12,35.11581039428711,35.396315841727485,34.93172597749479,35.05445003665257,45544600
2021-04-13,34.4671516418457,34.905441976400084,34.36196289784181,34.896677641020545,46770400
2021-04-14,34.958038330078125,35.352500303450014,34.11651833892146,34.169114383334346,52023800
2021-04-15,33.9587287902832,34.922965967205336,33.353886127476294,34.8265415807353,118128900
2021-04-16,34.31813049316406,34.55480430333861,34.10774968603287,34.45838324995503,60633400
2021-04-19,34.335662841796875,34.56357568593977,34.212942084438325,34.528511657011656,42321100
2021-04-20,33.38019561767578,34.186648279719876,33.21364313981313,34.186648279719876,50834100
2021-04-21,33.94119644165039,33.99378912910003,32.792874836589895,33.090912326397785,37851800
2021-04-22,33.62562561035156,33.98502345055025,33.45907318964969,33.96749144079801,48093400
2021-04-23,34.34443283081055,34.48468561206587,33.50291614327864,33.59057287760444,48674100
2021-04-26,34.54603958129883,34.93173382217317,34.43208317271957,34.49344354413391,34699800
2021-04-27,34.958038330078125,34.99309901579681,34.63370107203351,34.77395384657797,34304800
2021-04-28,35.089515686035156,35.256068117996705,34.958030619837764,35.00185897523689,34084400
2021-04-29,36.036231994628906,36.053764009352086,35.46645321974032,35.545345614049666,44008700
2021-04-30,35.527809143066406,35.852146358928636,35.47521644938348,35.79955032135624,39203400
2021-05-03,35.554115295410156,35.983637976699775,35.43139118543732,35.825853179196216,41940500
2021-05-04,35.93980407714844,36.009932129195235,34.8703746906618,35.27360430215173,53880000
2021-05-05,36.28166580200195,36.43068622353257,35.72941915920597,36.115116713363435,37471100
2021-05-06,36.82514953613281,36.868981241246225,36.1501854167292,36.360562888159265,39044400
2021-05-07,36.97416687011719,37.03552723945247,36.03622597440433,36.0537579861986,39249200
2021-05-10,36.86021041870117,37.640366551166544,36.84267840692911,37.254672323849206,41271500
2021-05-11,36.439456939697266,37.11442443380865,36.23784379375071,36.421924925629334,42964700
2021-05-12,36.097599029541016,37.30728151735054,35.97487824774261,37.14949669964101,47533000
2021-05-13,36.67612838745117,36.895273513250025,35.74695185026392,35.81707989558639,42026100
2021-05-14,37.131954193115234,37.237142927245685,36.74625659482098,36.868980685844335,30932600
2021-05-17,37.46505355834961,37.56147460838694,36.95663524269585,37.02676329060232,32656400
2021-05-18,36.95663833618164,37.64913781972205,36.939106322737494,37.42999266750468,37880300
2021-05-19,36.79008483886719,36.81638118395402,36.21154183973205,36.50957934497677,42672800
2021-05-20,36.702430725097656,36.93034356571894,36.343032793862356,36.7287304183323,36871100
2021-05-21,37.16701889038086,37.34233233580135,36.71996091044557,36.8339173250806,40243800
2021-05-24,37.36863327026367,37.50011835870103,37.035531693887506,37.324804907451224,31390800
2021-05-25,36.82514953613281,37.920875286175786,36.75502482695266,37.421224611667355,52657700
2021-05-26,36.8514518737793,37.035533010469365,36.51835028556166,36.83391985925312,41332800
2021-05-27,37.29851150512695,37.56148507024246,36.92158150236828,37.23715111806301,52981100
2021-05-28,37.15824890136719,37.43875440926638,36.860211381238116,37.3949260506364,38509700
2021-06-01,37.62282943725586,37.93839891857902,37.491344382630466,37.64912912329204,42890700
2021-06-02,37.6403694152832,37.84198255016897,37.342331880258676,37.78062217624242,34180500
2021-06-03,38.071712493896484,38.282978965587596,37.56995840134258,37.64918290848092,46981200
2021-06-04,38.08930206298828,38.19493357478492,37.70198428109046,38.06289502453043,37192600
2021-06-07,37.95726013183594,38.19493355170869,37.90444605495213,38.08930203997587,28401900
2021-06-08,37.74599838256836,38.062896286429606,37.3498760027418,37.7283925703577,41871400
2021-06-09,37.2530517578125,37.613962571765235,37.068195736560924,37.38509369182984,42366300
2021-06-10,36.6984748840332,37.81641878993901,36.63685621943697,37.64036402339318,40123600
2021-06-11,36.84812545776367,36.87453249949787,36.540028753013644,36.80411260221813,31203600
2021-06-14,36.407997131347656,36.89214535063303,36.14391658973438,36.839327899123866,36050700
2021-06-15,36.43439483642578,36.58404256501595,36.00306417924173,36.33756454580251,39247900
2021-06-16,36.63685607910156,36.962558571251634,35.800598459686164,36.33756398450969,63859100
2021-06-17,35.03476333618164,37.05938470523888,34.96434344612706,36.988964815184296,80728200
2021-06-18,34.13690185546875,34.59464309193712,33.88162586575696,34.33936374425859,102774200
2021-06-21,34.99075698852539,35.017164032458204,34.356961070410556,34.43618556017491,48119400
2021-06-22,35.184417724609375,35.439693652127886,34.5770288482522,35.105193234561305,44113200
2021-06-23,35.38687515258789,35.58053238125639,35.27243904612548,35.35166352629707,32039900
2021-06-24,35.94145202636719,36.099897653046725,35.36927476426201,35.59814365432447,37161800
2021-06-25,36.63685607910156,36.82171543014754,35.95024618596478,36.32876275730054,53178800
2021-06-28,36.58404541015625,36.60165122418108,36.17911840351637,36.49601634003207,34416500
2021-06-29,35.99427032470703,36.927358525839566,35.87103295734293,36.64567215530265,38519600
2021-06-30,36.293548583984375,36.40798467745987,35.844612152603766,35.87982041693343,29159800
2021-07-01,36.566436767578125,36.707279910916384,36.27594589558742,36.58404258024108,28045100
2021-07-02,36.223140716552734,36.50482707244708,36.17912449509667,36.4167979875012,28980800
2021-07-06,35.272438049316406,35.985458350710594,35.09638328080317,35.92383968542577,47578700
2021-07-07,34.99075698852539,35.210824642541276,34.64745198553516,34.832308008996684,43499900
2021-07-08,34.13690185546875,34.54182899101518,33.87282127695881,33.996058656399,52793100
2021-07-09,35.24603271484375,35.422087491876084,34.68266011471273,34.90272774651176,43887200
2021-07-12,35.76539611816406,35.9238450979022,34.89392672960432,35.025968665374734,42624500
2021-07-13,35.087589263916016,35.633356136292576,34.84111455212649,35.633356136292576,54338100
2021-07-14,34.207313537597656,34.81469899806156,33.26542433350341,34.42738117141342,105651700
2021-07-15,34.18090057373047,34.62103576510192,33.73196079807117,33.79357945622597,54697300
2021-07-16,33.379852294921875,34.58582517289518,33.089364806115796,34.52420651290707,60469700
2021-07-19,32.50838088989258,32.790067103757494,32.138665635467035,32.349931974848,83251500
2021-07-20,33.17739486694336,33.5559114612001,32.22670444641324,32.44677207758736,59462900
2021-07-21,33.855201721191406,34.1280867777813,33.432672295415856,33.49429096013529,49907400
2021-07-22,33.415061950683594,33.802383056917655,33.16858732523641,33.767171436720936,52715600
2021-07-23,33.18619918823242,33.68795311467434,33.062961853031325,33.626334447073795,48659400
2021-07-26,33.56471633911133,33.6615466349454,33.15098811435321,33.15098811435321,32258000
2021-07-27,33.43267822265625,33.66155046758953,32.97493709075567,33.203809335688945,39121400
2021-07-28,33.56471633911133,33.89041549585411,33.23021259658422,33.61753042195494,43331100
2021-07-29,34.048866271972656,34.31294677413857,33.775981183553945,33.934430156446645,43039100
2021-07-30,33.767181396484375,34.180909660914296,33.49429629641865,33.89921997421998,46210100
2021-08-02,33.415061950683594,34.2865310817453,33.37104910442016,33.802383056917655,49894000
2021-08-03,33.93443298339844,34.004856247424456,33.05416233086947,33.50310224412023,39680600
2021-08-04,33.687965393066406,34.128100812325755,33.32705448359241,33.47669891431654,42289800
2021-08-05,34.34815979003906,34.383371420540406,33.93443152656303,33.95203734181371,34754500
2021-08-06,35.34286117553711,35.571730023223154,34.744276979477746,34.744276979477746,58022300
2021-08-09,35.80060577392578,36.055885068695936,35.034771247581354,35.254838910390234,56340100
2021-08-10,36.469608306884766,36.63685849862703,35.7213796999742,35.83581245107732,44987300
2021-08-11,36.92734146118164,37.13860446247343,36.51361332653499,36.619244827180886,58458200
2021-08-12,37.10340881347656,37.22664616578304,36.76890503009756,37.1738287185234,37400100
2021-08-13,36.645660400390625,37.17382133623635,36.46960563578694,37.05058400840337,41344900
2021-08-16,36.346378326416016,36.35517955598775,35.74779397654978,36.23194219418581,38599100
2021-08-17,36.17031478881836,36.592844223637144,35.75658658144842,36.1351031630921,43526900
2021-08-18,35.906227111816406,36.55762526730537,35.79179103013573,35.88862130248362,50342500
2021-08-19,35.378082275390625,35.800611856819906,35.21963326260882,35.31646358797177,51883900
2021-08-20,35.536521911621094,35.62455098325426,35.1315982560057,35.290047226979674,40415000
2021-08-23,36.01187515258789,36.179125381131705,35.738990019522,35.76540042463568,35364500
2021-08-24,36.51362991333008,36.689684733025025,36.126311996374305,36.179126091706316,35579300
2021-08-25,37.10340881347656,37.36748933384272,36.56644318588464,36.6720747224379,51219900
2021-08-26,37.00656509399414,37.71078067907259,36.98895928462158,37.411488635668654,41184500
2021-08-27,37.40270233154297,37.54354550474718,36.918550775560256,37.07699976516076,46468600
2021-08-30,36.67207717895508,37.525940831369745,36.64567013253936,37.525940831369745,44855600
2021-08-31,36.75129318237305,37.032979472259385,36.40798822644691,36.68086993091873,54654600
2021-09-01,36.25834655761719,36.777706371038185,36.11750338912841,36.75129932631092,52361900
2021-09-02,36.293739318847656,36.70958772434203,35.95752138727404,36.373369792768415,44538900
2021-09-03,36.32027816772461,36.4441470317891,35.99290997338654,36.29373580404605,41812400
2021-09-07,36.55916976928711,37.0281028644695,36.43530090453504,36.497235336911075,43748600
2021-09-08,36.081382751464844,36.70958008168657,35.99290596560586,36.34681985938787,36064400
2021-09-09,36.21410369873047,36.58571027410445,35.88673551920959,35.97521231091579,36266400
2021-09-10,35.63015365600586,36.5857159811505,35.603611289388276,36.470696809025114,40514700
2021-09-13,36.22294998168945,36.240646015042806,35.700928810871986,35.92212416502899,42036300
2021-09-14,35.249698638916016,36.55032865473337,35.09043768289047,36.39106769870782,53820400
2021-09-15,35.5151252746582,35.692082231778976,35.099276931700366,35.15236503138857,52358200
2021-09-16,35.78940963745117,36.10793149333725,35.568214279216214,35.81595200038391,42922000
2021-09-17,35.833648681640625,35.984059907875405,35.462042093173494,35.692083784818855,92746000
2021-09-20,34.60380935668945,34.913481570563384,33.94022314823902,34.84270079675248,67566200
2021-09-21,34.621498107910156,35.03734308257369,34.45338747703658,34.745366967391774,38271100
2021-09-22,35.5151252746582,35.85134315567035,35.17006106461797,35.17006106461797,46261400
2021-09-23,36.88653564453125,37.05464627198015,35.9663655463389,36.06368866596805,49779800
2021-09-24,37.284690856933594,37.46164782716032,36.85114982381026,36.91308425711359,39042300
2021-09-27,38.275638580322266,38.42605316044956,37.727075104646055,37.762467167637524,49755400
2021-09-28,38.18717956542969,38.96578843764221,38.09870274195815,38.42607103901221,60781200
2021-09-29,38.107540130615234,38.32873551255527,37.8155639815447,38.204866638696636,44260200
2021-09-30,37.55897903442383,38.35528043743375,37.36432600527358,38.35528043743375,47410800
2021-10-01,38.11638641357422,38.426058570415776,37.50588505412462,37.58551551948007,40987100
2021-10-04,38.34642791748047,38.99231796657147,38.1075365225827,38.14292859038385,48273400
2021-10-05,39.125038146972656,39.59397125157263,38.63840563256872,38.726885805721025,54070700
2021-10-06,39.142730712890625,39.186969107959754,38.532229385347776,38.797663130935746,47031700
2021-10-07,39.03656005859375,39.700146204394564,38.95692958609071,39.62936543726612,46258800
2021-10-08,39.2312126159668,39.647061009194466,38.85960262357377,38.99232120125134,39389400
2021-10-11,38.73573684692383,39.64706417778418,38.7091944793365,39.46125747915119,36283500
2021-10-12,38.52339172363281,38.93039045011499,38.284500286304414,38.63841090165563,36898300
2021-10-13,38.16946792602539,38.61185861292911,37.45279717335214,38.532228154279515,43908000
2021-10-14,39.877098083496094,39.90364044587698,38.470295499363786,39.25775041828046,82201000
2021-10-15,41.02731704711914,41.29275082103095,40.133689220742205,40.496449499295515,64264900
2021-10-18,40.94768524169922,41.48740247697914,40.72648987479259,40.956534946472615,49542500
2021-10-19,41.12464141845703,41.25735998611506,40.876903692346986,41.14233745248966,32515500
2021-10-20,41.66436004638672,41.79707861851403,40.74418649674357,41.13349250822448,40411000
2021-10-21,41.43431854248047,42.00942448234664,41.23966553581962,41.673206573161586,36848600
2021-10-22,42.08905029296875,42.13328868726666,41.57587884380127,41.57587884380127,36225600
2021-10-25,42.035972595214844,42.45182102988505,41.7616924576017,42.292560070869825,31679500
2021-10-26,42.43411636352539,42.84996471363039,41.97402961717318,42.16868261086884,35674800
2021-10-27,41.62012481689453,42.61992553574357,41.61127511131958,42.00942748284846,45790800
2021-10-28,42.274864196777344,42.469517230807554,41.850169429490144,42.1067569061347,37209600
2021-10-29,42.274864196777344,42.58453978502304,42.044822463520354,42.24832182856376,31756200
2021-11-01,42.33679962158203,42.61992947300862,41.83247436278004,42.55799502895743,36937200
2021-11-02,42.36334228515625,42.84112176521333,41.894405760500526,42.08905878489248,36283400
2021-11-03,42.796875,43.08000477551882,42.12444262693609,42.29254987640878,42553000
2021-11-04,41.876708984375,42.60222952650393,41.47855664413998,42.60222952650393,47646300
2021-11-05,41.558189392089844,42.310252339768496,41.425470813006,42.11559932382517,38271200
2021-11-08,41.88555145263672,42.292550085056284,41.805920991930876,41.89439778152707,33815500
2021-11-09,41.47856140136719,41.90325615460215,41.06271297885272,41.27506204305714,36900300
2021-11-10,41.788230895996094,42.04481834752189,41.27505936811816,41.3635361702846,39385600
2021-11-11,42.018272399902344,42.37218295357134,41.593574335222165,41.85901146944062,31194800
2021-11-12,41.50510025024414,42.05366383810655,41.372381674470425,42.03596780299181,44268500
2021-11-15,41.62896728515625,41.929793118494004,41.49625209040848,41.81477058290719,35335500
2021-11-16,41.655513763427734,41.83246735956482,41.31044615054401,41.743990561496275,35120800
2021-11-17,41.151187896728516,41.76168931879294,41.09810316449593,41.65551647915406,32963700
2021-11-18,40.98307800292969,41.41662241446851,40.88575149981851,41.32814224110676,30639000
2021-11-19,40.16908264160156,40.49645086126366,39.664757441655695,40.43451642444039,48429500
2021-11-22,40.94768524169922,41.4697064426058,40.620317043725976,41.33699124756589,53697100
2021-11-23,42.02712631225586,42.15984490331152,41.29275595871609,41.469712955065646,49362900
2021-11-24,42.14214324951172,42.451815420470275,41.77053326918793,41.95633657176306,40060000
2021-11-26,40.48760223388672,40.73534336294958,39.59397435366263,40.27525655203142,55110100
2021-11-29,40.33719253540039,41.31930063332329,39.96558251516048,41.07155949477205,50231100
2021-11-30,39.34623718261719,40.009823354798904,39.24891067066939,39.60282127072869,77193600
2021-12-01,38.78882598876953,40.43452032642507,38.762283620476374,40.00982555786461,60601600
2021-12-02,39.90901184082031,40.45132687562608,39.11776664895709,39.4111515267054,57821400
2021-12-03,39.002193450927734,40.069042391819984,38.76215218487053,40.00680984781471,74605300
2021-12-06,39.25112533569336,39.900124260654245,39.08220553084685,39.615631674134924,48193100
2021-12-07,39.748985290527344,39.92679400327535,39.50005512753161,39.615631299530676,40740800
2021-12-08,39.260013580322266,39.82899874372389,39.197781040038905,39.72231487344086,50560300
2021-12-09,39.55340576171875,39.76677354165787,38.80661174909242,39.03776074259641,37316700
2021-12-10,39.5800666809082,39.85567033993494,39.17999794729486,39.74898308335876,37700200
2021-12-13,38.7443733215332,39.47338601003597,38.575453513994304,39.35780983510187,38653900
2021-12-14,39.23333740234375,39.84677380102054,38.69991135046003,38.75325497307397,47099400
2021-12-15,39.064430236816406,39.5178426968544,38.779937607208886,39.4467178437427,60057100
2021-12-16,40.00679397583008,40.32684887026359,39.1977678333089,39.740082694274804,69487200
2021-12-17,39.011077880859375,39.74009044189855,38.77992557140679,39.56228175572394,124242400
2021-12-20,38.3709716796875,38.54878038306556,37.96201403591122,38.46876663611638,56455200
2021-12-21,39.286678314208984,39.54450074084881,38.70880432059607,38.70880432059607,47845600
2021-12-22,39.36668395996094,39.63339863139619,39.01107005041048,39.18887870089467,35715700
2021-12-23,39.491153717041016,40.06903105231612,39.4733759021443,39.722306007718394,34053500
2021-12-27,39.68675231933594,39.84677981993157,39.39337082918999,39.60673856903812,33879200
2021-12-28,39.74009323120117,40.07792941950334,39.49115969651697,39.53561441474479,32492400
2021-12-29,39.677860260009766,40.11348800594412,39.65118675108199,39.873446774106924,25294900
2021-12-30,39.58895492553711,40.095707515803454,39.54450359841914,39.784544834558815,23852200
2021-12-31,39.55340576171875,39.75788463058529,39.36670471499738,39.58007588635621,24253900
2022-01-03,41.055870056152344,41.33147369441473,39.98902131070086,40.08681625948489,58587900
2022-01-04,42.665035247802734,43.056211664992716,41.82044648725602,41.838227695958125,74606700
2022-01-05,41.944908142089844,43.002864538097874,41.92712693483528,42.79838574179809,57791600
2022-01-06,42.78949737548828,42.81616749099846,41.953797581038216,42.6561400151003,52040900
2022-01-07,43.722999572753906,43.83857575433969,42.727275446759364,42.807289204561926,59082600
2022-01-10,43.50074005126953,44.52313770350355,42.976206163923116,44.37199909625826,66839500
2022-01-11,43.74966812133789,43.78523054384205,43.242915470621185,43.554081580403604,40454400
2022-01-12,43.43849563598633,43.90079685033573,43.278468162118514,43.71409586987761,41378000
2022-01-13,43.34959411621094,43.99859637863653,43.23402134414621,43.49184039764503,46337500
2022-01-14,42.59391403198242,42.878406612550435,41.953804029994856,42.24718891137885,72953300
2022-01-18,41.12700271606445,42.60280947590615,40.94030506732161,42.5405769263252,65877400
2022-01-19,41.287017822265625,43.18956633756018,41.20700408381202,43.02064656114783,84451800
2022-01-20,40.673583984375,41.82933541930846,40.59357024088013,41.50928044532899,46265300
2022-01-21,39.9356803894043,40.91362655201641,39.70453145143061,40.51355782146686,71303600
2022-01-24,39.60673522949219,39.73120029914551,37.8642174715081,39.02886120732765,90672700
2022-01-25,40.38908767700195,40.51355273500886,38.9666250263252,39.375582614467454,73555300
2022-01-26,40.806949615478516,41.304809994534104,40.237960995755806,40.70026234160705,63735800
2022-01-27,40.42465591430664,41.56262619877299,40.08681971432358,41.22478999878993,63402400
2022-01-28,40.78026580810547,40.79804701592929,39.5178305753817,40.30018676253676,51048300
2022-01-31,41.020301818847656,41.13587795932016,40.20238671130237,40.469098011962,44793700
2022-02-01,41.731536865234375,41.87378313123472,40.80693783194143,41.08253806464418,40326600
2022-02-02,41.68708801269531,41.74932054579369,41.1625542398528,41.53595282986174,41125600
2022-02-03,41.27812957763672,42.042704559278086,41.207004746126536,41.98047202741599,35879900
2022-02-04,42.922855377197266,43.28736168622992,41.500392559367086,41.85600995953407,60297100
2022-02-07,43.12733459472656,43.3495946240347,42.665036718214274,43.17178931372331,44824800
2022-02-08,43.90080642700195,44.469791617577364,43.50962656491692,43.69632758610262,49560500
2022-02-09,43.8118896484375,44.265301942805976,43.589629650803104,43.75854941951304,33861100
2022-02-10,43.60741424560547,44.549797929703196,43.34959181437797,44.16751043275724,47082800
2022-02-11,42.60280227661133,43.95414370893279,42.229407042224366,43.234023359352506,61056000
2022-02-14,42.15828323364258,42.84284457151488,41.731544359011615,42.69170937049561,44791900
2022-02-15,42.487220764160156,43.00286218060018,42.29163088650101,42.67391834297025,42397600
2022-02-16,42.389434814453125,42.887298521608905,42.0604909070672,42.176063685266634,36664600
2022-02-17,40.95807647705078,42.04270646686317,40.85139261636361,41.784884028068625,49442400
2022-02-18,40.860294342041016,41.37593938137749,40.64692655373753,40.95808932477171,37856500
2022-02-22,40.50466537475586,40.87806056304294,40.042364147768076,40.15793691095107,51905600
2022-02-23,39.811214447021484,40.9936394035744,39.62451684064539,40.851393123751826,45704900
2022-02-24,38.762149810791016,38.833274651823295,37.384138234271944,38.22872706872527,80484800
2022-02-25,40.02458953857422,40.317971036107544,38.788824223961626,38.94885172858677,68530700
2022-02-28,39.29557418823242,39.34891442520387,38.61990179429662,38.86883533536614,69955300
2022-03-01,37.75752639770508,38.88660750038548,37.27744402810841,38.85993399668468,74895600
2022-03-02,38.3709716796875,38.708807876963924,37.890889197992415,37.99757645487062,70834600
2022-03-03,37.96001434326172,38.86233369505173,37.709863671002395,38.49604516895863,48733800
2022-03-04,36.58420181274414,37.021959575918146,36.021366994947726,37.0130272045886,75572800
2022-03-07,34.25246047973633,35.83375600627203,34.13631920612603,35.67294606065815,109779000
2022-03-08,34.47580337524414,35.431727162351386,34.10057907495859,34.90462871271274,76553800
2022-03-09,36.66460037231445,37.17383064904099,35.878418920806546,36.01242832331381,78207900
2022-03-10,36.33404541015625,37.057690062344044,35.83375090217522,35.994560824883614,48804400
2022-03-11,36.030303955078125,36.96835974348031,35.99456765258627,36.664607988302315,43946600
2022-03-14,36.80754470825195,37.683063550411234,36.53952929257069,36.53952929257069,54262400
2022-03-15,37.0755615234375,37.32570879978229,36.512726743660686,36.86114713799837,41395300
2022-03-16,38.236961364746094,38.46030810567101,37.45077988245015,37.73666684619479,59477600
2022-03-17,38.44244384765625,38.45137962667796,37.37038210912898,37.88854482835034,50260200
2022-03-18,38.32630157470703,38.353102092686306,37.7545310631434,38.20122453880199,74470600
2022-03-21,38.27269744873047,38.799795890706946,37.97787811650598,38.72832329816739,47106400
2022-03-22,39.46982955932617,39.871854305638955,39.04100429925928,39.14820976227595,52360600
2022-03-23,38.49604797363281,39.31796242064973,38.44244352395736,39.058882767221164,48539300
2022-03-24,38.478172302246094,38.79979212142816,38.31736239265506,38.755123459430756,30360800
2022-03-25,39.067813873291016,39.54130790209024,38.71046111102781,38.84446711887613,38968100
2022-03-28,38.90700149536133,39.085679569278184,38.26376520046175,39.04994327289465,37428600
2022-03-29,38.80873489379883,39.65745333126111,38.51391891918643,39.53237968094061,46355800
2022-03-30,38.415645599365234,38.996348582091066,38.19229882262474,38.80873469954802,36601800
2022-03-31,36.825416564941406,38.31737135419096,36.80754841436341,38.272702681746594,67902500
2022-04-01,36.539527893066406,37.28997307303161,36.04816234046954,37.24530099879497,61929200
2022-04-04,36.47698974609375,36.753937511438636,35.87841873479871,36.16430227786478,53761700
2022-04-05,35.86054229736328,36.414441108007196,35.77120498880777,36.1285576310297,51781700
2022-04-06,35.46746063232422,35.74440839036568,35.15477317234117,35.50319692626523,54159800
2022-04-07,35.19050979614258,35.71760820871138,34.70808004741847,35.637203250590694,54585000
2022-04-08,35.4406623840332,35.824819085424124,35.12797828197134,35.27985585154504,41018900
2022-04-11,35.36918640136719,36.092830994619874,35.190508345354125,35.27091330015998,34198700
2022-04-12,34.99397277832031,35.806958350662626,34.70808916501375,35.351328998954266,42855300
2022-04-13,34.68128204345703,34.851024341565356,34.27032485351004,34.39539848453731,45484200
2022-04-14,33.564552307128906,34.815295581739484,33.43054288199161,34.38647019250189,79032000
2022-04-18,34.70807647705078,35.11903700294861,33.25185841910931,33.43053305610809,80080300
2022-04-19,35.351322174072266,35.6282733619958,34.94036498528315,35.02970231919354,53714200
2022-04-20,35.43172836303711,36.066032316537544,35.38705969453726,35.86948949353799,47064300
2022-04-21,34.76168441772461,35.92308671531385,34.50260139675453,35.73547628274956,46245900
2022-04-22,33.55561828613281,34.70808497204868,33.50201383711304,34.67235208070325,50409800
2022-04-25,33.31440353393555,33.41267665359925,32.099396614459046,32.95704735479501,64301100
2022-04-26,32.5639533996582,33.537745263349514,32.53714947504245,32.948110041811695,44809900
2022-04-27,32.385276794433594,32.97491204250877,32.313804202908976,32.40314494231475,39824900
2022-04-28,32.88557052612305,33.01064413737367,32.30486772188766,32.814097943693945,39567800
2022-04-29,31.87605094909668,33.17146288296323,31.750977304502886,32.83197484192207,47385200
2022-05-02,32.28700256347656,32.412076186299004,31.625898154843465,32.18872945754446,46652200
2022-05-03,33.17145538330078,33.61814881757308,32.4567465700652,32.46567893923045,48926000
2022-05-04,34.50259780883789,34.618739048919494,33.305459341535894,33.38586429113081,57860300
2022-05-05,33.537750244140625,34.1363179241117,32.93917915616845,33.993376134267784,48860600
2022-05-06,33.45735168457031,33.60922587437713,32.70690629210886,33.3858790719541,50440100
2022-05-09,32.492488861083984,33.10892815995508,32.21554103278091,32.93918242467107,51242000
2022-05-10,31.94751739501953,33.171460030142605,31.4293547108368,32.831972018298174,60235300
2022-05-11,31.777772903442383,32.9838438986259,31.72416846063397,32.072592226887636,54969300
2022-05-12,31.331079483032227,31.65269932435003,30.607434840067157,31.277475040145692,61231500
2022-05-13,31.420412063598633,31.92070989757809,31.05412361257801,31.7420318562997,49117900
2022-05-16,31.09880828857422,31.4204248036814,30.741452061119716,31.26855062221425,39076500
2022-05-17,32.15299987792969,32.35847848055707,31.65270192718412,31.82244423161518,42635600
2022-05-18,31.16133689880371,31.884978126946375,30.91118624235874,31.822441314835295,47396900
2022-05-19,30.777179718017578,31.125600067489376,30.598501654493408,30.63423794879836,47002700
2022-05-20,30.25008201599121,31.250674424042703,29.44603241523512,31.089864503891487,62406500
2022-05-23,32.04579544067383,32.39421587654822,30.964797829883658,31.05413517979965,69081900
2022-05-24,31.849246978759766,32.12619475951365,31.232807785725168,31.68843705083777,46146700
2022-05-25,32.01899337768555,32.403150098254976,31.527631160771545,31.715241631374862,49343400
2022-05-26,32.76050567626953,32.912383266348506,32.46568968423628,32.60863149419213,60201200
2022-05-27,33.073184967041016,33.09998548471262,32.680095939854404,32.95704371046288,43365600
2022-05-31,33.2339973449707,33.52881328514655,32.70689887447355,32.89450932804009,71609200
2022-06-01,32.76050567626953,33.475218134050344,32.31381209415731,33.46628235392722,35237900
2022-06-02,32.97614669799805,32.985130515729885,32.41007020725741,32.71557142458714,35341900
2022-06-03,32.51789855957031,32.9581811094194,32.46398878896497,32.77847387626405,25235200
2022-06-06,32.481956481933594,33.4343988917783,32.43702710758769,32.9761487510683,40394000
2022-06-07,32.661659240722656,32.71557243166273,32.11355722383323,32.25732230537683,29152200
2022-06-08,32.24833297729492,32.44601123701348,31.915876890374374,32.275287857209385,33590600
2022-06-09,31.00836181640625,32.20341194679392,30.999377997607716,32.113560048287724,49419000
2022-06-10,29.80432891845703,30.58605485908033,29.66955106594395,30.26258252884039,49318200
2022-06-13,28.771013259887695,29.44491268638454,28.51942352368885,29.10346935055648,61216600
2022-06-14,28.267841339111328,29.292168192609896,28.061179204425706,28.681167322297892,49349800
2022-06-15,28.7979736328125,29.193330232114324,28.231898760664873,28.73507661522001,51540100
2022-06-16,28.618268966674805,28.753048538938028,27.72872173315924,28.303782155517123,61363400
2022-06-17,28.68116569519043,29.274198892000094,28.429575906053458,28.780003133146018,80470300
2022-06-21,29.51679229736328,29.912148805021946,29.31013022637334,29.552734421264905,53537200
2022-06-22,29.292165756225586,29.597667022879094,29.04057768755694,29.1034747047241,38305600
2022-06-23,28.824934005737305,29.12144804877326,28.088135666644,29.094493161487435,44091500
2022-06-24,29.031593322753906,29.444917549978754,28.06117634304656,28.07914740870377,79504700
2022-06-27,29.067529678344727,29.29216283946835,28.67217654871396,29.130426689248942,47900300
2022-06-28,28.98666000366211,30.10084192950851,28.92376299622875,29.498826736180657,49863800
2022-06-29,28.62725257873535,29.14839976615991,28.447545351901613,28.9597087204181,35149700
2022-06-30,27.971324920654297,28.34870875995499,27.531044060439367,28.00726705478545,46312300
2022-07-01,28.357690811157227,28.456529954065147,27.522055147192262,27.83654192695968,40236100
2022-07-05,28.070159912109375,28.070159912109375,27.36032000646105,27.67480506438529,47411800
2022-07-06,27.83654022216797,28.079144441457757,27.53103899353971,27.863496817805157,35933700
2022-07-07,28.62725257873535,28.76203042813796,28.276823657791073,28.303780255960675,40137900
2022-07-08,28.564355850219727,28.97768007674513,28.357692023141876,28.762030716853882,31153800
2022-07-11,28.267841339111328,28.564358811245466,28.115092406894817,28.34870942899967,29311900
2022-07-12,28.17798614501953,28.780001411419036,27.836542757773255,27.87248488856344,39527000
2022-07-13,27.71074867248535,27.989293330294416,27.31539380365579,27.917410782672235,44153700
2022-07-14,27.072786331176758,27.153654401825694,26.6594621601399,27.036845918563294,51707800
2022-07-15,28.977676391601562,29.31911973982811,27.504083473906785,27.540023886774623,77801700
2022-07-18,28.98666000366211,29.993018977855577,28.842894925581593,29.723459884908333,56382900
2022-07-19,29.966062545776367,30.208666772910373,29.364047314748685,29.561725594849737,46874900
2022-07-20,29.975051879882812,30.05591996122758,29.606653604341158,29.813315717193277,35514900
2022-07-21,30.235628128051758,30.253595766570296,29.606654523360753,29.732448558772877,31244000
2022-07-22,30.037944793701172,30.496194906990066,29.73244357563197,30.190693688920863,27115400
2022-07-25,30.307506561279297,30.53213972887932,30.046931264232043,30.352432509273278,30381000
2022-07-26,29.696504592895508,30.352433042495097,29.61563651403363,30.019976908343015,30645700
2022-07-27,30.18170928955078,30.343445427037143,29.606648990768054,29.867224259788276,30344800
2022-07-28,29.939109802246094,30.325479144069853,29.561727707049098,30.10084596522489,40176500
2022-07-29,30.379390716552734,30.496197495412645,29.966063084579623,30.073889472553535,48152500
2022-08-01,30.28953742980957,30.451273595014936,29.84925831268523,30.208669347206886,32336700
2022-08-02,29.68752098083496,30.29852348590429,29.65157885050613,30.190697094917795,37884100
2022-08-03,30.226634979248047,30.325474109953095,29.804323576282744,30.028956717837954,30065800
2022-08-04,30.0109920501709,30.253592850723575,29.804326523191854,30.118815009042095,28404500
2022-08-05,30.514163970947266,30.846623475755294,29.86722287854998,29.90316157483957,35874500
2022-08-08,30.091859817504883,30.810685248654845,30.05591768903988,30.70285886325983,33454300
2022-08-09,30.47822380065918,30.514165926882225,30.019973688019718,30.235623017728166,40196900
2022-08-10,31.511537551879883,31.835009831620653,30.954448307676223,30.999374251500264,61415800
2022-08-11,32.26630783081055,32.40108910147794,32.03269084630118,32.14051380625703,50420800
2022-08-12,32.61674118041992,32.625728428230865,32.06863560339771,32.49094713211267,31821700
2022-08-15,32.57180404663086,32.61672998737616,32.050653536622576,32.20340584831208,24908000
2022-08-16,32.922237396240234,33.19179651921306,32.43702891831103,32.5178969979659,31870200
2022-08-17,32.71556854248047,32.87730466844379,32.41905459663404,32.52687753806642,27125600
2022-08-18,32.59876251220703,32.706588895014754,32.3471744742489,32.57180763032007,23138300
2022-08-19,31.87993049621582,32.374122651703004,31.72718162698292,32.31122565523896,36485400
2022-08-22,31.197059631347656,31.286911539484667,30.954455366221026,31.224014518262642,31210300
2022-08-23,30.91850471496582,31.42168417376456,30.873578773272815,31.15212166834724,26588000
2022-08-24,31.017349243164062,31.26893730254827,30.595037776943222,30.774745002630617,31389400
2022-08-25,31.574440002441406,31.700234037888517,30.954453644467602,31.089231499176485,40576700
2022-08-26,30.577064514160156,31.879937522223695,30.568080695955025,31.843995394143185,36152600
2022-08-29,30.46026039123535,30.684893569850274,30.199685081410777,30.424318260025697,34931000
2022-08-30,30.63097381591797,30.80169376117269,30.136781614282043,30.71184188001327,48194900
2022-08-31,30.199684143066406,30.882567476680347,30.190696896728095,30.67590537009152,44917600
2022-09-01,30.27203941345215,30.29012888532628,29.53943132851283,30.154459571377302,32848900
2022-09-02,30.235858917236328,31.185533715475955,30.091146599887566,30.688085340227943,44000800
2022-09-06,29.901206970214844,30.507188612293177,29.494202572438933,30.425787732737994,40762400
2022-09-07,30.36248779296875,30.45293171544175,29.512303190993336,29.675105011616317,40742600
2022-09-08,31.339290618896484,31.411645048136208,30.091144800035547,30.26298958841678,44361800
2022-09-09,31.601579666137695,31.881961276890806,31.511135766005015,31.63775860627622,37295100
2022-09-12,31.900056838989258,32.22566046199,31.682986606917336,31.836745406762926,30534000
2022-09-13,30.75139617919922,31.402603320003596,30.579551383804166,31.275980476005795,40959600
2022-09-14,30.633819580078125,31.13126799840188,30.33535190916951,30.932290701200838,32004400
2022-09-15,31.21266746520996,31.565406987657667,30.480062838328735,30.561463735783754,44863300
2022-09-16,30.859933853149414,30.95942423021631,30.4438863219735,30.92324528397122,54281800
2022-09-19,31.375471115112305,31.538272919647568,30.416753210864783,30.49815411313242,29782000
2022-09-20,30.9051513671875,31.45686814234745,30.642862670158994,31.20362245547287,33591100
2022-09-21,29.982608795166016,31.11317468562909,29.955472867649867,31.031773803507217,51667800
2022-09-22,29.39472007751465,30.22681511283691,29.295229703679574,30.127328189215937,47527500
2022-09-23,28.698291778564453,29.023895393609518,28.227975829078712,28.879183059168845,55316100
2022-09-26,28.065174102783203,28.779690996593764,27.748615242821078,28.327464546678446,40360200
2022-09-27,27.649126052856445,28.37268943869265,27.40492334544521,28.28224379982474,43396600
2022-09-28,28.101354598999023,28.318423113260824,27.486326279370317,27.61295087318677,38372900
2022-09-29,27.730525970458984,27.947594460968393,27.323521472561957,27.75766017868779,35220900
2022-09-30,27.31447982788086,28.209888042936207,27.287345618294783,27.820972997737933,42294100
2022-10-03,28.119441986083984,28.29128852736853,27.314479423136355,27.667215516993032,34591700
2022-10-04,29.28618621826172,29.412809073741624,28.634979018406156,28.689245710025112,39758700
2022-10-05,28.87013816833496,28.969626819539283,28.44504590382573,28.526446807151956,35791100
2022-10-06,28.454092025756836,28.83396237443689,28.363648101157956,28.580716625388376,40891900
2022-10-07,27.81192398071289,28.255105651766716,27.612944983027553,28.191794230917147,52304600
2022-10-10,27.730525970458984,28.083262051898394,27.450146052522705,27.947594460968393,37669100
2022-10-11,26.925565719604492,27.558681772679435,26.74467443295042,27.46823785445956,58124000
2022-10-12,27.006961822509766,27.41396455742938,26.663268784019227,26.80798109756045,36137900
2022-10-13,28.6621150970459,28.734471265628272,26.50951606278275,26.599961704787503,67671000
2022-10-14,28.67115592956543,29.512297352988085,28.55357609343812,28.770644569626725,58108500
2022-10-17,30.4077091217041,30.633822373397766,29.729369366623104,30.17255285803703,88896800
2022-10-18,31.547311782836914,31.98144867362935,31.004638081686384,31.63775567458868,81937900
2022-10-19,30.679039001464844,31.50209440678291,30.543373144156956,31.27598119438928,43139900
2022-10-20,30.48006248474121,31.32120393194733,30.3805721167599,30.733308184901713,39549100
2022-10-21,31.610633850097656,31.692034760192215,30.3534446999152,30.3534446999152,54870300
2022-10-24,31.719161987304688,31.891006791136753,31.393558400916433,31.75534093028425,33765600
2022-10-25,32.008583068847656,32.18043130377062,31.230753132412296,31.42069083681207,37132300
2022-10-26,32.28896713256836,32.641703188729814,31.972406567905526,32.03571799079534,41104600
2022-10-27,32.44273376464844,32.89496034299676,32.352289829064766,32.69598299466969,35261900
2022-10-28,32.723106384277344,32.831639766835195,32.234700987445976,32.59648352959084,31659100
2022-10-31,32.596473693847656,32.8587657852473,32.38845000245886,32.56029476050709,32565500
2022-11-01,32.74119186401367,33.24768322099917,32.65979097446763,32.95825860266071,29913200
2022-11-02,32.64170837402344,33.71800618433912,32.51508550812916,32.623618900293636,57380600
2022-11-03,32.460811614990234,32.68692482317513,32.026674669300874,32.28896681884666,30046500
2022-11-04,33.27483367919922,33.46476802099649,32.75929563705513,33.01254142611816,39369400
2022-11-07,33.47380447387695,33.77227562409905,33.22055873445052,33.47380447387695,37533700
2022-11-08,33.564247131347656,33.84462531770244,33.238643540548864,33.546157659612845,32664300
2022-11-09,33.030616760253906,33.42857475126409,32.9130369298729,33.356220321177524,30164400
2022-11-10,34.486785888671875,34.56818677787462,33.591376107441626,33.73608841600056,45702800
2022-11-11,34.74003219604492,34.91187698738301,34.342074202845,34.54105147433813,35688700
2022-11-14,34.152137756347656,34.6043641768249,34.14309474603217,34.45060884996525,35541400
2022-11-15,34.097869873046875,34.64054015104643,33.736087387571516,34.541049795030034,46082800
2022-11-16,33.79035568237305,34.134048697403074,33.6456433787099,34.016468872485056,23813000
2022-11-17,33.6185188293457,33.6456547674896,33.066805356901206,33.3562300621954,23689700
2022-11-18,33.63660430908203,34.23354312411904,33.39240159608313,34.17927815470655,32041800
2022-11-21,33.745140075683594,33.93507436301836,33.51902684308103,33.54615932692482,27935700
2022-11-22,33.90793228149414,34.18831040242292,33.85366387895318,33.99837616884927,23499300
2022-11-23,34.016475677490234,34.061697634516605,33.79940545346382,33.90794229058411,18934700
2022-11-25,34.097869873046875,34.25162518673514,33.97124703819454,34.11595934234199,16118500
2022-11-28,33.338138580322266,34.06170030000891,33.31100609402603,33.82654403494116,35428300
2022-11-29,33.464759826660156,33.600429151989076,33.211514099608046,33.44667035326868,27048800
2022-11-30,34.23353576660156,34.23353576660156,32.741190774852946,33.37430840023728,51747900
2022-12-01,33.25102233886719,34.28812619557697,33.11456331426008,34.11527670958714,46213200
2022-12-02,32.823448181152344,33.014492907246144,32.57781776029506,32.80525294956452,42295300
2022-12-05,31.358762741088867,32.65059285700983,31.058546647160984,32.577815406302825,71386600
2022-12-06,30.021442413330078,31.54980703200316,29.484695273791495,31.449735002030415,84085700
2022-12-07,29.784914016723633,29.94866416080932,29.430112205112135,29.648451514535704,49234100
2022-12-08,29.511985778808594,30.012345918417655,29.275454734035844,29.994150688760488,45491100
2022-12-09,29.457401275634766,29.657541845571153,29.184479792714285,29.21177089989085,36985500
2022-12-12,29.77581214904785,29.82129848913745,29.166287556999585,29.39372272783287,41060500
2022-12-13,29.79400634765625,30.63096608156125,29.630252752694805,30.52179817504868,54804800
2022-12-14,29.36642837524414,30.02144278284776,29.25726046410531,29.83949395069283,48819500
2022-12-15,28.902463912963867,29.10260625238745,28.647735879448863,28.88426868160006,49027600
2022-12-16,28.83877944946289,29.048019383607794,28.52036987326396,28.766000266491073,61795200
2022-12-19,29.166288375854492,29.320942630578163,28.866072276140926,28.89336512207653,38374100
2022-12-20,29.28455352783203,29.639355335875955,29.23906718435529,29.475601723051238,35561100
2022-12-21,29.730321884155273,29.90317134183141,29.484691515635603,29.584763532853046,32544000
2022-12-22,29.46649932861328,29.63935227451119,28.99343550566114,29.584766585745765,30234400
2022-12-23,29.539281845092773,29.63935387805085,29.284552087458014,29.475600273280428,21378600
2022-12-27,29.593862533569336,29.721225670597065,29.366427368766903,29.566571424316308,22776100
2022-12-28,29.812198638916016,29.994147445427952,29.593859377024724,29.63024983240408,30541000
2022-12-29,30.148801803588867,30.16699703135602,29.794003538091488,29.921366662076718,22252900
2022-12-30,30.130611419677734,30.29436502552262,29.894080361449237,30.112416188985478,28198900
2023-01-03,30.48539924621582,31.013050343466887,30.212477820568537,30.23067304499625,35221500
2023-01-04,31.05855369567871,31.677177783814567,30.776536238407385,30.840217823622595,41998500
2023-01-05,30.994869232177734,31.058550811479265,30.549098177067034,30.858406722025435,34177000
2023-01-06,31.304174423217773,31.458832132367412,30.512701059878534,31.01305770404966,34068700
2023-01-09,30.83111000061035,31.62258339253805,30.66735640636529,31.613487513028954,43818800
2023-01-10,31.040355682373047,31.176818192980832,30.603680506968264,30.69465667083539,35096000
2023-01-11,31.276884078979492,31.3314662961656,30.931181665131948,31.040349569889287,36783700
2023-01-12,31.358762741088867,31.72265693539455,31.25869070977957,31.47702653228592,44230400
2023-01-13,32.05016326904297,32.19572163688888,30.103318797709463,31.113131492934002,89667800
2023-01-17,31.40424919128418,31.686270055924172,31.067646106019595,31.558903443567655,56458400
2023-01-18,30.676454544067383,31.240492751742654,30.485406378074043,31.23139687259298,54517800
2023-01-19,30.230682373046875,30.521799112949537,29.92137040310213,30.276168712959425,42707100
2023-01-20,30.794723510742188,30.83111397423904,30.103322056229985,30.29436678401006,45004400
2023-01-23,31.222299575805664,31.395149054093807,30.703747670555984,30.758333360197884,33683300
2023-01-24,31.449737548828125,31.64988162498127,30.88569925376129,31.13132967348045,26716700
2023-01-25,31.722654342651367,31.804531136995656,31.15861613182684,31.204102468599213,28859700
2023-01-26,32.150238037109375,32.15933391758125,31.64988132190347,31.88641238841308,30035500
2023-01-27,32.250308990478516,32.55052162135941,32.086555384403326,32.241209639926886,29964900
2023-01-30,32.11384582519531,32.35038034920631,32.004677913551575,32.031969023866175,27353500
2023-01-31,32.2775993347168,32.2775993347168,31.84092421901652,31.99557847086679,38917400
2023-02-01,32.67789077758789,32.98720281592301,31.941002885073374,32.02287970317344,44438700
2023-02-02,32.868934631347656,33.09636982135346,32.24121128588484,32.84164004868476,33729100
2023-02-03,33.14185333251953,33.442065953066404,32.65969188144275,32.76885979160658,37411700
2023-02-06,33.08727264404297,33.150954223797385,32.73247427958672,32.97810471737623,29463200
2023-02-07,33.45116424560547,33.660404179464024,32.86893078262772,32.905317771274945,44100200
2023-02-08,33.20553970336914,33.514851718873494,33.05998131197803,33.12366289131253,28032800
2023-02-09,32.49593734741211,33.06907146209535,32.35037898124705,32.99629401420542,35257100
2023-02-10,32.36857604980469,32.377671929913255,31.86821588419871,32.3412814687082,32898900
2023-02-13,32.4322509765625,32.550514745669346,32.19571649757944,32.27759328332209,29163900
2023-02-14,32.40495681762695,32.7415633135542,32.25939847114494,32.414056166373484,33625200
2023-02-15,32.350379943847656,32.39586628393048,31.986482282414475,32.13204065291069,23500100
2023-02-16,32.09564971923828,32.44135214546172,32.041067500098166,32.22301285774554,22681100
2023-02-17,32.159332275390625,32.19572273619094,31.60439336491991,31.913705340951882,28562700
2023-02-21,31.40424919128418,31.88641064885659,31.176814017654127,31.759047506885413,37068900
2023-02-22,31.19500732421875,31.43153836323777,30.994863273243723,31.258688891277146,38550400
2023-02-23,31.16771125793457,31.47702319905199,30.803817102163165,31.29507785635877,28488000
2023-02-24,31.12222671508789,31.195007632665764,30.78562364725312,30.803818876647593,27046600
2023-02-27,31.12222671508789,31.558901809399654,31.085836256298954,31.34056599743635,30137500
2023-02-28,31.204105377197266,31.37695833158332,31.094937464690798,31.249591718209512,32620600
2023-03-01,31.05855369567871,31.37696509214088,30.912995290845927,31.06765304807295,29281600
2023-03-02,30.66482162475586,30.857105415259714,30.21615595401997,30.820478933384628,44607200
2023-03-03,31.278297424316406,31.397331736147503,30.811322036199527,30.811322036199527,39109100
2023-03-06,31.21419906616211,31.644551415786633,31.122636371425916,31.351546601159313,36646700
2023-03-07,30.216156005859375,31.040234384994783,30.03302708906333,30.994449536125597,52855300
2023-03-08,29.813278198242188,30.188690943837493,29.703398741316306,29.90484091945317,40045600
2023-03-09,27.96368408203125,29.65761896519164,27.75308527123249,29.55689787074211,112457900
2023-03-10,27.716455459594727,28.42149949886565,26.480339672426155,27.762236814270818,165330900
2023-03-13,26.10492515563965,27.212849928875965,25.518915473692946,26.480337826442582,218403300
2023-03-14,26.333837509155273,27.5516400682419,26.06830075928647,27.460075611513112,154255800
2023-03-15,26.086610794067383,26.150705381966752,25.34494210395872,25.52806924846455,131104400
2023-03-16,26.5261173248291,26.983937793478564,25.738667306335643,25.985889032107018,108348800
2023-03-17,25.47313690185547,26.242275619295203,25.2900097169322,26.242275619295203,130665500
2023-03-20,25.409040451049805,26.03167667666918,25.31747599202693,25.857704379170404,81441200
2023-03-21,26.178176879882812,26.535276318524787,26.10492566820121,26.21480161250029,84854800
2023-03-22,25.308320999145508,26.31552662028038,25.308320999145508,26.2880567568728,76925900
2023-03-23,24.694839477539062,25.720358262994964,24.530025548961962,25.637950425483027,105335900
2023-03-24,24.85049819946289,24.98784575777537,24.099672797913264,24.35605292745691,96872700
2023-03-27,26.086610794067383,26.233113208250664,25.555539106041365,25.57385234442591,102469800
2023-03-28,25.747825622558594,26.233114233591113,25.619634695302885,25.985890745076468,63416500
2023-03-29,26.251428604125977,26.342993057127444,25.85770267873234,26.08661293801267,62666400
2023-03-30,25.91263771057129,26.608525029365854,25.73866719070751,26.480335857582755,67427100
2023-03-31,26.187335968017578,26.2605871866037,25.876017852414854,26.205649209275812,56482100
2023-04-03,26.178176879882812,26.535276318524787,25.940110005305947,26.22395823226632,51996800
2023-04-04,25.619640350341797,26.233120024043767,25.326635445847778,26.14155555477764,56233300
2023-04-05,25.308320999145508,25.55554453047302,25.14350531159383,25.326634241417228,47799400
2023-04-06,25.49144744873047,25.647106500001144,25.29000704268178,25.381569752237805,41216600
2023-04-10,25.583009719848633,25.7295121383625,25.317472994763122,25.335786233689003,40572700
2023-04-11,26.288055419921875,26.324681902602578,25.601324587680068,25.656264311701122,58761200
2023-04-12,26.077457427978516,26.56274782702858,25.97673809719209,26.260586341775795,44313300
2023-04-13,26.15070915222168,26.22396036987425,25.857704281611408,26.15070915222168,52261400
2023-04-14,27.02972412109375,27.350198836767955,26.782500619306788,26.8282819730688,81110800
2023-04-17,27.80802345275879,27.844648191869226,26.91985038890852,27.258638394526585,83704400
2023-04-18,27.981992721557617,28.320780711457207,27.28610524627628,28.201746385365375,114498800
2023-04-19,27.524171829223633,27.652362774776623,27.276950051868493,27.588266428776702,65594200
2023-04-20,27.377670288085938,27.679831800513476,27.258637705925295,27.322732307584637,43193800
2023-04-21,27.350202560424805,27.45092190170325,26.929006713393438,27.24032485141103,44759000
2023-04-24,27.249483108520508,27.37767232135949,27.093824030167298,27.276952974034735,28020300
2023-04-25,26.407087326049805,27.03888012291099,26.388774086385038,26.96562891069858,49718800
2023-04-26,26.040828704833984,26.498649172763468,25.912637786230118,26.333833524877416,45848400
2023-04-27,26.452869415283203,26.62684170404902,26.114083204285603,26.114083204285603,33060100
2023-04-28,26.809968948364258,26.94731474825344,26.1049249634341,26.123238202471754,45592500
2023-05-01,26.590219497680664,27.048040066884973,26.55359301384982,27.01141358305413,34076800
2023-05-02,25.78445053100586,26.42539993233682,25.37241138065787,26.416243312723907,70797700
2023-05-03,25.50975799560547,26.0957676578307,25.463974899215028,25.78444958816191,51139500
2023-05-04,24.713151931762695,25.463977319463332,24.566649502281923,25.253380295390564,82173800
2023-05-05,25.37241554260254,25.53723122977715,25.15266187518536,25.290009445462136,50087100
2023-05-08,25.354103088378906,25.77529716506138,25.32663322607259,25.711202566126815,34245500
2023-05-09,25.326635360717773,25.48229443401288,24.942065988250274,25.106881683085913,32188800
2023-05-10,25.015316009521484,25.63795227271902,24.74062436232111,25.601325788320622,44446400
2023-05-11,25.079408645629883,25.17097310300428,24.61243148482256,24.7314658033433,34897300
2023-05-12,24.804718017578125,25.225912093414934,24.612432474713657,25.19844397761061,38142000
2023-05-15,25.31747817993164,25.473137249788344,24.749781628534443,24.81387623145539,38722800
2023-05-16,25.05194091796875,25.54638620111456,25.02447105639801,25.436510247725177,33347500
2023-05-17,26.159862518310547,26.251426965596856,25.390723955420047,25.399880574793336,61750400
2023-05-18,26.068296432495117,26.095766288888356,25.63794582767979,26.04082832254834,51146100
2023-05-19,25.738672256469727,26.251430790967277,25.66542103725579,26.05914524900143,50062500
2023-05-22,25.949264526367188,26.04998558920084,25.647103084312732,25.91263805026531,36473700
2023-05-23,26.169025421142578,26.626846021055112,25.912645256470643,25.930958499614423,51400400
2023-05-24,25.72951316833496,26.104925849110643,25.637948716486747,25.94011018507319,50606900
2023-05-25,25.793607711791992,25.857702304030227,25.528070976580278,25.62879204806702,40517800
2023-05-26,25.92180061340332,26.004208457082928,25.445668540022915,25.82108127392028,57879100
2023-05-30,25.87601661682129,26.08661364189442,25.59216837665982,25.93095459152586,41819600
2023-05-31,25.44566535949707,25.78445156654792,25.16181537943679,25.729513593110667,61905200
2023-06-01,25.639482498168945,25.824070944203065,25.233385100281605,25.62102312545073,57426100
2023-06-02,26.497825622558594,26.719334602981167,25.953288140200378,25.990205130015543,66578100
2023-06-05,26.34092903137207,26.599353268854035,26.119420027268827,26.599353268854035,34757800
2023-06-06,26.97775650024414,27.162346714645178,26.257858536922146,26.267086463297723,46297900
2023-06-07,27.208492279052734,27.365393426783598,26.774707581388668,27.04236144493974,44502600
2023-06-08,26.97775650024414,27.116198280853546,26.756249299192547,27.023904934035777,41483100
2023-06-09,27.014677047729492,27.13465946281873,26.839316508399495,26.95007099649814,32692000
2023-06-12,26.885465621948242,27.282333413067207,26.682417762475225,27.042366800753808,41011300
2023-06-13,27.134662628173828,27.503841364263884,26.793172957434177,26.885466321169385,42718800
2023-06-14,26.876237869262695,27.439234770683115,26.756253682132595,27.29156327912533,38322800
2023-06-15,27.10697364807129,27.199267006103025,26.479368955310868,26.673187119637074,42044900
2023-06-16,26.940841674804688,27.393085799945506,26.913152612308473,27.25464400823022,53050200
2023-06-20,26.64550018310547,26.802401358455022,26.377844512057354,26.774712294434632,39040900
2023-06-21,26.36861228942871,26.765480033657994,26.340924988452688,26.562432198174957,39553400
2023-06-22,25.805614471435547,26.331696090727938,25.750238107440563,26.30400702853901,50742900
2023-06-23,25.611791610717773,25.741003689755736,25.464120160279375,25.602561925017557,55181100
2023-06-26,25.92559814453125,26.100958680895303,25.64871456954198,25.657942496376496,47519300
2023-06-27,26.064044952392578,26.211716455548544,25.79639101306608,25.934832827226902,39081800
2023-06-28,25.907140731811523,26.09173096937029,25.75023955800146,26.073271593537818,37803800
2023-06-29,26.451677322387695,26.7654796382879,26.211710741970904,26.304005851420868,68376400
2023-06-30,26.479368209838867,26.867006287961097,26.46090883459902,26.71010511918822,50479000
2023-07-03,26.9500675201416,27.08850929211981,26.442445342377987,26.488593773292482,30995800
2023-07-05,26.83931541442871,27.15311773080428,26.719333004229956,26.894691776029457,37492000
2023-07-06,26.10095977783203,26.599350585834998,25.934828921703403,26.580891210624504,52098000
2023-07-07,26.331695556640625,26.599349444173264,26.110188344770663,26.11941627159693,34288000
2023-07-10,26.451677322387695,26.62703785430435,26.27631679047104,26.387071273887557,36086000
2023-07-11,26.783939361572266,26.83931572381135,26.23017045803298,26.45167766737213,40978700
2023-07-12,27.097742080688477,27.586903181707083,27.014676655914972,27.236183868516708,41855500
2023-07-13,27.38385581970215,27.568446046937783,27.143889228448973,27.245414029466858,39589000
2023-07-14,26.867006301879883,27.78072425213073,26.811628176131652,27.688429136266592,58720300
2023-07-17,27.134662628173828,27.28233412260985,26.876238393102323,26.903925698069656,49477200
2023-07-18,28.33449363708496,28.482165120660483,27.614593834367074,27.688429576154835,98253800
2023-07-19,29.10053825378418,29.257439415078274,28.32526213449371,28.509850596944926,70619800
2023-07-20,29.24820899963379,29.349732035320102,28.851341262690358,28.91594731095877,42128800
2023-07-21,29.515867233276367,29.635851420943588,28.99901701051038,29.414344182615306,70872400
2023-07-24,30.134244918823242,30.31883164898221,29.51586810633887,29.534327483508008,64548600
2023-07-25,29.672765731811523,30.26345161225399,29.598928236373432,30.235760791081923,51208800
2023-07-26,29.91273307800293,30.0327172578454,29.672768239083855,29.75583366808774,41814600
2023-07-27,29.488176345825195,30.217305790399596,29.3681921727364,29.93119076865421,45529500
2023-07-28,29.44202995300293,29.68199655545016,29.266669404987077,29.672768628002494,33296500
2023-07-31,29.534326553344727,29.765063479542732,29.331278692028377,29.442031430788916,29093400
2023-08-01,29.183603286743164,29.478946231011577,28.999013066384002,29.386651120831996,32712000
2023-08-02,28.786739349365234,28.869804783465554,28.408330931967352,28.759050284537448,38855100
2023-08-03,28.989782333374023,29.118994426733767,28.500619499339244,28.55599761967863,27933400
2023-08-04,28.88825798034668,29.22974935278299,28.768275571880437,28.943636101530583,30768100
2023-08-07,29.423568725585938,29.442028100085444,28.98978398714457,28.98978398714457,31745200
2023-08-08,28.860572814941406,28.897489804745305,28.131443342198256,28.888260117198605,45951800
2023-08-09,28.482168197631836,28.86980632399045,28.45447913132653,28.81442819137984,30732100
2023-08-10,28.555999755859375,28.906719075664597,28.42678589245082,28.620605807372215,26062600
2023-08-11,28.879030227661133,28.980553263010382,28.38063769630329,28.426784370518153,35720700
2023-08-14,28.546768188476562,28.712899030216263,28.38063734673686,28.65752090938119,32563700
2023-08-15,27.633052825927734,28.19604968909255,27.54075770987981,28.149903011260047,43406100
2023-08-16,27.033140182495117,27.54076073595987,26.95930267323744,27.457695298428096,47220400
2023-08-17,27.02390480041504,27.263871373796764,26.867003647064784,27.1715762670526,37202200
2023-08-18,26.867006301879883,27.088513523724068,26.74702212314163,26.80240024888986,31430400
2023-08-21,26.9039249420166,27.042366744112,26.58089289687198,26.96853099896892,34959000
2023-08-22,26.248632431030273,26.98698986859643,26.230173054995372,26.885465060787464,37564200
2023-08-23,26.257862091064453,26.313238458727152,26.008665796007826,26.257862091064453,44686600
2023-08-24,26.41476058959961,26.571661749062976,26.184023693940706,26.211710994774776,31934800
2023-08-25,26.304006576538086,26.571662225283113,26.119416352549592,26.433218677100324,34253200
2023-08-28,26.543977737426758,26.76548498815169,26.368617170459174,26.479371676013212,33075200
2023-08-29,26.922382354736328,27.005447782011558,26.507055218360186,26.663956385393075,30428200
2023-08-30,26.802400588989258,27.014678125902353,26.70087578421215,26.968529687193243,33366400
2023-08-31,26.68141746520996,26.96060842656177,26.551128586586163,26.923383793406188,37243000
2023-09-01,26.969913482666016,27.109508955340143,26.765173574414153,26.765173574414153,35228600
2023-09-05,26.662803649902344,27.100205061060365,26.52320817242645,26.93268977806817,46543600
2023-09-06,26.420835494995117,26.57904416517694,26.16956436298502,26.430142096188483,45022600
2023-09-07,26.178871154785156,26.56973955899166,26.113726716592875,26.4394506826071,35023600
2023-09-08,26.392921447753906,26.41153287789543,26.02066444407633,26.16956831057913,36513900
2023-09-11,26.504594802856445,26.765174327552533,26.430143763665104,26.532514608197992,34168300
2023-09-12,26.960609436035156,27.118818126739004,26.430145524573103,26.485983363923605,42284000
2023-09-13,26.876850128173828,27.165349459600037,26.709336620476645,27.100205021875666,37215700
2023-09-14,27.174652099609375,27.398005185695578,27.08158786997699,27.146732298203897,44634800
2023-09-15,26.839622497558594,27.072282192041556,26.75586486554052,26.941993331147927,61661100
2023-09-18,26.76517677307129,26.80240140854176,26.51390382719705,26.80240140854176,25752300
2023-09-19,26.662803649902344,26.93268977806817,26.532514774265216,26.765174495075975,34888100
2023-09-20,26.56973648071289,26.960604839634723,26.551125054137646,26.81170277671713,26641100
2023-09-21,26.104419708251953,26.606965552286823,26.076501678062982,26.392919037258395,39906000
2023-09-22,25.72286033630371,26.23471283032884,25.685635700859002,26.123035373888808,41284400
2023-09-25,25.68563461303711,25.704247817497645,25.452974882439044,25.59257036578731,32749200
2023-09-26,25.285457611083984,25.59256836040676,25.13655553717311,25.443666286495883,42237400
2023-09-27,25.378520965576172,25.694938305360054,25.192392492155296,25.341294560870924,38296300
2023-09-28,25.648405075073242,25.722856108779666,25.28545650763602,25.28545650763602,36734300
2023-09-29,25.480892181396484,26.048582475749253,25.378523109912823,25.955518231175432,40645900
2023-10-02,24.84805679321289,25.46227826225387,24.736379355636053,25.378520627834405,50388600
2023-10-03,24.112852096557617,24.680542354482732,24.029094459321037,24.6526225503863,62144500
2023-10-04,24.140771865844727,24.20591630025642,23.80574131738149,24.08493225773238,55696400
2023-10-05,24.25244903564453,24.280368841431763,23.78712958950755,23.991871281841625,49044100
2023-10-06,24.261754989624023,24.41065706640696,23.70337131416163,23.98256403941921,58177300
2023-10-09,24.485109329223633,24.531642339953255,23.936032227984107,23.973258636567806,39953700
2023-10-10,25.13655662536621,25.40644098036853,24.727075016857963,24.76430142447363,51960100
2023-10-11,25.14586639404297,25.53673484796784,25.034188932184563,25.2854618900762,38508200
2023-10-12,25.03418731689453,25.201702611346974,24.76430294531787,25.099331759169832,44249800
2023-10-13,24.90389633178711,25.797308793440013,24.680543216373884,25.527424444627155,55089700
2023-10-16,25.117944717407227,25.294766612598348,24.91320479011686,25.27615340783025,56817500
2023-10-17,25.704242706298828,25.93690239063333,24.866666422652603,25.173777134972045,95344200
2023-10-18,25.41575050354004,26.095118320189453,25.322686248856954,25.62979882182704,68371100
2023-10-19,25.090023040771484,25.853148403926102,25.01557200229942,25.359909164640698,58611000
2023-10-20,24.485109329223633,25.071412839046857,24.41996488925502,24.941122184056773,62058400
2023-10-23,23.79643440246582,24.39204268072755,23.74990317137138,24.317591645944834,59857200
2023-10-24,23.703371047973633,24.075628010803314,23.638226611994266,23.95464396536784,55975700
2023-10-25,23.77782440185547,23.870888651628782,23.43348898526302,23.61961570975672,45522400
2023-10-26,24.308286666870117,24.53163976981339,23.675451987671188,23.72198321847295,60921000
2023-10-27,23.424179077148438,24.261753656803442,23.228744002699084,24.261753656803442,64709300
2023-10-30,23.908111572265625,23.99186920733222,23.5265498014301,23.563774430874883,41891900
2023-10-31,24.513031005859375,24.55025564223023,23.93603405416065,23.954647259872576,50106700
2023-11-01,24.568862915039062,24.77360457832312,24.336203224981773,24.60608931747346,44046300
2023-11-02,25.704242706298828,25.741467332765037,24.745684167821775,24.857359822272922,63278300
2023-11-03,26.448759078979492,26.92338515736475,26.178872930954316,26.206792738525074,62613600
2023-11-06,26.365001678466797,26.774483318078385,26.076504097742994,26.57904821335694,45548000
2023-11-07,26.2067928314209,26.29985708193371,26.011359502891647,26.104421978351517,33081900
2023-11-08,25.955516815185547,26.244016135130746,25.75077690833488,26.206789729310955,31896000
2023-11-09,25.620487213134766,26.132337851307074,25.49950317316865,26.123031250151783,32267900
2023-11-10,25.76008415222168,25.84384179235232,25.44366679507322,25.834535190665274,32858500
2023-11-13,25.77869415283203,25.918289610688728,25.51811466312766,25.629792094444547,28521800
2023-11-14,27.193267822265625,27.37008970900129,26.495288652314787,26.523208458131837,66676300
2023-11-15,27.565523147583008,27.667892212671457,27.174654764833598,27.174654764833598,46968900
2023-11-16,27.491069793701172,27.639971853141386,27.19326389976818,27.388698962191313,36952800
2023-11-17,27.900558471679688,27.919171678811647,27.500383393608217,27.64928550055763,38493300
2023-11-20,27.92847442626953,28.151827555855093,27.68650809212195,27.900554619426504,46783400
2023-11-21,27.60274887084961,27.909859628378914,27.500378026655582,27.909859628378914,41611900
2023-11-22,27.5748291015625,27.723732954699276,27.47246003228775,27.677199945890038,41422700
2023-11-24,27.66789436340332,27.816796446972806,27.43523463594439,27.43523463594439,15815600
2023-11-27,27.50968360900879,27.630667652219067,27.463152377037282,27.546910014628175,42039500
2023-11-28,27.48176383972168,27.593439499403168,27.286328772700163,27.48176383972168,29705800
2023-11-29,28.207666397094727,28.486859150289902,27.74234691682238,27.80749136005204,57954900
2023-11-30,28.601652145385742,28.657935643800805,28.179523223442548,28.338992837415198,52547700
2023-12-01,29.042543411254883,29.126969555177613,28.47032395593659,28.51722657401802,46133300
2023-12-04,28.91121482849121,29.080067117383507,28.629795539817515,28.639176421336,37811300
2023-12-05,28.686079025268555,28.883073958617143,28.451562355085123,28.779886051185965,45723100
2023-12-06,28.639175415039062,29.567861182095193,28.554749273559402,28.873692077100312,49803100
2023-12-07,28.761123657226562,29.014402084881354,28.648556659971206,28.69545927729091,32699600
2023-12-08,29.042543411254883,29.211395699100347,28.714221506244463,28.770505005786223,34794300
2023-12-11,28.939355850219727,29.155110745385393,28.80802530554576,29.00502022794666,32254000
2023-12-12,28.836170196533203,28.94873898799794,28.56413178342547,28.86431284170445,34566700
2023-12-13,30.055654525756836,30.140080662340875,28.732978982346907,28.84554776086564,60311100
2023-12-14,31.837982177734375,31.95993184942594,30.552831814100088,30.59973443292286,107190000
2023-12-15,31.51903533935547,31.913025159778403,31.228236992684238,31.72541112997891,83771800
2023-12-18,31.35956573486328,31.697270272758928,31.340803974042412,31.62222322947546,40694700
2023-12-19,31.43461036682129,31.584700880520856,30.76858393593197,30.984338825722592,44534800
2023-12-20,30.93743896484375,31.622227218202497,30.909298109282844,31.31266707171121,44711400
2023-12-21,31.143814086914062,31.378330753866067,30.853012131655053,31.18133761245207,32325700
2023-12-22,31.35956573486328,31.584699707833725,31.14381085308328,31.153189944273723,37265900
2023-12-26,31.762941360473633,31.856746605966574,31.303287069300456,31.3783341284474,24845400
2023-12-27,31.744173049926758,31.847360945755728,31.575320780104807,31.70664952809077,24498600
2023-12-28,31.781700134277344,31.866126278651922,31.678512226881704,31.72541484521416,21799600
2023-12-29,31.584701538085938,31.884886150174758,31.472134545077747,31.837979956184505,28060700
