Date,Close,High,Low,Open,Volume
2018-01-02,87.87361907958984,87.98381997495937,86.46852219292849,86.58561228642064,5626000
2018-01-03,88.51416778564453,88.81034548463035,87.40524867474565,87.79095966984092,5805500
2018-01-04,88.23866271972656,88.40397193572288,87.62565549476518,88.12845657572902,4598300
2018-01-05,88.09402465820312,88.23178234376905,87.54300442577623,88.14223853442161,4189200
2018-01-08,88.52792358398438,88.59680503402753,87.90802731801388,88.06644729622955,4826100
2018-01-09,88.05269622802734,88.81035037427617,88.01826074723688,88.45906958381673,4422300
2018-01-10,88.61750030517578,88.68637127098378,88.02515534807141,88.37642565025376,5292200
2018-01-11,91.31060028076172,91.82717979669314,88.68636751156683,88.79657366399312,11641300
2018-01-12,92.02003479003906,92.19222796104599,90.99375970729639,91.04886278319906,7232900
2018-01-16,90.92487335205078,92.21288534870217,90.64248455424064,92.06823846849596,6254200
2018-01-17,91.16593933105469,91.46900094856589,90.20166192064222,91.04884925335,5632700
2018-01-18,90.63555908203125,91.262344498684,90.24984821327045,91.15903284092056,5890000
2018-01-19,90.43583679199219,90.91797546902762,89.68507724419166,90.80088539816437,6048900
2018-01-22,91.30369567871094,91.30369567871094,90.42206757697244,90.43584597195347,5248800
2018-01-23,90.24298095703125,91.30368604222907,90.04323103531443,91.17971202999233,5747300
2018-01-24,90.49784851074219,91.37947676373592,90.27744670241265,90.49096456698862,6868200
2018-01-25,89.98814392089844,90.82844740778026,89.77462607764492,90.75268199470611,4597200
2018-01-26,90.3600845336914,90.74579553141619,89.79528592285408,90.02947660847536,6310500
2018-01-29,88.49349212646484,90.62869118340761,88.3832965086227,89.58175399014631,6350700
2018-01-30,86.2550048828125,88.16978683427146,86.22745334506884,87.89428196667183,8084000
2018-01-31,86.33763122558594,86.66135513912886,85.4422301347425,86.38584509005507,9626800
2018-02-01,86.48915100097656,86.53047566385398,85.44910319425814,86.50981333241526,7844500
2018-02-02,81.67467498779297,85.3733813388622,81.02722691304112,85.3733813388622,13182600
2018-02-05,77.56956481933594,81.48179303014153,74.40120695293706,80.5794974355305,15414700
2018-02-06,80.71036529541016,81.02031083201929,76.28844691290479,76.59150325283538,18416300
2018-02-07,79.40860748291016,82.14991996449626,79.36728280130316,80.86191834183602,11535700
2018-02-08,77.3491439819336,79.82183441904904,77.28715173228711,79.32591744154311,9927500
2018-02-09,78.17569732666016,78.94712460174232,75.4206066719761,78.06549117811197,10922400
2018-02-12,78.50630187988281,79.79430325608999,77.76931542103706,79.07109519175602,8358200
2018-02-13,78.03106689453125,78.25147396833538,77.0461216339555,78.0655023797049,7065900
2018-02-14,78.2652359008789,78.55452441343157,76.72927580325998,77.48692468250525,7031900
2018-02-15,78.27912139892578,78.61997808318166,77.10350682760793,78.50868021590988,5405000
2018-02-16,78.00786590576172,78.56437144460055,77.36093047243438,78.15394741558013,5950400
2018-02-20,77.20093536376953,78.43915456138593,76.92268260641947,78.10525019111986,6810900
2018-02-21,75.86531066894531,77.95219804380113,75.86531066894531,77.31222052258032,6892300
2018-02-22,76.44268035888672,77.52090757245409,75.75400904505975,76.2061690154986,8176700
2018-02-23,78.32086944580078,78.42521486108772,76.69310007334627,76.83918153185668,6460200
2018-02-26,79.71910858154297,79.76084994419905,78.50175743079926,78.73131635010323,7405800
2018-02-27,79.03043365478516,80.72777059719427,79.03043365478516,79.90692793079326,6059700
2018-02-28,77.85480499267578,80.31733256112912,77.82697919273957,80.0112540690595,7441000
2018-03-01,77.93828582763672,79.2321563919404,77.1939628950301,77.58351349684922,7516700
2018-03-02,77.66004180908203,78.03568220594757,76.40095468221699,77.56265414773497,6607300
2018-03-05,78.71044921875,78.83566269368448,77.22875554748691,77.49309805414299,7814900
2018-03-06,79.0582504272461,80.35907348300886,78.62000068569694,79.19737412813946,7957900
2018-03-07,79.19041442871094,80.05299833644474,78.34870385211056,78.57130495247405,6660000
2018-03-08,78.84954833984375,79.82343002909536,78.32782657494771,79.7190846146705,6095100
2018-03-09,81.54164123535156,81.65989690467805,79.46866425121291,79.51735807430197,8833300
2018-03-12,81.2425308227539,82.32771062191446,81.08253377961209,81.73642689307003,6877000
2018-03-13,81.01296997070312,82.20945295488488,80.69298119936624,81.5486073869197,6793100
2018-03-14,80.0877914428711,81.70165104626903,79.89997388570933,81.37470976581928,5051000
2018-03-15,80.40081787109375,80.83906232194076,79.82344440687763,80.24777861000233,4519700
2018-03-16,80.27561950683594,80.82516727170926,79.6912881552727,80.27561950683594,14909400
2018-03-19,79.22520446777344,80.1573503002849,78.75913420513236,80.04604708741158,4803500
2018-03-20,79.6495361328125,80.48428897375818,79.60780008293396,79.68431971253071,4587200
2018-03-21,81.41643524169922,82.16075820975156,79.85822745298977,79.98344091057002,6829600
2018-03-22,79.09303283691406,80.51211695063297,78.9399988808164,80.37995102003822,6297200
2018-03-23,78.5921630859375,80.53296323496639,78.39738251695965,79.55908692621635,6227200
2018-03-26,80.24080657958984,80.40775605874884,78.77998669568504,79.46865794104063,6868700
2018-03-27,79.7608413696289,81.29122338600764,79.28781333247431,80.51907460025194,5530800
2018-03-28,77.98004150390625,80.17823258399508,77.95221569573965,79.94867364704336,6985300
2018-03-29,79.32953643798828,79.60083133928195,78.10522784033707,78.11218561676799,6627800
2018-04-02,78.0774154663086,79.57301922240445,76.89484801668637,79.22520464225329,6228600
2018-04-03,79.87909698486328,79.98344241935337,77.97306928271689,78.2721900310662,6717300
2018-04-04,79.63563537597656,79.85127873568756,78.20959335324511,78.64088537989686,5727200
2018-04-05,81.59034729003906,82.00772373726315,79.78866495118761,79.9138784160778,7204900
2018-04-06,79.83039855957031,81.39556406510778,78.87738476337397,80.95731432693076,7094500
2018-04-09,80.6790542602539,81.50684916652104,79.91385810968109,80.20602632500349,6933800
2018-04-10,82.67550659179688,83.35722535524968,81.80597033124532,81.80597033124532,7612800
2018-04-11,82.95377349853516,83.04420337455583,81.91032980672968,82.56422288524108,6246800
2018-04-12,82.93986511230469,83.94156747000008,82.53639893535127,83.27376412912676,6702000
2018-04-13,83.41983032226562,84.02502947676805,82.93289213397279,83.14157765442906,5508100
2018-04-16,83.96243286132812,84.66501976022765,83.31549756589627,83.89287101060805,4598000
2018-04-17,84.4911117553711,84.86675211471353,83.86504448980037,84.12938695039077,6488300
2018-04-18,86.13279724121094,86.87712018572395,85.14500516666638,85.1867412154635,9132500
2018-04-19,86.05628204345703,86.95364428939106,85.70846746629947,86.23714710960316,7159400
2018-04-20,85.0823974609375,85.88237202441209,84.49111376001423,85.8267204201012,7561200
2018-04-23,85.9658432006836,85.98671122398055,84.72762428426348,84.86674797772893,6113100
2018-04-24,85.24239349365234,86.98146630368957,84.69284584881309,86.50843828707029,7980500
2018-04-25,85.36760711669922,85.49282057155811,84.25460157752518,85.10326465242541,5331100
2018-04-26,86.41104888916016,86.4667004916924,85.07544227175995,85.33282164582094,6268400
2018-04-27,88.08056640625,88.37968715821006,86.73104413360747,87.30145983417907,8836600
2018-04-30,87.0301742553711,88.9709804632395,86.9884381994696,88.35882333812465,7631600
2018-05-01,86.85626220703125,86.89799826065553,85.6180430820348,86.2788886981573,7093700
2018-05-02,87.29450988769531,87.9762288628178,86.32062791204736,86.39714755131304,5909100
2018-05-03,87.65624237060547,87.7327620118913,86.13977040902346,86.668444812342,6727700
2018-05-04,87.32230377197266,88.23357602453746,86.75188822875053,87.09970271381836,5403100
2018-05-07,86.91192626953125,89.3187976987037,86.5641116202147,88.05971036649154,6999700
2018-05-08,88.04579162597656,88.17100509994616,86.00063998688319,86.90496011080022,8937000
2018-05-09,89.54139709472656,90.72396468607843,89.1031472745855,89.33270619873274,11442700
2018-05-10,89.61094665527344,90.27874465387168,89.31182061975674,90.21614058171394,5446000
2018-05-11,90.32048797607422,90.96046553229651,89.40226300043655,90.00745697561726,8092300
2018-05-14,90.70308685302734,91.18307267758928,90.29266819109651,90.60569919401902,6212400
2018-05-15,90.25093078613281,90.61961339074067,89.91006867748503,90.59874536515596,5201700
2018-05-16,90.12570190429688,90.23700510456395,89.24921308472284,89.93787908065337,5405100
2018-05-17,90.84146118164062,90.91864807841945,90.08362911518094,90.35026599831076,5241600
2018-05-18,89.71873474121094,90.623916697288,89.6766347488842,90.46252982436303,6385800
2018-05-21,90.77828216552734,90.80635596252068,90.00642406047267,90.371297765255,5081200
2018-05-22,89.97838592529297,91.4940503531565,89.8871728164544,90.58184431562637,5444200
2018-05-23,90.30816650390625,90.37131649970802,88.79952616676485,89.17843684859405,6017200
2018-05-24,88.84161376953125,89.39595352055024,88.30832401417612,89.39595352055024,5906200
2018-05-25,85.74011993408203,87.54347599973437,85.0594748785328,87.38910223206237,8936600
2018-05-29,85.17874145507812,85.90850477612732,84.24548597545211,84.9752492965013,7385700
2018-05-30,87.82416534423828,88.18202600724952,85.8453799314257,86.06290906286418,7125300
2018-05-31,87.220703125,87.58558222168037,86.63127645681325,87.06632934634375,7460700
2018-06-01,86.90492248535156,88.09780716734154,86.61021187763356,88.05570182801908,5749900
2018-06-04,85.78925323486328,87.99959409754963,85.72609788555317,87.38209891989214,5760500
2018-06-05,86.1190414428711,86.80669963862886,85.29104101588104,85.61382011745225,5672600
2018-06-06,86.57512664794922,86.79265573701606,85.64888946770405,86.39268980358084,6213400
2018-06-07,89.08721923828125,89.80295131846385,87.29789974484345,87.38911819080387,8607200
2018-06-08,88.72232818603516,89.3819179249955,88.18903842290045,89.1994810575749,5108800
2018-06-11,89.50821685791016,89.95028815574334,88.31533744106044,88.95387713841865,6085100
2018-06-12,89.17140197753906,90.08360761989053,88.64513072699198,89.56434946482499,4543000
2018-06-13,89.16439056396484,89.69066185603677,88.47672705344716,88.98194835039756,6317900
2018-06-14,88.77143859863281,89.78889423759864,88.68021481966485,89.38190984060905,5056800
2018-06-15,87.03826141357422,89.19948362049914,86.89791918055447,89.18544672044277,13223800
2018-06-18,88.39253234863281,89.1012458965713,87.08036058815402,87.2557843626481,7696800
2018-06-19,88.09080505371094,88.33639727235082,86.92598859743484,87.23473616001576,5947800
2018-06-20,87.9153823852539,88.73636439228753,87.22070571418767,88.49779062074296,7980700
2018-06-21,86.02081298828125,87.42420340443209,85.71908918817803,87.36105340538991,7290800
2018-06-22,87.78204345703125,88.8135359639184,87.58556971353045,87.9995725474854,8535200
2018-06-25,86.03485107421875,87.45929150965014,85.55769811202163,87.3119361563479,5801900
2018-06-26,87.12246704101562,87.43822769771212,86.00676903723762,86.32954814398548,4592800
2018-06-27,88.41358184814453,89.40998759682915,87.75398674663083,87.81714208891832,6339500
2018-06-28,88.17499542236328,89.01702727286855,87.71187415712981,88.7924850891666,3814800
2018-06-29,88.71528625488281,89.62749176457619,88.23111506166786,88.23111506166786,5669700
2018-07-02,87.18561553955078,87.91537908065298,86.70144421095685,87.90836063072167,5073500
2018-07-03,87.52243041992188,88.89775214586595,87.39612509031942,88.03466483466444,3919600
2018-07-05,86.99615478515625,88.589000195504,86.88388100730367,88.49076331663719,5926900
2018-07-06,87.10842895507812,87.37507116480286,86.4418207540119,86.67337606746632,4020000
2018-07-09,88.40657806396484,88.6100703174127,87.4943775025026,87.71190130461498,4602200
2018-07-10,89.52926635742188,90.17482450053615,88.93984510158056,89.34682950404712,5092100
2018-07-11,86.67335510253906,88.89071364346243,86.28742610445939,88.57495306744202,6631800
2018-07-12,87.19264221191406,87.67680823265707,86.72250238533893,87.31894755504467,3745200
2018-07-13,87.03826141357422,87.62768273173076,86.75056385101533,87.15052984648122,3352800
2018-07-16,86.29447174072266,86.9259930917311,85.52260279436278,86.31552173862173,4317800
2018-07-17,85.54364013671875,86.28041667562195,85.4664532583325,85.85940074574755,4135200
2018-07-18,85.27699279785156,85.37522966992161,83.97183966491193,85.07350060470421,6061300
2018-07-19,85.37523651123047,85.70503404539645,84.91212055629093,84.97527054189287,4471400
2018-07-20,85.79624938964844,85.85238627716986,84.91211750197317,85.08052281102918,5394700
2018-07-23,85.13666534423828,86.35761328449884,85.01737846547614,85.85239197031967,5359400
2018-07-24,86.90492248535156,87.1224515702454,85.50855096958571,85.51556941839077,4423500
2018-07-25,87.64169311523438,87.87325371452523,86.49792701458956,86.74352450968983,4278800
2018-07-26,86.97509002685547,87.978514055442,86.86984006339112,87.50136125820838,5544100
2018-07-27,88.39253234863281,89.14334588932708,85.6629388457858,86.16114172292791,7580900
2018-07-30,89.69768524169922,90.10466968147347,88.56795571093444,88.94687170449922,5729300
2018-07-31,88.60302734375,90.20289647769998,88.50479046975852,89.81696207737053,5894400
2018-08-01,87.98553466796875,88.35743215737615,87.5364503011174,87.92939778373535,4661000
2018-08-02,86.84178161621094,87.57855821279279,86.5190025329215,87.31893446835802,4639600
2018-08-03,87.04528045654297,87.18561733700987,86.54005912124798,87.11544889677643,5299400
2018-08-06,87.220703125,87.66978756099526,86.68741334968985,87.30490311080614,4455900
2018-08-07,87.83818817138672,88.20306724848214,87.53645908025632,88.09079882226374,4542000
2018-08-08,86.9260025024414,87.56454772655802,86.53305488976022,87.37508701793695,5957200
2018-08-09,85.97868347167969,87.26980499511005,85.78922818608521,86.98210748888361,5218300
2018-08-10,86.54705810546875,86.67336341869718,85.25594188447411,85.72607624623794,6128000
2018-08-13,85.91554260253906,86.78564295509935,85.78923728091675,86.52601386245671,4360000
2018-08-14,86.01377868652344,86.76459215993245,85.6067942813276,86.25235242877103,3622200
2018-08-15,82.75792694091797,85.41735217731348,82.40006091873569,85.39629682605998,9476700
2018-08-16,83.3530044555664,83.81347481476631,83.01295923455766,83.38133660288466,5455200
2018-08-17,83.45216369628906,84.00473232215056,82.94917901907242,83.70011046368407,6112900
2018-08-20,83.41675567626953,83.82055631557908,83.1192195009541,83.59386131464802,5403600
2018-08-21,83.55134582519531,84.2526825402179,83.44508137629265,83.86304802918625,4875800
2018-08-22,84.2455825805664,84.62813128913609,83.8913714139093,83.97638403964704,3636900
2018-08-23,83.66468048095703,84.17474545008763,83.38131045312517,83.87012361601428,3962500
2018-08-24,84.30937957763672,84.68484271062847,84.10393636424135,84.23145265514758,4415400
2018-08-27,85.2586441040039,85.35074248519231,84.42270536418555,84.5573073644858,3901900
2018-08-28,84.91151428222656,85.9599764690832,84.83358738126414,85.43574537565489,4685700
2018-08-29,85.16654205322266,85.5986801509309,84.92567562597239,85.01068825997261,4101700
2018-08-30,84.87609100341797,85.31531486297553,84.6919050600721,85.06736808936816,3353000
2018-08-31,83.91973114013672,84.58565003903551,83.65761286177901,84.58565003903551,5287000
2018-09-04,84.21017456054688,84.74857170538543,83.8417918774109,84.25267817597252,4590900
2018-09-05,84.2455825805664,84.25975405393943,83.06960431777821,83.6363389415295,4619400
2018-09-06,81.63151550292969,83.95514010938209,81.56775467643726,83.5159162757882,8191100
2018-09-07,81.18523406982422,81.71655105379537,80.32804331759773,81.12855896104003,6637800
2018-09-10,81.10021209716797,81.97865450460046,81.02936552162376,81.77321132615897,5870900
2018-09-11,81.48274993896484,81.99281498099715,80.5901415202428,81.00102244424927,5605300
2018-09-12,82.02823638916016,83.23255239597142,82.00698458036757,82.47454058830763,5067800
2018-09-13,82.38954162597656,82.54539004104927,81.52526528273236,82.18409844562878,6297700
2018-09-14,83.15463256835938,83.31757212435552,82.42495824528558,82.4816333434438,4947800
2018-09-17,83.2467041015625,84.07555687663645,83.083764598125,83.31754524899195,5560200
2018-09-18,83.6859359741211,84.23142424757572,83.57967693823225,83.94805420725952,4966300
2018-09-19,84.66357421875,85.03903727778082,83.6788673792725,83.82763545521858,4855300
2018-09-20,84.59982299804688,85.94582697769836,84.38021372833514,85.14531141001098,5846700
2018-09-21,85.81121063232422,85.90330901121641,84.5927285412098,84.94693977120264,13703600
2018-09-24,86.86677551269531,87.12180806450884,86.1229296691,86.36379614796174,6534100
2018-09-25,87.39810180664062,88.01442603563024,87.09347985955486,87.49019480279745,5396400
2018-09-26,86.39209747314453,87.4334791207269,86.24332943846608,87.1288573150044,4231400
2018-09-27,86.760498046875,87.13596107943566,86.22209547319316,86.54088881760391,4533400
2018-09-28,86.62591552734375,87.28474876810921,86.2575381497967,86.42047232271413,5202900
2018-10-01,88.12065887451172,88.46778432522595,87.21387909845524,87.21387909845524,5348200
2018-10-02,88.3686294555664,89.09122350029804,88.07109327471704,88.6024101997346,5445400
2018-10-03,88.77242279052734,89.14788585517394,88.39695972588076,88.64490652283277,4479500
2018-10-04,88.51739501953125,88.97078501688544,87.97899777569509,88.40405022261025,4824300
2018-10-05,88.78659057617188,89.19039117294456,88.36861850311406,88.50322050364983,4318000
2018-10-08,88.43946075439453,88.87868464243077,87.72395793342592,87.8798117454657,6267700
2018-10-09,89.8421401977539,90.28136408842931,88.60240083705048,88.91410846300302,6797900
2018-10-10,86.85260009765625,90.39471270689864,86.75342137698426,90.13259983290905,6504400
2018-10-11,83.89846801757812,86.73215771786977,83.26797249164997,86.73215771786977,8589900
2018-10-12,83.43091583251953,84.78400540809466,82.30452664663365,84.67774095163652,7450700
2018-10-15,82.8429183959961,84.20308812670989,82.82166658845901,83.38131553638235,6047300
2018-10-16,83.2467041015625,83.36713459267585,82.41784592165546,82.94916263462589,4846100
2018-10-17,83.09087371826172,83.37424379256032,82.19117413772625,83.03419862243507,6978700
2018-10-18,83.21837615966797,83.69301784750472,82.21241769758102,83.18295287945114,7391600
2018-10-19,83.69304656982422,84.48648183740755,83.14756353918514,83.14756353918514,7944400
2018-10-22,83.0341796875,83.94095939460775,82.51703441930576,83.6646751214994,5644900
2018-10-23,80.33512115478516,81.97866131399967,79.37875175868297,81.97866131399967,8095300
2018-10-24,78.07523345947266,80.8876713028231,77.97605475407582,80.56179764154288,8035200
2018-10-25,79.04576873779297,80.3350972251482,78.23108193755101,78.8899149528104,5734000
2018-10-26,79.0103759765625,79.67629498604231,77.68562910217496,78.37279452119202,8035500
2018-10-29,77.16847229003906,79.39291877137549,76.18376533068215,79.3716669586295,8598300
2018-10-30,78.52862548828125,78.74115437976636,76.61588708425221,77.65726892382762,7523800
2018-10-31,79.0953598022461,79.69751774423578,78.6703074552436,79.1378634154962,7429800
2018-11-01,78.75532531738281,79.33623153119686,77.99731348466406,79.18037772178718,10572000
2018-11-02,81.27731323242188,82.9633567833538,80.13675261110969,81.36232047063896,9890400
2018-11-05,84.2597885131836,84.77693400129026,82.60207676477002,82.61624824393868,8758700
2018-11-06,84.23141479492188,84.60687775915103,83.48756919817227,84.13223610266638,5273200
2018-11-07,85.6270523071289,85.80415797925886,84.31646600949834,85.01072262237567,4848800
2018-11-08,84.55731201171875,86.33545404169553,84.27394192411863,85.47117770669085,9532400
2018-11-09,84.66357421875,85.2728179991967,83.14755050596443,83.74970854807997,6565700
2018-11-12,83.16170501708984,85.9812285442833,83.00585122447856,85.64826915185627,10550800
2018-11-13,81.71652221679688,83.50883001213043,81.49691300380098,83.0979491305307,6846200
2018-11-14,81.97866821289062,83.4451028516108,81.42609942218967,82.80043565923582,6783500
2018-11-15,83.65970611572266,83.75270458150727,80.63379582353774,81.30622275853725,7218100
2018-11-16,85.16908264160156,85.31930462838861,83.88861280261922,84.05314476395142,6706900
2018-11-19,85.42660522460938,85.46952968939166,84.33928186871493,84.51096335487594,5328300
2018-11-20,83.05167388916016,85.48385150898056,82.29340883561446,85.29786001102623,7983500
2018-11-21,84.10322570800781,85.26208814738042,83.4665682295534,83.4665682295534,5624400
2018-11-23,81.26329803466797,82.42216042710423,80.19743410772341,82.05017748045023,5577800
2018-11-26,82.25048828125,82.57954679753261,81.56375129513481,81.9786532990961,6953000
2018-11-27,82.41503143310547,82.73694048358449,81.70684025430467,81.94290579979098,6339200
2018-11-28,84.510986328125,84.61113434374757,81.83559348941522,82.25049552994159,6841700
2018-11-29,85.01885986328125,85.64836775365897,84.22482547075927,84.37504745614774,6656900
2018-11-30,85.08326721191406,85.27640825829714,84.19623411494491,84.4466096170464,6712500
2018-12-03,86.32079315185547,87.57980353267664,85.88443169244,86.39232665422631,8237600
2018-12-04,83.86714935302734,86.62122989653973,83.7455418633953,86.27071194385967,8288100
2018-12-06,82.91573333740234,83.08025981320992,80.85553396436272,82.50798099677552,10715700
2018-12-07,82.61530303955078,85.6269088633747,82.40070252706089,84.11752845760608,9114400
2018-12-10,82.22187042236328,82.95152093598846,79.88268596212352,82.47939541720906,7674300
2018-12-11,82.60099792480469,83.42364686087843,81.51366902181746,83.16612188162654,5929400
2018-12-12,82.70829772949219,84.21052307893952,82.67252825021589,83.77416162851895,7891400
2018-12-13,82.93720245361328,83.20903192122495,81.77118518503059,82.37207855771942,7030500
2018-12-14,81.42782592773438,82.8442077677259,81.0558429996969,82.27193431655031,6195400
2018-12-17,80.44065856933594,82.24333361402803,80.01860703299607,81.14885506572207,7132400
2018-12-18,78.5020751953125,81.00578640847176,77.93695115228053,80.56942487470856,9658600
2018-12-19,77.13575744628906,80.1115938508898,76.6135524855247,78.62367837741776,10472400
2018-12-20,75.0970230102539,77.30743945784346,74.53189903393086,76.40610199935863,11612800
2018-12-21,74.54620361328125,76.49910053199196,73.61625711771251,74.12415210649797,19912800
2018-12-24,72.24279022216797,74.50328617713372,72.1855666906127,73.89524317531162,5619500
2018-12-26,76.82101440429688,76.82101440429688,71.69198436662259,72.85799650178846,10779400
2018-12-27,78.20160675048828,78.20876173700807,75.02546948499854,75.44752636717621,10655100
2018-12-28,77.72233581542969,78.94557669183047,77.34320334853813,78.43768174017795,6445400
2018-12-31,77.8224868774414,78.85973632617086,77.15721492288232,78.08001185711954,6309600
2019-01-02,79.18162536621094,79.88981615339466,76.61353120295298,76.7852126603434,6384800
2019-01-03,77.66510009765625,79.61084171749091,77.30742716629418,79.4463097676958,6496200
2019-01-04,79.27465057373047,79.39625809474134,78.30893447911097,78.88836304435121,7952500
2019-01-07,80.30473327636719,80.7840137255829,78.63082101124503,79.44631491093197,5712700
2019-01-08,79.9542007446289,81.39920237258028,79.88266725340436,81.12021793644566,5674900
2019-01-09,81.02722930908203,81.54943422787487,80.440645877679,80.61233282661858,7097000
2019-01-10,81.1559829711914,81.28474544007291,79.91128274377392,80.48356159605964,6078300
2019-01-11,80.5050277709961,80.86985570601023,79.88267487687268,80.83408622815658,4491700
2019-01-14,79.91844940185547,80.36196039237598,79.46062843622735,79.64661445137499,6121700
2019-01-15,80.2045669555664,80.88414323077477,79.7682056141699,80.1044189878021,4226100
2019-01-16,79.68953704833984,80.34765398877401,79.56077456367609,79.7109965528411,5624100
2019-01-17,80.09014129638672,80.32620679739922,78.80967124085302,79.22457325033129,4442700
2019-01-18,81.81414794921875,82.01444401466306,80.87704070352079,81.54231289669423,9382000
2019-01-22,80.36196899414062,81.15600351025591,80.08298448390089,80.91994347227713,7242000
2019-01-23,79.682373046875,80.59801485305456,78.98848670566389,80.39056390358331,6082300
2019-01-24,81.19891357421875,81.42066905386594,79.33901535009676,79.4248533640732,8470700
2019-01-25,80.99147033691406,82.10740828630706,80.82693836500421,81.59235832269289,6261800
2019-01-28,80.24036407470703,80.52650358251572,79.45348452147606,80.05437803363999,6886600
2019-01-29,79.99714660644531,81.08447015384529,79.95422213410292,80.85555964609492,5359900
2019-01-30,80.84122467041016,81.29904551342833,80.1044194217295,80.49785630931905,7941700
2019-01-31,82.014404296875,82.5580686809808,81.10591199444046,81.40636140476428,11225600
2019-02-01,84.67549896240234,85.30500141057105,83.4093336210271,83.44510310027853,10934300
2019-02-04,85.6555404663086,85.6626954554511,83.20190312556223,84.0531667308184,7987900
2019-02-05,85.46952819824219,85.7413576680593,84.90440429776329,85.56967618489354,6887400
2019-02-06,85.04034423828125,85.54823932532192,84.90443218755566,85.12618773689036,4990400
2019-02-07,84.5753402709961,84.77563623109181,83.34494456451603,84.41796331444786,7281900
2019-02-08,84.11038970947266,84.33214523810217,82.9229126490471,84.22484223927404,5671000
2019-02-11,83.65970611572266,83.95300057295654,83.25911413282411,83.64540159818618,4859600
2019-02-12,84.9258804321289,85.0331834267418,84.13184591271325,84.64689592072956,5400700
2019-02-13,85.53392791748047,86.12051146660201,84.91157488240408,85.24063887174836,5935900
2019-02-14,85.37496185302734,86.36483386761516,85.01369340682297,85.52669393893089,5406500
2019-02-15,86.23475646972656,86.60325174060343,85.68562701876543,86.4298444712275,6209800
2019-02-19,86.20587921142578,86.6032767272749,85.59172392444748,85.90964193712676,4277800
2019-02-20,86.90674591064453,87.22466394160097,85.98189947061084,86.20588416741036,5940600
2019-02-21,86.08303833007812,86.93563201834682,85.54113570225951,86.75499780907396,5139400
2019-02-22,86.26368713378906,87.03680145977481,85.87351651424679,86.90674458659404,4517600
2019-02-25,86.42984771728516,87.0078738077532,86.24921353041678,86.27811566181788,5196600
2019-02-26,86.66107177734375,87.40528385276728,86.47321065235221,86.56713845858863,5445600
2019-02-27,86.76221466064453,87.63648347064924,86.6249309135096,86.91394671733778,5289800
2019-02-28,86.40095520019531,86.82002788336676,85.61338719130286,86.70441934489801,6406500
2019-03-01,88.17118835449219,88.17841526792614,86.82726910680469,86.98622812723308,7743600
2019-03-04,88.23619842529297,88.75642030507362,87.10181583862015,88.63359036870256,7499500
2019-03-05,89.08158874511719,89.12493920176955,87.85327251894074,88.05558751253163,7345200
2019-03-06,89.25498962402344,90.10035654267706,88.36627225185512,88.99487587789623,7599900
2019-03-07,88.10615539550781,89.23331124725644,87.93274256253162,89.1755069695977,7201100
2019-03-08,87.87493133544922,88.09891598896336,86.12638801561708,86.77667226575973,7014100
2019-03-11,89.32002258300781,89.73908983781526,88.69141343201721,88.77811985328063,6088600
2019-03-12,89.52230834960938,90.2881955741583,89.14658613613838,89.47895239419769,6184300
2019-03-13,90.07866668701172,90.26652780926567,89.52231574468713,90.02808932861858,4707000
2019-03-14,90.02809143066406,90.64947356972756,89.94139053569067,90.14369997398693,5146400
2019-03-15,90.54107666015625,90.62055614214927,89.84744205482258,90.02084932802653,10449700
2019-03-18,90.95294952392578,91.13358376190726,90.43994894956073,90.4688510891401,5586900
2019-03-19,90.51942443847656,91.7043845460509,90.12925384024805,91.44427081389857,5096800
2019-03-20,90.09312438964844,91.28530581917389,90.08589747741867,90.34601119250175,6708500
2019-03-21,90.93849182128906,91.0107444065179,89.96306813940234,90.22318185624131,5050400
2019-03-22,88.93707275390625,90.24486841462891,88.65528377735994,90.2087393612175,5786800
2019-03-25,88.79254150390625,89.12490775016434,88.37346886242162,88.82144363564842,3837500
2019-03-26,89.68850708007812,90.25209051564046,89.14660438291838,89.4283933444399,4079800
2019-03-27,88.7203140258789,89.94140325291795,88.16395747937966,89.58013477273073,3727800
2019-03-28,88.8864974975586,88.98765774700902,88.40962595381666,88.58303328676648,4057700
2019-03-29,89.00208282470703,89.93415595381295,88.50353067105269,89.79687219845461,5318600
2019-04-01,90.27375030517578,90.51218326164059,89.19716649522817,89.50063614326055,5506300
2019-04-02,90.26654052734375,90.63503591185207,89.67406045446735,90.4616230764838,4362700
2019-04-03,89.51509857177734,90.57000181340408,89.2622117522982,90.47607399831732,3595400
2019-04-04,90.17259979248047,90.19427501566679,89.26942874292645,89.6017950276601,3715400
2019-04-05,91.34312438964844,91.50208340847159,90.46162838527987,90.49775743956502,5551400
2019-04-08,91.53096008300781,92.00783149427903,91.20582073498282,91.59598574760554,5483100
2019-04-09,90.70726776123047,91.24917034466839,90.40380363750958,91.24917034466839,4143400
2019-04-10,90.67115020751953,91.45149134956229,90.41103649350529,91.1408002751852,3970000
2019-04-11,91.03243255615234,91.22752062774079,90.13648824456162,90.5627824167028,3248300
2019-04-12,86.531005859375,88.14948669452347,85.98187636596961,87.84602257153028,42693700
2019-04-15,86.80557250976562,87.44140292243458,86.220319453644,86.71886610746232,13369100
2019-04-16,87.54979705810547,87.6581786983428,86.74778063787613,87.01512128212565,11942900
2019-04-17,86.89950561523438,88.53966737234121,86.740552136754,88.29400197374655,11898100
2019-04-18,86.603271484375,87.29690623253097,86.05414190822357,87.08014296200518,9546500
2019-04-22,88.0772476196289,88.15672711819305,87.02956582606475,87.26800432175718,7946200
2019-04-23,88.16397094726562,88.35183212916604,87.67987243286879,87.9544400477664,9079200
2019-04-24,85.46165466308594,87.73764676125272,85.32437090251621,87.67984249232669,22115000
2019-04-25,85.1871109008789,85.76513717639254,84.825842411488,85.29549255020011,10636400
2019-04-26,84.60904693603516,85.62059942414032,83.56137092024046,85.54834685624373,11626700
2019-04-29,85.05703735351562,85.33882627900998,84.32004669259302,84.544036860628,9404000
2019-04-30,86.74777221679688,88.09169119523209,86.4515349755927,87.49921120030507,21431500
2019-05-01,85.1220703125,86.80558261027973,85.08594677505918,86.55992271061353,10097000
2019-05-02,84.08883666992188,85.60616846586483,84.01658408738142,84.73912093782333,9495600
2019-05-03,84.73189544677734,85.65674726136855,84.61629241527768,85.03536511856638,7364900
2019-05-06,85.54837799072266,86.58882747463362,84.87641839094785,84.89809361795356,11035000
2019-05-07,85.45442199707031,85.45442199707031,84.17553433017984,84.75356595548018,9165200
2019-05-08,84.89807891845703,85.60616744898725,84.82582633677484,85.52668795538125,6229000
2019-05-09,87.56424713134766,88.38071182944743,86.60327174828399,87.51366976974003,16496300
2019-05-10,88.14228057861328,88.34459004167282,86.58160364035433,87.54980050285914,8787900
2019-05-13,87.0223617553711,88.33737893095368,86.71167061161982,88.08449207267243,7701200
2019-05-14,87.88939666748047,88.33014466057159,87.07293187516588,87.18853492395786,6858500
2019-05-15,88.25064849853516,88.5035352880311,87.33302914450172,87.57146211030157,6945000
2019-05-16,88.14119720458984,88.68843144493269,87.94418976068387,88.27982609341693,8543300
2019-05-17,87.93688201904297,88.3673758018762,87.46990929760776,87.60124572343354,6870900
2019-05-20,88.17039489746094,88.44036584472961,87.95150449975488,88.07554294846388,4569700
2019-05-21,88.53522491455078,88.97301687868546,88.2141845254097,88.30903648203565,4859400
2019-05-22,87.973388671875,88.6081824843025,87.80556769844405,88.21417310763253,5763300
2019-05-23,86.00334167480469,86.73298738338849,85.26639795044365,86.68920485548007,11000200
2019-05-24,86.61622619628906,86.77674911468553,85.64579623816788,86.31707440298528,4890800
2019-05-28,86.32440185546875,87.06134574932405,86.22225187811331,86.74029978234624,8145100
2019-05-29,85.20072937011719,85.63122324516299,84.50756815390999,85.39773683443218,7451300
2019-05-30,84.1865234375,85.17884208877284,83.79981208616304,85.03291516754369,5807900
2019-05-31,83.07017517089844,84.05519591072019,82.97532321869906,83.34014612728163,6899800
2019-06-03,84.63160705566406,84.7118685316759,83.52254799030385,83.69036339159759,6100800
2019-06-04,85.58744049072266,85.86470384509101,84.85049679523115,85.07668517466968,5235600
2019-06-05,85.84282684326172,86.12009023470246,84.83591210750566,86.00334980500575,5105700
2019-06-06,88.05364227294922,88.40387465424159,86.17845306846316,86.25141652426223,7370100
2019-06-07,88.63734436035156,89.10431706962953,87.94417774391279,88.09740264226146,5343100
2019-06-10,89.22837829589844,89.57131268469938,88.80518243028216,89.16270728452443,5708800
2019-06-11,88.41117095947266,90.11124683084505,88.39658049437837,90.01639489084441,5625100
2019-06-12,87.69611358642578,87.98067494825717,87.2364332582715,87.83474247632145,4000100
2019-06-13,88.22146606445312,88.93651574770352,87.89312215268077,88.46224491964682,3993300
2019-06-14,88.14850616455078,88.40388664461754,87.8274658021406,88.28714064610067,3366800
2019-06-17,88.57168579101562,88.90002410971589,87.83474211931075,88.08282453721583,4219100
2019-06-18,89.69536590576172,90.38123479638998,88.91464505724585,88.98031051268585,4884300
2019-06-19,89.66616821289062,90.09666211182152,89.177306883105,89.38890482437537,3847100
2019-06-20,90.68038177490234,90.98683168380808,90.18422239377864,90.70227025885906,7771700
2019-06-21,91.15465545654297,92.0813032284704,90.64390559276502,91.0598035009145,14287900
2019-06-24,91.14002990722656,91.48295864561602,90.78249957344734,90.87005904500113,5542600
2019-06-25,90.21338653564453,91.28596651773618,90.1039385762313,91.08895907744147,4713300
2019-06-26,90.42499542236328,91.11815663824744,90.38851090920933,90.89196824360727,5054800
2019-06-27,89.82667541503906,90.6219864926271,89.6661524831486,90.4176866035863,3551700
2019-06-28,90.79712677001953,90.82631327055631,89.83399451932888,90.0455924731537,7048300
2019-07-01,91.08894348144531,91.81858899693303,90.73871675139317,91.46836226688089,5526900
2019-07-02,89.69536590576172,91.0014326648221,89.30135647285331,90.8773942044869,5747700
2019-07-03,90.00178527832031,90.01638130796725,89.25754920219964,89.69533545678559,2725800
2019-07-05,90.14043426513672,90.28636118461748,89.48375199396301,89.84857485942005,3458900
2019-07-08,90.1842269897461,90.54175190168964,90.05289051255679,90.22800952664662,3505200
2019-07-09,90.00178527832031,90.57820598078092,89.79748539729715,90.4030925922974,3955600
2019-07-10,91.52677154541016,91.65810801295865,90.55634128889943,90.55634128889943,4743500
2019-07-11,91.51947021484375,91.70188165945862,90.91386288270105,91.70188165945862,3548000
2019-07-12,91.9207763671875,92.11777827531479,91.3005730105434,91.48298445267274,3974400
2019-07-15,91.7310562133789,92.22721550079166,91.40271231577582,91.9791330737079,3739200
2019-07-16,91.03059387207031,91.77482999403243,90.66577104298496,91.57053010042536,4697600
2019-07-17,90.5782241821289,91.41001990301464,90.51985118531982,90.95764309463262,3874200
2019-07-18,90.97222900390625,91.24219992555965,90.00909687181841,90.56362918021901,5770700
2019-07-19,91.23492431640625,91.50489530436298,90.91387833794491,90.97225134616633,4880900
2019-07-22,91.43189239501953,91.7529382545679,90.81899273597745,91.47567491834711,3275800
2019-07-23,91.80402374267578,92.09588314235756,91.04519153020516,91.38082789147495,4295300
2019-07-24,92.3293685913086,92.62122798796383,91.68728237207105,91.84050730279519,4796900
2019-07-25,91.66537475585938,92.66499123223865,91.44648441583571,92.66499123223865,4586800
2019-07-26,90.27178955078125,91.38814686127995,89.96533961589068,91.38084884375694,6971700
2019-07-29,90.6438980102539,90.94304988636902,90.02369464171828,90.09666367337344,4377500
2019-07-30,90.72415161132812,91.02330904656986,90.02369234599442,90.54903818668355,3871700
2019-07-31,89.82667541503906,90.97951686520297,89.36700066469727,90.2644616868057,7199500
2019-08-01,88.09741973876953,90.29365484148407,87.78367186695317,89.01677487402874,7928400
2019-08-02,88.09014129638672,89.41079843420896,85.9741673290942,88.85626605862237,9026200
2019-08-05,86.63813781738281,87.95880045632795,85.69689409905098,86.96648175638535,8620300
2019-08-06,87.1051025390625,87.21455050851556,85.84281858273484,86.62353926692602,6788000
2019-08-07,86.90081024169922,87.41156562162264,85.33207072017551,85.76986263632573,6853700
2019-08-08,89.91423797607422,89.98720142940891,87.13428419995854,87.1853591739683,8868100
2019-08-09,89.3232192993164,90.39579929744646,88.93650799479431,89.82667658009285,5051700
2019-08-12,88.6884536743164,89.84858788258376,88.22148078418611,89.7537359278484,3936500
2019-08-13,89.30133819580078,89.52752658503117,87.77638133062621,88.29442911784243,5806400
2019-08-14,85.90849304199219,87.9879824128601,85.86471607631776,87.57208453868651,7175600
2019-08-15,85.33206939697266,85.98145367796887,84.24489877337022,85.54366733536266,6272600
2019-08-16,85.36894226074219,85.98814830248033,85.03722855465597,85.80386166043643,6239100
2019-08-19,86.47465515136719,86.85060144558616,86.21665499807241,86.34196855481822,6443700
2019-08-20,85.60481262207031,86.3861916597202,85.25835852520378,86.34195904975225,5150900
2019-08-21,86.89481353759766,87.14544623209774,86.48938640164306,86.82847306268857,4578400
2019-08-22,86.78424835205078,87.52876216854763,86.57784263541824,87.46979473063334,4362100
2019-08-23,84.90452575683594,87.02750544371352,84.29269287216597,85.86281836231856,7653400
2019-08-26,85.31734466552734,85.67117750292135,84.91191741582702,85.45003127655232,3966400
2019-08-27,85.38365936279297,86.26823269479158,84.8013130967015,85.70799991840308,4237100
2019-08-28,86.12081909179688,86.39355967257877,85.42052660626442,85.81121893978343,4153500
2019-08-29,86.62944030761719,86.865326924815,85.93652653308772,86.386186275868,4467300
2019-08-30,86.77688598632812,87.70569214147936,86.41568577976207,86.96854564906948,4881100
2019-09-03,85.70802307128906,85.7522556866239,84.44013578598279,85.33944981272778,5672500
2019-09-04,86.43041229248047,87.3813317891688,86.37143923284542,86.59995843293612,4595600
2019-09-05,86.71791076660156,87.7720304495651,86.43779713106585,86.9906569866625,5394300
2019-09-06,87.1749496459961,87.30763624549309,86.53363014443039,86.61471671212198,4578200
2019-09-09,88.00790405273438,88.18481760559031,87.41081729685783,87.52875779076831,5048000
2019-09-10,89.82128143310547,90.88277397453852,88.39122134143072,88.62710794797358,8728800
2019-09-11,89.40110778808594,90.65425994850204,88.73030753885837,90.0866541136369,5509500
2019-09-12,89.50431060791016,90.06454342202368,88.13321791419945,88.48705064521337,5818300
2019-09-13,89.56327819824219,90.1677379578308,89.37161857964674,90.11613794020664,4885400
2019-09-16,91.49461364746094,92.34232751249043,90.6468941584507,92.040100411458,10683900
2019-09-17,91.32506561279297,91.86318495089904,90.34465956642444,91.49461175668357,7246500
2019-09-18,91.5388412475586,91.5609547399803,90.68374871404706,91.07444103476023,4801500
2019-09-19,91.15554809570312,92.12120830855524,90.97862886856862,91.9737756192765,4034500
2019-09-20,91.64203643798828,92.01060962276526,91.16289017298212,91.40614982469023,10420700
2019-09-23,92.06958770751953,92.14330122370234,91.0744411790997,91.0744411790997,4705500
2019-09-24,91.21450805664062,91.93691411482537,90.83119434395877,91.90005453953718,6232100
2019-09-25,91.04495239257812,91.51672563323883,90.60266568245629,91.02283890066913,3762500
2019-09-26,88.57550811767578,91.0375742272254,88.49442156925538,90.86066067793558,7834400
2019-09-27,87.42556762695312,88.64186039121297,87.31499453493295,88.09637359428945,6850700
2019-09-30,87.42556762695312,88.03002748948491,87.2855136261099,87.38134063973749,6108300
2019-10-01,85.51636505126953,88.05951816754299,85.42053240914971,87.91945853612562,7116600
2019-10-02,82.77417755126953,84.85293036568534,82.28029076755648,84.81607079269966,9702400
2019-10-03,83.4081039428711,83.43759046938565,81.39569209409683,82.60461156129416,5315300
2019-10-04,83.92412567138672,84.03469876824647,82.96583862122533,83.73983905128091,4757300
2019-10-07,83.48920440673828,84.5875509886519,83.46709091415988,84.00520464683707,4694000
2019-10-08,82.34661865234375,83.11325153651609,82.27290514163072,82.64147831917624,5323900
2019-10-09,83.4007339477539,84.4106264277943,82.78153374029912,82.99530122336321,4601700
2019-10-10,84.46959686279297,84.61702950598698,83.51868302809798,83.68822353779574,3555500
2019-10-11,85.61956024169922,86.2682470851063,85.03721387846718,85.28047355373772,5134200
2019-10-14,85.64168548583984,85.79648558480248,85.10356603555672,85.19939868537773,2571300
2019-10-15,85.73749542236328,86.70316102434074,85.36155481009348,85.39840875546349,3742700
2019-10-16,84.85292053222656,85.99549967459595,84.83080704059036,85.67852650518887,3608900
2019-10-17,85.02983856201172,85.55321184619456,84.7128653759313,85.22149820624149,3722400
2019-10-18,84.58016967773438,85.1993755292745,84.58016967773438,84.87502933923062,5679900
2019-10-21,85.9586410522461,86.061841097005,85.17726767793424,85.17726767793424,3926300
2019-10-22,86.8358383178711,87.39606546904595,85.87017281912114,85.9733728534944,4095000
2019-10-23,86.96854400634766,86.99802491638354,86.08396485777548,86.54099769907018,4148500
2019-10-24,86.6736831665039,87.58037017385789,86.47465047046342,87.3297430739328,3873900
2019-10-25,87.47715759277344,87.60984416314139,86.75475730608822,86.81372474093365,3369100
2019-10-28,87.33710479736328,88.09636466214909,86.71789891922054,87.77939149661924,5076300
2019-10-29,87.07910919189453,87.77202866314673,86.75476857418639,86.96116868290461,4548400
2019-10-30,85.77435302734375,87.11595921086608,85.15514714511315,87.11595921086608,4690900
2019-10-31,85.61216735839844,85.77434043765511,85.00770764188337,85.40576730260983,7177700
2019-11-01,85.66377258300781,85.96600527163909,84.04942035363995,85.1330263364222,7684700
2019-11-04,89.6148910522461,89.83603723030076,86.26087255430886,86.41567825333568,10348800
2019-11-05,89.88764190673828,90.26358255531174,88.98832231795083,89.36426859050552,6971200
2019-11-06,88.38387298583984,90.03507969276576,88.31015945520582,89.88765263149773,6104700
2019-11-07,89.85076904296875,89.93185559219161,88.69344948694648,89.29053623669633,5440700
2019-11-08,89.14311981201172,89.34214687759487,88.57551952395666,89.1726063446872,4249800
2019-11-11,89.05464935302734,89.48219558870736,88.46493564338145,88.6049896265329,3870800
2019-11-12,89.16522979736328,89.96872231520916,88.8114026671408,89.40848946437926,4503600
2019-11-13,90.13827514648438,90.23410779298686,88.7303282243039,88.79666871128413,5076400
2019-11-14,89.9023666381836,90.62477252341709,89.48956648889602,89.82128009114778,4882800
2019-11-15,89.80560302734375,90.36391040973162,89.41106671915975,90.2373620994455,5589600
2019-11-18,88.24980163574219,89.32919378893291,87.94459083085268,89.19519977107363,4885300
2019-11-19,86.6865234375,88.43589110181362,86.41109543201804,88.21256587846403,8723000
2019-11-20,87.34903717041016,87.89990447351252,86.44086204785421,86.6567415564653,5903100
2019-11-21,88.4135513305664,88.54754532459677,87.24482814684458,87.55003889745669,5810900
2019-11-22,88.30933380126953,89.10585207156534,88.28700241565127,88.62943024705548,4786800
2019-11-25,88.12325286865234,88.74856021564675,87.82549341516669,88.16047564003681,7390000
2019-11-26,87.68402099609375,88.25721397760987,87.2448163110347,88.09344293163514,10053100
2019-11-27,87.89247131347656,88.29445331652488,87.55748915063455,87.83291716204798,4106100
2019-11-29,87.19271087646484,87.70635541491237,87.00660844130509,87.30437347343982,3271000
2019-12-02,86.94706726074219,87.89246521160251,86.8875131134481,87.82547105544373,5195200
2019-12-03,86.26966094970703,86.87263113797175,86.12822125442649,86.50042619619911,6135800
2019-12-04,87.05128479003906,87.31927277534807,86.67163419761863,86.8279595758162,5706700
2019-12-05,86.59719848632812,87.64681341272751,86.49298156255504,87.55748786629137,5517500
2019-12-06,87.84781646728516,88.8006602585446,87.08107515648723,87.16295502284507,6735300
2019-12-09,87.31927490234375,87.75847397377869,86.67908199733303,86.7386304670997,4736100
2019-12-10,87.75848388671875,87.9073635970468,87.13318228806466,87.86270081982777,4886800
2019-12-11,86.52276611328125,87.58727250898947,86.44832057895728,87.16295340917166,7039600
2019-12-12,88.4433364868164,88.50289064058231,86.7907456358911,86.7907456358911,6462000
2019-12-13,87.81057739257812,88.98674621372984,87.7659146229685,88.62198700999402,4863400
2019-12-16,88.85276794433594,88.93465348937049,88.29446050786234,88.48056298668688,5619300
2019-12-17,88.28699493408203,89.24728419006355,88.08600680115364,89.02395899401365,6755500
2019-12-18,88.24980163574219,89.06120575321434,88.22746456660131,88.34657288443054,7496700
2019-12-19,87.9371337890625,88.39122425322141,87.73614562791835,88.26467594141226,6220300
2019-12-20,89.09097290039062,89.28452105558686,87.90735826135565,88.88253904682385,12171100
2019-12-23,89.5748291015625,89.62693755835322,88.69642534466475,88.81552795473104,5875000
2019-12-24,89.582275390625,89.90981753021364,89.39617293483987,89.6492752279937,1640100
2019-12-26,89.77582550048828,90.38624134165256,89.5822773520031,89.82793396207317,3648600
2019-12-27,89.55250549316406,90.2894696401666,89.5078370410392,89.99170457005157,4138300
2019-12-30,89.21752166748047,90.32669078210554,89.18774459119163,89.65672644349495,4580200
2019-12-31,89.70882415771484,89.79814969648123,88.77086624489641,88.95696868985426,4215700
2020-01-02,90.39368438720703,90.54256407898315,89.90237118143268,89.93214825566714,5205000
2020-01-03,90.08104705810547,91.35398735459671,89.8800531969033,90.6542402042436,6360900
2020-01-06,89.77582550048828,90.57234380151237,89.57483734277409,90.25224734337766,9953000
2020-01-07,88.62942504882812,89.12818390909955,87.66913576779247,88.59964797661821,7856900
2020-01-08,87.61701965332031,88.65174868474489,87.57980257585764,88.24977244353424,7295900
2020-01-09,87.47559356689453,87.78079861897363,86.48552721082649,87.53514203208833,7345300
2020-01-10,86.6790771484375,87.60958937931855,86.6493000755218,87.48303539957782,6393800
2020-01-13,86.84285736083984,87.0289598266266,86.41109827715941,86.70141766943503,6846700
2020-01-14,86.57488250732422,87.00663597719567,86.13567766806179,86.72376223081129,7189100
2020-01-15,86.44831848144531,86.65675802133937,86.09100491470613,86.57487247908732,5808800
2020-01-16,87.01408386230469,87.30440330600658,86.68654164709332,86.76842720089616,7022000
2020-01-17,86.03887939453125,87.31181937258005,85.9942109479957,87.1033855533995,7885900
2020-01-21,84.34908294677734,85.71880009974682,84.24486601637058,85.6815773334315,8470300
2020-01-22,84.04386138916016,84.51283748416644,83.71631928378682,84.19274106647768,5589900
2020-01-23,84.1927490234375,84.48306839722137,83.26968244216044,83.67166442418339,8007800
2020-01-24,83.26224517822266,84.10343198992469,82.88259454355534,83.96199229321796,6920000
2020-01-27,82.17539978027344,82.50294191929663,81.87019470659874,82.07118285956537,7609800
2020-01-28,82.71881866455078,83.09102356294876,82.45827069215537,82.61460174735103,5771900
2020-01-29,82.16051483154297,83.25479250895042,82.01907514669463,82.96447313013265,4772800
2020-01-30,82.92726135253906,83.06125535744383,81.18533928877719,81.74364669598091,8382700
2020-01-31,79.75608825683594,81.88510134618865,79.20522643801111,81.74366162645616,13699600
2020-02-03,79.11587524414062,79.83795368265451,78.46079664312201,79.61462846353194,8785500
2020-02-04,79.5401840209961,80.64935300525043,79.35408157561267,80.15804550272408,9909000
2020-02-05,82.09351348876953,82.36894716489972,80.47814555328893,80.59724817040185,6914100
2020-02-06,81.50543212890625,82.38383597091983,81.22255843311748,82.35405889566896,6274000
2020-02-07,81.09600830078125,81.46821321395994,80.74613477368987,81.08856261228672,4830100
2020-02-10,81.72875213623047,81.73619782441698,80.63446882805162,80.79823989177852,6011800
2020-02-11,82.7857894897461,82.90489774977686,81.92971732880683,82.46569314015643,6072700
2020-02-12,83.40367126464844,83.82053891820345,83.08357483655558,83.75354476505176,5725700
2020-02-13,83.12079620361328,83.61954937781361,82.80069978088554,82.90491669252752,5991900
2020-02-14,82.90240478515625,83.57267266698656,82.52584953712677,83.47476462520154,5148700
2020-02-18,83.02289581298828,83.04548820754873,81.96101304820928,82.08904044790306,4975800
2020-02-19,83.39944458007812,83.67056478534256,82.75930188545011,83.2337593717747,5887500
2020-02-20,82.69903564453125,83.64795617902728,82.61619305643693,83.4295535145764,4466600
2020-02-21,82.09656524658203,82.23212534665248,81.07233465622218,82.08149982114293,6443900
2020-02-24,78.85821533203125,80.55271429152347,78.63981255442553,79.61132598069446,9539800
2020-02-25,75.84576416015625,79.01635894297974,75.31105634956762,78.92598935265792,12871900
2020-02-26,73.83494567871094,76.52354962688383,73.80482057265749,75.9587168163788,11990400
2020-02-27,70.89028930664062,73.95544881224713,70.85263722910152,72.26095018700521,15783700
2020-02-28,70.29533386230469,70.37064951165881,67.86279007668847,68.25440502275413,20835100
2020-03-02,72.74293518066406,72.81071810857021,69.44431349750035,70.8074415653528,15050800
2020-03-03,71.08609771728516,74.16632256697831,70.31792755615393,72.89356401767132,16525500
2020-03-04,74.2039794921875,74.57300204252584,72.05008291990049,72.57726373758976,14753000
2020-03-05,73.19479370117188,73.34541346657703,71.50029548437304,72.0801879015362,12814400
2020-03-06,71.7864990234375,72.34379923425277,70.35558779684585,70.73214308038168,16861900
2020-03-09,60.753414154052734,66.28124743828022,60.248831568651596,61.92827027676935,30595500
2020-03-10,63.99934005737305,64.99344579998939,61.03208251308554,64.94825525774925,22642900
2020-03-11,62.53075408935547,63.89388204193567,61.56677371985502,61.928269231305805,18412800
2020-03-12,57.43219757080078,58.84051026445755,54.871621201730235,58.162715538159624,25768200
2020-03-13,62.82448196411133,62.88473218830831,55.81302444140507,60.23378552719483,23497500
2020-03-16,52.49180221557617,59.11164453601735,52.484275247153725,54.653231528745515,17535300
2020-03-17,53.23738098144531,54.962004647837745,49.321203088618546,53.01897825557621,22684200
2020-03-18,41.45872497558594,49.87850195025468,41.09723234550819,49.86343652533572,24947300
2020-03-19,43.221012115478516,44.049435407998146,38.860501532100166,41.616885909692286,29871000
2020-03-20,44.727230072021484,45.67615086706432,42.44530628161348,44.832665077495484,26960400
2020-03-23,40.833648681640625,44.73476096253769,39.89226063842972,43.87621265390316,23764000
2020-03-24,50.1194953918457,50.94791561613739,45.427615448637056,46.30122332753823,29198800
2020-03-25,52.167964935302734,55.08250481356365,50.187286270003796,51.42991981867833,22560100
2020-03-26,57.52257537841797,58.064815833769586,51.12866912491341,52.943668107644406,24129100
2020-03-27,51.79893493652344,55.38374222539085,51.58806493349183,54.31432678385814,20411500
2020-03-30,54.1862907409668,54.924341457829605,50.47345625563001,51.21903968527674,18486800
2020-03-31,54.57038497924805,56.513411406886924,53.32775153153588,55.18040263261818,18514200
2020-04-01,51.633243560791016,54.442347683738575,50.91779102932504,52.34870183803295,14362000
2020-04-02,57.326751708984375,59.26977169942746,52.40141020697292,54.0356579966666,23220600
2020-04-03,56.56613540649414,59.48820235137735,54.999664040962294,58.74262449544522,14905400
2020-04-06,60.542545318603516,60.96428530898639,56.867368591238574,57.989501491808106,17334900
2020-04-07,60.94169616699219,64.5340362271175,60.888978665382105,63.45708805498849,16394800
2020-04-08,64.75243377685547,64.9934288715137,61.393556385502976,61.973454602690026,12284800
2020-04-09,63.494754791259766,67.71217887699963,61.39357546343825,66.83103508123197,17023800
2020-04-13,63.946617126464844,65.79173560548055,62.809418630396905,65.65617548180506,13854700
2020-04-14,63.720672607421875,65.58085624988719,63.50980261076251,64.36081531035967,14797600
2020-04-15,62.12409973144531,62.794367791516734,59.73674020306602,60.59528593721995,13982300
2020-04-16,60.24128723144531,61.89813322733622,59.35261690745867,61.23539253066977,12291900
2020-04-17,65.64863586425781,65.89716368915761,61.24294092676661,61.2504736400057,16130100
2020-04-20,62.93744659423828,65.52061593507283,61.82284048467202,62.2521190015722,15749000
2020-04-21,61.48393630981445,63.103124916764685,59.684002804765065,60.45970564429136,19620600
2020-04-22,63.59264373779297,64.20266132048877,62.485570535288474,63.97672590316185,10320700
2020-04-23,65.3699951171875,66.86115072191832,64.30810653116585,64.99343985901425,14226500
2020-04-24,65.52812957763672,66.8686650079793,64.59426865776436,66.63520265089905,9175500
2020-04-27,67.56153869628906,68.24687197305651,64.66959728704084,65.33233242354936,12037100
2020-04-28,67.71216583251953,68.50292838692494,66.8988051373223,67.44104560078712,10645200
2020-04-29,71.2593002319336,71.65091506846144,69.5045518151029,69.64764461391871,12342800
2020-04-30,69.28616333007812,72.10279488272246,68.21674784027425,70.58151425948651,12222000
2020-05-01,67.35820007324219,69.32381879534049,65.55073385518004,68.91713846534324,13250100
2020-05-04,68.86442565917969,68.99998577842126,66.04026129646105,66.84608929812569,11192400
2020-05-05,69.9564437866211,71.77144310647999,69.79829124873024,71.16895232289562,13608700
2020-05-06,67.81759643554688,70.38570001085216,67.60672068895654,69.92630218946084,11145900
2020-05-07,69.7681655883789,70.83758126237385,69.21839806750988,70.02422618041845,9749600
2020-05-08,71.89947509765625,71.96725229858126,70.84511903230006,71.54551217075011,8585900
2020-05-11,70.31792449951172,71.24424713161616,70.17483167594406,70.95053451697069,7101000
2020-05-12,68.60836791992188,70.81498199577268,68.53305801631217,70.13718137173062,8749100
2020-05-13,66.80089569091797,67.77994158997276,65.76160532168473,67.70463169291705,12215100
2020-05-14,67.81759643554688,68.48033154464385,64.78255657996559,65.73901004251208,10678200
2020-05-15,67.14733123779297,69.33134697082022,66.89880340750169,68.2694642121398,10113000
2020-05-18,70.7236328125,71.37317336347445,69.89068804962051,70.6090066375917,12304300
2020-05-19,68.484619140625,70.78475662219738,68.4158411085812,70.70834112113795,7749300
2020-05-20,71.0675048828125,71.42666417364312,68.9125549679582,69.53917144447244,9160000
2020-05-21,70.33390808105469,71.35025125361602,69.75313972100113,70.89174654139345,8830900
2020-05-22,68.98897552490234,69.99767543485393,68.37000230269767,69.88304925256016,8563100
2020-05-26,71.29676055908203,72.09148885360663,70.32626551555639,70.67778152316949,9430000
2020-05-27,71.75525665283203,72.35894906527587,70.3873975152891,72.35130576558863,7822600
2020-05-28,69.43982696533203,71.75525102805945,69.37869223288529,71.53364199553673,9633300
2020-05-29,70.0740737915039,70.21926730887319,68.20951128116597,68.92018644125122,17010000
2020-06-01,70.90702056884766,71.71703531126111,68.85905381716485,69.49331350383468,7344000
2020-06-02,72.35895538330078,72.76396285014584,71.28912070872349,71.66356080428005,7880300
2020-06-03,74.26172637939453,74.6820204317634,73.1689676733652,73.33708529431274,8440200
2020-06-04,73.573974609375,74.04011679868462,72.71811157074463,73.95605798880061,6371700
2020-06-05,77.03565979003906,77.9832309002719,75.69073030541978,75.71365437854742,12760100
2020-06-08,78.89256286621094,79.16002002616857,77.08149164726291,78.42642074594384,11090700
2020-06-09,77.5858383178711,78.65567278391624,76.28675735704194,76.95157860505726,10745400
2020-06-10,74.56739044189453,77.56292260535297,74.55210384251853,77.18083924276502,10486300
2020-06-11,68.2935791015625,71.97686230970332,68.10253742929352,70.53258773376014,14944800
2020-06-12,70.60137176513672,71.56422358711477,68.78265683929385,71.5412995154227,9532400
2020-06-15,69.71493530273438,70.36447587546604,67.4071484483936,68.07961309084892,12289500
2020-06-16,71.8545913696289,73.03905204549416,69.9136073195059,72.58819067650445,8726700
2020-06-17,69.95183563232422,71.83168542358099,69.92126825806022,71.7017784555569,6019900
2020-06-18,70.25749969482422,71.24327559782951,68.85142970638367,69.53918101430948,7064100
2020-06-19,69.25643920898438,72.14499478646162,69.19531029215503,72.14499478646162,14838800
2020-06-22,69.99003601074219,70.06645735659016,68.46170237586492,69.01954671785238,5939200
2020-06-23,69.87541198730469,71.13628250584237,69.67672699275512,70.68542690566318,6317700
2020-06-24,66.9715805053711,68.87435427936703,66.37553131087576,68.7673713895925,8974500
2020-06-25,68.17133331298828,68.40058573139633,66.60479455430387,66.71941493337671,7398000
2020-06-26,66.06986236572266,67.88093982271029,65.85589658956482,67.84272914976918,13766000
2020-06-29,66.99451446533203,67.68226587976828,66.17685606987202,66.41375178659128,7022200
2020-06-30,68.18659973144531,68.76736224725992,65.99343912237838,66.17683750473407,8263600
2020-07-01,66.95628356933594,69.36340383826234,66.90279213736265,68.2247971690432,6379400
2020-07-02,67.48357391357422,69.0501183172762,67.3689535480457,68.29359475413553,5832800
2020-07-06,67.68223571777344,68.96603584256313,67.10911076617319,68.39291089096288,6747500
2020-07-07,65.95523834228516,67.3078169190343,65.83297467909406,67.10913190745215,5898000
2020-07-08,65.98580169677734,67.09384704952892,65.6342856700827,66.01636906824601,6736400
2020-07-09,63.22716522216797,65.96288401733214,63.18896037672768,65.69542677872795,8833600
2020-07-10,65.12992095947266,65.27510864692599,63.04374360580586,63.04374360580586,6218100
2020-07-13,65.25983428955078,66.42900835297128,64.80897292599988,65.7489004882348,7074000
2020-07-14,67.5141372680664,67.70517897274692,64.98474696373809,65.25220418426478,7440500
2020-07-15,67.92678833007812,68.92020753056799,67.40715465799776,68.91256422991279,5935200
2020-07-16,67.52178192138672,68.3776508743483,66.74997178657897,67.58291666734046,4795700
2020-07-17,66.6277084350586,68.0949073639989,66.41374265335442,67.55999290973847,5964000
2020-07-20,65.16049194335938,66.85694295017007,64.80133849167005,66.35259595984024,14974800
2020-07-21,69.83721160888672,70.09703138314796,65.99345308510685,66.07751190941514,15115000
2020-07-22,69.56974792480469,69.73022225723311,67.93443139800438,68.7368030601465,10317500
2020-07-23,69.54682922363281,69.8295672373085,68.79029981645319,69.15710248327942,6586300
2020-07-24,68.87435150146484,70.86882731345177,68.75973114570812,69.90598134431532,6620500
2020-07-27,69.56974792480469,69.60795276768947,67.85801588210467,68.5916153289761,7599700
2020-07-28,68.09490966796875,69.6690915410231,67.83508990272969,69.134177068664,6787300
2020-07-29,68.82849884033203,68.83614214025734,67.68989201690543,68.3776432569425,6386900
2020-07-30,65.92464447021484,67.6287384100985,65.48906977806679,67.57524698580411,10112800
2020-07-31,64.14415740966797,64.2664210552349,62.287232015967376,63.61688049845376,19119800
2020-08-03,64.80897521972656,65.06115162707184,64.03717105925165,64.17472129688278,11220100
2020-08-04,66.09278869628906,66.26854963564293,64.40398067089045,64.55681753774822,9077900
2020-08-05,66.63533782958984,67.57526549116359,66.03165123157524,67.35365643550588,7324200
2020-08-06,66.8416519165039,67.17024378024503,65.79474159943835,66.04691797094097,7035600
2020-08-07,66.32966613769531,66.56655592850284,65.51964554147986,66.39079503749392,7185000
2020-08-10,68.56867218017578,68.59159624555478,66.94099357672393,67.20081325465257,8150200
2020-08-11,68.484619140625,71.0751436884038,68.14074064066408,70.26512305281268,9074300
2020-08-12,69.32520294189453,70.04352149501965,68.35470798223027,69.38633767623053,9057400
2020-08-13,68.6374740600586,69.75315708865668,68.59162590947255,68.67568473896765,7314600
2020-08-14,69.04247283935547,69.22587124854921,67.89622257916652,68.01084877121147,6343000
2020-08-17,69.36341857910156,69.98239765791116,68.56104692898552,69.04246991905515,10473800
2020-08-18,67.92931365966797,69.27813692361114,67.68900871785051,68.96806240612376,7981500
2020-08-19,66.96809387207031,68.13862246936795,66.82080713261074,67.67351360929247,9120300
2020-08-20,65.7433090209961,67.35569207817977,65.68129883739718,66.21617141674882,7872300
2020-08-21,65.95259857177734,65.96034614680188,64.73556099065262,65.63477057038926,9003600
2020-08-24,67.59600067138672,67.70452589120165,65.8053286302594,66.3557082205154,8738700
2020-08-25,66.76654052734375,68.24714358063758,66.47972646982167,68.22388902615522,6835800
2020-08-26,65.72004699707031,66.54173949967239,65.62702877514852,66.4409677878638,7486500
2020-08-27,65.82084655761719,66.37897381768158,65.09217203410876,66.01464247010927,7438200
2020-08-28,66.37896728515625,66.45649037386936,65.3634786961728,65.92936530719936,7307900
2020-08-31,65.0611343383789,66.58824637937614,65.01462523310725,66.53398378516616,9437500
2020-09-01,64.40225219726562,64.82859961081542,63.913882764740734,64.54178547596113,8990600
2020-09-02,64.48749542236328,65.08438391302,64.10765137776662,64.38671781641044,10821900
2020-09-03,63.782100677490234,65.49525558991428,63.34024629658613,64.37899531478766,16179900
2020-09-04,63.51079177856445,64.83635500804021,62.71235362696631,63.92163813508144,10516600
2020-09-08,61.216243743896484,62.464289688782,60.495322831100374,62.40227358755244,14942500
2020-09-09,62.03792953491211,62.84412101932858,61.76661651471914,61.991420421216255,9269800
2020-09-10,60.580596923828125,62.70459824073412,60.50307974999004,62.50304885741009,11845900
2020-09-11,60.2239990234375,60.99918240779713,59.74338319602977,60.650346336327374,13732400
2020-09-14,59.913936614990234,60.448815151009214,59.62711657561261,60.061223380370784,8182800
2020-09-15,59.18526077270508,60.836405461059236,58.88293967199986,60.123232125429105,11732000
2020-09-16,60.898406982421875,61.61158021656944,58.882931293123285,59.185252350809066,13019000
2020-09-17,61.07671356201172,61.1232226831955,59.20077076130365,60.099980617883716,10515100
2020-09-18,60.627113342285156,61.3557878752641,60.07673365335625,60.37130131506719,14517800
2020-09-21,59.14649963378906,59.4178126586049,57.89070031498099,59.09998460512037,16199100
2020-09-22,58.54961395263672,60.099981088845,58.41008067381072,59.03022989396654,9155000
2020-09-23,55.774444580078125,58.84417612097319,55.69692742108545,58.59611174950842,16649200
2020-09-24,55.65816116333008,56.611633273689556,54.65042054644739,55.23180799906917,15203500
2020-09-25,55.68144607543945,56.18531665861591,54.8597473393949,55.045795683885494,11070500
2020-09-28,57.3093147277832,57.95271843350751,56.70467256160589,57.08451080960794,12863800
2020-09-29,55.73569869995117,57.47210820445802,55.12330298275957,57.36358298006266,10553000
2020-09-30,55.81320571899414,56.503118483219524,55.51088466115066,56.0070015721851,10466500
2020-10-01,54.58842468261719,55.720191966510306,54.286103568421545,55.433377835401274,14930700
2020-10-02,55.18531036376953,55.557395098832274,53.34812350258402,53.42564066287375,9854800
2020-10-05,56.35584259033203,56.379103065103685,54.81322895796097,55.44112575062743,12049800
2020-10-06,56.0457649230957,57.61163286533765,56.00700338553049,57.239542212924555,15294500
2020-10-07,57.19303512573242,57.3015603377441,55.472126886432335,55.94498927341769,15410300
2020-10-08,58.309295654296875,58.56510759289242,57.35581748052255,57.665892019955336,11590900
2020-10-09,57.36357879638672,58.98370946682926,57.34807772868127,58.80542057440333,12260900
2020-10-12,57.75891876220703,58.09999544821105,56.74342445188956,57.07675356183862,9056900
2020-10-13,56.89846420288086,57.937207146729165,56.417848353443205,57.937207146729165,10440300
2020-10-14,56.54964065551758,57.69691497360884,56.518638516325595,56.805452660212325,7057500
2020-10-15,56.983741760253906,57.14652958846404,55.34035058175306,55.67367972928264,10052100
2020-10-16,56.503135681152344,57.386844567544294,56.02251968984823,56.99149925073256,9305600
2020-10-19,55.25508499145508,56.851961283985936,55.185321307613506,56.673672371380995,8357100
2020-10-20,55.56514358520508,56.03800590882312,55.069026707012334,55.743438360577336,7753200
2020-10-21,54.93724822998047,55.487627719680916,54.82872302999333,55.138791650425254,9800600
2020-10-22,56.89846420288086,56.96822787186464,54.70469370518435,54.9449986728131,9810100
2020-10-23,56.25505828857422,57.64263726422597,55.68142423683335,57.30930817047521,8727200
2020-10-26,54.991512298583984,55.72793416304653,54.44888036997686,55.603907894397466,9710900
2020-10-27,53.88300323486328,54.72795035607675,53.86749625393108,54.58841709858879,14251700
2020-10-28,51.844276428222656,52.774500285774494,51.4179290017535,52.47217915847005,15961900
2020-10-29,53.33262252807617,53.59618205635131,50.51095530657177,51.262878268275664,12292200
2020-10-30,53.87525177001953,54.348114165164226,52.774492649661326,54.185326344337774,17191600
2020-11-02,55.92948913574219,56.65041000704541,53.797734570662605,54.80546954382823,11475500
2020-11-03,55.611663818359375,56.820954125755854,55.07679121361141,56.71242890657911,8608000
2020-11-04,55.634910583496094,57.04574414932597,54.177567905729205,54.867480665635135,10925700
2020-11-05,55.921730041503906,56.565133683351654,55.627162478405175,55.73568768134576,10627700
2020-11-06,55.154296875,56.79768180204572,54.90623843803953,56.20079322110885,8366900
2020-11-09,61.54957580566406,65.32471595526279,60.665867020989694,62.014684758516694,24015200
2020-11-10,64.3945083618164,64.45652447590979,61.78989071171579,62.89840361586089,15039700
2020-11-11,63.9216194152832,65.49524069619999,63.41000147098057,65.19291965770758,11640600
2020-11-12,62.534034729003906,63.75107226054135,61.94489968545526,62.774345571099516,8920700
2020-11-13,64.36348724365234,64.61154573550586,62.813120191022655,62.90614434328558,10890300
2020-11-16,68.96033477783203,69.13087612211434,66.30920819175716,66.8518343652175,18980200
2020-11-17,68.46476745605469,68.85019472448386,66.72640495829508,67.961350533681,14329000
2020-11-18,66.29379272460938,69.14125019044144,66.270195988901,68.72435852304818,10583700
2020-11-19,67.434326171875,67.6152384114842,65.33412746855272,65.7195606769764,8820200
2020-11-20,67.48153686523438,67.89056090375182,66.76573729632428,67.42647582156465,8294600
2020-11-23,71.6032485961914,72.03587526620994,68.24451372594638,68.78725645600333,13379300
2020-11-24,75.21372985839844,75.37104544097019,73.1528621199615,73.45963170681979,17257400
2020-11-25,72.47637939453125,74.4743180882111,72.47637939453125,74.4743180882111,10556600
2020-11-27,71.82349395751953,72.83032767834476,71.21782261024892,71.83922911008375,4627700
2020-11-30,68.57489013671875,71.46167288914371,68.35464598139086,70.80094042316004,14288400
2020-12-01,68.78726959228516,70.5649640651167,68.4883676548653,70.22673024065587,9913600
2020-12-02,70.69080352783203,71.82348837512264,68.51194715961813,68.63780436554036,10509600
2020-12-03,70.63575744628906,71.66618803269702,70.06154432487504,71.24929645197328,8249800
2020-12-04,73.37307739257812,73.50679618513658,71.51672544472316,71.7527047266989,10791100
2020-12-07,71.39087677001953,72.6651481346849,70.6986740522234,72.22465986059836,9398400
2020-12-08,72.00443267822266,72.7280938706782,70.94253762389273,71.06052129565957,7627300
2020-12-09,71.13917541503906,73.16857230941216,70.29752466394079,72.52356898615184,11129400
2020-12-10,73.42814636230469,74.37991916707387,71.40661109902403,72.01228852100638,11992100
2020-12-11,72.72019958496094,73.37307033458325,71.60324389361793,72.78312818759481,9584500
2020-12-14,70.35258483886719,73.70345264716832,70.1952632978088,73.46747933738548,12198400
2020-12-15,70.29753112792969,71.17064626791098,69.82557245675855,70.33685701639142,11775300
2020-12-16,69.76264953613281,70.28179567051185,69.10191100004594,70.16380600322451,9892900
2020-12-17,69.54239654541016,70.43910830123643,68.86592893996887,70.43124072409324,11748900
2020-12-18,68.58274841308594,69.77836195180804,67.85121985283814,69.20415491060416,27427600
2020-12-21,67.71752166748047,68.30746409297755,65.70385344216926,66.34885692066455,11430500
2020-12-22,66.3567123413086,67.48940351110276,66.3095188763017,67.20623071865423,8585800
2020-12-23,67.40287780761719,68.16587082768389,66.86012895804322,66.86012895804322,7223100
2020-12-24,67.11969757080078,67.59165016967314,66.71066758422928,67.59165016967314,3335600
2020-12-28,66.78145599365234,68.14225259520057,66.56121187325394,67.33993387072036,8051900
2020-12-29,66.55335998535156,67.42647509788885,66.11287164072144,67.06464452891359,7670800
2020-12-30,67.11969757080078,68.10293465228607,66.49829101515773,66.55335205167279,7901800
2020-12-31,66.42750549316406,67.01744783680212,66.04207817565761,66.78147450006921,8350700
2021-01-04,66.63200378417969,67.60737320035302,65.98700055718085,66.9781051259067,9234900
2021-01-05,68.43331146240234,70.17954174956661,67.1118403803216,67.24555920380979,13414800
2021-01-06,70.63575744628906,71.40661199146041,69.0783072000726,70.00648328593424,13916800
2021-01-07,70.96612548828125,71.43807811997202,70.25032596260766,71.09984430037302,9286600
2021-01-08,71.6426010131836,72.70449605167147,71.14704559433967,72.42919081964928,11152100
2021-01-11,72.0516128540039,72.44490769054454,69.66824710476013,70.10087382543601,10635000
2021-01-12,73.42029571533203,73.87651928102959,72.13815638539351,72.88542036394044,10923900
2021-01-13,73.34949493408203,73.56187152821414,72.31906427147901,73.31016304570028,9723300
2021-01-14,75.11143493652344,75.76430570754806,73.77423509332783,73.8922247268338,13950200
2021-01-15,72.43704986572266,74.18328013525164,72.13814791014347,74.11248993572121,10244600
2021-01-19,74.3405990600586,74.74962309011897,73.38095860348193,73.54614173107575,9574800
2021-01-20,75.02493286132812,75.16651926518334,74.17542043940075,74.72603089816886,8735400
2021-01-21,72.37413024902344,74.4585944501013,71.75272357768603,73.8293202003104,10393100
2021-01-22,72.15389251708984,72.38986588096941,70.65937054103443,71.1077265337306,7810600
2021-01-25,71.50100708007812,71.6032615837195,70.26606145399485,71.2807629176485,7689400
2021-01-26,70.28966522216797,73.08206142115395,70.21886901932632,72.5235773803936,7827800
2021-01-27,69.37720489501953,71.0683738467944,68.23665230027983,68.850191268551,10178500
2021-01-28,70.02222442626953,70.91107478002026,69.41655289423775,69.7469191844369,8155500
2021-01-29,67.01744842529297,68.70075011382526,66.7972042419267,68.29959363749553,14699800
2021-02-01,67.96922302246094,68.66928741826185,66.52189476514877,67.63885076730264,8073600
2021-02-02,68.48050689697266,69.5109436282708,68.06361525811637,69.22777081674502,9233100
2021-02-03,69.97504425048828,70.31327818362746,68.34680322379627,68.47266050180403,9256500
2021-02-04,70.00648498535156,70.51776950290098,69.18056337998688,70.40764742234612,7917600
2021-02-05,70.21101379394531,71.16278682080353,69.72332591190698,70.74589514801157,8017300
2021-02-08,71.95722198486328,72.39771025722906,70.80093426870047,71.02117840488337,9886600
2021-02-09,71.54820251464844,71.79204341531417,70.64362310728359,71.6583245988977,7605500
2021-02-10,72.7752685546875,72.83032958770106,71.26501793385617,71.87855687349374,8778800
2021-02-11,72.38197326660156,72.7123454636923,70.85599350412612,72.65728443104426,8572400
2021-02-12,72.79888916015625,72.94047556570135,71.85497778945428,71.99656419499938,7858300
2021-02-16,74.29057312011719,74.8729028674126,73.87576747453319,74.22676108035681,14006000
2021-02-17,76.51618957519531,77.15435874051597,75.14413012997844,76.11733536837795,14342300
2021-02-18,75.78231048583984,76.40452216658986,75.22391694825215,76.38059188441225,9030600
2021-02-19,76.42047882080078,76.88314513804725,75.50311280354882,75.88600948582403,8913900
2021-02-22,78.48655700683594,79.48369286278826,76.9469790018042,77.3697636309625,13178700
2021-02-23,79.47569274902344,79.89848335078396,77.21818240220925,79.74691679381259,14874000
2021-02-24,82.41126251220703,82.99359239028999,79.61928278508398,80.0340946098635,16116000
2021-02-25,81.64546203613281,83.72748166411182,81.03920188482783,83.67962110265158,13219200
2021-02-26,79.77085876464844,80.61642792002297,77.86433572705602,80.0101737753558,14454100
2021-03-01,81.40614318847656,82.80213286333802,80.88763152060733,81.73320046185032,10439900
2021-03-02,81.7172622680664,82.41126478142844,81.1349323739488,81.27852015016732,10643500
2021-03-03,82.6346206665039,84.35767394931767,82.48306018987275,82.49103897896897,14958200
2021-03-04,83.36053466796875,85.81747820304092,82.26767187895761,83.37648615942885,22994200
2021-03-05,86.95024108886719,87.05394102029454,84.67677269962194,85.32291474550377,23638200
2021-03-08,87.54849243164062,88.09093435939639,86.20036335691708,87.63624083804463,18033600
2021-03-09,87.34908294677734,88.29835803318156,86.05679295330519,87.0060680397094,19010700
2021-03-10,88.84080505371094,89.35133804830579,87.50862712509515,87.90748140749946,17389900
2021-03-11,88.69720458984375,89.78208856978819,88.45788962019653,89.064149746879,10989500
2021-03-12,88.99237060546875,89.90175793420472,88.32229829420379,89.05618875493218,10930300
2021-03-15,87.94735717773438,89.27155613454055,86.86247319187927,88.96842302653153,10488000
2021-03-16,85.86534881591797,86.85450572512735,85.418633970346,86.57530894664485,11698400
2021-03-17,86.17644500732422,86.59922952249704,85.03572165221988,85.5223243056161,9168600
2021-03-18,83.05741882324219,85.77760189281177,82.73035538697081,85.362796112649,13246600
2021-03-19,82.46709442138672,83.67163584190698,81.9565615185236,82.91381527591614,18491000
2021-03-22,81.79704284667969,83.36055101579056,81.61356718572786,82.21184865234837,12508500
2021-03-23,81.34233093261719,83.2009930660523,80.32126509901423,80.92751913394571,14781700
2021-03-24,83.52005767822266,84.36563262588729,82.09216515807914,82.15597719753777,11026800
2021-03-25,83.81523132324219,83.96679788481732,81.42210583832689,82.04431749063961,11138200
2021-03-26,85.73771667480469,85.7855772397398,84.04657237671016,84.98786869864425,9820200
2021-03-29,85.29098510742188,85.77758774363596,84.31777983499371,84.87617939568209,7542300
2021-03-30,84.50127410888672,85.21921308195962,84.23005001415528,84.60497403820634,6284600
2021-03-31,83.59187316894531,84.73259654996872,83.44030660872909,84.19813332377743,8954400
2021-04-01,84.35767364501953,84.44542206666293,83.12920182804471,83.96679818517435,8515800
2021-04-05,83.36849975585938,84.42147451412453,83.09727575735008,84.34170489786824,8692700
2021-04-06,82.62664794921875,83.82321070006695,82.5229419490842,83.16111118394971,8125100
2021-04-07,83.11327362060547,83.41640074373005,82.3714042663477,82.53892236749822,7699300
2021-04-08,82.17992401123047,82.65855396269541,81.42210339813207,82.57877824676281,8283000
2021-04-09,82.10016632080078,82.70642655106488,81.4460455228431,82.2597116898353,7163700
2021-04-12,81.1907730102539,82.85000820922725,80.97539438553737,82.69844164136886,7845900
2021-04-13,81.55770874023438,81.84488426389275,80.79988816093343,81.01526676066104,6829900
2021-04-14,83.17705535888672,84.02263043360186,81.84488374078357,81.88477159671599,10194800
2021-04-15,82.49903106689453,83.17708223460752,82.10815551379504,82.96968235763556,7860500
2021-04-16,82.13206481933594,83.24885791464585,81.7092802963906,82.80214311093499,7459700
2021-04-19,82.37137603759766,82.82606960947788,81.53377973285556,82.37934874013361,7068700
2021-04-20,80.8318099975586,82.15600304491315,80.177689220569,82.0283728398103,9783800
2021-04-21,81.9485855102539,82.15598530952786,79.88251761724007,80.03408415873659,8264400
2021-04-22,80.52867889404297,82.06028399640353,80.4648668328878,82.06028399640353,9899400
2021-04-23,81.0073013305664,81.50187670990825,80.3452018090243,80.648328850751,6756000
2021-04-26,80.98336029052734,81.90072623797064,80.77596047259117,80.78393317525847,5639700
2021-04-27,81.9246597290039,82.24374434314686,80.97539076162047,81.21469965770308,6898900
2021-04-28,83.93489074707031,84.44542370872327,82.4591312146037,82.59474020122306,8718400
2021-04-29,85.27505493164062,85.87333641233123,84.35768877737492,84.8921521061437,9740300
2021-04-30,82.21981811523438,84.07050166525504,82.14004847927453,83.74344433200976,13730000
2021-05-03,84.18217468261719,84.33374124091911,82.33947004655774,82.94573019373276,7938100
2021-05-04,84.64485168457031,84.96393631030651,83.63973724361284,84.5251941891651,8704300
2021-05-05,86.9183120727539,87.38098443488651,85.21121647484772,85.4265950787191,12872400
2021-05-06,86.9661865234375,87.05393495392815,85.68985401543718,86.91034716640102,9654900
2021-05-07,87.76390075683594,88.28241258331875,85.91321697947669,86.2243228581596,10273000
2021-05-10,87.4049301147461,90.22881925857732,87.36504225076337,88.8966473716104,13586500
2021-05-11,85.1155014038086,87.41290596479384,84.72462591126505,86.99809410304556,12754800
2021-05-12,85.64997863769531,87.86760767717278,85.13146680588137,85.35482425071595,11661900
2021-05-13,85.09953308105469,86.04880803267909,84.1103763607095,84.61293046602303,9706300
2021-05-14,87.32514190673828,87.60433863715711,85.9929703030025,85.9929703030025,9124100
2021-05-17,88.39410400390625,88.44994337256306,86.92632283576475,87.0220439900137,12692900
2021-05-18,85.73748016357422,88.06300009836777,85.56791157921187,87.9661072847492,12759900
2021-05-19,83.33121490478516,84.21136371806915,82.33802651976097,83.83185040521928,14762700
2021-05-20,83.62191009521484,84.03372309047975,82.33803085657752,83.22625001142815,9706300
2021-05-21,84.0740966796875,84.94616289682807,83.71880656422212,84.05794376869515,10352800
2021-05-24,85.26914978027344,85.4629415803531,83.97719417885858,84.74429108454952,6785600
2021-05-25,83.87223052978516,85.28530841123302,83.66228580530718,85.13188655559172,7884000
2021-05-26,84.0740966796875,84.71200113221371,83.70265981376029,84.39708097316819,9232400
2021-05-27,83.17780303955078,84.71200311155347,82.82251291578388,84.07409864412227,11703400
2021-05-28,83.8076400756836,84.07410769720194,83.12935941732155,83.67037111691279,7278200
2021-06-01,86.11700439453125,86.74683240525226,85.02691697901174,85.02691697901174,10260600
2021-06-02,87.27169036865234,87.65927399006591,85.76171351888009,86.5691865841107,9141800
2021-06-03,86.87603759765625,87.27977419285428,86.04434119723336,86.85181438762942,8809300
2021-06-04,87.57044982910156,87.74809488582866,86.56918497181212,87.40088122782493,6699300
2021-06-07,87.00521850585938,87.77231541594486,86.8598731148344,87.50585399950765,6748600
2021-06-08,87.7965316772461,87.9983999035098,85.83437227154164,86.92445946125981,10559500
2021-06-09,87.0294418334961,88.44251963024472,86.92447255781424,88.06300632200453,10146900
2021-06-10,87.53817749023438,89.02392530470425,86.60150556852183,88.06303017131499,13526200
2021-06-11,87.13443756103516,87.99035719730303,87.09406143608483,87.88538173664485,7731700
2021-06-14,87.1828842163086,87.98228097610841,86.26236524186476,87.35245285259754,9051900
2021-06-15,89.06428527832031,89.20963068255242,87.52200870227233,87.53816161414859,10540200
2021-06-16,88.55558013916016,89.23386079826568,87.93382851546716,88.84627097012948,9283300
2021-06-17,86.45613861083984,88.8058881269178,77.7677269288153,88.20835363852582,14337800
2021-06-18,83.19396209716797,85.81017351779269,83.09706925673878,84.98655357148675,22284500
2021-06-21,85.63253784179688,85.94745190621276,83.92069238967748,84.05796135918558,13591500
2021-06-22,85.91514587402344,86.36732887445297,84.22752375793804,85.05114983504194,10230100
2021-06-23,85.81015014648438,87.31205036939394,85.7778566488245,86.6902988906982,7792800
2021-06-24,86.51266479492188,87.02944707027216,85.88283678187189,86.51266479492188,8724600
2021-06-25,86.6418685913086,87.25554372941305,86.22197911730973,86.8760303757902,8102300
2021-06-28,83.96914672851562,86.39964308607291,83.70268522156319,86.35926695686646,11348400
2021-06-29,83.78341674804688,84.76045853170089,83.6622945420252,84.4536147883751,7225500
2021-06-30,84.57472229003906,84.68776801986324,83.75110252124439,83.84799534079067,7927500
2021-07-01,85.76172637939453,86.48037702237355,85.38221299614081,86.35925481231979,10873200
2021-07-02,85.648681640625,85.91514927379315,84.81698523455313,85.34991434035784,7107700
2021-07-06,83.96914672851562,85.56794657289215,83.48466398070019,85.56794657289215,10162800
2021-07-07,83.11321258544922,84.7039356959558,82.45916129737483,83.94490895436635,8245000
2021-07-08,82.84673309326172,83.24239315992558,81.73242251018516,81.95851397685021,8695500
2021-07-09,84.03374481201172,84.16294349511074,82.65296622918545,83.54118561362822,8567900
2021-07-12,84.20330810546875,84.8008365754513,83.36353520035529,83.62192638958005,9898600
2021-07-13,83.92066955566406,84.44552824039212,83.34736446206361,83.97719241952522,6738000
2021-07-14,82.3380355834961,85.04306932150529,82.1361673021442,84.36479485321782,9216600
2021-07-15,81.79702758789062,82.5641245695568,81.43366099615596,81.59515931265943,9665700
2021-07-16,79.63300323486328,82.11194552669403,79.39883528514576,82.06349294916309,12199100
2021-07-19,77.48511505126953,78.28451166555217,76.32235185919977,77.3720693143217,17385500
2021-07-20,77.94538116455078,79.16466733005535,76.75032436807561,77.42859884815105,12114600
2021-07-21,80.60196685791016,81.12682561974803,78.89012162007108,79.1162192692631,11478100
2021-07-22,79.79450225830078,80.27091465503555,79.043551927591,80.26283819799757,7694300
2021-07-23,79.8267822265625,80.03672693401921,79.08390853621434,79.77833581735332,7570800
2021-07-26,81.51439666748047,81.76471748597054,80.29511687632754,80.31126362565107,10227500
2021-07-27,81.23986053466797,81.32868305916331,79.8913820781008,80.78767761762275,8332100
2021-07-28,81.70013427734375,82.20884014849774,80.97340720388712,81.47404277905308,8546100
2021-07-29,82.822509765625,83.07282443755969,82.31380396637795,82.66908791610095,8681300
2021-07-30,82.20884704589844,84.01759150504171,81.36907415283873,83.21818857690312,12295300
2021-08-02,82.0634765625,83.96104298982863,82.00695370044319,82.42684309903375,8911800
2021-08-03,82.84673309326172,83.09705392609555,81.28830987171419,82.03118359376523,8437300
2021-08-04,80.98956298828125,82.28151885326876,80.82806465482562,81.10260874143444,10389800
2021-08-05,81.74050903320312,82.70947434126253,81.28831988364837,81.50634108230702,7986100
2021-08-06,82.32188415527344,82.83059617619166,82.03926978839174,82.37840702864978,6475600
2021-08-09,80.94918060302734,81.86162301447727,80.69078945001748,81.4821158214089,9243100
2021-08-10,82.4268569946289,82.6206488171319,81.2156473230561,81.3448398178811,9762600
2021-08-11,83.04862213134766,83.14552113867359,82.03928057369751,82.3945707733606,7079800
2021-08-12,82.87904357910156,83.37160269318223,82.1846161776282,83.05668865769213,7377600
2021-08-13,82.32996368408203,82.79829960126727,82.07157251607144,82.54798488990647,6572600
2021-08-16,81.49016571044922,81.7162571426491,80.67462249580387,81.4174961046119,9476600
2021-08-17,81.3367691040039,82.10386609450912,80.44854375432722,80.90880318073654,10937500
2021-08-18,79.1353759765625,81.36131523250954,79.01262702343861,80.76391618201103,12893600
2021-08-19,77.16312408447266,77.99784809306811,75.99286965751632,77.58866831082588,17423400
2021-08-20,77.17131042480469,77.6459542332077,76.2792952413326,76.53298471165043,9707600
2021-08-23,79.15994262695312,79.38089701579709,78.61163684058197,78.63618663449913,10277800
2021-08-24,80.06829833984375,80.69843871308578,79.70003902614302,79.7900590794633,8924900
2021-08-25,80.6166000366211,80.78845479079699,79.15173571073575,79.56091548075106,9342300
2021-08-26,79.5609359741211,80.79666094607096,79.54456528269453,80.28927565286764,8124800
2021-08-27,80.72300720214844,81.39406196371205,80.2401779348382,80.31382731720502,10281200
2021-08-30,80.51841735839844,81.27130684915592,80.17470775308605,81.09126670058575,8127200
2021-08-31,79.19264221191406,80.53475747066666,79.08625772978544,80.31379692001629,15676900
2021-09-01,78.32520294189453,79.43817258796956,78.12879837011329,79.26631780721237,10557300
2021-09-02,79.96192932128906,80.51841419336355,79.01263527103806,79.08628465060018,12340100
2021-09-03,79.78186798095703,80.55112792890418,79.6918479341297,79.7082186209643,9097000
2021-09-07,79.42999267578125,80.18288836568372,79.16811781429884,79.39725753764729,9237800
2021-09-08,78.88166809082031,80.58385727127978,78.84893296308988,79.79004759368152,10775900
2021-09-09,78.56250762939453,79.88825219333194,78.03057273526974,78.47248758991554,10219400
2021-09-10,78.61981201171875,79.9537360051654,78.47250702368996,79.87190128816911,11006000
2021-09-13,80.17469787597656,80.78028228362535,79.42998757928797,79.5527427785166,11500900
2021-09-14,78.72618865966797,80.8048227305102,78.54615479768566,80.5102127838656,15294100
2021-09-15,80.3956527709961,80.63297782611609,79.37270317664552,79.37270317664552,11623400
2021-09-16,79.64276885986328,80.68208297221135,79.30724461644607,80.46112859177457,10616700
2021-09-17,79.18448638916016,80.51022510841766,78.86532660536935,79.47091103569177,16006100
2021-09-20,77.56412506103516,77.94875508773885,76.3611354008644,77.44955521183685,15796100
2021-09-21,77.62139892578125,78.47249357254977,76.95034437169673,78.21061877689696,10958400
2021-09-22,79.90462493896484,80.83755431452734,78.75892033492332,78.75892033492332,13292800
2021-09-23,81.88505554199219,82.056910300291,79.99464695711741,80.39564139314795,10094900
2021-09-24,82.32698059082031,82.62977591287238,81.54954141084465,81.54954141084465,8225300
2021-09-27,84.26649475097656,84.92936407418115,83.95551408589692,83.95551408589692,12697500
2021-09-28,84.58565521240234,85.83774449700748,84.19283982723762,85.03575552419642,15560800
2021-09-29,84.56111145019531,85.30581554946988,83.75093083120503,84.46290603600549,10268100
2021-09-30,83.02259063720703,84.65931006815119,83.02259063720703,84.63476027566129,15319800
2021-10-01,85.37946319580078,85.5513179718883,83.37447832093602,83.6527238466886,10854900
2021-10-04,85.69861602783203,86.63154544749031,85.19941618564441,85.92775571075327,13305400
2021-10-05,86.63154602050781,88.19460957853828,86.27146580577093,86.77885099530126,13017300
2021-10-06,85.87049102783203,86.2142006332188,84.76570658560914,85.25672119953158,10630100
2021-10-07,86.48423767089844,86.9916228406294,86.10779302635787,86.4269527520246,8830900
2021-10-08,88.42375946044922,88.73473386843482,87.23713426500075,87.40898903601293,10586700
2021-10-11,87.67086791992188,89.7167670650636,87.49901314096061,89.65948213874319,9794800
2021-10-12,87.68722534179688,88.03912019126062,86.8852302510698,87.55628481939745,9085000
2021-10-13,88.21099090576172,88.6610849848806,87.13894171987998,87.37626053339257,9220700
2021-10-14,89.04570007324219,89.33213090879728,88.47285088930765,89.10298499163564,7648600
2021-10-15,89.70038604736328,90.04409554178712,89.55308108638341,89.83132032179675,9968100
2021-10-18,89.65949249267578,90.35510327722449,89.16847788985685,90.1996129262892,10677400
2021-10-19,91.41077423095703,91.41077423095703,89.85589582579283,90.15050581160241,10362800
2021-10-20,92.60557556152344,92.61375466216009,90.65787571281896,90.91156519149698,10811400
2021-10-21,91.44349670410156,92.31914119522047,90.73152787331537,92.23730648684814,9372600
2021-10-22,92.31098937988281,92.37645341977752,91.20619863774758,91.83633919000441,8673800
2021-10-25,93.17024993896484,93.57942978607808,92.72015585329368,92.90837508655594,9579800
2021-10-26,93.37482452392578,93.78400430382342,92.89199538056877,93.27662537264663,7463000
2021-10-27,91.71355438232422,92.94927904919057,91.3698448702966,92.6546691121418,9096100
2021-10-28,92.57284545898438,92.69559441108744,91.31257085415446,91.31257085415446,7538200
2021-10-29,93.6939926147461,94.3486828184472,92.59739370367352,93.97223813657504,15294200
2021-11-01,93.72671508789062,94.18499442242005,93.33390601360475,94.13589484903122,11213800
2021-11-02,93.15387725830078,93.44848722166857,92.6464920450366,93.4403018772449,9189700
2021-11-03,92.48281860351562,92.69558760058753,91.63172388446358,91.87722801422073,10416000
2021-11-04,92.89200592041016,93.50577565989703,92.4009913775384,93.47304052456042,9673000
2021-11-05,93.8985824584961,94.1522781901401,93.23571315430543,93.51395243235487,8102100
2021-11-08,94.2341079711914,94.92152702938743,93.85766330928575,94.18500215018585,7695900
2021-11-09,94.92971801757812,95.02792342183992,93.66944342570034,94.33231273459889,10945900
2021-11-10,93.41575622558594,95.10157512340933,93.01476174130137,94.73331577468107,10305100
2021-11-11,93.42394256591797,93.8413015006338,92.94110711580308,92.96565690683475,7317500
2021-11-12,93.4812240600586,93.54668808587616,92.95746814839833,93.12932916648649,8682800
2021-11-15,95.60076904296875,95.70715354419028,93.51394954761855,94.07043433013938,11050400
2021-11-16,95.97721862792969,96.63190884451183,95.63350907383895,95.8380989860723,10566300
2021-11-17,95.54676055908203,96.46563912622995,94.91762337035516,95.09146440795737,11108000
2021-11-18,94.7437744140625,95.51364546227607,93.88284918976505,95.07490290111951,8368600
2021-11-19,92.64109802246094,93.66759038137424,91.97056127361324,93.13778746608034,13532600
2021-11-22,94.2967529296875,95.35635897622657,92.59144352752286,92.73217107400846,9947100
2021-11-23,96.27523040771484,96.72224654423135,95.24873159921462,95.35635197512579,10366800
2021-11-24,97.01199340820312,97.68252396693612,96.58980445993599,96.69741852622953,8500900
2021-11-26,94.79344177246094,95.05834328213375,93.23713987685174,93.83316985255311,11861800
2021-11-29,95.07491302490234,96.99545087543538,94.95901898945432,96.30836029688552,12003800
2021-11-30,93.43582153320312,95.91099562716575,93.0798595344794,93.9159511814524,24451200
2021-12-01,92.79840087890625,96.07655955440195,92.79012093010878,95.15768102614743,12302700
2021-12-02,95.31497192382812,95.7785480212549,92.65767668121991,93.75039627926208,11392400
2021-12-03,94.71066284179688,96.85470848525216,94.0318460012586,96.6394740313193,10445100
2021-12-06,96.19243621826172,97.22720857997172,95.24045069808794,95.99376169322319,9833900
2021-12-07,97.61628723144531,98.22887703720545,97.05337079540189,97.05337079540189,11419600
2021-12-08,98.05503845214844,98.72557531918893,97.40106779748865,98.00537139375658,8827900
2021-12-09,97.79841613769531,98.17921165249669,97.33484008763277,97.55834816441292,8334700
2021-12-10,97.9639663696289,98.67589026245875,96.7470793728493,98.4523822104072,9090700
2021-12-13,95.92755126953125,97.55835380300701,95.70404317983296,97.23550527580373,8533000
2021-12-14,96.20902252197266,96.78849267729346,95.58815893452136,95.81166704707339,12245300
2021-12-15,95.66265869140625,96.29180222289595,94.32987103014895,96.29180222289595,11069500
2021-12-16,96.55668640136719,97.83980676636115,95.96065645932482,96.18417084546562,11344700
2021-12-17,94.04011535644531,96.40767513575494,93.98216835411604,95.96065269675073,22727900
2021-12-20,94.08150482177734,94.13117187432769,91.66427808950445,92.59971003511538,13464400
2021-12-21,95.588134765625,96.08482424685083,94.61130938238946,94.72720338415051,11368200
2021-12-22,96.13450622558594,96.58980867158463,94.71066450921359,95.54675617804698,8345200
2021-12-23,96.36627960205078,97.61628001666872,96.35799965508504,96.44906012446106,7416600
2021-12-27,98.33649444580078,98.36132797363118,95.53847206533196,96.08482862484968,7745500
2021-12-28,98.14611053466797,98.79180763306697,97.71564790765223,98.22889739610439,6516000
2021-12-29,97.6411361694336,98.22061259209299,97.09477954231241,97.74875655768132,6957400
2021-12-30,97.21066284179688,98.25371523493942,97.13615594155466,97.79013288479285,6016000
2021-12-31,97.14443969726562,97.7570232404083,96.96231872925698,97.16927322640316,5706600
2022-01-03,98.7255859375,99.08154796434359,97.09478331023406,97.20239738690744,10717700
2022-01-04,100.52194213867188,100.97724457469218,99.05670702632064,99.2967686935856,16413100
2022-01-05,101.17591857910156,102.51697971834282,101.0517446139773,101.19247216043469,15487100
2022-01-06,102.03684997558594,102.91433504767913,100.69578252184427,102.33486496530631,13318500
2022-01-07,103.50208282470703,103.92427177024227,101.78021988065161,102.27691572986959,14164600
2022-01-10,103.56831359863281,104.04844956884622,102.53354106752646,103.60142707751825,12626100
2022-01-11,105.93585968017578,105.96069320712628,103.33651193019843,104.1891633728296,14609000
2022-01-12,105.40608978271484,106.3166821966948,104.6941656466563,105.95244649425311,12469200
2022-01-13,104.96732330322266,106.04348921288229,104.67758195510274,105.24877838731055,9691300
2022-01-14,106.75543212890625,106.95410039692415,104.93422844447805,104.93422844447805,13281000
2022-01-18,107.10309600830078,107.61633912203351,105.85308907008867,107.35971756516714,12905500
2022-01-19,106.71399688720703,107.74048288714619,106.40769570817912,107.57492185149445,12064300
2022-01-20,106.33322143554688,108.32826588203928,105.8613654199149,106.18422025605805,11370400
2022-01-21,105.05840301513672,106.29184395765182,104.49548642818446,105.76204716988924,13055700
2022-01-24,105.28189086914062,105.73719328409511,101.68915755447685,103.02194500652551,19513700
2022-01-25,109.76038360595703,109.88456388261424,103.70075620803553,105.23222453297437,19984500
2022-01-26,109.8431625366211,111.5153582826614,108.93255776612908,110.0169972273065,17266500
2022-01-27,112.06175231933594,113.41110010721845,110.58823684671138,111.30016104607525,20654100
2022-01-28,108.12133026123047,109.32166406557964,106.01867769505701,107.61636067893842,24817800
2022-01-31,108.71736145019531,109.15610406843652,107.06172511524647,107.77364924453458,16401800
2022-02-01,111.58159637451172,112.36803367635797,108.03853590962156,108.30344376529646,16169700
2022-02-02,112.0948257446289,112.41767422288639,109.93422050352144,111.21734078482643,10906700
2022-02-03,111.09317779541016,112.04517611477237,110.25708612721446,111.6312670971803,9447700
2022-02-04,112.48391723632812,113.41106938189554,111.76370696543144,111.76370696543144,13034700
2022-02-07,114.6942138671875,115.42268529205602,111.6147291598928,112.03691189356103,18422500
2022-02-08,112.94747924804688,114.59482882792842,111.76369305173847,114.38787434752126,11021600
2022-02-09,114.06502532958984,114.52032771065484,112.66602365904319,113.17926672597156,10140800
2022-02-10,112.61637115478516,114.89287097807079,112.07829443097302,113.87465823029451,11012700
2022-02-11,114.90940856933594,115.43093792423143,112.8150301490249,113.29516607977797,12821200
2022-02-14,113.13787841796875,114.28027123818993,111.79681737266533,114.1892107578607,15945000
2022-02-15,112.30973815917969,112.79491510274258,110.56979721940502,111.32266327560374,11746800
2022-02-16,112.34320831298828,113.89911621531708,111.89148611585944,112.88693428510739,11348800
2022-02-17,111.76602935791016,112.57744455449024,110.79567532181748,112.23447261281797,10073900
2022-02-18,111.60709381103516,112.0169880532329,110.46107990260299,111.10519577916465,10691800
2022-02-22,110.75385284423828,114.60180165509466,109.18122366171296,114.60180165509466,19428700
2022-02-23,113.38883209228516,113.83218097640035,110.88766482421852,111.19716916411676,16134200
2022-02-24,112.80328369140625,115.63067643279068,110.18500550994031,115.37972109112205,22108900
2022-02-25,117.42918395996094,117.52956099515389,113.2884525605799,113.73181424896075,28028000
2022-02-28,120.45733642578125,120.45733642578125,115.98200666820371,116.50065110185984,24394300
2022-03-01,125.24217987060547,125.4429467080334,121.04289939427174,121.30221524837472,31159900
2022-03-02,128.93955993652344,130.28634059708057,125.518239513286,125.64371081912772,31329500
2022-03-03,130.67947387695312,131.43232708375146,126.94027657067754,127.36689168598087,22492900
2022-03-04,132.71218872070312,133.79965330929267,129.73421780348013,130.31977173145347,29034400
2022-03-07,135.5479736328125,135.59817491721932,130.26124101531764,133.75784407923936,34824700
2022-03-08,142.6499481201172,145.55263678283555,137.27119876118454,137.44685858870457,57231000
2022-03-09,139.08641052246094,142.01419319113103,134.853675335157,136.15862785379085,43430000
2022-03-10,142.89251708984375,146.18835283323722,140.77613693134998,141.15257630745774,34913600
2022-03-11,142.9594268798828,144.69936766570166,138.7601596009587,138.76852009844401,28423600
2022-03-14,139.46282958984375,140.82634381451894,137.43847864351324,139.03621444782212,25156200
2022-03-15,132.40269470214844,134.00043057341844,129.8764329712308,133.09699897234617,28534400
2022-03-16,131.9259033203125,134.2597589341701,130.671139218124,132.8293222414622,22299700
2022-03-17,134.2095489501953,134.66963160024767,132.10154202166723,133.79965481394532,15750700
2022-03-18,135.28863525390625,135.28863525390625,132.82093555889588,134.5859705585893,23214700
2022-03-21,137.72288513183594,138.50920588463822,136.11678887178203,136.36774420456638,13180600
2022-03-22,137.2628173828125,138.2415317992079,135.99969284830965,136.92821874552374,11063900
2022-03-23,138.7434539794922,139.9898576199676,137.97386683886418,138.8605647886286,10755000
2022-03-24,139.1114959716797,140.03164852223279,138.02403135364543,139.22023349860007,9024800
2022-03-25,141.62939453125,141.9472721654578,138.15788587055172,138.2080743887699,10254700
2022-03-28,139.15330505371094,139.38752659937123,138.13276284871242,138.77686571721975,9992000
2022-03-29,137.45521545410156,137.58904724249214,134.2597437745592,136.7776321935662,15102600
2022-03-30,138.425537109375,139.15330878386533,136.90309702177245,138.224783072923,9906000
2022-03-31,136.20880126953125,138.9943785742832,136.1167847424391,136.74416667330797,10395900
2022-04-01,137.37158203125,138.81873979664275,135.79057969131475,136.1670063886096,8795300
2022-04-04,137.49703979492188,138.40047143788837,136.35102605310433,138.0240447776823,8718600
2022-04-05,136.6521759033203,140.2993573927809,136.43468805470806,138.0491450676708,9538200
2022-04-06,137.8651123046875,139.70543043363807,137.46359136625404,137.88184606665737,9269000
2022-04-07,139.7806854248047,140.28258326119695,136.7023250856417,138.10766710859693,8018400
2022-04-08,142.1480255126953,143.12675266943157,139.7137930427037,139.73888730168468,10801200
2022-04-11,138.49249267578125,141.1860539348433,137.94876667749892,141.01039411071162,10206100
2022-04-12,141.37844848632812,144.4484364393315,140.65904989488044,141.34499372668608,9528400
2022-04-13,143.60354614257812,143.94651800975555,140.77614069999504,142.9845246821202,7330700
2022-04-14,143.53663635253906,144.66592908107583,142.67503274287193,142.7837830429277,9421100
2022-04-18,145.46058654785156,146.0043124306913,143.77083436352424,144.71609385879586,7639000
2022-04-19,143.73739624023438,145.29330406708783,143.06818623954445,144.78303287752516,6970200
2022-04-20,144.32293701171875,145.20127425957793,143.42787876935714,143.56171054596626,7495000
2022-04-21,137.67269897460938,144.24766243268485,137.04531701396905,143.66210848891092,14594800
2022-04-22,134.6361846923828,138.4172107351053,134.56090191015463,137.50541855713183,12160100
2022-04-25,131.74185180664062,132.4696107996136,126.61404580830683,130.26958729693322,15449800
2022-04-26,130.93882751464844,134.15102084541618,130.82171669834298,132.85444136636372,9810600
2022-04-27,130.69622802734375,132.1015576363969,129.25743089572074,131.39889283187034,10396600
2022-04-28,135.33883666992188,136.35101855887197,129.60038224945612,131.70838930051596,9366400
2022-04-29,131.05593872070312,135.88260199502315,130.73806103373374,134.91224793467995,14713200
2022-05-02,133.63235473632812,133.84148205203442,129.78440702168479,130.75476082995044,11559000
2022-05-03,135.92442321777344,136.71073136787513,133.22248854203,133.48181718975195,8827200
2022-05-04,140.19061279296875,140.44156817565695,136.7441980140219,137.9989621633419,9183200
2022-05-05,139.0780029296875,141.78829709760862,136.0582044691384,141.58753031194607,9807600
2022-05-06,142.7837677001953,143.01798927197828,138.37536032392612,140.75941682171782,10418100
2022-05-09,133.21408081054688,140.3244085147205,132.56996519751027,140.3244085147205,14110700
2022-05-10,134.4939422607422,137.34644157112103,132.05969753203354,135.69015700165974,11636000
2022-05-11,136.48484802246094,140.08184023772634,135.94110936850487,136.83618036477273,9105500
2022-05-12,137.78143310546875,137.89854388048778,132.8878492807875,136.53502982810258,8936400
2022-05-13,140.42481994628906,141.19440701356024,137.9236651686877,139.2788062258261,9229900
2022-05-16,144.72445678710938,146.3640204884556,141.25294860025264,141.37005938148323,13296300
2022-05-17,145.57772827148438,146.9328694001707,144.38988646814744,146.25529883582755,12827600
2022-05-18,141.74026489257812,146.8596535545629,139.82576405026006,146.8512114097824,13107500
2022-05-19,140.7282257080078,143.07285170734755,137.32936093669423,138.84746734216168,10958700
2022-05-20,141.5378875732422,144.25359482609866,138.3920297935442,142.43187999803277,9615000
2022-05-23,144.8271026611328,145.87291212760275,142.6258516498707,142.89573007627,10216400
2022-05-24,145.60302734375,146.39581697340216,143.21622917735343,143.95841740411305,9782700
2022-05-25,147.93922424316406,148.42839258678447,145.88134806280434,146.02472299417354,10174500
2022-05-26,148.9344024658203,150.06454323273138,147.6018432411586,148.85007109360086,11213900
2022-05-27,150.35975646972656,150.41880002084113,148.17537672276,148.87539284370078,10512300
2022-05-31,147.30667114257812,152.62003687190597,146.30303382081203,151.77664589484203,20547600
2022-06-01,148.70672607421875,150.23326191791273,147.54284222913626,149.0525066473448,8824100
2022-06-02,148.4368133544922,148.86693812394117,146.8343756307017,147.37414534631665,7441900
2022-06-03,149.7862548828125,150.33445391493603,148.43682406187233,148.43682406187233,8435300
2022-06-06,149.1368408203125,150.12360680388562,148.02355845784473,150.03926255128917,6734200
2022-06-07,151.97906494140625,152.36703048760094,149.21274332138051,149.67661097363737,9668300
2022-06-08,152.76341247558594,153.83450975546808,152.02122429433683,152.61159540709178,8715200
2022-06-09,149.71875,152.350125381416,149.6091050693999,151.83565643885728,9764600
2022-06-10,147.93077087402344,150.604331571651,146.45483667768406,148.74886114381013,9529700
2022-06-13,141.12460327148438,145.06323729801346,138.36671137763832,144.7343153561143,14614900
2022-06-14,141.3101806640625,145.30784622160064,139.8679762279415,142.8451457663525,10269300
2022-06-15,138.53538513183594,141.5631682549693,136.5787249282845,140.66073381133268,11565300
2022-06-16,131.1304473876953,135.39800438455674,129.67138435730692,134.8919774353704,18125900
2022-06-17,125.1423568725586,131.12199579117288,122.95796446879949,130.62439820497437,35575100
2022-06-21,130.3798370361328,131.5858930933575,127.72316001551384,128.23762914064238,13772000
2022-06-22,124.7121810913086,127.18332258181529,123.41336505072248,124.88086952985209,13735800
2022-06-23,120.12416076660156,125.85922151087999,118.20123052721468,125.4881274525555,15713700
2022-06-24,122.09774017333984,124.05440094593975,120.26758292536559,122.46039219001845,11108300
2022-06-27,124.4592056274414,125.51344428918044,122.79772446701078,123.01700147576774,9242400
2022-06-28,126.45804595947266,128.355675669863,124.91463891739349,127.25083554198463,9183300
2022-06-29,123.96159362792969,128.28819315900688,123.21097622504705,127.88336912138315,9082900
2022-06-30,122.10616302490234,124.75441057707273,120.95072133037914,121.91218667431039,10685000
2022-07-01,123.5652084350586,123.94474467316515,120.15791452205563,123.64112340415498,7684600
2022-07-05,120.31818389892578,121.9037505013708,117.5771626762033,121.15313289668266,11513100
2022-07-06,118.73260498046875,120.82421142758038,115.3759118092841,119.47479331004575,12421200
2022-07-07,121.04346466064453,122.54469942181959,120.67237060837677,121.53263292325897,12741800
2022-07-08,120.41092681884766,122.6712083366846,118.99402336286276,122.19048219797273,7915500
2022-07-11,119.34825897216797,120.47841272295841,118.01569961219919,119.68562310267471,7056800
2022-07-12,117.16387176513672,117.75424286908745,115.76383966925005,116.80964910276627,8653900
2022-07-13,116.37954711914062,118.69043058818453,115.66265950817119,116.05905437035983,9414600
2022-07-14,114.65056610107422,114.83611313685135,111.78302919214298,113.27583475485021,10150200
2022-07-15,116.09275817871094,117.1976111243188,115.06382019852235,117.1976111243188,7051900
2022-07-18,117.72053527832031,119.87961450854999,117.29883971400585,118.547054981021,7943900
2022-07-19,121.9627685546875,122.30011979467304,117.58556736605696,117.81328653106588,9152100
2022-07-20,123.57365417480469,124.19775528488482,120.8748055212981,121.87000073419642,7856600
2022-07-21,122.6290283203125,122.68807185885875,119.33980904894504,120.70609815103252,6724200
2022-07-22,121.60855102539062,123.3881065600527,120.95913634842378,122.76399258369655,5889500
2022-07-25,125.22671508789062,125.33636005615874,121.6001305476564,122.88208870657989,6210900
2022-07-26,124.24834442138672,127.08212528248175,123.58205845271127,126.08693027090045,6112800
2022-07-27,125.8845443725586,126.67733402417619,123.69173534866279,125.10862614541459,6223000
2022-07-28,126.8375473022461,127.74841094935599,124.84714441466286,127.09056712685265,6574300
2022-07-29,138.1305694580078,138.87275761587023,131.48464462037518,132.024414316332,17143700
2022-08-01,135.37266540527344,136.51124823999228,134.22565329464598,135.9377357501168,8017800
2022-08-02,134.2172088623047,136.18231093348493,133.5087636922743,135.69314273442905,5928300
2022-08-03,131.02923583984375,134.90883987070333,130.17741550054635,134.3606279592089,8751400
2022-08-04,127.4700927734375,131.09667600849852,127.12429943575331,130.99547322444388,10640000
2022-08-05,129.57858276367188,130.73402422672532,125.68212076133882,126.20501902302006,7170200
2022-08-08,129.38462829589844,130.70874559570984,129.16533837949385,129.53643251267712,5966900
2022-08-09,131.07142639160156,133.0871307973319,130.38828159476193,131.51842268753683,5842200
2022-08-10,131.41722106933594,131.96542019379285,128.97980818206096,131.56902530596898,6145800
2022-08-11,134.62203979492188,135.92086887624583,132.93525813957743,133.348524278021,7888600
2022-08-12,134.81605529785156,134.86665669834116,132.53046004577712,133.4666245622107,7244700
2022-08-15,132.25213623046875,133.0786557794876,129.40991277358899,130.87740482829844,8975200
2022-08-16,131.91476440429688,133.18827994011485,131.41716689716827,132.75815524449703,7218400
2022-08-17,133.00270080566406,134.385860934795,131.15567325262214,132.10027951652805,6741100
2022-08-18,135.33462524414062,135.87929934316875,133.69208409506757,133.7431452627804,6477500
2022-08-19,134.2027587890625,135.9474227551508,134.14317875291476,134.85807425639544,6834200
2022-08-22,133.53042602539062,134.24532156863015,131.41981481492797,133.3517118791251,9147000
2022-08-23,137.86227416992188,138.16013534750354,135.07081744015767,135.4027280578413,10354800
2022-08-24,138.88352966308594,139.0197014445696,136.73886955591365,137.58141784453102,9468100
2022-08-25,140.1005401611328,140.33883430150152,138.38992587075964,139.50480481021106,8050700
2022-08-26,139.07080078125,141.3856697575174,138.26230170915545,139.72610331061983,7765800
2022-08-29,140.1090545654297,141.98137117432765,139.26650624770028,139.47926979384906,8462600
2022-08-30,136.69631958007812,138.34736678328042,135.113358270272,138.14312208914825,8814300
2022-08-31,134.5176239013672,137.36866064728986,132.89210727326133,134.13465211106353,13582700
2022-09-01,132.37295532226562,133.513377740134,130.4070223351415,133.17294829224207,8244400
2022-09-02,134.33892822265625,135.42827670215067,133.37723269542357,134.67083888459504,7526600
2022-09-06,133.7176513671875,136.16018611006862,132.5176746385328,136.0750754831588,8550000
2022-09-07,132.0070343017578,132.61128857461665,129.88790439875825,131.1134246806829,9442100
2022-09-08,132.721923828125,133.08788395287237,130.53472089242985,132.41554374142956,9232500
2022-09-09,136.1431427001953,136.72185332836023,134.0665683547911,134.81550021341073,8261100
2022-09-12,138.2963104248047,140.0239494484577,137.2324926523062,138.56013515461524,8920800
2022-09-13,135.6665802001953,138.43250690191735,135.0963753307828,137.36868893971655,10308300
2022-09-14,138.95162963867188,139.2069485083202,136.46655281194623,136.96867169775174,11160800
2022-09-15,136.69631958007812,137.61545966184198,135.81122893804053,136.74738075361117,9665000
2022-09-16,133.14743041992188,137.1388767984283,132.4325479901748,136.611227336385,43741600
2022-09-19,133.53042602539062,133.57298134128308,130.04111088521452,130.15173912326392,6813800
2022-09-20,133.0027313232422,133.48783838484647,131.35168432109074,132.79847366792646,8955200
2022-09-21,131.92193603515625,135.1304147146515,131.87087484963558,134.73041811332712,6877000
2022-09-22,131.81980895996094,134.70488271345536,131.69215600071473,134.1261719834607,6981100
2022-09-23,123.2071304321289,127.8113241682134,122.26245967200417,127.44537706504046,13919700
2022-09-26,119.9646224975586,123.44543154496039,119.9050424619318,122.18587478917345,9444000
2022-09-27,120.01567077636719,122.3560699015675,119.53908248682279,121.09650029513506,10121000
2022-09-28,124.06668090820312,124.62837979989496,120.339059336502,120.91778294838176,8279800
2022-09-29,123.2071304321289,123.75180464605305,121.07949475491621,122.98584801062192,8197600
2022-09-30,122.27095794677734,123.5220086861735,121.26672020280319,122.57733798471226,9402700
2022-10-03,129.13047790527344,129.64962159838112,126.21136760469344,126.78157248301508,9597400
2022-10-04,134.1516876220703,134.3644511878042,130.7474705703281,131.42830359183054,9520200
2022-10-05,134.91763305664062,135.93889558851905,131.7432042498155,132.62829498116142,10633100
2022-10-06,137.37718200683594,137.8197338739685,133.78573186223338,133.9048789434547,9498300
2022-10-07,136.19424438476562,139.51335158896816,135.36872051853004,138.3048558124108,9972500
2022-10-10,133.7346649169922,137.41973139411607,133.13892953656904,137.01973485596253,5904500
2022-10-11,133.7601776123047,136.10908236349343,131.15595402192997,131.7006281520341,7533300
2022-10-12,134.16018676757812,135.15591864699434,132.35595597609472,132.88360543713833,4942000
2022-10-13,140.66224670410156,141.26650094106412,133.06233841450938,133.06233841450938,10227500
2022-10-14,136.28782653808594,140.8154413635381,136.10909943242558,139.60693290557364,7327900
2022-10-17,137.2835693359375,140.34737006125997,137.10485520216102,138.96865324183574,5890400
2022-10-18,138.48353576660156,138.98565461092005,135.2835767580996,138.17715574554933,5631200
2022-10-19,142.97708129882812,144.00686241966574,139.22392979808086,139.22392979808086,9766800
2022-10-20,143.7941436767578,146.22815955234285,142.92606463392525,144.08349902901588,8871500
2022-10-21,147.39410400390625,147.94728413341596,143.70053126537567,143.95583717988248,7971300
2022-10-24,147.34300231933594,148.6536199357567,146.04939643516693,146.44939290602147,7007700
2022-10-25,148.8749237060547,148.93450374085896,146.5260184934655,147.28345630733384,7280600
2022-10-26,150.7132110595703,151.89617608140614,149.07918827311025,149.206854216682,6865300
2022-10-27,151.40257263183594,154.38126303313953,151.04513134200667,153.09617556355857,9177400
2022-10-28,153.17274475097656,155.62378521807614,150.23661009996383,154.44082029548025,10773900
2022-10-31,153.9556884765625,156.45778972178687,151.5386978396194,151.5386978396194,13281000
2022-11-01,155.07911682128906,157.01951960187472,154.80677320980988,156.48335123306143,9185600
2022-11-02,151.9132080078125,155.65784211442167,151.7174691349915,153.9812639339381,8087500
2022-11-03,154.15147399902344,155.05358950549797,150.9855508720376,151.46213921613295,6607800
2022-11-04,156.1003875732422,157.78547155289377,153.7004210550789,157.30888319388595,7491900
2022-11-07,157.96417236328125,158.61948774076905,154.98548262968157,155.31739325198328,7578000
2022-11-08,157.73440551757812,158.50886807017233,156.4748487523652,157.71739378103604,6308200
2022-11-09,151.4280548095703,156.4322572393289,150.82381365069045,156.26204901088622,8021700
2022-11-10,154.29617309570312,155.1727581330094,151.52172730075762,155.0876474942949,6981500
2022-11-11,158.68760681152344,159.23228110009617,156.50039080227918,156.6365626209372,8428300
2022-11-14,158.76417541503906,161.42796642863576,158.44927650710054,158.55991771686737,9722400
2022-11-15,160.04075622558594,160.372666867617,157.67482642114757,159.24926901086113,7747300
2022-11-16,157.43655395507812,159.84503940152175,156.32166181235988,158.75567785124156,7941100
2022-11-17,157.88247680664062,158.0025455275316,154.60630851575334,155.66977059035645,6550500
2022-11-18,156.93905639648438,157.2992624970574,154.07453782934434,155.19805370046137,7661500
2022-11-21,155.438232421875,155.83273836173058,150.7898385266186,154.14319136143223,8432900
2022-11-22,159.4262237548828,160.00083927130842,157.01626463390824,157.59088015033385,9018000
2022-11-23,158.01113891601562,158.79157910121927,156.58745751439739,157.12777333120053,5831200
2022-11-25,157.54803466796875,158.9202601511116,157.2135565058481,158.56862557166085,2796400
2022-11-28,152.96823120117188,155.63548445735083,152.62518142192147,154.61489369729213,9365500
2022-11-29,155.25808715820312,155.96135606099494,154.0745434371668,154.59770273986328,6985400
2022-11-30,157.21356201171875,157.2392900953589,154.04887685885367,156.8190560048946,10936700
2022-12-01,156.51028442382812,158.27701571925778,155.60976236053816,158.0282934962056,5217400
2022-12-02,155.25808715820312,157.48794948463237,154.31468084628906,155.6869058297082,6852300
2022-12-05,151.4244842529297,156.90478769274446,149.76925005728398,156.6646502248426,8162200
2022-12-06,147.52223205566406,152.71094191347075,146.75893515035605,150.52396351711297,8765000
2022-12-07,147.95962524414062,149.72635640125335,146.5273721887482,146.70746873540003,6936300
2022-12-08,148.83444213867188,151.2872865078433,147.53941391029784,151.15864608620487,8076600
2022-12-09,144.08309936523438,148.5342400644662,144.02305845897425,147.77094321628934,10754300
2022-12-12,145.58396911621094,146.24435367127018,143.8343943323191,144.88070006782138,9364900
2022-12-13,148.82583618164062,149.62344587155957,147.92531417812307,148.86014901051342,7838800
2022-12-14,147.7966766357422,150.0179546904726,146.88758295073345,149.649176835294,7045500
2022-12-15,146.6903076171875,146.97332955364575,144.1345516119863,146.31295812175247,7272900
2022-12-16,144.70062255859375,145.92703809286763,143.31125378012703,144.5376693144009,23876000
2022-12-19,145.69544982910156,146.50163110179233,144.29749663979703,145.89270277247,7131600
2022-12-20,148.08824157714844,148.61997255337096,145.45530168344172,145.63539820083625,6199100
2022-12-21,149.8292999267578,150.90993177782994,148.50854365896265,150.24954710067612,5479400
2022-12-22,147.582275390625,150.26668518649865,144.36613448624382,150.2238006904714,5755000
2022-12-23,152.14488220214844,152.2992637519958,148.96305451148228,149.31468901554254,6079100
2022-12-27,154.05743408203125,154.5720087493959,152.14489296312087,152.9682307520186,5168000
2022-12-28,151.78468322753906,153.7744085371398,150.88416122253028,153.39704593797347,4494400
2022-12-29,152.93394470214844,153.6886568991605,151.50167837914069,151.50167837914069,4142100
2022-12-30,153.9373779296875,154.33188389825233,152.40219929330652,152.68522127241326,5005100
2023-01-03,149.22036743164062,153.5171270013731,147.09341680843988,152.69378916553558,7565400
2023-01-04,147.6337432861328,149.4776589832733,146.5273964851509,146.613152397511,7684500
2023-01-05,150.29241943359375,151.107172545499,146.86186899482522,147.08485006220107,6088200
2023-01-06,151.4244842529297,153.8516000981261,150.6869154339424,151.8190032853459,7191200
2023-01-09,150.24095153808594,152.9425178848654,149.55485191335924,152.8824769701205,8385600
2023-01-10,150.97848510742188,151.553113692851,148.98877310527192,151.28723510095477,8307000
2023-01-11,150.2581024169922,152.77955901312177,149.48623382436563,152.56514961666872,6962600
2023-01-12,151.87045288085938,152.9767995182689,150.85843380714616,150.93563112932213,6891400
2023-01-13,152.28211975097656,152.65091069874902,150.66975698552653,151.87902905961406,5726300
2023-01-17,154.7949981689453,155.50683886930585,152.81384453741887,153.03683866434494,10697700
2023-01-18,151.99908447265625,156.41592527555724,151.7503753655186,155.07801292210686,8899200
2023-01-19,153.51708984375,154.3318427312058,151.08140284397416,151.46733704471555,5907200
2023-01-20,155.14662170410156,155.5411407202743,152.24781579334942,153.35416243302373,10477900
2023-01-23,154.94081115722656,156.56174568940165,154.40049528433116,155.41251445209468,8381300
2023-01-24,155.08660888671875,156.09004330903835,153.25983660975905,155.30958995173046,5989000
2023-01-25,153.585693359375,154.40044619885015,151.24434713201802,153.76578986874483,6727500
2023-01-26,161.05575561523438,161.07291203108142,157.35933973410982,158.65438085708684,14307800
2023-01-27,153.90306091308594,158.0025674932214,152.59087646431723,158.0025674932214,19654700
2023-01-30,149.40045166015625,152.95107042893855,148.94590482666916,152.65947681623172,11476000
2023-01-31,149.24607849121094,149.76923787942516,147.01621580027933,148.15687522332047,14481300
2023-02-01,146.9647674560547,148.93733638956218,145.40386087214117,148.63715801988337,11526400
2023-02-02,144.94931030273438,147.02479149866042,143.07109515564525,146.76751071584673,10463400
2023-02-03,145.32672119140625,147.12776578864566,144.50339623979303,145.6783558267791,8404900
2023-02-06,145.48963928222656,145.90130165848174,143.54279830157512,145.42102670509888,7659500
2023-02-07,149.3061065673828,149.56340043008908,145.46389430023382,145.85841330125132,10256500
2023-02-08,145.79840087890625,149.28899240500348,145.34385397014591,147.92533859221047,9784700
2023-02-09,144.46047973632812,146.364436259183,144.0831170977066,145.99564528543516,10123400
2023-02-10,147.4879150390625,148.13971479750128,146.46732436784913,146.4844807812712,11602400
2023-02-13,146.6645965576172,147.42789347365851,145.60113434311648,146.93047519775317,9442900
2023-02-14,147.7880859375,148.8086634707766,145.78120443653665,146.21002314491633,8077300
2023-02-15,146.230712890625,146.6719831943496,144.92423646690904,146.56814789819134,8885700
2023-02-16,144.11956787109375,145.92787282291306,143.97246898978273,145.52121874445837,6727500
2023-02-17,140.9009552001953,142.622732997884,140.03573598054953,142.52755835563505,9612100
2023-02-21,139.30032348632812,141.67967683780267,139.0407550257272,140.32127604190467,7259700
2023-02-22,138.73793029785156,139.8713655523361,137.49201230134344,138.67735860531587,6205900
2023-02-23,140.10496520996094,140.89231799936076,138.91961890653903,140.38184174336737,6445500
2023-02-24,140.520263671875,140.68465744419615,137.6996404250978,139.1013046086478,5330200
2023-02-27,140.87501525878906,141.35087532046032,140.09630995367428,141.03939583885423,6386800
2023-02-28,139.10128784179688,142.1728184956429,138.6773257012401,142.1728184956429,10854200
2023-03-01,140.2087860107422,141.54121788391166,138.94556006156728,139.23108400628897,7470400
2023-03-02,140.6500244140625,141.45468509730003,139.81076077342183,140.14819571743843,5582000
2023-03-03,142.72657775878906,143.26300948588533,138.7984748475403,139.18782088179398,6007500
2023-03-06,143.77346801757812,144.31856031984722,141.7315502465442,142.19011535086057,7703600
2023-03-07,141.921875,144.1454942216743,141.53252908087495,143.36678918122965,7393000
2023-03-08,141.02206420898438,143.01205755390467,139.6290609462228,141.22970834114545,5435800
2023-03-09,138.87631225585938,143.1851128567183,138.59944901046117,141.71422983271825,6214700
2023-03-10,138.14955139160156,142.47564749531125,137.28433217085964,139.24838349855915,7385800
2023-03-13,137.31898498535156,139.25706810770959,133.07075430906676,135.3549331334181,10106100
2023-03-14,139.0926513671875,141.91327476403904,136.6008287346707,136.9296030946076,10035200
2023-03-15,133.0707244873047,136.66137912622057,131.52197462264402,134.6194611497672,14063100
2023-03-16,133.4946746826172,134.51564028118483,129.7050232767227,129.9213280931262,12849600
2023-03-17,131.8074951171875,134.4377689853334,130.30202209739923,132.91497468202857,33161800
2023-03-20,133.74557495117188,134.78383526868507,130.89899661488903,131.28835578587817,8469200
2023-03-21,137.83807373046875,138.06303918018372,135.38085428024277,135.97785766264366,9753500
2023-03-22,135.03475952148438,138.48697549192786,134.91361616597746,138.32258174053595,6315000
2023-03-23,133.69369506835938,137.36221659187567,132.49968816378887,135.85674340145127,7859400
2023-03-24,135.02610778808594,135.53658395341256,131.36623422673088,131.5998471100251,6600100
2023-03-27,136.40179443359375,137.11992791613207,134.70597228391,136.1854896449568,7006800
2023-03-28,137.99380493164062,138.59945568718354,135.5625280664959,136.08166482964486,5605400
2023-03-29,139.17916870117188,139.57717536404687,137.85538430848027,138.9715113289504,7569700
2023-03-30,140.50294494628906,141.03937662400676,139.80211950870375,140.38181478673354,6322400
2023-03-31,141.16920471191406,141.65372547811242,140.29532464226278,140.77119796699358,7041400
2023-04-03,147.04400634765625,148.0390163892239,146.152831591783,146.9142287432855,12868200
2023-04-04,146.2566375732422,148.07360304758166,145.11455517392312,148.07360304758166,7521400
2023-04-05,146.98341369628906,147.46793424289768,145.13184549192337,146.44696891780546,6478100
2023-04-06,145.05398559570312,146.57677975308854,144.60408114210884,146.5248687163043,5803200
2023-04-10,145.6077423095703,146.81039654340984,144.75983113806427,145.78079672196583,5923500
2023-04-11,146.41241455078125,147.38145596556436,145.41741761254497,146.28263693351533,5469600
2023-04-12,146.93154907226562,148.0563236097632,146.62871703389388,147.4766282582563,6157900
2023-04-13,148.8955841064453,149.2243716605956,146.93154582822805,147.30358378502035,6856600
2023-04-14,149.1984100341797,149.57910861768428,148.1428414898072,149.25032107698522,4930700
2023-04-17,147.88327026367188,149.28492120158066,147.27761943878522,149.15514359703272,7006000
2023-04-18,147.5371856689453,149.15514139197992,147.19975069991142,147.7967540764016,8045600
2023-04-19,147.67562866210938,147.7275529116705,146.30859374091486,146.62007322728556,5506800
2023-04-20,146.95748901367188,147.1391776556717,145.3741362652574,146.01439003523436,5851100
2023-04-21,146.3258819580078,147.59775536924866,146.08362161321895,146.9401934622787,7179000
2023-04-24,148.3677978515625,149.1465031218048,145.85866723035582,146.30858495079372,7177600
2023-04-25,146.21340942382812,147.4333585628076,145.72887554200696,147.36415263903152,5807200
2023-04-26,143.60906982421875,146.17877173806934,142.96015546622004,145.5385180209163,5927400
2023-04-27,144.4483642578125,144.82906287471803,142.82176089766966,143.9984465103606,6417200
2023-04-28,145.85865783691406,146.17013728451172,141.93921582259216,142.32856183153982,10036300
2023-05-01,144.69927978515625,145.98844808651577,143.93788258013407,145.10593391036593,6099800
2023-05-02,138.4696807861328,143.08996154223402,137.09398536876796,143.03805050040106,10701700
2023-05-03,135.69236755371094,138.06307359296818,135.61450097195385,136.8344503594181,7538100
2023-05-04,135.16455078125,136.87768118049715,134.47237274854274,135.9345953770599,7500400
2023-05-05,138.61676025390625,139.4040996150622,137.37949005403954,137.82940769055432,5802000
2023-05-08,138.07168579101562,140.42508314398532,138.01977474976152,139.79347680506407,5028200
2023-05-09,137.67367553710938,138.79846314292314,136.62676769333765,136.79980889372501,5019800
2023-05-10,135.9172821044922,138.8157717297891,134.87037425690312,138.8157717297891,6161200
2023-05-11,135.16455078125,135.2510779861626,133.1485883670066,134.4377697878964,6666100
2023-05-12,135.5106201171875,136.64405510027646,134.59348992330473,135.83940762148382,4898900
2023-05-15,136.01248168945312,136.84309808974862,135.1732178482899,136.03843721425613,5096700
2023-05-16,132.81980895996094,135.85673712881155,132.66407582422434,135.38951131720435,7007700
2023-05-17,134.7232666015625,135.33756474531052,133.20913323577324,133.92725344275863,6169600
2023-05-18,134.55728149414062,134.75824022498927,132.39052936689524,133.56127328527555,7477700
2023-05-19,135.6231689453125,136.68034184679095,134.5397996888812,135.32611694477347,8100900
2023-05-22,133.18557739257812,135.27370021847867,132.87977993626038,134.36505329949247,11661000
2023-05-23,137.03858947753906,137.76374207379408,134.40876814158935,134.6708783963044,10436200
2023-05-24,137.405517578125,138.5413196212817,136.5492899876725,137.999621622296,7064000
2023-05-25,135.0377960205078,135.97265260093397,134.11168488981014,135.14263476542357,7037700
2023-05-26,134.6184539794922,135.97267913532988,134.07676924974945,135.67561374763403,7736200
2023-05-30,133.77972412109375,133.9020404763807,132.11098241642532,132.51287329887546,7814800
2023-05-31,131.5955047607422,133.16815326589352,131.3683496055752,132.3992999230453,13346400
2023-06-01,132.94097900390625,134.3214139749438,130.82664594643825,132.18960334451828,9887700
2023-06-02,136.52310180664062,136.95121566931022,134.2078234293533,135.05530570288445,9464300
2023-06-05,135.86781311035156,138.43646925055484,135.63192591244027,138.43646925055484,6443800
2023-06-06,136.11245727539062,136.435732348643,133.84959842002706,133.96318263480333,6176400
2023-06-07,139.64218139648438,139.97418859268865,136.73278569845834,136.77647296082426,9900000
2023-06-08,139.12667846679688,140.21879314956712,137.24823321354526,139.9304732735384,7142200
2023-06-09,138.79469299316406,140.13144050692802,138.58500214202223,139.1616419840522,6669500
2023-06-12,137.45794677734375,139.20533055891835,136.4968803648856,137.22204623401672,7159600
2023-06-13,138.48892211914062,140.2974710627053,138.27924455917906,138.49766757179415,7660800
2023-06-14,137.2482147216797,140.4634068469313,136.42694245785248,139.77318299478875,7721100
2023-06-15,138.2879638671875,139.60723394181105,137.44922704208955,137.44922704208955,7705400
2023-06-16,137.3967742919922,139.12669373804917,137.3967742919922,138.5413218036083,22908100
2023-06-20,134.2689666748047,136.79394909941607,133.01086151961462,136.42698676456996,10438700
2023-06-21,135.31739807128906,136.26098686960503,133.238007201029,133.3865332158362,7328200
2023-06-22,133.36032104492188,134.19032562115268,132.77494911575954,133.98064811308222,7088600
2023-06-23,132.23326110839844,132.53904524377947,131.16735603100148,131.93619576032785,15172700
2023-06-26,134.55728149414062,135.396031563886,132.39926148635297,132.46915843645507,7371800
2023-06-27,134.1378936767578,135.16885687693772,133.51757999819404,134.1116839907046,6581700
2023-06-28,135.3523712158203,135.43974575369072,132.9671956445651,134.05931071053138,5773800
2023-06-29,136.50564575195312,136.53185544598614,134.93299745256198,135.79794401861545,5633500
2023-06-30,137.4754180908203,137.97341551353313,136.8201492025542,137.57152472769187,6346600
2023-07-03,137.3531036376953,138.13068886244733,136.9075122554519,137.32688061684584,3272600
2023-07-05,136.56680297851562,137.78123440165743,135.5271073000702,137.78123440165743,6318700
2023-07-06,133.5700225830078,136.14741103415648,132.47790770273463,135.59698086842505,9203000
2023-07-07,134.7407684326172,136.28720685767658,132.7662295006094,132.92348764647272,6602200
2023-07-10,135.6406707763672,136.11245854799867,134.47865892130724,134.48739104118684,5167900
2023-07-11,138.1481475830078,138.40152567876672,135.99887315166723,136.2959251736445,5060500
2023-07-12,139.47616577148438,140.08774739742924,138.33163158618476,139.10921679591743,6464000
2023-07-13,137.61520385742188,140.31492191106207,136.793944684858,139.65090754703658,8143900
2023-07-14,134.1815948486328,137.18709692161005,133.9369621991095,137.17835147103307,7065700
2023-07-17,134.05926513671875,134.6708466994545,133.3603090658158,133.9806360782552,4351700
2023-07-18,134.33009338378906,136.35706444403868,133.12439462100346,133.38650478658425,6798300
2023-07-19,135.15139770507812,136.10371864524447,133.91948896698406,134.40002216249735,5653100
2023-07-20,136.64540100097656,137.33562503312388,136.04256481853616,136.43572348759895,5866600
2023-07-21,138.6461639404297,138.7684802680504,137.22204193696845,137.632678179298,8760100
2023-07-24,141.3808135986328,143.32039713136683,139.7994202408089,140.20132433501075,9722100
2023-07-25,142.02732849121094,142.8573329859207,140.3673195017914,141.4594341873248,6767600
2023-07-26,140.96141052246094,141.616679273493,140.271199970557,140.55951982078832,6056400
2023-07-27,139.49362182617188,141.94869340189655,139.1091953401622,141.61668628552863,6470100
2023-07-28,138.8034210205078,138.9170052279627,136.74150770524867,138.40153023201785,6542300
2023-07-31,142.9884033203125,143.26797776420304,140.33237278021832,140.7779641307785,13056300
2023-08-01,141.80020141601562,142.97094539036428,140.27124055457378,142.97094539036428,7531400
2023-08-02,139.55477905273438,140.85658455544385,138.0957154346324,140.81289730178656,7067100
2023-08-03,139.50238037109375,141.27597381450752,138.785959964476,139.7120712208619,6680700
2023-08-04,139.18783569335938,142.42923807126778,138.9519351793444,140.36732493195566,10185400
2023-08-07,139.69459533691406,140.99640104841507,138.98690704118837,140.67312598468487,13927400
2023-08-08,139.4849090576172,139.60722539259868,136.4881521848305,137.99090334687767,6451300
2023-08-09,139.66836547851562,141.04880006098728,139.18783234356056,140.54205723971452,10531500
2023-08-10,140.515869140625,141.95745543548045,139.45869608131207,140.0790231929136,8647100
2023-08-11,143.41651916503906,143.43399673574544,139.94796127698183,140.22754908236251,6682600
2023-08-14,143.31166076660156,143.50387402359283,142.07102004605323,143.08450570446573,6060100
2023-08-15,139.12667846679688,142.769971448741,139.00436215558574,142.76122599913288,7876500
2023-08-16,138.59375,141.38956140637976,138.45395609681094,140.24502715341495,7920500
2023-08-17,140.91363525390625,143.0218261913083,140.22560731347224,140.41083835764948,8270500
2023-08-18,141.9280242919922,142.29851328040567,139.5111105859893,139.70517111911963,5999200
2023-08-21,141.45169067382812,142.96006769939228,140.6489870318051,142.19264166972619,6802300
2023-08-22,140.28733825683594,142.23675961313825,140.22559906560898,141.5663772504956,6080800
2023-08-23,140.4725799560547,140.6137173326256,138.22325180800928,139.49346127794556,4975600
2023-08-24,139.31704711914062,141.03711684511916,138.98184921268287,139.13180262883472,5989600
2023-08-25,140.35791015625,141.054767570613,139.06123905521665,140.31381650133724,5291800
2023-08-28,141.31939697265625,142.72191438257522,140.4461245587587,140.71956982564333,4386100
2023-08-29,141.098876953125,141.97213592037886,140.34028033392963,141.9368583039613,5374800
2023-08-30,141.2928924560547,142.2367333644136,141.07237038882303,141.6545518766183,5534900
2023-08-31,142.10446166992188,142.22795352061323,141.0724062881987,142.02506347621852,7003700
2023-09-01,144.92713928222656,145.27115324944333,143.46286918192874,143.46286918192874,6663000
2023-09-05,146.83245849609375,147.8027477760409,145.72101836540924,145.7915870609767,9755800
2023-09-06,146.98240661621094,147.69689612606297,146.05621102730564,146.6736702667085,7195500
2023-09-07,146.9912109375,148.10263747982341,146.67365857403604,147.4322551389999,7925900
2023-09-08,147.4940185546875,148.62309071617995,147.05297432099195,147.67924959546258,7434400
2023-09-11,144.4508056640625,148.71129466783822,143.66574744967747,148.2614343853037,7155100
2023-09-12,147.1411895751953,147.47638753287032,145.63282568486414,145.80924070378666,7521100
2023-09-13,146.60308837890625,147.97032808141472,146.05619788174315,147.6704212577834,5759500
2023-09-14,147.5116424560547,148.6318985162303,147.4146121916363,147.92622508951493,8822800
2023-09-15,146.86776733398438,148.51726888225332,146.32087665158616,146.6119675353287,17439700
2023-09-18,147.50283813476562,148.50841847334672,146.7795191135325,148.0761902684926,7027600
2023-09-19,147.4851837158203,149.03766797636246,146.80597185183314,148.79950033010178,6615100
2023-09-20,147.03533935546875,148.64073348256272,146.95595461799988,147.37053730425222,5939100
2023-09-21,145.7122039794922,148.07619473962006,145.58871212574823,147.41462835321974,7150000
2023-09-22,146.6736602783203,147.67924053104045,146.3737534481198,146.62955316573763,5963000
2023-09-25,148.8171844482422,148.87892365573703,146.4179022050298,146.71780912053015,5510000
2023-09-26,148.01443481445312,148.55250927175697,147.29111587267388,147.69688245506725,5659200
2023-09-27,150.87242126464844,151.04002024445663,148.90536754604358,149.3993349857288,9124400
2023-09-28,150.4754638671875,151.45458257473865,149.4522380456815,150.4401862517845,7151800
2023-09-29,148.73776245117188,150.39609318159606,148.03210240040667,150.38727714182244,7396100
2023-10-02,146.90301513671875,148.69366720220987,145.7474813374077,148.4907771531625,6839600
2023-10-03,147.24700927734375,147.62631428608466,145.994445371931,146.3561048440884,6168600
2023-10-04,143.8157196044922,145.52697364420297,142.44849304043825,145.27998991265747,9664700
2023-10-05,144.5742950439453,145.32407562829627,142.36025782671902,142.3867194040865,8073000
2023-10-06,143.10122680664062,144.9888958326478,140.2432684167552,144.9359726712949,10190400
2023-10-09,147.06178283691406,148.3584538944128,145.50048256081536,146.76187600364798,8183500
2023-10-10,146.90301513671875,147.6616117968195,146.144418476618,147.10590518576612,6512900
2023-10-11,142.10446166992188,145.61517010494896,141.5575576514869,145.6063540654718,12570700
2023-10-12,142.21908569335938,144.00972377560626,141.92799495383568,144.00972377560626,7397000
2023-10-13,144.7154083251953,145.40343614135315,143.16293771994677,144.14205629826367,8042800
2023-10-16,145.89743041992188,146.25908993003017,144.53020403224792,145.84450726421863,5446000
2023-10-17,147.8291778564453,148.3672522683475,145.23583605021506,145.39461894631057,7538300
2023-10-18,149.0023651123047,149.69039296075223,147.820369932623,148.6054280396773,6893500
2023-10-19,149.16114807128906,150.10497562389696,147.75861734008245,148.80830464913632,6580200
2023-10-20,147.15882873535156,149.16117343530476,146.51490788737814,148.55253020574523,7458300
2023-10-23,141.73394775390625,145.04177902291565,141.35465622900114,144.04502835304874,16232400
2023-10-24,138.17913818359375,142.0867966731939,138.02036873713436,141.91919772886425,17689900
2023-10-25,137.4911346435547,138.84955851495397,136.87367536546537,138.43497582975056,10502400
2023-10-26,136.503173828125,136.88246536264512,135.51523917114216,136.7325119564674,10830400
2023-10-27,127.32946014404297,133.41586444392578,126.98544622204264,132.94835868991507,24524300
2023-10-30,128.86431884765625,129.17305523791356,127.30303173469666,128.48502721466946,13857100
2023-10-31,128.5467529296875,129.24361037986048,127.22362018387288,128.87313482618467,14261300
2023-11-01,127.00308990478516,128.79372836237704,126.86196598359084,128.767266785928,10819600
2023-11-02,131.21946716308594,131.4311732271632,126.87077775785606,127.4970529922331,11099100
2023-11-03,130.20506286621094,131.04304411312592,128.91720794325096,130.81370598584817,13160000
2023-11-06,129.66700744628906,131.72227523388932,129.39356216915635,131.19301675843096,10634200
2023-11-07,127.38238525390625,128.4408886102399,126.3503434720109,128.04395153406483,15054600
2023-11-08,125.60939025878906,127.59408927701881,125.47708237474774,126.91489085947114,12654100
2023-11-09,125.2036361694336,126.94135148469205,125.06249878777976,126.1827548828046,10359500
2023-11-10,126.09456634521484,126.52679461724249,125.01841714514951,126.39447324763194,11988200
2023-11-13,127.02073669433594,127.28536592103612,126.00634036152042,126.27095612861902,8747700
2023-11-14,127.94692993164062,128.34386703467294,126.89724254256309,127.44413306409203,11224400
2023-11-15,128.3967742919922,129.34943129709447,127.38237810319976,127.77931515709247,10052100
2023-11-16,126.36456298828125,127.9154771375685,125.44648905372614,127.47873170504155,14031300
2023-11-17,128.76226806640625,129.412938848548,126.92610642799885,127.41634342852768,11075600
2023-11-20,128.6909637451172,129.85861052872835,128.5929163418761,128.91379751605655,8062400
2023-11-21,128.38790893554688,128.6196647788362,127.1935230995151,128.2007361705617,6783300
2023-11-22,128.6463623046875,128.6998402203137,125.42864290783578,126.33780827555287,7216100
2023-11-24,129.15440368652344,130.08139947055523,128.53047206305357,128.61961098098757,3861000
2023-11-27,128.67311096191406,129.0831310137733,127.32720011466758,128.9315921071552,9850800
2023-11-28,129.69813537597656,130.59839232229194,128.40570250134655,129.04746471232124,9746500
2023-11-29,128.2720184326172,130.57166428077005,127.51437826999172,130.48252534374626,16417100
2023-11-30,127.99568939208984,130.14379603553638,126.59628715481452,129.22572223173668,16276000
2023-12-01,129.07420349121094,130.5894700869656,127.10436099693723,127.89764850652409,11906500
2023-12-04,129.12767028808594,129.86747981656865,127.68371224010448,128.35221335130922,11842800
2023-12-05,127.3360824584961,129.3059382330202,127.13107927494652,129.0296130369626,9597600
2023-12-06,127.04196166992188,128.37896401424916,125.99019302071619,126.48041633308326,18079700
2023-12-07,126.94393920898438,128.36115870803437,125.66933658549374,127.9154911724317,14786700
2023-12-08,128.62855529785156,128.94943645091973,127.56786444185698,127.91548455762307,10821700
2023-12-11,128.6641845703125,129.60007523521642,128.1917782116138,129.10092992041706,9849600
2023-12-12,127.0152359008789,127.98678777448082,126.34673465929534,127.61242871127712,9863900
2023-12-13,128.89593505859375,128.95832142663306,126.25757788029833,126.7210758171659,10641300
2023-12-14,133.63784790039062,133.63784790039062,130.00121312672573,130.00121312672573,14960500
2023-12-15,133.12088012695312,133.53980864120695,131.31147126781096,131.31147126781096,30850900
2023-12-18,133.41500854492188,135.58986799507548,133.09414102016999,134.44005189597203,11561700
2023-12-19,135.1620330810547,135.33138889992964,133.24566835321016,133.6645968733665,8738100
2023-12-20,133.92308044433594,136.42772955640208,133.75372462240534,135.61661146225688,9370000
2023-12-21,134.3330841064453,134.41330098049858,133.00499025523686,134.39547047492317,7264700
2023-12-22,134.6361083984375,135.83049362555948,134.36870526980277,135.25113151409096,6396100
2023-12-26,135.84835815429688,136.3831509448306,135.39376864154798,135.5453075462586,5165600
2023-12-27,135.40269470214844,136.34750756734022,134.89462725538007,135.7235758262411,5337200
2023-12-28,133.4952392578125,135.500742895134,133.1654360778713,134.75201120067473,8148000
2023-12-29,132.95150756835938,133.90522877171435,132.51474860192414,133.72696452442923,7658600
