Date,Close,High,Low,Open,Volume
2018-01-02,105.41677856445312,105.42620243462508,102.3617612809351,102.72949364387438,11014300
2018-01-03,105.8693618774414,106.7274087964036,105.08674907759989,105.7845038887758,9237900
2018-01-04,105.82223510742188,106.54826881816992,105.2564863321128,106.50112068896266,7417400
2018-01-05,105.24706268310547,106.246539719014,104.88875416548203,106.246539719014,6008300
2018-01-08,103.7384033203125,104.92646561608579,103.28581295588067,104.55873324731213,8052600
2018-01-09,103.66297912597656,104.53045000887147,103.58754499864806,103.84212618613887,5838000
2018-01-10,103.21981811523438,104.19100917646028,102.78608265069633,103.68183958057787,6060000
2018-01-11,104.65303039550781,104.73789559151918,103.25753493789482,103.95528266670132,6427000
2018-01-12,106.04852294921875,106.28424919132378,104.66245149463411,104.9641807967768,5899900
2018-01-16,104.37014770507812,106.69912400420661,104.30414464855113,106.61425882078981,8069200
2018-01-17,105.57706451416016,105.80335967956354,104.2569961940188,104.85102370087529,7030700
2018-01-18,104.11557006835938,105.595930654706,103.90812981397542,105.36020440086867,8070900
2018-01-19,104.27586364746094,104.74731616170492,103.56868487609498,104.63417216231481,10514300
2018-01-22,104.7567367553711,105.19047216186651,103.77611476050562,103.9741239334409,8073600
2018-01-23,104.10614776611328,104.79446440916303,103.61583312222012,103.97413444368476,7477300
2018-01-24,104.19100952148438,105.067911518331,103.99300032139574,104.62474498745871,7211800
2018-01-25,104.2381591796875,105.4356454626652,103.83270970867082,104.2853001172786,6291000
2018-01-26,105.78451538085938,106.10509963125915,104.35129573704046,104.48330186294558,7743800
2018-01-29,105.171630859375,106.0296707199687,104.88875646492296,105.69965538897112,6847800
2018-01-30,103.8232650756836,106.00137321772927,103.81383401187992,105.05846826359087,8393900
2018-01-31,102.46548461914062,103.83270118535914,102.27690649666633,103.79498412210543,9841400
2018-02-01,104.18157958984375,104.33244785467318,101.23028929861746,102.41835170586737,9518900
2018-02-02,102.49375915527344,104.26642496097233,102.25803293164697,103.67239027340581,9947700
2018-02-05,98.7221450805664,102.42776181029782,98.07154555886888,100.98511839228985,15107900
2018-02-06,100.10821533203125,100.13650132910522,95.95000830490189,97.00605722922997,17765100
2018-02-07,98.77872467041016,101.8620206945796,98.44870937635439,101.67344258191741,12445000
2018-02-08,95.56342315673828,99.77820978324488,95.41256209301925,99.44819446217718,12667500
2018-02-09,97.2040786743164,97.82639946368515,94.53566283574756,96.69491627511702,12479700
2018-02-12,97.48695373535156,98.66558506225522,96.27060534273163,97.99612333182931,9584700
2018-02-13,98.17528533935547,98.3544324233951,96.5534873546055,96.77978257295807,8447900
2018-02-14,98.62786865234375,98.77873691621205,96.82692371363322,97.58124345159042,7425700
2018-02-15,99.17475128173828,99.54248366770702,97.99611999496815,99.34447447478496,6494700
2018-02-16,100.44766235351562,101.22084411845991,99.18417318383825,99.18417318383825,8746400
2018-02-20,99.92906951904297,101.42828493281282,99.49532691257744,100.29680187312968,6734500
2018-02-21,99.05217742919922,100.80598138086772,99.02388423518332,99.94793434058283,6743300
2018-02-22,99.2313232421875,99.95736414307525,98.9390249851985,99.2973263064687,4462200
2018-02-23,101.1265640258789,101.23028415422952,99.41047716652487,99.71220648705543,6101100
2018-02-26,103.54039764404297,103.54039764404297,101.52258148259577,101.83374186480444,8138200
2018-02-27,98.8824462890625,101.98460448778727,98.8635841612341,101.83373624033604,14179600
2018-02-28,97.27008056640625,99.54247781286928,97.25121843840245,99.4293266262286,10760800
2018-03-01,96.71376037597656,98.09040073889896,95.54456025293727,97.30778790435593,10487300
2018-03-02,97.10977172851562,97.27949489493228,95.64827347851039,96.17629791012071,7835400
2018-03-05,97.50580596923828,98.03383044808758,96.57232487353743,96.84576817688267,5736700
2018-03-06,98.94845581054688,98.9578796812825,97.60010133452369,98.06212278337523,6216200
2018-03-07,97.67552185058594,98.28841151646458,96.90234006720189,97.79810410003806,6214800
2018-03-08,98.09040069580078,98.61842516523933,97.56237622636223,98.05268363458462,6627000
2018-03-09,98.75044250488281,98.76929743936314,97.72267232774797,98.46756813111875,5618400
2018-03-12,99.16531372070312,99.89135457431433,98.74100936278052,98.74100936278052,6485300
2018-03-13,97.80753326416016,99.78763221301993,97.51522783896999,99.78763221301993,6716700
2018-03-14,97.96781921386719,98.6749978792313,97.56236982464002,98.56184670300742,6235900
2018-03-15,97.34552001953125,98.33557324706362,97.34552001953125,98.0621299061852,5174600
2018-03-16,96.99663543701172,98.31669662069676,96.96834224553797,97.64723496502965,10468000
2018-03-19,95.68599700927734,97.07206123600858,95.23339947028788,96.9306312492561,6528300
2018-03-20,95.56342315673828,96.31775005671682,94.99768157865161,95.74257741408694,8330300
2018-03-21,96.00657653808594,97.06263261483782,95.6294131396893,95.70484725812733,6136400
2018-03-22,94.85624694824219,95.83686906718822,94.6770998798483,95.50685373720509,8911600
2018-03-23,92.91386413574219,95.33712981724442,92.82899894079277,95.09197249091733,7505100
2018-03-26,94.90338134765625,95.02595639711714,93.4230209155176,94.15848559987018,7340100
2018-03-27,93.6870346069336,95.40312129520039,93.24386813794379,95.12024693811941,7193500
2018-03-28,92.91386413574219,94.36593877045715,92.54613174314883,93.81905211703308,9099700
2018-03-29,94.70539093017578,95.49742776436699,93.21559913962182,93.35703634395453,9343600
2018-04-02,93.0270004272461,95.22396336610483,92.19723951531925,94.46021270289349,8203700
2018-04-03,93.74362182617188,93.80962489437148,92.1218239289304,93.15902527748825,8484700
2018-04-04,95.1862564086914,95.37484172404909,92.17839436512718,92.81013898553842,8759200
2018-04-05,96.28003692626953,96.53461812898247,95.21455679077499,95.57285812631777,6612800
2018-04-06,94.62051391601562,96.35546283120597,93.77189798977004,95.82743114721197,7162400
2018-04-09,94.00761413574219,95.71427686898608,93.8944701535955,94.95051902052914,7094300
2018-04-10,95.58228302001953,95.73314408016236,94.5922298864915,95.1579714511671,8116800
2018-04-11,95.04483032226562,95.8462981625547,94.67709793444129,95.02596819305722,6305000
2018-04-12,94.65824127197266,95.71429756100343,93.98877952230137,95.62943236225344,7337800
2018-04-13,94.62051391601562,95.72371102323783,94.44136686043733,95.23340359573713,6324600
2018-04-16,94.51679229736328,95.23340208972652,94.03591594159043,94.94110385067314,10328000
2018-04-17,96.33660888671875,96.73262728801026,94.99768541923139,95.42198982150161,9577400
2018-04-18,95.4314193725586,96.84577694941584,95.42198830778372,96.80805988411095,5822100
2018-04-19,95.12969207763672,95.78029887891428,94.49794740631216,95.23341221099386,6803400
2018-04-20,94.51679229736328,95.6105655169595,94.20563912415557,95.40312527229166,6396900
2018-04-23,94.43193817138672,94.96939373922754,93.8473344755376,94.80910161407022,5889800
2018-04-24,93.78132629394531,95.09196361054424,93.21558475769585,94.83738243705986,6567700
2018-04-25,95.37484741210938,95.69543167664543,93.39474824242505,93.81905263814502,8977700
2018-04-26,94.1396255493164,95.5917000169747,94.04533649428276,95.45027003132112,8038400
2018-04-27,93.5644760131836,94.28107870792726,93.29103267158601,94.08306950065902,8038000
2018-04-30,94.60165405273438,95.58227605043868,94.40364487922588,94.6770881742025,8558900
2018-05-01,94.34706115722656,94.95051971238382,93.28158121941932,94.46021233399108,6716200
2018-05-02,93.93220520019531,94.96939933332426,93.58332773624873,94.45079866986242,9286400
2018-05-03,93.12129974365234,93.58332117903963,92.1029606179139,93.45131505464326,10450800
2018-05-04,95.37484741210938,95.56342554491945,92.95158171714726,93.07415678409436,9980100
2018-05-07,96.62889862060547,96.81747672563164,95.91228887267762,96.50631637792425,10181100
2018-05-08,95.97830200195312,96.7797698231205,95.08253792458247,95.42198430429008,14229500
2018-05-09,94.26221466064453,96.43089185954416,93.63047003273427,96.41203692468169,18345700
2018-05-10,95.87458038330078,96.2423127566295,94.57337407719871,94.6865180728111,8927300
2018-05-11,96.2423095703125,96.37431569001942,95.47855885003763,96.07258638871875,7036000
2018-05-14,96.59119415283203,97.58124012397585,96.15745869969362,96.59119415283203,9891900
2018-05-15,97.04377746582031,97.42094089133515,96.27059568072217,96.5911871102377,5762400
2018-05-16,99.04273223876953,99.04273223876953,97.26064254104641,97.35493159293462,8111600
2018-05-17,98.3826904296875,99.45760859701205,98.14696421279392,99.22188238011846,7320600
2018-05-18,97.9961166381836,98.80701551120826,97.64723919948416,98.3827039462288,5427300
2018-05-21,98.11869049072266,98.70329417150812,97.69438612475837,98.26955874142631,5848700
2018-05-22,98.12812042236328,99.46704375983236,98.05268629788202,98.43928079050293,6971600
2018-05-23,97.01548767089844,97.43979201187527,96.24230591606053,97.30778589718054,8046600
2018-05-24,96.28003692626953,96.9872157262213,95.43142092756847,96.94006759537328,7474100
2018-05-25,96.36489868164062,97.1192256418135,96.14803453640258,96.41204681432457,6982700
2018-05-29,93.9981918334961,95.8462845752334,93.70588642255953,94.80909062343507,11270400
2018-05-30,94.27163696289062,94.80909247894608,93.74360531649336,94.76194435548064,7216400
2018-05-31,93.7907485961914,94.42249313275806,93.16842792879623,94.06419187182323,9620000
2018-06-01,93.6870346069336,94.33764131194363,93.53616636481208,93.99819496096394,6847700
2018-06-04,94.51679229736328,94.76194960413382,94.00762274966787,94.06420193971894,6598000
2018-06-05,94.23393249511719,94.77138808299146,94.08306423490251,94.62995088748885,5974400
2018-06-06,96.0914535522461,96.11973955169505,94.06420633080316,94.3470735190871,7833000
2018-06-07,96.61947631835938,97.08149775322359,95.99715556651455,96.0914518213717,7559200
2018-06-08,98.04326629638672,98.05269016697319,96.01601908217197,96.26116920571843,7090300
2018-06-11,98.39213562011719,98.80701612343375,97.82639405710003,97.99611724538461,8175000
2018-06-12,98.37328338623047,99.2124682864017,98.02440593579067,98.7504468365286,9215300
2018-06-13,100.24022674560547,101.72058728566635,96.80805317254973,97.30779166405267,22009400
2018-06-14,102.5409164428711,103.23866411290966,100.3722321141479,100.3722321141479,18068700
2018-06-15,102.63521575927734,103.17267136314595,101.69231068625909,101.99404002187315,16169200
2018-06-18,100.9474105834961,101.343436164846,100.41938606675556,100.8908385835009,9288600
2018-06-19,100.04222106933594,100.88140596067691,99.72163681592227,99.82535694350773,8869500
2018-06-20,101.03227996826172,101.73945877271461,99.76878343019926,100.89084276861217,18625900
2018-06-21,99.8442153930664,101.12656683944783,99.74992632661373,100.90027164120248,7707800
2018-06-22,100.26850891113281,100.70225151858989,99.76877043873375,100.01392773994996,8959100
2018-06-25,98.48641967773438,100.02335935849834,97.81695802290224,99.94792523558358,7995800
2018-06-26,98.30728912353516,98.7315935469875,97.97727377265055,98.49586726867062,6550000
2018-06-27,98.02440643310547,99.83478237116782,97.57181604548714,98.53357601452197,8803300
2018-06-28,98.78816223144531,99.11818476503281,97.76039914554904,97.97727047958126,6303600
2018-06-29,98.82588195800781,99.64621199082546,98.67502088166835,98.93903316060872,6774000
2018-07-02,99.3161849975586,99.35390206066998,97.96783056495161,98.20355681405218,5488900
2018-07-03,98.09983825683594,99.90078308797503,97.59066868738556,99.83478002492373,2406300
2018-07-05,99.32559967041016,99.57075696103549,98.46755994391185,98.7221411040967,6202800
2018-07-06,99.59174346923828,99.83887141688658,98.88838711998356,99.32560902636459,4134500
2018-07-09,100.77035522460938,100.81788234635522,99.56324319944376,99.810371179605,4725200
2018-07-10,100.77985382080078,101.29311623668765,99.63927550879887,100.98896153671248,4213600
2018-07-11,102.69032287597656,103.92594809375264,100.10500446418348,100.10500446418348,11753800
2018-07-12,102.88993835449219,103.79289565187412,102.48122976426633,102.69984437134461,5931400
2018-07-13,104.55329132080078,104.78140556231955,102.32916114984545,102.6523223876953,8188800
2018-07-16,104.7433853149414,104.98100643158295,103.38419223768697,104.38220382822983,8245900
2018-07-17,104.83843231201172,107.0435558318686,104.63882420641174,104.80041206578413,9075900
2018-07-18,105.20912170410156,105.5607962949004,104.22061704712486,104.84793298712474,6414100
2018-07-19,106.57781219482422,109.00155029349065,105.78891566121057,106.01702988468799,17796800
2018-07-20,105.95999145507812,106.64433405003217,105.34217521849803,106.59681418667654,11787900
2018-07-23,105.58930969238281,105.70337043223779,104.87644638443547,105.55129669738506,5447800
2018-07-24,105.2186050415039,106.34968363529367,105.06653133022547,106.30215652148323,5648800
2018-07-25,105.67485809326172,105.90297232358117,104.20160434178638,105.16159563632749,6756800
2018-07-26,107.88948059082031,108.88748480727303,106.15009249006262,106.59682129478816,9466400
2018-07-27,107.0435562133789,108.40274920147247,106.37821277945545,108.35522208061347,5717000
2018-07-30,107.05305480957031,107.72789785989711,106.50177937164364,106.64434622961234,5199300
2018-07-31,107.93700408935547,108.40274665765878,106.79642573170977,106.97702008479148,8421200
2018-08-01,107.37621307373047,108.1936301559897,107.01502439686911,108.05105605994545,6466600
2018-08-02,107.1671142578125,107.70889006643462,106.1500962573597,106.92949316189717,4027300
2018-08-03,108.44075775146484,108.45026462557108,106.83444410528121,107.59482724651518,4747500
2018-08-06,110.19915771484375,111.05458782742461,108.50729673432411,108.9825389087002,12715600
2018-08-07,110.78845977783203,112.06211264966808,110.4843050587044,110.79796665232304,15466900
2018-08-08,108.33621215820312,110.64588947749237,108.26017166788094,110.16114041621381,11722900
2018-08-09,108.50729370117188,109.11560308723931,107.22413406492912,108.40273984560217,7042000
2018-08-10,107.10057830810547,108.16512340520103,106.83444384673663,107.95601568509117,5740200
2018-08-13,106.56831359863281,107.25265627565722,106.18811838809448,107.08157604511648,6080900
2018-08-14,107.1671142578125,107.58532970714198,106.40672385023531,106.81543242527448,4326400
2018-08-15,107.26215362548828,107.51878845175179,105.95048787980541,106.62533087406673,5183200
2018-08-16,106.9104995727539,107.71840994608485,106.83445907249138,107.6898965713917,5082500
2018-08-17,106.9104995727539,107.27168107156905,106.34970994784433,106.93901294744705,4764500
2018-08-20,106.44474029541016,107.40473151908749,106.36870705866332,107.33819790467143,5167600
2018-08-21,106.8249282836914,107.4047242780654,106.4542399924188,106.69186106383046,4770400
2018-08-22,106.39723205566406,107.16712214255531,106.39723205566406,106.87247428246032,3213000
2018-08-23,106.4542465209961,106.58731374901774,106.00751771908628,106.39721978087827,4257400
2018-08-24,106.38771057128906,107.1195803093402,105.92197528343833,106.1025623737201,5049000
2018-08-27,106.76790618896484,107.30017509154985,106.52077823349899,106.91997991043773,4767700
2018-08-28,107.00553894042969,107.20513980066697,106.64435021575399,106.99603206566961,3131600
2018-08-29,106.8819580078125,107.13859283301737,106.4732494634957,107.005525609437,4001500
2018-08-30,106.37821197509766,106.85345417361215,106.06455038368917,106.5207860849761,3481600
2018-08-31,106.4732666015625,106.72039459296971,106.03604461776267,106.35921310677531,4642800
2018-09-04,105.36119079589844,106.45424926997671,105.17109682285015,106.26415529692842,6391200
2018-09-05,104.42971801757812,105.3326752483276,104.26813016704415,105.10456103505976,6388300
2018-09-06,104.80040740966797,104.94298151378197,103.94497003660412,104.55327944597838,5267200
2018-09-07,105.47525787353516,105.83643934469494,104.5627936951152,104.62932731484517,4754800
2018-09-10,105.19960021972656,106.36869907283061,104.90495241395105,105.92197030173898,4636500
2018-09-11,104.17308807373047,105.13307934158651,104.08754795909618,105.02852547817544,5488600
2018-09-12,104.04002380371094,104.79090736614354,103.77388932621496,103.84042294558895,5236700
2018-09-13,105.19009399414062,105.23762110899942,103.95446877562753,104.12555623685175,5119400
2018-09-14,103.84992218017578,105.74138400747383,103.4887334858999,105.42772243137743,6012400
2018-09-17,103.9449691772461,104.43921784891896,103.2321059141898,104.15407689466849,5592900
2018-09-18,104.10655212402344,104.31565984616108,102.87092679116863,103.49824270596132,4937800
2018-09-19,104.35368347167969,104.72437180870625,104.05903562727921,104.2016024864275,5964600
2018-09-20,106.09304809570312,106.40670236775613,104.49623436346849,105.10454366607036,7121800
2018-09-21,104.9334716796875,106.43523866430088,104.9334716796875,106.40671804298648,25753600
2018-09-24,107.18611145019531,107.53779325220465,106.1690935380275,106.71086929961933,9232300
2018-09-25,108.00353240966797,109.03005723218183,107.0720618219802,107.69937771243644,12169400
2018-09-26,109.50531005859375,110.56034835360019,108.36473164586172,108.36473164586172,11141500
2018-09-27,110.2942123413086,110.8264812929705,109.40075467105848,109.4863020392159,5195300
2018-09-28,111.1496353149414,111.64388395557047,109.63836152134279,109.92350970930318,7366800
2018-10-01,110.48430633544922,111.58687173729082,109.95203738373014,111.4728109969422,8643900
2018-10-02,111.833984375,111.87199736494793,109.59084088385254,109.82846195493494,6441700
2018-10-03,111.12113189697266,112.25220337349442,110.959544041795,112.10962926674722,6111700
2018-10-04,110.37974548339844,111.36825008232566,109.41976150646866,111.20666948244086,6442800
2018-10-05,109.09658813476562,110.80746279644373,109.04906827015334,110.25618015527859,5835700
2018-10-08,110.27518463134766,110.40825910403659,108.4692702735164,109.14411325225898,5652300
2018-10-09,111.10211181640625,111.9385354091677,110.29420159304509,110.84548424018372,6761400
2018-10-10,107.27167510986328,111.42529474769236,107.14811474251957,111.05459914241956,9006500
2018-10-11,105.6463394165039,107.6423551477271,104.85743564721778,106.92949186860308,10045400
2018-10-12,107.03404235839844,107.66135825342634,105.72237657670733,106.42573295950227,5963900
2018-10-15,107.82294464111328,108.94451643980203,106.34969102998467,106.38771127335276,6628800
2018-10-16,110.43678283691406,110.60787031600505,108.20313873444272,108.6783809261821,7619000
2018-10-17,111.33023834228516,111.41578571157201,109.71441771676697,110.35124054257302,7120600
2018-10-18,110.42728424072266,111.33024157206883,109.85699501820818,110.96906008985454,6056300
2018-10-19,113.01258850097656,113.26921607984895,111.41577453349295,111.60586849920435,10431000
2018-10-22,112.41377258300781,113.763465771576,111.8910105800813,113.15515641262395,8406400
2018-10-23,112.01457977294922,112.62288917994643,109.69540287812994,111.15914240322812,8607400
2018-10-24,106.08355712890625,111.2636938500738,105.74138218843655,111.2636938500738,11630500
2018-10-25,108.50729370117188,109.0110492316696,106.56830481372447,107.0435469748159,7406900
2018-10-26,107.5853271484375,108.48828439079254,106.54929542404405,107.25265182077177,7984700
2018-10-29,107.4427490234375,109.24867069219002,106.41622421152093,108.78292815153422,9234100
2018-10-30,109.07758331298828,109.20114366481998,106.84394659658209,107.77541717541773,7365400
2018-10-31,109.14411163330078,110.75042513570136,109.00153754095008,110.47479107587478,9196700
2018-11-01,110.35122680664062,110.5223142722976,109.21064853667392,109.4957894783557,6779900
2018-11-02,109.4767837524414,111.1591378002111,108.70689377738304,111.04508432338459,6377900
2018-11-05,109.73341369628906,110.46529069595452,109.41975937662386,110.00905502393788,7920800
2018-11-06,110.93103790283203,111.0545982692042,109.73342548034657,110.00906683759597,5036600
2018-11-07,111.25418853759766,111.48230273570348,109.45777381782261,110.79795288976639,8249800
2018-11-08,110.25617980957031,111.9955678348859,109.50529633550042,111.63437915654202,11074800
2018-11-09,112.15715026855469,114.24821288138826,111.37775341268545,112.34724423276867,16878200
2018-11-12,110.9215316772461,112.59438632858334,110.82648468320188,112.1571643546833,9170600
2018-11-13,111.06409454345703,111.94804527660456,110.42727177108732,111.31122250423485,4650600
2018-11-14,111.32073211669922,112.36626347423658,110.67440245450192,111.624886825285,7109100
2018-11-15,111.31122589111328,111.61538060147127,109.97103943972255,110.72192296721079,7088700
2018-11-16,110.43678283691406,111.52983407661833,110.2466816092461,110.75994404651907,7141900
2018-11-19,109.70490264892578,111.99557342807677,109.10610011512098,110.25618531589409,9714600
2018-11-20,106.3306884765625,108.9159998568692,105.99801314766204,107.89898187682945,11194600
2018-11-21,107.43323516845703,108.34569919143767,106.73938571684545,106.92947966894245,7242500
2018-11-23,106.53028869628906,107.20513172097945,106.20712024338906,106.6823624228854,3242300
2018-11-26,106.97702026367188,107.5758228146941,106.3782104610293,107.5758228146941,7002400
2018-11-27,108.26016998291016,108.45026395413669,106.84395031789802,107.98452864849756,7357500
2018-11-28,110.35122680664062,110.5413280193816,108.40273832447919,108.65936589715477,9039800
2018-11-29,110.83598327636719,111.33973883361936,109.50530370431487,110.01856613574735,10834700
2018-11-30,109.77143859863281,111.27320565371522,109.36273002672102,111.05459105643297,16857800
2018-12-03,110.00906372070312,111.13063561597241,109.22016717064687,110.8740080156641,9273300
2018-12-04,107.28116607666016,110.53182065818143,107.0815652428776,109.8949979144533,10806700
2018-12-06,108.66888427734375,108.67838390027184,105.65585043965041,106.51128060689467,10546200
2018-12-07,107.26082611083984,109.18611334801086,106.90641640310686,109.06159457344621,8305500
2018-12-10,107.14588928222656,107.55776810252245,104.91408062090542,107.27040806682977,7337500
2018-12-11,107.25125122070312,108.92750099823307,106.73400755526389,108.20910823643452,6861800
2018-12-12,107.48113250732422,109.17654348049149,107.42366342615547,108.23784041014473,7723900
2018-12-13,108.61140441894531,108.8125535115817,107.60565164789445,108.11332199544603,6661500
2018-12-14,107.4715576171875,109.11907290524674,107.32788490661083,107.63439886895655,7601900
2018-12-17,105.95814514160156,108.13247734016419,105.39300570526528,107.55776459538777,7731800
2018-12-18,104.83744812011719,106.39875974279548,104.31063114281221,106.19761064514785,6682300
2018-12-19,104.61715698242188,107.4045174326161,104.35853146473038,105.36428437509518,9416900
2018-12-20,102.4906997680664,104.60756287698592,101.65736154098853,104.16694953062823,9387300
2018-12-21,99.82786560058594,104.1669569843292,99.4830364686979,101.98304402095137,15530600
2018-12-24,96.12094116210938,99.5213361760796,96.12094116210938,98.87957378888314,7133000
2018-12-26,101.3700180053711,101.3891719317872,96.14969245868596,96.25505732364874,9422800
2018-12-27,102.03093719482422,102.0596790470315,98.46771484745793,100.00986539510444,8201400
2018-12-28,102.77806854248047,103.9466480521047,101.71484658937504,102.75890730829913,7620500
2018-12-31,105.02901458740234,105.04816851067726,103.0175164815867,104.51177096455801,7241700
2019-01-02,104.37767791748047,104.54051185274672,103.18993728984881,103.54433970097314,9723500
2019-01-03,101.84893035888672,104.07115817118587,101.47536673627506,103.90832424499484,10594700
2019-01-04,104.99071502685547,106.08267151242148,102.73017173550524,103.39109545861555,10122800
2019-01-07,105.90067291259766,106.70527663319383,104.69377829350736,105.27807167755063,6714700
2019-01-08,106.72443389892578,107.81639038344187,106.4849696293763,107.08842426567752,8730700
2019-01-09,107.92174530029297,108.04627138601853,106.85852345685329,107.08841439609947,5931900
2019-01-10,108.04627227783203,108.15163713222232,106.80105525751168,107.27040314024273,6160100
2019-01-11,107.90258026123047,108.16119840640681,107.02135367516601,107.45238635308263,4819100
2019-01-14,107.68228149414062,107.95048028315814,106.7340051164376,106.94473482434248,6980600
2019-01-15,107.05010986328125,108.4102651700605,105.94857275398329,107.56735356611341,9800900
2019-01-16,106.23593139648438,107.28957271443961,106.14013984295885,106.75316778460079,5899900
2019-01-17,106.33171081542969,106.5711750726345,105.51753380250715,106.0539314001278,6392000
2019-01-18,106.3604507446289,107.21294295883075,106.15930163533213,107.14589325573182,8554700
2019-01-22,105.93898010253906,106.63821891060351,105.12480313437054,105.95814133446892,6986700
2019-01-23,106.43708038330078,107.1267313359591,105.36427783271647,106.50413008597046,6845600
2019-01-24,105.89110565185547,106.42750329097692,105.2972316172069,106.32213842502524,6716800
2019-01-25,106.40833282470703,106.80105771061292,105.99646132173615,106.77232316927719,5706900
2019-01-28,106.14012908935547,106.31254363721591,105.3163715060077,106.09224062531405,6178800
2019-01-29,106.22634887695312,106.25508341934832,105.36427606575039,105.98688461316733,5253700
2019-01-30,105.4887924194336,105.91983246902953,104.3681014446487,105.65163366903342,7853800
2019-01-31,106.82022094726562,106.83938218173917,105.37386198291212,105.46006561443383,8351600
2019-02-01,106.60948181152344,107.32787452640468,106.255072108016,107.25124421626222,6557700
2019-02-04,107.08841705322266,107.26083160800087,106.01561456706168,106.71485340251472,7037000
2019-02-05,107.91217041015625,107.98879341424619,106.75315703841973,107.29913522235526,13619800
2019-02-06,106.71485137939453,109.11906717650065,106.38917620082366,109.05201747912855,14229000
2019-02-07,106.27423095703125,106.42749158441924,105.18227456443316,106.3700225030832,8658100
2019-02-08,106.8106460571289,106.8393806005442,105.42174889314211,105.80489319037534,6395500
2019-02-11,104.82787322998047,107.09798966051709,104.64587806005359,107.05967450327621,11086400
2019-02-12,104.59799194335938,106.1593036866268,104.55010347328883,105.5654296563685,7610200
2019-02-13,105.55584716796875,105.82405328866187,104.62673194007841,104.636305249201,6919700
2019-02-14,105.9964599609375,106.80105633948475,104.92365748167217,105.22059081548807,6324300
2019-02-15,107.84512329101562,107.88343845050683,106.35086861020605,106.70527835459757,8197300
2019-02-19,108.72634887695312,108.97538643244897,108.0750058320623,108.15163614507743,8169600
2019-02-20,108.8891830444336,109.28190061070673,108.51561940252083,108.81255273125434,7081500
2019-02-21,109.47347259521484,109.71293683468959,108.11331746888682,108.62098048731427,9480100
2019-02-22,110.39303588867188,110.89111838828158,109.14781867784252,109.7991618283291,8734700
2019-02-25,108.80298614501953,110.91985679931572,108.67846735094851,110.7474422263644,9327700
2019-02-26,108.7167739868164,109.20528312318082,108.09416544954713,108.86045400431998,8956000
2019-02-27,108.02711486816406,108.72635371678238,107.72060091032832,108.33362882599981,7249500
2019-02-28,108.08458709716797,108.64972656242239,107.99838346958154,108.142063490095,6716700
2019-03-01,109.20529174804688,109.61717059988972,108.66888679419374,108.66888679419374,6996900
2019-03-04,109.51179504394531,109.59799866812043,108.32404707538136,109.59799866812043,6015000
2019-03-05,109.19569396972656,109.71293760758003,108.96581034441458,109.41600428705753,5225100
2019-03-06,110.0098876953125,110.20146350216218,109.19571061284333,109.19571061284333,7352800
2019-03-07,109.20529174804688,110.05778399592883,108.68804802890448,110.00988821702181,6324000
2019-03-08,109.01371002197266,109.04244456460894,108.14206389457117,108.67846151143362,6549100
2019-03-11,109.91409301757812,110.15355727251838,109.22443479409112,109.23401541049209,6952700
2019-03-12,109.89494323730469,110.44092146684513,109.23401953022488,109.8853626205424,9920300
2019-03-13,109.28189849853516,110.00987184393026,108.92749609570144,110.00029122800079,17994500
2019-03-14,109.65547180175781,109.93324389887323,109.12864753232739,109.31064269956134,17409600
2019-03-15,110.11524200439453,110.61333174657763,108.88918618958857,109.67462865269046,14932700
2019-03-18,108.35279083251953,109.19570239561767,107.72060167929398,108.26657989895729,21769800
2019-03-19,105.3642807006836,108.9179296546441,105.17271220437569,108.18995621450858,45384400
2019-03-20,105.35469055175781,106.20718270657902,103.4964529205083,105.66120450284106,35588700
2019-03-21,104.08074951171875,105.50795445563014,103.80297009307424,105.46005868046517,27438900
2019-03-22,103.66886901855469,104.40641571225221,102.97921079137983,103.76465325946917,24133800
2019-03-25,103.2474136352539,104.47346950589309,102.79721964665715,103.91791065580051,18187500
2019-03-26,105.49835968017578,105.68992813938694,103.70716462429158,103.83169069986027,16693100
2019-03-27,105.63246154785156,106.40832332613508,105.10564461869514,105.795295472798,10794800
2019-03-28,106.04434967041016,106.58074726239984,105.59415570233206,105.9389848137166,11748900
2019-03-29,106.35086822509766,106.89684645709869,105.73784029119719,106.85853129774623,16358800
2019-04-01,107.76849365234375,108.11332275868877,106.68611055992284,106.88725965397927,10785100
2019-04-02,107.24166870117188,108.53477418788727,107.2033535442783,108.3815208681819,9231800
2019-04-03,107.778076171875,108.3432156530775,107.48114281353872,107.95049073978275,10534900
2019-04-04,109.91409301757812,110.01945787438137,108.2665777743301,108.46772687153562,14378400
2019-04-05,110.153564453125,110.2780832429781,109.49264072788799,110.1248299099181,10907900
2019-04-08,110.11524200439453,110.94858024158408,109.80872805069303,110.15355716209085,11054200
2019-04-09,111.93516540527344,112.22252541764043,110.42174964816215,110.7378442001921,17340300
2019-04-10,112.2225341796875,113.05586512645249,111.37961530846134,112.62483238211675,14091100
2019-04-11,111.68612670898438,112.89302859648191,111.41792791351138,112.76850981511777,12784500
2019-04-12,124.5788803100586,125.3834766902163,121.03481229825516,122.51949358604442,65253500
2019-04-15,126.4754409790039,127.10763015241707,124.32026257342726,125.52717183462312,32773700
2019-04-16,124.42562103271484,126.56165271032036,124.09995315374172,126.19766236573969,14564300
2019-04-17,126.19766235351562,126.78195572019939,123.83175434544683,124.33941739666112,14253700
2019-04-18,126.86815643310547,127.27045461828544,125.5846315638544,126.21682069016775,11890600
2019-04-22,126.1305923461914,126.62868203753531,125.50799119381405,126.3413220380778,10197500
2019-04-23,127.73983764648438,128.5827566652614,127.05975259892726,127.76857219342077,12159300
2019-04-24,129.406494140625,130.02909538086772,127.12678966980248,127.50035333709586,11449500
2019-04-25,131.45631408691406,133.02719915131834,129.15744827010374,129.6555380561069,16382500
2019-04-26,134.0233612060547,134.13829937889804,131.71492212985632,132.85477439635008,14167600
2019-04-29,133.42950439453125,136.37011825534523,131.8107234667333,136.19771098328496,25746100
2019-04-30,131.1976776123047,133.51568985412442,130.2972896721478,133.25706436550232,15253100
2019-05-01,130.63255310058594,132.34711084093328,130.49845369416624,131.6957750428203,8906700
2019-05-02,128.4869384765625,129.97161976220337,126.80111540404228,129.6746864282228,16580400
2019-05-03,128.66893005371094,129.6076258029915,128.14210579084107,129.52142218245032,8874400
2019-05-06,129.31068420410156,129.6267787416,126.72447344316687,126.95434974990268,9955600
2019-05-07,127.81643676757812,130.2398137390979,127.16508642599953,129.64594709309722,10972700
2019-05-08,129.30111694335938,129.98118720357203,127.69190964227035,127.87390480410504,15423500
2019-05-09,127.96012878417969,130.72833526837078,127.24173594625044,129.33944537152217,15297100
2019-05-10,128.3911590576172,128.65937249168917,125.69958294923305,127.4045674153783,9858500
2019-05-13,125.80494689941406,127.06932527584523,125.04824622799673,125.95820754184317,11389900
2019-05-14,127.5865707397461,128.9850486237336,126.4850408524662,127.89309204638349,12001700
2019-05-15,129.0041961669922,129.51187391171183,126.47545383209459,126.96397034107714,9734100
2019-05-16,129.78961181640625,130.6516771925084,129.1286882073842,129.58845543358956,9689400
2019-05-17,129.34901428222656,130.24940228032986,128.3815838883811,128.60188692544708,8964200
2019-05-20,128.26663208007812,128.73597264759835,127.63444296362572,128.5922999464672,8009000
2019-05-21,128.4390411376953,128.8988230192921,127.5003453736431,128.8988230192921,7050300
2019-05-22,128.20916748046875,128.51567412550668,127.76854682203765,128.18043293923827,5093700
2019-05-23,127.13633728027344,127.92178692315728,126.38921009670558,127.11719066635126,6743300
2019-05-24,127.19380950927734,127.67273795245906,126.647838684233,127.4907574212684,4570100
2019-05-28,127.03099060058594,128.39114578602948,127.00225605985908,127.59613733826923,8938400
2019-05-29,126.02526092529297,126.58080516055946,125.26854565992363,126.3988245956212,7749600
2019-05-30,126.6286849975586,127.08845223799592,125.80492744158413,126.32217837584605,5274000
2019-05-31,126.4754409790039,127.32793318591355,125.26854633354701,125.4409682061774,7420700
2019-06-03,126.88732147216797,127.34708875249014,125.94862567858655,126.4562887333823,7901400
2019-06-04,129.13829040527344,129.19575948793454,127.31835329848838,127.8260163496458,8247500
2019-06-05,130.21107482910156,130.2685439070132,129.25321788860882,129.70341181989937,6842800
2019-06-06,131.42755126953125,131.64785426343715,130.00991253862773,130.75703974903587,6027300
2019-06-07,132.2225799560547,132.91223819716703,131.54250963945742,131.8011351338092,7026300
2019-06-10,131.29345703125,133.027175744227,130.3356000967224,133.027175744227,8479500
2019-06-11,129.3873291015625,131.9448056125413,129.2532297022664,131.79154498027765,6352200
2019-06-12,130.00038146972656,130.5367791678147,129.13831582861937,129.39692675150687,5537000
2019-06-13,135.7666778564453,135.87204272769426,131.81072314542766,132.13639106901888,17939500
2019-06-14,135.68045043945312,136.92566757489516,134.60765517974392,136.06360204344872,11125200
2019-06-17,135.02911376953125,135.51761561878337,133.2474990156706,134.8758531289168,8542700
2019-06-18,133.3720245361328,137.46206372769564,133.11339903318216,136.0061314953743,11231400
2019-06-19,134.981201171875,135.12488848544785,132.73981939121677,133.6306193492717,6877100
2019-06-20,136.03488159179688,136.23602341595875,134.01380234554415,135.99655911955793,8485800
2019-06-21,134.3202667236328,136.01567750037458,134.09996373276368,135.9677817330371,14150000
2019-06-24,133.3528594970703,134.5501808080153,131.99270424172542,134.21492499465523,10497400
2019-06-25,134.0425262451172,134.492720255852,132.82604362361633,133.1612994582451,14675400
2019-06-26,134.4831085205078,134.80879098804564,133.6306164285956,134.44480067383472,8842100
2019-06-27,133.42950439453125,135.7666781873941,133.06551399919485,135.0578586321969,6466300
2019-06-28,133.75515747070312,134.30114300309768,132.76856588146183,133.53485444227977,20078800
2019-07-01,135.68045043945312,135.967810488515,133.35286473510416,134.5310248589448,8972400
2019-07-02,136.5233612060547,136.83945577958724,135.31646661089812,135.44097808599517,7554100
2019-07-03,136.9543914794922,136.97355271213831,136.0156957001653,136.6861926853988,4150900
2019-07-05,137.2917022705078,137.71577166663278,135.6050719853511,136.2990010506012,5596000
2019-07-08,135.9134979248047,137.07967411354636,135.8653055445365,137.03148173327818,4993900
2019-07-09,136.48214721679688,136.58816458443496,134.68949926798544,134.98827147507873,7396300
2019-07-10,138.3422393798828,139.02653590604564,136.86764367640882,137.24352072423062,9533700
2019-07-11,138.3615264892578,140.07706948480578,138.34224659429353,138.79522853532313,10471100
2019-07-12,139.63375854492188,140.16383074327783,138.7856194975469,138.9301819686888,8510000
2019-07-15,139.80722045898438,140.0963600805298,138.75669405007963,139.87469274338753,5289200
2019-07-16,139.07472229003906,139.73973889356333,138.60246049904006,139.5084242947833,5854700
2019-07-17,137.40737915039062,139.4409594429454,137.21460962135674,139.3638692788322,5296400
2019-07-18,136.5014190673828,137.301365574913,135.09428088041687,137.301365574913,8031700
2019-07-19,134.785888671875,137.08934364219914,134.6798713005943,137.08934364219914,6109900
2019-07-22,135.7400360107422,136.31831527952662,134.94008939496658,136.1351930208698,7706400
2019-07-23,136.1448211669922,137.37846984091246,135.19067952280906,136.5206982675421,7514500
2019-07-24,136.17372131347656,136.46286091220617,135.31594981787097,136.27973867613574,5896600
2019-07-25,138.02423095703125,138.04349614877978,135.93279585831013,136.27976049107573,7294400
2019-07-26,139.41204833984375,139.9325025434053,137.869995036005,138.53501168152783,8139400
2019-07-29,141.0890655517578,141.8215398685897,139.91324184167738,140.3180314409465,11674100
2019-07-30,139.68191528320312,141.4842104885869,139.37351048893368,140.48186181814597,6563100
2019-07-31,137.83145141601562,139.74939670644451,137.18571458908784,139.73976411126728,9710700
2019-08-01,136.71347045898438,139.29641782412824,136.14482379333487,138.1495066036903,8911700
2019-08-02,136.57852172851562,137.07004873813574,134.87261137968622,135.88459259361045,6539100
2019-08-05,133.2919921875,135.152097487468,132.06797631022195,134.10157123910525,10669700
2019-08-06,136.73272705078125,136.80983192782116,133.359465888106,135.32560348699474,18818900
2019-08-07,129.9765625,130.94998392628125,127.47070565375556,130.0440200710044,29084500
2019-08-08,132.8968505859375,133.00286795299067,131.08492275130206,132.90648318066906,14054800
2019-08-09,133.50404357910156,134.19797276897285,131.807765689971,132.13546509525864,8811900
2019-08-12,130.83433532714844,132.58843807893263,130.33316101146002,132.3378435679631,7918900
2019-08-13,132.0487060546875,132.92575744439887,130.1114957456142,130.1114957456142,8145400
2019-08-14,128.0393524169922,130.25605496911132,127.87549537379161,130.16931750359373,11797700
2019-08-15,128.57908630371094,129.41757797739365,127.67312234507565,128.66582377900525,7590100
2019-08-16,130.3042449951172,130.59338458119646,128.98385902306384,129.16698125112237,6353800
2019-08-19,130.3909912109375,132.6366210679216,129.41756973559296,131.83667453211817,11741800
2019-08-20,130.23678588867188,131.1138225242228,128.43449082358356,128.50196309891442,8628000
2019-08-21,130.843994140625,131.13313379247134,129.19592312573192,129.73564263250987,6325000
2019-08-22,131.15240478515625,131.72103674788107,129.812738705282,131.26805475554025,6967100
2019-08-23,126.9020767211914,131.49935367541116,126.27561984819799,130.60302239337736,10190900
2019-08-26,129.73562622070312,129.76453871160493,127.75022341210432,129.33083664182632,8093800
2019-08-27,129.61996459960938,131.065647839687,129.33082501034377,130.8536131213089,6013600
2019-08-28,131.6053924560547,131.77886741911587,128.68511292783245,129.2055525232692,5950500
2019-08-29,132.84866333007812,133.65824250633827,132.44387374194804,133.11852305549817,6532700
2019-08-30,132.28964233398438,133.48474571259248,131.80774794513025,133.2823435985239,5622200
2019-09-03,131.3740692138672,131.48008658644972,130.16933302827124,131.43189419777542,5997400
2019-09-04,132.8968505859375,133.1956227913824,131.4511672386224,131.78849923549652,4285400
2019-09-05,133.8124542236328,134.2268911191831,133.3112945583774,133.8895591043457,5143500
2019-09-06,134.49673461914062,134.74731442153143,133.2438061946855,134.09194507393215,4090000
2019-09-09,133.8028106689453,135.00754675718449,133.46547868173792,134.5256523218888,5458700
2019-09-10,130.87290954589844,133.42695937004936,129.7067330227281,133.11853981288616,10974600
2019-09-11,131.25840759277344,131.30659997716916,130.04402421350568,130.65121590313956,7896400
2019-09-12,132.52096557617188,133.64859675486997,131.59572181848978,131.88486141190612,7333900
2019-09-13,133.0221405029297,133.21489533067705,132.14508912449085,132.85829816403188,5209100
2019-09-16,130.8825225830078,132.27038081438877,130.4006281807922,131.35476968517906,6329300
2019-09-17,131.3740692138672,131.77885880747715,130.75724487509214,130.88254214439485,4726500
2019-09-18,131.84634399414062,132.1065711534434,130.80545006318314,131.4704668557049,6857900
2019-09-19,128.47305297851562,132.38603324480513,128.18391339052002,132.03906868046047,12216100
2019-09-20,127.4803695678711,128.40559873187163,126.84426532621296,128.21284388155922,25231600
2019-09-23,127.66349792480469,128.07792013747195,127.11413113359113,127.21051591648045,6096100
2019-09-24,127.19121551513672,129.29226814590092,126.73823357983422,129.15733829535873,11904000
2019-09-25,128.27064514160156,128.588697203605,126.46836482983184,127.01771678692889,6523000
2019-09-26,126.51657104492188,128.47306130486695,124.38659113843542,128.3188515537749,11615100
2019-09-27,125.25402069091797,126.25635474639779,124.25167192918559,125.38895055812203,8401300
2019-09-30,125.6009750366211,126.12141456577777,125.11908059226252,125.6298875267825,5532500
2019-10-01,124.85885620117188,127.00810135219504,124.82029640928037,126.06359233837684,5978500
2019-10-02,124.46369171142578,124.54079658430639,122.95054350848955,123.85650002889777,8296100
2019-10-03,123.50953674316406,124.7431853096281,122.92163230240817,123.94325349592563,8498700
2019-10-04,125.55278015136719,125.71662249443709,123.95288709844786,124.02999197276034,6732900
2019-10-07,126.15995788574219,126.80570937365056,124.36730998955531,125.55278089459502,5784100
2019-10-08,123.81796264648438,125.33110359040556,123.72157787282624,125.19617373103519,6526000
2019-10-09,124.6468276977539,125.14800207364392,123.42281160339367,124.42516035517372,5004600
2019-10-10,124.65645599365234,125.42749007467792,124.21312132378269,124.54080602868667,4512000
2019-10-11,125.31182861328125,126.24670496099084,125.13833897549723,125.58168831094478,6559000
2019-10-14,125.00341033935547,125.58168952924483,124.79137561681276,125.41784719023467,3710300
2019-10-15,125.06122589111328,126.15031191061084,124.71426134458085,125.30217308436498,5914700
2019-10-16,126.12141418457031,127.05629058030037,125.00341554753729,125.06124052768531,7610800
2019-10-17,127.57672882080078,128.60798997720767,125.78408092304065,127.73093857047397,8005100
2019-10-18,126.15031433105469,128.3381190055074,126.1503143310547,127.57671762472326,8694000
2019-10-21,125.54312896728516,126.95989973816917,125.31182905775346,126.68040744540151,6257100
2019-10-22,127.60565185546875,128.83930054229637,127.3165269337532,128.32849357226237,9291600
2019-10-23,126.38164520263672,127.87550625674447,126.02503330363042,127.65383892391748,5970800
2019-10-24,125.54312896728516,126.93098724947771,124.93595199851386,126.75751231732895,5746300
2019-10-25,126.15995788574219,126.98881690669421,125.32146627028824,125.7744482181487,6696000
2019-10-28,125.80338287353516,127.29725883460937,125.42750573421684,126.6900670302283,8940300
2019-10-29,124.79138946533203,126.03468544969166,124.75284437797893,125.77445831473811,9305100
2019-10-30,124.90702819824219,125.59130997697235,124.47331149464644,124.99376565646163,10880000
2019-10-31,125.2154312133789,125.437098505612,124.08780015343352,124.8395541933971,9628300
2019-11-01,127.94296264648438,127.99115502752588,125.78407044957433,126.24669966007286,8507600
2019-11-04,128.10682678222656,129.28265048977786,127.67312469153198,129.26337059282963,7631800
2019-11-05,126.6900405883789,127.96224892131693,126.1503211887994,127.96224892131693,7404500
2019-11-06,126.51657104492188,126.89244812180168,125.92865923685332,126.834623141705,9132500
2019-11-07,128.14537048339844,128.85856481214233,126.97917951764738,127.5574587034538,18047600
2019-11-08,132.9643096923828,135.17137957983473,131.78848617657872,135.1424670922535,24175900
2019-11-11,131.7884979248047,133.5425860548511,131.27769099033367,132.52097218590905,10138400
2019-11-12,133.56185913085938,134.29433335456443,131.7884911958362,133.0317723279311,17284000
2019-11-13,143.3346710205078,144.49121463528803,131.88485540980898,133.56185321030273,45725400
2019-11-14,141.821533203125,145.17552922158197,140.98304155163666,142.64075966478154,28393600
2019-11-15,139.4313507080078,141.86973566378157,138.98801601036868,141.81191067767674,13733400
2019-11-18,142.3034210205078,143.64308696388784,138.4868253241702,139.50843917514695,15353100
2019-11-19,143.00698852539062,144.06714739406087,141.48420043880049,142.81421899813225,11504300
2019-11-20,141.6094970703125,143.5949145723176,140.74209293636736,142.72749573212081,9448400
2019-11-21,141.58059692382812,142.12996370780985,140.96377255771438,141.83119147354031,6241400
2019-11-22,142.92025756835938,144.02862368960203,141.36855676362154,141.87937843917402,9639400
2019-11-25,144.26956176757812,144.77073610976288,142.351616575973,143.41179024093088,11316800
2019-11-26,146.14894104003906,147.85485142712503,145.1562396982251,146.2549584020896,24949900
2019-11-27,145.99472045898438,147.0452614072462,145.6766683964372,146.78503431857126,6155400
2019-11-29,146.0911102294922,146.94888168592894,145.54174354636686,145.99472546556663,6284900
2019-12-02,145.16587829589844,147.4307880759854,143.70092976766273,147.4018755857078,10351000
2019-12-03,143.1997528076172,143.71055973485056,141.55166736067,142.39017368214365,9273800
2019-12-04,142.91061401367188,143.9225952793737,142.81422924312838,143.8936827894609,7684800
2019-12-05,142.10104370117188,143.44070973984773,141.77335899099268,143.30577987646498,7363300
2019-12-06,142.3130645751953,143.22866103793686,141.85043534046744,143.02625890946206,7084900
2019-12-09,140.9155731201172,143.13227569266914,140.13489180451123,142.6022035943419,11515000
2019-12-10,140.8095703125,141.5324120190195,139.79758898212225,139.99997642444652,7084100
2019-12-11,142.24560546875,142.5347450906663,141.44565888749085,142.05285062288985,8253700
2019-12-12,142.40943908691406,143.53707030758596,141.91791205418565,142.56364883664298,7748300
2019-12-13,141.92465209960938,143.30142993392485,141.85677558094056,142.94268152477045,9350100
2019-12-16,143.94134521484375,144.12554977770762,142.0894761318847,143.0978152525267,9134400
2019-12-17,143.2335662841797,143.94135806663704,143.12691374123133,143.5923147255661,8776100
2019-12-18,141.8083038330078,143.44686795642068,141.74044210421573,143.2723536872183,9467800
2019-12-19,141.70166015625,142.33188513240873,140.8969356943336,141.73074586960308,10243900
2019-12-20,142.40943908691406,143.3790022292937,141.3332234070983,142.67121048341775,12629900
2019-12-23,140.27639770507812,141.87618587344525,139.9370594592018,141.46897110177738,9314000
2019-12-24,140.86782836914062,141.00356662300607,140.053398845948,140.17944679395168,3508500
2019-12-26,141.2653350830078,141.4204687234733,140.7514678440294,140.97446320572462,4422000
2019-12-27,141.31382751464844,142.0506901743472,141.02295561406544,141.60469941523144,5495300
2019-12-30,139.3941192626953,141.43019330847216,139.0353707828694,141.31385044710257,6602800
2019-12-31,140.22793579101562,140.36367405250783,138.89962409531233,139.29714857338269,5662900
2020-01-02,143.6892547607422,143.6892547607422,140.68361789558458,140.86782246539903,9502100
2020-01-03,142.04100036621094,143.3983828478712,141.60469991098867,141.944038134224,7320200
2020-01-06,141.2168731689453,141.58531191654905,139.91766204073036,141.11022062592107,8262500
2020-01-07,141.2653350830078,142.3997220894899,140.99385860937235,141.54651665564626,6906500
2020-01-08,140.9744873046875,141.68227911242076,140.41215365199864,141.06175923884197,6984200
2020-01-09,140.4218292236328,142.16704580818273,140.2085241525012,142.01191215747625,6664200
2020-01-10,140.2182159423828,141.07143623594297,139.86917262177724,140.87752656768637,5152500
2020-01-13,139.5007781982422,140.34429357048015,138.99660111864176,140.34429357048015,9921300
2020-01-14,140.78054809570312,142.25428803428684,137.95911614582303,139.0450367926331,14839100
2020-01-15,139.9273681640625,141.27506042066148,139.54922431337178,141.27506042066148,6818200
2020-01-16,140.70301818847656,141.00358043759996,140.0437222606396,140.6739324736815,6948400
2020-01-17,139.9370574951172,141.20718291152215,139.62679017189998,141.1102206744267,10355300
2020-01-21,139.1904754638672,140.1891242675426,138.65721280307966,139.8497860611205,9250200
2020-01-22,139.6267852783203,140.38304335920697,139.17108940979122,140.0533954356122,7550000
2020-01-23,137.87188720703125,139.23897490067307,136.36906125408632,139.2292845944231,11082000
2020-01-24,135.81640625,137.92035648574233,134.96318595371392,137.09622190006968,13076300
2020-01-27,131.76364135742188,133.53794390179274,130.89104033956926,131.72486533646986,12831800
2020-01-28,134.15846252441406,134.7014155787575,131.72486408642433,132.345383976297,10390000
2020-01-29,131.91876220703125,134.45901297176465,131.6569760093774,134.3814609373989,9382700
2020-01-30,133.6155242919922,133.65431511124044,130.72622962123557,130.97831076889796,11847300
2020-01-31,134.10028076171875,134.44932409752013,132.88832678940278,134.1875378970791,12379100
2020-02-03,137.01866149902344,137.5034430387833,135.49644036288532,135.5352163765484,12639900
2020-02-04,140.32485961914062,141.15868445492066,138.88991041141168,141.0617370240932,23519700
2020-02-05,137.06712341308594,142.81663998295323,134.35235871315194,142.13794880796974,27824100
2020-02-06,138.35665893554688,139.56861287645805,136.92170961192875,137.60040085996707,9504600
2020-02-07,136.72779846191406,137.66827589344118,135.85518275727722,137.57131366147283,10948900
2020-02-10,138.25001525878906,138.25001525878906,136.1848556712644,136.73749901067728,8162100
2020-02-11,136.7180938720703,138.63783955281647,136.18484597733368,138.50210130417014,10790100
2020-02-12,137.5325469970703,137.89128064989893,136.5823644011213,137.03806029251143,8168200
2020-02-13,136.6114501953125,137.58101340406378,136.53389815764962,136.87323640409628,7543100
2020-02-14,135.2928466796875,136.9798920267927,134.89533699888133,136.80537774658913,9110500
2020-02-18,134.90501403808594,135.40919101080357,133.89667488701002,134.78867119605854,8214900
2020-02-19,136.99928283691406,137.55192616670928,134.9922799157517,135.38011407156972,7080900
2020-02-20,136.0975799560547,137.31923904124164,134.62385456233483,137.31923904124164,5981700
2020-02-21,134.7401885986328,135.62249459259576,134.36205957184285,135.6030991876847,7725800
2020-02-24,128.96157836914062,130.3480612496666,127.21637668195083,128.8549258398694,19336500
2020-02-25,124.2883071899414,129.8632955098677,124.08469980852745,129.679076137416,21032500
2020-02-26,119.60531616210938,124.46282243639405,118.41275017914397,122.2813126478312,31195900
2020-02-27,114.44723510742188,119.15931260793936,114.3308848664435,116.1633586280692,30827500
2020-02-28,114.0691146850586,114.70902256581516,109.76425160709846,111.02468675608797,35389900
2020-03-02,116.32819366455078,116.32819366455078,112.49841466282655,115.50405904328682,21775900
2020-03-03,112.90562438964844,118.07339768723531,111.64519674935534,117.46257557366725,19529700
2020-03-04,115.55252838134766,115.61069979915654,111.96514793766688,115.33922331980936,13842100
2020-03-05,110.51081848144531,113.40011271922722,108.69773260672235,113.30315787717997,22397200
2020-03-06,111.76154327392578,112.34328709326782,106.96220854461357,107.38881870621641,22899600
2020-03-09,101.17390441894531,107.06884963329233,101.10603530023845,105.38181197030812,26233600
2020-03-10,108.06752014160156,108.18387039586159,99.31236508170666,104.8097869941271,24083700
2020-03-11,102.2986068725586,105.58542525791029,99.72926312486778,105.12003170550511,24771300
2020-03-12,89.0156021118164,96.9563277191093,88.8507781300173,94.64876978237957,40392900
2020-03-13,99.39962005615234,99.73897310771275,89.44220884151004,97.71258209067749,40960100
2020-03-16,92.11819458007812,95.2886627441592,87.2606812524798,89.00589783640123,35379500
2020-03-17,90.6832504272461,94.4936343308573,88.37569253389955,92.88416316751291,27526200
2020-03-18,86.09721374511719,86.62077135524481,76.66336070488312,84.92403578231769,43592500
2020-03-19,92.04064178466797,94.43546425208172,82.51953074146506,85.32156800813974,30866800
2020-03-20,83.36305236816406,94.03793853717639,83.22730670632758,93.06837527696,31957800
2020-03-23,83.14974212646484,84.62347493611772,78.6218763593416,81.91839271969957,32246600
2020-03-24,95.133544921875,96.15158185506944,89.00590572452755,89.51977304278478,32538100
2020-03-25,97.66410827636719,102.69613645448605,92.60298698745952,97.5962391455542,28533000
2020-03-26,102.15318298339844,104.45105051225421,97.73197700097259,97.76106271446007,24520300
2020-03-27,93.46589660644531,98.40096988356301,92.63207163905648,97.39262323934442,30591500
2020-03-30,96.76240539550781,97.402313228415,89.29676469705868,93.07806246409865,23119200
2020-03-31,93.6597900390625,100.02012873748123,93.2331873230973,97.16961097634267,21563200
2020-04-01,92.03093719482422,94.43545718626666,89.7427674503997,90.65415922575629,18303900
2020-04-02,94.01853942871094,94.29971362864535,91.33284537251178,91.33284537251178,13936500
2020-04-03,91.02259063720703,93.97006365559494,89.88820346748102,93.37862951127347,14814600
2020-04-06,96.54910278320312,97.14053691198102,91.64310808551808,94.29971651212627,20407400
2020-04-07,98.15857696533203,102.66704735547454,97.19871146200498,101.66839843622172,22899600
2020-04-08,97.99374389648438,99.23478350215338,95.6474029296927,97.47017892587161,22562500
2020-04-09,101.31935119628906,104.70312458608393,100.37887373847808,104.63525546011716,31453600
2020-04-13,100.34979248046875,101.67809674440285,96.57819217611734,101.52296307977684,17306000
2020-04-14,102.80277252197266,104.36376967760523,100.73760581786524,102.2889052714562,19866900
2020-04-15,100.22374725341797,101.68778230987616,99.57413430955687,101.21269842917289,14157600
2020-04-16,98.91482543945312,100.56308716829368,97.81922178578945,100.37886780990138,18029300
2020-04-17,103.38451385498047,103.53964750637577,101.17391110285482,102.97729911583725,17926900
2020-04-20,99.14752960205078,101.6683923078308,98.89544111231885,100.42735266173477,17021000
2020-04-21,97.47988891601562,98.42036644119473,96.11280119866939,96.96602158300365,16101400
2020-04-22,97.91618347167969,99.50626649501906,97.81922863312096,98.70153467751952,11463800
2020-04-23,97.9258804321289,99.40931090265099,96.4327522586705,97.58653480115653,17132200
2020-04-24,98.11009979248047,98.81787676598547,96.49092367254691,98.68213851360971,13614100
2020-04-27,102.83186340332031,103.27786155633754,98.51731042519086,98.89543945486155,15518300
2020-04-28,102.97730255126953,106.71011924563908,102.75430716642397,105.47877728462342,16503700
2020-04-29,108.8334732055664,109.26977370275218,105.25578249879347,106.59378449823333,20139800
2020-04-30,104.85826110839844,106.95251376485652,103.60752369811674,106.10899851868014,18638700
2020-05-01,102.2889175415039,103.6560052033686,101.29026862962384,103.12274248480149,13209100
2020-05-04,100.0395278930664,100.66974543121694,97.48957942617541,98.90514076270341,19514800
2020-05-05,97.98405456542969,101.97865760998997,97.82892830005753,98.42036244347297,30169800
2020-05-06,97.80953216552734,102.06591398748378,95.85101777205509,98.39127599858773,51992400
2020-05-07,102.3567886352539,102.39557205163815,98.73062427090062,98.75001228050259,20868800
2020-05-08,105.8375244140625,105.8569124236607,103.38452325920309,105.73087186832164,24079700
2020-05-11,104.48981475830078,105.4981612962693,103.17121571330459,105.10064426143168,20555900
2020-05-12,101.37751770019531,106.1089904711958,101.30964857752176,105.7405517505283,17049700
2020-05-13,99.78743743896484,101.35813240205788,98.50761437920823,101.3193489884677,21085800
2020-05-14,102.68643951416016,102.69612981994995,96.62666966455237,98.87605593683958,22002200
2020-05-15,105.73087310791016,106.05082335170351,101.0963546584932,101.78475106077505,29766000
2020-05-18,113.29344940185547,116.1342696470981,110.98589183294047,110.98589183294047,40044600
2020-05-19,110.88894653320312,112.92502778636705,109.967857049195,111.5967235311622,20332600
2020-05-20,116.27001953125,117.19110902827438,112.50811690179408,112.87654826229564,25749900
2020-05-21,114.2436294555664,116.63845165558129,112.95410867137687,115.70766450808425,17578300
2020-05-22,114.42784118652344,114.96110388478452,113.27406605320019,113.92367159676922,9288200
2020-05-26,117.26866912841797,118.78119278980424,116.76449950607612,117.36563136868172,16466400
2020-05-27,117.83100891113281,120.01252600743031,116.06640426690382,119.91557117147526,19345400
2020-05-28,113.1965103149414,118.26732940650724,112.46933787180474,117.89889063445574,18606000
2020-05-29,113.72977447509766,114.16607498751524,110.64656298209538,112.65355865414153,17745100
2020-06-01,115.15502166748047,116.00824204478086,113.37102887345316,113.69098651494079,10538300
2020-06-02,115.13563537597656,116.20215346633898,114.24363896565022,115.37802618729441,10753100
2020-06-03,118.46122741699219,118.7230062159464,115.68827618217999,116.3378817253307,12584300
2020-06-04,119.9252700805664,120.71061387603581,118.14127001289305,118.23822484982337,14195100
2020-06-05,121.02086639404297,123.92955570721226,120.49730143001096,122.46551334837348,16581600
2020-06-08,123.40599060058594,123.56112424775517,120.16765338631213,121.29234273957137,13858100
2020-06-09,120.11918640136719,121.96135799370154,119.75075504177245,121.80622432828461,10882800
2020-06-10,118.46122741699219,120.32278691251958,117.24927346461553,120.2452200842443,11497100
2020-06-11,109.21160125732422,114.4084607439066,108.83347219070777,114.02063397381322,26078800
2020-06-12,111.97484588623047,113.4388883108544,109.45398318098077,111.66458597477174,18361900
2020-06-15,113.51646423339844,114.52481087572697,108.3099070487201,108.66864810519229,14156400
2020-06-16,114.8350601196289,117.80192094674574,112.51780481788293,117.54983246034075,12951200
2020-06-17,114.0691146850586,115.60102635298607,113.57463537003281,115.02898020478364,8921600
2020-06-18,114.76719665527344,114.92232291804763,112.40146012123162,113.32254218637476,9577300
2020-06-19,110.86954498291016,116.46392851394246,110.86954498291016,116.32819026439871,23496300
2020-06-22,112.39176177978516,112.65354798017593,109.6672916176397,110.7144216248428,12868000
2020-06-23,113.04136657714844,113.87519149613703,112.44024214521245,113.40010761346957,10187600
2020-06-24,108.65895080566406,112.46933459248638,106.68104093034145,112.32389862866347,22252500
2020-06-25,107.9705581665039,108.11599412543175,105.19760683241873,105.67269072754824,17240400
2020-06-26,105.77934265136719,107.8154238728907,104.73221262983618,107.57303307515743,15270900
2020-06-29,108.12569427490234,108.1741753980186,104.80978961594091,105.68239805176782,12584300
2020-06-30,108.11598205566406,108.63954701104691,106.58407060071195,108.10628435357013,10565900
2020-07-01,109.5703353881836,112.08150043581138,108.8722487255779,109.38611601966824,11930900
2020-07-02,108.76559448242188,111.59671710560721,108.59107281950334,111.49976227002576,10312000
2020-07-06,110.94711303710938,111.04406787397264,109.46368258127977,110.3653766187499,11933400
2020-07-07,110.17146301269531,111.57733408155639,109.18251181010005,110.17146301269531,10836500
2020-07-08,113.10923767089844,113.56492612584736,109.37641372329901,110.02602663866287,13629500
2020-07-09,113.25468444824219,114.26303114780315,111.86820866099346,112.96381990234894,13582900
2020-07-10,115.7076644897461,115.80462672393077,112.67293444813534,113.27406627305277,14207900
2020-07-13,112.6826400756836,116.47362846859434,112.3626824336041,116.28941648448406,15620200
2020-07-14,115.0483627319336,115.45557746475261,111.05376003669797,111.72276095288599,12425100
2020-07-15,117.2201919555664,118.37396712950869,116.05671168126695,117.92796894670694,15314200
2020-07-16,115.79492950439453,116.33788251163142,114.02062713079982,114.13697737399913,10210100
2020-07-17,115.0386734008789,115.9209720528578,113.49706408991126,115.28106419717355,9843500
2020-07-20,114.20484924316406,114.88354051851269,113.26437176362376,114.45693774422789,8947900
2020-07-21,115.00958251953125,116.7257060254035,114.07880279125719,114.45693182470666,8946300
2020-07-22,115.4071044921875,115.66889069402569,114.34058647029352,114.59267496909102,7063300
2020-07-23,114.5248031616211,115.71736170641101,113.4485874618761,115.24227782905778,7255800
2020-07-24,114.03031921386719,114.61205560683375,112.01362614754883,112.17845010273977,8233300
2020-07-27,112.7698974609375,113.84611324322968,112.15907528606104,113.63280814804666,9413000
2020-07-28,112.64385223388672,113.28376009572867,111.18950744212394,111.94576555029175,6821100
2020-07-29,112.0912094116211,113.1577275213367,111.6064277801885,112.68264359374332,9496500
2020-07-30,112.13968658447266,112.7505087555817,109.9193859030408,111.4125141629322,9713500
2020-07-31,113.3807144165039,113.4873669522276,110.64654669478098,111.71306465483836,9601000
2020-08-03,112.80867767333984,113.55524548527205,111.83911446618234,112.63415600016428,10229200
2020-08-04,113.72006225585938,114.7477968232856,112.23663182636915,112.43054149665267,17293900
2020-08-05,123.72596740722656,126.34378523357273,119.52775674301593,119.61502128239044,53000200
2020-08-06,126.83826446533203,127.62360828738645,121.78683370213177,123.09574253794916,27238000
2020-08-07,125.97533416748047,127.9241655857686,124.74399960729494,126.25651576847635,16088600
2020-08-10,124.87003326416016,127.32304167757545,124.57917615072257,125.80082041023977,8529200
2020-08-11,126.51830291748047,128.7192006534081,126.04321163994497,126.55707893462058,13885700
2020-08-12,127.77871704101562,128.95189492541903,126.51829682084094,126.69281108110177,12204200
2020-08-13,126.97399139404297,128.3216835251572,126.47950473955741,126.66372409755328,6468600
2020-08-14,126.55709838867188,127.09036117106933,125.79114987894617,126.05292132219047,6507600
2020-08-17,125.43238830566406,126.17895612313096,124.62764906243414,126.1401801040758,7492200
2020-08-18,124.99608612060547,125.6456916900718,124.45313309504319,125.50026312763919,6714600
2020-08-19,123.8810806274414,126.2565147872128,123.55143270653768,125.3160373465948,7624200
2020-08-20,124.22042846679688,124.540386087861,122.67882657887334,122.94061277690031,4918100
2020-08-21,123.5611343383789,124.40464957291417,123.35752695772625,123.83261084591577,6064700
2020-08-24,126.71221923828125,126.89643861666922,124.03622268727533,124.24952038145365,7613600
2020-08-25,125.83959197998047,127.10002700631783,125.37420582056764,126.84794591879405,5494400
2020-08-26,128.1568603515625,128.56408992628315,125.57783340928337,126.04321961621453,8447800
2020-08-27,129.65968322753906,132.20963919020215,128.77739195493905,128.95190623049933,13667600
2020-08-28,131.4145965576172,132.63625572251556,129.5142608701148,130.406257285892,11020100
2020-08-31,127.85626983642578,131.4145643201017,127.25514550234244,131.13339755574717,11617500
2020-09-01,129.48516845703125,129.54333988199568,126.90612679163296,127.90477570514967,7351200
2020-09-02,131.26914978027344,131.78301704858367,129.2039756074755,129.56272402082425,8187800
2020-09-03,129.1846160888672,133.06286918892414,128.0017477098009,131.12374263889566,12079200
2020-09-04,127.97264862060547,130.7746856007797,125.48086416294316,129.67907448032085,11248300
2020-09-08,130.11537170410156,132.9658897307307,126.87703433541604,127.97264542854673,17257300
2020-09-09,129.3009490966797,131.4242948742883,128.2344236576743,130.1929454664113,8891800
2020-09-10,129.16519165039062,132.58774805840446,128.69980552540298,129.5142349427209,9853400
2020-09-11,127.73992919921875,129.669364954838,127.10001404878933,129.669364954838,7165300
2020-09-14,127.25517272949219,128.88403183913658,126.91581968446928,128.4962124685624,8391900
2020-09-15,127.24547576904297,128.5058960546766,127.02246558798234,127.45878085001233,7289100
2020-09-16,128.06959533691406,129.55302580071154,127.40059438375837,128.14716216569326,6601000
2020-09-17,126.25653076171875,127.75935679574204,124.68584299156305,126.57648841755814,6723500
2020-09-18,124.71490478515625,126.80914981222092,124.22041814172209,125.55841993780231,9916300
2020-09-21,121.59292602539062,123.02787543741208,119.82831387741841,122.14557676060623,10352700
2020-09-22,123.338134765625,123.59022327084108,120.9045290430526,121.44748946945496,6978800
2020-09-23,119.52775573730469,123.42540412714492,119.15932436695155,123.20240132589136,8323600
2020-09-24,118.76179504394531,120.0319278740185,117.1038428491764,118.21884201562715,8480000
2020-09-25,120.22583770751953,120.41005708400776,117.29776007617635,117.66619143197256,6851800
2020-09-28,122.15526580810547,122.99878845724007,121.5541413567688,121.92257271072289,6283700
2020-09-29,121.58322143554688,122.44613205398731,119.91557162102114,122.08739102271102,7405800
2020-09-30,120.30339813232422,121.72865715472528,119.48896123501797,119.48896123501797,13642500
2020-10-01,119.55683135986328,121.6510913442963,118.69392073586445,121.13722405103633,8908300
2020-10-02,118.8199691772461,119.91557289391666,117.98614426113222,118.27700877317525,6490200
2020-10-05,119.6150131225586,119.83800851329575,118.60666651974779,119.5083605801434,5919200
2020-10-06,117.24927520751953,120.41005323351304,116.9390152869863,119.38231123653797,9052000
2020-10-07,119.16901397705078,119.55683333121762,117.2492756263329,118.23822681494634,10187800
2020-10-08,119.3435287475586,119.98344399953588,118.6939231897126,119.8186200336072,7404600
2020-10-09,121.1760025024414,121.72865318728057,119.57622186827132,120.08039143803458,11502200
2020-10-12,121.16632080078125,122.10679833888496,119.96406443936503,121.09845166902018,10958200
2020-10-13,125.03487396240234,127.36181967219339,124.00713196349196,125.8493034813932,22389000
2020-10-14,122.73700714111328,125.55843972338187,121.47657936598222,125.20939636480882,11531500
2020-10-15,123.48356628417969,123.52234969875472,120.64274589188273,121.1953966045121,7744000
2020-10-16,122.95030212402344,124.22042749829775,122.48491594899492,123.91986528537602,6291700
2020-10-19,120.44883728027344,123.52235078999313,119.94466028352382,123.4932650780999,6576900
2020-10-20,121.14691925048828,121.90318476242538,119.8767938217135,120.78818559958987,6161200
2020-10-21,122.7757797241211,123.67747375466838,120.07069763247921,120.57487461578513,6591500
2020-10-22,123.67748260498047,124.20105503128471,122.13588062798824,122.81457192656714,5177700
2020-10-23,124.44343566894531,124.5888642230572,122.50430198035609,124.20104488251913,5439900
2020-10-26,120.28400421142578,123.2411748316269,119.20778850356109,123.2411748316269,8578900
2020-10-27,119.55683135986328,120.8172664316624,119.28535485755083,120.25491802134096,6813800
2020-10-28,114.86415100097656,117.83101196165248,114.71871504468892,117.326842363326,11654700
2020-10-29,117.84070587158203,118.89752615204051,113.66189107165063,114.56358509499418,9583700
2020-10-30,117.55953979492188,118.04432140232362,115.46527970029982,116.96810564211734,8090200
2020-11-02,116.47361755371094,119.18839730944246,116.16335764424274,118.5193963745474,9186000
2020-11-03,120.24522399902344,121.26326831103587,117.67588745407987,117.90858054930152,8144900
2020-11-04,121.26327514648438,122.99879424828089,119.65380400113902,119.81862797799609,7483000
2020-11-05,123.09574127197266,124.70521231504986,121.97105182215174,122.92121960251319,7654800
2020-11-06,123.58051300048828,124.14285398192017,120.81725961893855,122.41704022841876,6259700
2020-11-09,138.25001525878906,143.18508847187087,133.8676001794807,135.99093119280036,35634700
2020-11-10,137.78460693359375,138.0366880030148,133.4797445836826,135.70974257869653,18115400
2020-11-11,133.62521362304688,137.67798088876074,132.46172589272342,137.164113552091,9600900
2020-11-12,131.3952178955078,134.27482197786625,130.01843983368994,132.19025208022572,13768200
2020-11-13,134.14877319335938,136.8926389934188,132.3647803462978,136.61145736328552,21062300
2020-11-16,140.26670837402344,140.3345849002868,137.26107128766904,137.26107128766904,16382500
2020-11-17,140.10186767578125,140.42182527347805,138.22091289836538,140.0049054482275,9354900
2020-11-18,139.52012634277344,141.05203783992846,138.98687846496475,140.10187012956717,9456200
2020-11-19,137.40650939941406,138.9384211590803,137.3871139913682,138.2306441062039,8892500
2020-11-20,136.77627563476562,138.26939632126061,136.5726608712459,137.3967954361395,8481600
2020-11-23,141.53683471679688,143.25296575866173,137.38710531863964,138.11427773365824,12887000
2020-11-24,146.87913513183594,147.23786878319854,143.3499256602837,143.65048788649133,16711700
2020-11-25,144.55218505859375,145.6962774156828,142.75850187721147,145.6962774156828,9552000
2020-11-27,142.65184020996094,145.7738349382115,142.07009636463255,144.46491868340289,5306400
2020-11-30,143.5050506591797,144.16436135927333,141.83740069315357,142.5839685347069,9710100
2020-12-01,144.89149475097656,146.79182991549692,144.46488467075773,145.0175426731386,8825500
2020-12-02,148.93458557128906,149.32240488622455,143.82498398832416,144.9399904088911,10601900
2020-12-03,148.5758514404297,149.73932417548485,147.499635831773,148.77945140202613,9063200
2020-12-04,149.44845581054688,149.97201337561867,148.15893511077147,149.01215537392724,6033300
2020-12-07,149.00245666503906,149.1963811290617,147.62567877776337,148.51767509370146,6815500
2020-12-08,149.04124450683594,150.16594128058267,147.6159855319443,147.78080948759282,7900600
2020-12-09,149.72962951660156,152.66741945942178,149.2060719273458,151.53301755970847,10804300
2020-12-10,149.98171997070312,150.61193007495413,147.8583743910393,148.65342324315554,8993200
2020-12-11,170.3716278076172,173.98809400043336,160.29786786772712,164.51545844373368,87410700
2020-12-14,164.14706420898438,171.9035703519312,163.67197288175876,168.51009891439196,30939400
2020-12-15,168.6457977294922,169.15966495770664,162.7120766523848,165.30080819669845,18802600
2020-12-16,167.8507843017578,169.52813936816287,166.39643943372448,168.69431438538265,11105800
2020-12-17,168.2677001953125,169.51843024260742,166.72609822244456,168.52948640776424,9004600
2020-12-18,167.62779235839844,170.4880010323737,167.03635817474702,168.3161887863316,21172100
2020-12-21,165.49473571777344,166.70668964998004,163.07082785336024,164.91299191257045,11424200
2020-12-22,165.2620391845703,166.23160235349636,164.01130920617408,164.82573871742557,6419200
2020-12-23,168.2677001953125,170.594646011175,167.0557461673923,167.69566144478074,9994000
2020-12-24,168.4422149658203,169.26634962495646,167.13331348846148,168.69431087275458,2721000
2020-12-28,173.41607666015625,174.44381129760114,169.72204319017166,170.40073447958238,13145400
2020-12-29,171.90354919433594,174.715276407347,170.85641921859371,174.5310570420276,6875400
2020-12-30,175.65577697753906,177.81789894108948,172.94099684524946,173.0670448053538,11680400
2020-12-31,175.6654510498047,177.81788250764114,174.7831597936978,175.704241862111,7073500
2021-01-04,172.27197265625,177.03253125310033,169.411764334816,176.71257363964128,13426600
2021-01-05,173.0088653564453,174.85102957813027,170.83703839241142,170.83703839241142,7771800
2021-01-06,173.6681671142578,176.08238496759864,171.88417425913659,172.89252833854343,7517800
2021-01-07,173.14459228515625,174.47288909087862,172.17502911733325,174.03658862423023,7300800
2021-01-08,173.25125122070312,174.54077205683166,171.22486767579846,173.36759407094135,7894500
2021-01-11,173.6390838623047,175.7430343997073,171.95205322740424,172.33987262076118,6461300
2021-01-12,170.6334228515625,172.89250674993033,169.53781176584795,171.90354820171328,8349800
2021-01-13,170.75946044921875,172.32045774179542,168.45191016906708,169.09181061636568,6839500
2021-01-14,168.15133666992188,172.9216005760855,168.12225095781747,171.62237465986166,8951200
2021-01-15,166.22190856933594,168.88820722808626,164.99055922814694,167.68594359780758,12232500
2021-01-19,167.01693725585938,168.4228156113957,166.2219031927604,166.86181840080823,7834700
2021-01-20,168.35494995117188,172.4659031595539,167.73443010786517,169.8868615506016,9809200
2021-01-21,166.0667724609375,169.6735485041166,165.81469137198647,167.9671227137017,8416400
2021-01-22,167.52113342285156,169.91595578059773,166.65822274133222,168.70400174507276,9517200
2021-01-25,166.658203125,167.84107130799293,163.6331709425835,166.658203125,7833700
2021-01-26,164.39910888671875,168.07376114214176,163.90463705569636,167.73440815587506,7523200
2021-01-27,158.06787109375,161.2771225893641,155.63427303742134,159.98760189035335,18239200
2021-01-28,166.64852905273438,167.61809226147616,160.8990115318281,161.11231662130015,14449100
2021-01-29,163.0514373779297,164.64152039328698,160.74387228704342,163.66226691242548,12848800
2021-02-01,165.7662353515625,166.503098119221,162.9157169380591,165.64018739082505,8140400
2021-02-02,171.57388305664062,174.28864774879858,167.54049723635165,168.48097457411995,12215200
2021-02-03,171.0600128173828,172.9991390421595,170.4104073074057,171.6126708927365,5508600
2021-02-04,174.74435424804688,175.8593606952611,171.118197704228,172.18470824296813,9035400
2021-02-05,175.64605712890625,176.77075389080647,173.8717548565186,176.17931980001057,6640500
2021-02-08,184.2169952392578,184.8375150524999,177.72092520811375,178.25418789004664,16085700
2021-02-09,182.48147583007812,183.48981493499832,180.37751090399388,182.44268502160503,11270800
2021-02-10,183.8582763671875,184.89570130950105,180.1545378012632,184.19761461429397,11464600
2021-02-11,185.0993194580078,185.42896740497005,182.34576344039237,183.42196442117603,17507900
2021-02-12,181.95791625976562,187.94982427497715,180.88170056158665,187.12568967214864,27233800
2021-02-16,180.67811584472656,182.7044994673957,179.23346128993342,181.59919796463427,11630700
2021-02-17,180.76535034179688,181.91913282094055,176.6156213744568,179.71822039755793,11391800
2021-02-18,177.43006896972656,180.72657799458923,177.2749353041338,179.1655806211686,12380900
2021-02-19,178.06028747558594,179.1558986978538,177.22646247696005,178.6614267592957,8834500
2021-02-22,185.92343139648438,188.11465366729846,176.00480413678432,176.20841891555452,18799600
2021-02-23,191.09120178222656,192.88489956594958,182.91779135367955,187.6977306844283,23191400
2021-02-24,191.4984130859375,194.49437447340452,189.38477251299614,191.5662896079624,16205900
2021-02-25,185.1671600341797,191.9347212461385,184.5854310403063,191.71171107717922,12712000
2021-02-26,183.28622436523438,185.77800893874561,179.80549596052563,184.28488809137093,15844000
2021-03-01,189.04541015625,190.90696954337153,185.5646821583669,187.3486747217302,10709900
2021-03-02,188.03707885742188,191.93472684583153,187.600778400698,190.13133880292793,8371400
2021-03-03,186.408203125,190.819718350864,186.35973680370736,188.7060778165427,8750300
2021-03-04,182.3069610595703,186.62151419271495,178.51596552694983,184.12003944718887,12542600
2021-03-05,184.20730590820312,184.76965430354676,177.75970216411102,183.3928616285982,10266400
2021-03-08,195.76451110839844,196.84072686231988,187.89164779000467,191.30451442860354,25093200
2021-03-09,188.5897216796875,195.56088304719978,188.45398343139817,194.09684802676776,23331000
2021-03-10,189.1230010986328,192.74917290138845,188.75456233738424,191.30451836407877,13662100
2021-03-11,190.76153564453125,192.99153368336442,189.4526195711583,191.37236511801976,11933900
2021-03-12,191.15908813476562,192.371042160583,189.23934230593127,190.54825857155828,13249100
2021-03-15,190.771240234375,192.4970614593311,188.88059504909836,192.4970614593311,10311400
2021-03-16,188.3279571533203,190.60642174660893,187.00935063853728,190.13134525744476,9680700
2021-03-17,189.29750061035156,190.2185825752668,185.94280585209398,187.552284111673,14418700
2021-03-18,186.42759704589844,189.1423767628442,185.9040394663594,189.01632882202438,9644500
2021-03-19,185.32228088378906,188.0952318000382,183.9842791398829,185.10897582912696,28354600
2021-03-22,186.98995971679688,190.35434521105725,186.1561347713591,187.37777907982638,8838500
2021-03-23,182.98565673828125,186.4857804465678,182.24879403972207,185.75860805394063,10701200
2021-03-24,179.09768676757812,184.70175998136432,179.02011994869343,184.27514987467754,13549100
2021-03-25,181.22103881835938,181.9966922411665,175.50060777022048,176.31505200106517,9609200
2021-03-26,180.2611846923828,183.2280456567782,177.01315691524016,183.08261709748825,10196100
2021-03-29,179.22373962402344,180.28055982095572,177.57547056754308,179.60186863000646,7544700
2021-03-30,179.883056640625,180.64901984208987,177.97301598144625,178.23480218397881,5929700
2021-03-31,178.90379333496094,181.2113435299356,178.80683110397607,180.1739186713223,8478000
2021-04-01,183.21835327148438,183.34440121767844,179.9412250253179,180.7556545368182,7749400
2021-04-05,182.76266479492188,185.83617839042037,182.3651403288063,185.64226870760024,7405300
2021-04-06,183.95521545410156,185.45804132118315,182.15182737247565,182.7626569016205,7926200
2021-04-07,181.8512420654297,184.53693583825137,181.25980801714095,184.0230686087629,6238700
2021-04-08,181.61859130859375,182.32636832393126,179.98002708312353,181.50223366085166,7763000
2021-04-09,182.17123413085938,182.4911917710955,180.48418878989466,182.44271065087293,6089300
2021-04-12,180.81385803222656,182.1324646601451,179.834589669346,182.03550241621352,6662500
2021-04-13,179.8442840576172,180.76536614265618,178.98137339772757,179.94123150141263,6826500
2021-04-14,181.75433349609375,184.60483702605077,180.0575978072721,180.30967892649846,9089900
2021-04-15,180.2708740234375,183.15047783668805,180.04787863561202,182.36513403204881,7262500
2021-04-16,181.56039428710938,183.70313540703523,180.53265969174907,181.86097129773205,9453500
2021-04-19,181.72520446777344,184.536946330305,179.9993833358287,181.80277129098383,7625800
2021-04-20,177.22645568847656,182.35545344225778,176.28599296944515,181.58949020836812,10765800
2021-04-21,177.53671264648438,177.79849884479927,173.41606917407697,175.77210057583127,8400200
2021-04-22,177.19737243652344,179.25285656572197,175.74302757635851,178.61294127660278,7378300
2021-04-23,177.449462890625,178.30266845551952,176.4217282548099,176.79985731505056,6075500
2021-04-26,178.66140747070312,179.95092824763597,177.68213921161683,178.36084525847812,6178300
2021-04-27,179.02015686035156,180.15454408101493,178.54506554460937,179.35950991364754,4870000
2021-04-28,177.80819702148438,179.16557960179657,177.25555368320033,179.16557960179657,5199300
2021-04-29,179.6891326904297,179.90243775786837,177.18765809494272,179.17526542642537,5958300
2021-04-30,180.358154296875,180.64902622169885,177.95362685973456,178.68079927461383,7866300
2021-05-03,179.86366271972656,183.4607486775203,179.61158161535892,181.97731817485317,7542800
2021-05-04,178.64199829101562,179.98000008160986,176.76104354028422,179.2431226691163,7069300
2021-05-05,175.98541259765625,179.37888382641881,175.83998403416777,179.37888382641881,5901700
2021-05-06,176.2568817138672,177.42036935037856,174.33715078459917,177.21675457568114,6944900
2021-05-07,179.21405029296875,179.48552679323416,175.98540320656986,176.46049447921416,6888400
2021-05-10,178.6905059814453,181.27923802636224,178.42871976731462,180.04788858367715,8260300
2021-05-11,176.14056396484375,176.70291245745292,172.99917352851872,176.26661192877603,10865600
2021-05-12,172.4368133544922,176.90650009911116,172.17502715973566,175.20005947475426,8988100
2021-05-13,172.91188049316406,175.2485311254833,170.44919671743313,172.9409662027482,12332200
2021-05-14,168.4131317138672,169.58630974298308,163.6428823516552,167.66656387715705,33149400
2021-05-17,164.9033203125,167.7247529373658,163.43928512229448,167.44357130835735,17771600
2021-05-18,164.51547241210938,166.04738400374077,164.29247702430808,165.07782082886217,10401000
2021-05-19,164.11795043945312,164.24398358256562,162.01400028316067,162.60543436723248,9251000
2021-05-20,166.1443634033203,166.66792106232504,163.83679807451983,164.05980827972024,7400700
2021-05-21,167.15269470214844,167.85078141032795,166.29948912109856,166.97818042228397,8105700
2021-05-24,169.00454711914062,169.78020058337069,166.52246786909183,167.2011591024084,7346700
2021-05-25,170.8079376220703,172.04897726515867,170.06136985737575,170.2552943220254,8089700
2021-05-26,171.09881591796875,172.48528416699168,170.8370297163974,171.24424447753057,8086200
2021-05-27,173.590576171875,174.12383885189723,171.40905913080522,171.8065835644908,13567800
2021-05-28,173.2124481201172,174.65710251698727,172.65980482632943,174.04627300784767,7124800
2021-06-01,173.3966827392578,175.50063315163914,173.29973529386015,174.69589390359934,7475600
2021-06-02,171.61270141601562,173.6487902319164,171.54482488478348,173.59060400756243,7851700
2021-06-03,170.87582397460938,171.5836009693509,170.08077504801065,170.9049096871083,5583900
2021-06-04,171.78721618652344,172.11687894800477,170.2650095181406,170.57526207708798,6343400
2021-06-07,171.6029815673828,172.6501115100641,171.0309280840946,172.55314928052803,5178100
2021-06-08,170.9630889892578,171.72903744428842,169.85778748028997,170.6140456288279,5356200
2021-06-09,170.68191528320312,171.93266021376607,170.52679640031707,170.94370151426355,5082400
2021-06-10,171.19577026367188,172.20410941700064,170.2068117211514,171.06972232162101,5253000
2021-06-11,171.9811248779297,173.05734062000033,171.42846675351166,172.0489866087549,5476300
2021-06-14,172.7567596435547,173.4257606022672,171.515719961499,172.24289234368914,10170000
2021-06-15,170.50738525390625,173.26094119626813,170.27468475951326,172.75676418893022,7895000
2021-06-16,169.34390258789062,170.89519474447994,168.26768690433025,170.65280395804166,8336000
2021-06-17,169.33419799804688,170.89519525918524,168.54885421471903,169.276026576224,8906000
2021-06-18,167.1720733642578,168.56824664076834,166.8812014659249,167.87016000251307,12357500
2021-06-21,168.67491149902344,168.95607831819078,166.09586983008552,166.89091875731796,9196900
2021-06-22,168.2191925048828,169.38266522904203,167.10420089305487,169.06270764088552,8097100
2021-06-23,169.99351501464844,170.10985786266227,167.67625959409187,168.3355554586505,9174200
2021-06-24,172.5143585205078,172.81493551441227,170.42980373411572,170.7691567432303,7549400
2021-06-25,172.92160034179688,173.63906763188018,172.0877754090935,173.38698652919686,7431800
2021-06-28,171.19577026367188,173.22215367009292,169.66385873133137,173.0670200174702,9881400
2021-06-29,168.6361083984375,171.63206971915952,168.51007525147847,171.26363099491167,13498300
2021-06-30,170.4201202392578,170.62372021737556,168.06407407480592,168.59733676999954,7481900
2021-07-01,171.86477661132812,172.19443936050735,169.28574960640663,170.0129220449318,5887100
2021-07-02,171.71934509277344,172.93129913617162,169.3051273123544,172.44651751881233,11099300
2021-07-06,168.4034423828125,171.61269435650587,166.97818322918414,171.37999385174743,11557900
2021-07-07,167.55990600585938,169.01425069025268,166.75516683850532,167.5986820212585,6757300
2021-07-08,167.54051208496094,168.46159410102996,164.6415129957566,165.0002466202228,6960100
2021-07-09,171.65145874023438,172.11685971820094,168.63611666107445,169.38268445149748,7873300
2021-07-12,178.76805114746094,179.35948523696874,171.97140427069178,172.30106697215768,21835500
2021-07-13,178.06028747558594,180.01880941084417,176.30538033524064,178.48689767874728,12534600
2021-07-14,177.83726501464844,180.61990642420676,176.5380539894656,179.56308617809648,8787300
2021-07-15,178.54507446289062,179.77642398724734,177.47856371735892,177.8663831167592,7867000
2021-07-16,173.8523712158203,179.65035488236637,173.47424216787948,179.31101664641744,8348800
2021-07-19,167.68594360351562,171.10850033477016,166.91999522558496,170.36194736223354,14651800
2021-07-20,171.37030029296875,172.107163019178,167.60839023975367,168.41312949311467,8372400
2021-07-21,171.50604248046875,172.48529603574116,169.98383587299142,171.1279134052288,6302200
2021-07-22,169.79962158203125,171.34122364314752,168.60704809834974,171.3218282351695,5713700
2021-07-23,170.77886962890625,171.12791298938427,168.73309058723038,170.31348341305593,5126300
2021-07-26,173.2997283935547,173.33850441129766,170.00320469971928,170.2746812070003,5641000
2021-07-27,174.03660583496094,174.0947772636854,171.19579257360013,172.82465175533028,6684100
2021-07-28,173.6487579345703,174.86071181520143,172.14593216371594,174.22079661558206,5926900
2021-07-29,172.92160034179688,175.89815163320867,172.84403351150354,174.33715431016023,6209100
2021-07-30,170.6625213623047,173.74572528679974,169.80930099833145,172.1265564919764,6813400
2021-08-02,170.20681762695312,173.37729333852585,169.97411713994487,171.8259863471907,5847200
2021-08-03,167.72474670410156,170.7691746222256,165.71774373800278,170.66252207628276,9931300
2021-08-04,167.32720947265625,167.97681500500033,166.12494584592952,167.24964264567134,5665800
2021-08-05,171.3314971923828,171.72900680872348,167.23993983950763,167.23993983950763,8864200
2021-08-06,171.73873901367188,173.36759813260974,171.2539574005079,172.02959614608167,5505200
2021-08-09,171.34121704101562,171.91325580225165,169.7317385111737,171.6126935648009,5339000
2021-08-10,171.68055725097656,172.00050007736482,170.23590280475497,170.88550835196122,5185000
2021-08-11,172.6695098876953,173.05734405138753,171.13759822842246,171.9617328812029,5359900
2021-08-12,173.83297729492188,174.24989715841645,171.0794213943741,172.66950442934564,11081300
2021-08-13,175.56849670410156,181.87065716929408,175.37458703327525,180.61991242289912,32504600
2021-08-16,173.6390838623047,175.0934287789356,171.13760883037617,175.01586194139188,8746700
2021-08-17,170.47830200195312,173.01855289304223,169.59599592496733,171.75811775368544,8534500
2021-08-18,169.42147827148438,171.40907098869332,169.18877777836963,170.54616033563823,7063500
2021-08-19,167.976806640625,169.36327476874746,167.30780573625756,168.7039789637446,8478600
2021-08-20,169.78990173339844,169.87717366453847,167.3950794615961,167.7344324971089,6239600
2021-08-23,172.25259399414062,172.88280412834018,170.55585846967753,171.69024558785256,7395900
2021-08-24,173.03793334960938,174.59893058388587,172.34953701637914,172.5046706681436,5886900
2021-08-25,172.8828125,173.15428901351126,171.4963442198789,172.73738393717625,4842100
2021-08-26,171.18606567382812,173.4936306817964,170.97276059942638,172.91188687990808,4563000
2021-08-27,174.6571044921875,175.0449238327627,170.91459015763476,170.91459015763476,8697000
2021-08-30,174.50198364257812,175.86907132911116,173.42576787999946,175.0061606578083,6421300
2021-08-31,175.7818145751953,177.41067368192992,173.09612031596674,173.79420701724177,8620000
2021-09-01,177.89544677734375,178.60323854532513,176.24719234269273,176.4217214068388,7302800
2021-09-02,176.3247528076172,179.6600523682839,176.0241906020384,178.55475098311965,6492600
2021-09-03,175.49093627929688,176.2859851913578,173.67785785966734,176.2859851913578,6847400
2021-09-07,178.72927856445312,179.90245655796474,174.5698589034511,175.51033640061416,10702900
2021-09-08,179.51461791992188,181.75432130621766,178.32205934389643,178.72927410657925,8634000
2021-09-09,180.25149536132812,181.8706641057394,178.9522842434451,179.51461787198062,7190700
2021-09-10,178.51596069335938,181.40526950396705,178.40930815613078,180.68778745403287,5572200
2021-09-13,179.34979248046875,180.1448413875285,177.91484311979798,179.48553073358138,6818200
2021-09-14,176.84832763671875,179.49524591258225,176.60593682866713,179.33042193843045,6185900
2021-09-15,178.79714965820312,179.03954045331668,175.58789789799738,176.51867026639175,5933400
2021-09-16,177.7597198486328,179.02015501225605,176.57685151908677,178.37054942051535,5678200
2021-09-17,177.88577270507812,180.2418043283572,177.16829056586377,177.342819645937,10035100
2021-09-20,173.1736602783203,175.37457258651222,171.17636272405667,174.26927128005767,8056600
2021-09-21,165.9601287841797,176.68349525500986,163.88526415776553,174.83164081333098,23216000
2021-09-22,168.36463928222656,170.00320341372353,166.43521803395734,167.67625771338558,14214500
2021-09-23,170.88552856445312,171.79692041722808,169.06274485890324,169.61540303129888,8052900
2021-09-24,170.6431121826172,171.32180341992617,169.75111587153117,169.9644209453082,5712800
2021-09-27,172.8343505859375,173.98813329374659,170.6043668049266,171.25397244832288,7755000
2021-09-28,169.2081756591797,172.5822514897035,168.56826038952642,172.33986068704945,9133100
2021-09-29,167.42416381835938,169.63478149273803,167.33690668228604,168.94638512131922,6240800
2021-09-30,164.02101135253906,168.39373623409207,163.95314961888243,167.8314025745569,13978000
2021-10-01,170.65280151367188,171.92294164367746,166.73577297045347,167.0363351742343,12165000
2021-10-04,168.18043518066406,170.60434312300157,167.41447198604382,170.21650897561156,7200600
2021-10-05,169.29542541503906,170.87581811362298,168.3258622467024,168.53916732728527,6798200
2021-10-06,170.13894653320312,170.36195672158775,166.32857025088998,167.73443393482424,6005200
2021-10-07,172.30108642578125,174.162646033831,171.93264766779325,172.29138132518537,7780000
2021-10-08,171.360595703125,173.16398374596596,171.03093298986195,172.51436341928732,4132200
2021-10-11,168.2386016845703,171.1472911303198,168.19981087378562,170.6625095560282,8046300
2021-10-12,167.86048889160156,169.17909549304545,167.29814043568393,168.33556541198848,5188400
2021-10-13,167.69564819335938,168.41311545280254,165.73712649658302,168.34525372566904,8914700
2021-10-14,169.10150146484375,170.66249862586216,168.703977048738,168.77185356608425,7450200
2021-10-15,171.08914184570312,173.4451735003142,168.8009719272065,170.3425739822751,13943900
2021-10-18,165.93104553222656,168.06408161433149,164.63183439427797,167.11391382031718,20494800
2021-10-19,165.96981811523438,166.35765226400025,165.00025493485975,166.2219140105222,9669500
2021-10-20,165.3590087890625,165.81470468231635,164.7094032122531,165.76622356283733,9737600
2021-10-21,166.1249237060547,167.24962035590545,164.92267503391412,165.01962245895518,7509000
2021-10-22,164.26339721679688,165.6013991804169,163.46836307788737,165.37840378460038,7854300
2021-10-25,166.77456665039062,167.31753448900636,163.88527235382816,164.72878763369832,9798700
2021-10-26,166.80364990234375,167.85077995553735,165.51414383844823,167.6859559834181,5850200
2021-10-27,164.38941955566406,166.80362210335275,164.27306192846058,166.54185072945089,7054700
2021-10-28,164.51547241210938,165.1650927583148,163.46835720227725,164.32156273600566,7884500
2021-10-29,163.924072265625,165.27176464468167,163.0320610212884,163.87559114233426,7598800
2021-11-01,165.00994873046875,166.03768326415968,163.9434233873787,164.059781021217,8182900
2021-11-02,164.66090393066406,165.64986244038388,163.83676937350438,164.85481359283136,6777200
2021-11-03,164.9033203125,165.00997286240644,163.24536063565645,164.53488154112117,6829300
2021-11-04,165.09722900390625,165.23296726711328,163.53623157984498,164.85483819143934,7505500
2021-11-05,170.2843780517578,171.60298450649344,167.08481674893585,168.2192038410132,16859200
2021-11-08,171.48663330078125,173.79419838169008,170.74008031113655,173.2512453730903,10584600
2021-11-09,169.7802276611328,171.7290445406872,167.93806333484926,171.56422055733438,7293300
2021-11-10,169.1403045654297,171.48664583515543,168.577956109888,169.37300506942103,11045800
2021-11-11,157.17588806152344,158.9695858663752,153.51094041627914,157.93214616010656,62366500
2021-11-12,154.77137756347656,158.6302349374407,154.0926714914382,158.5429778005307,25638400
2021-11-15,153.60789489746094,155.82820297134006,152.8613418648773,155.21737340435274,21285300
2021-11-16,153.9957275390625,155.36281522574677,153.72425102183792,154.21872293656259,15516200
2021-11-17,152.5413818359375,154.0538980787334,151.97903339796147,153.89876441425162,14695500
2021-11-18,150.8446502685547,152.51230022063652,149.03157174858936,152.3086854312387,14487700
2021-11-19,149.31271362304688,150.48589145388854,148.12015518263382,150.30167210245108,16776500
2021-11-22,149.4678497314453,151.07732801392928,147.92624796665632,148.56614836331298,12790400
2021-11-23,146.43313598632812,149.55513082469395,145.61870640963122,149.1576063428439,17382900
2021-11-24,146.73367309570312,146.80154961265035,144.27098938002115,146.1034630109348,14123700
2021-11-26,143.6020050048828,144.31948709316228,141.41079751623076,142.3318795900537,12027700
2021-11-29,143.31112670898438,144.75578112718955,139.8594842651026,144.28068985813587,21231300
2021-11-30,140.48971557617188,142.79728095326288,138.75420378704297,142.25432787497368,26011100
2021-12-01,137.82339477539062,143.85407870471002,137.71674223795148,142.23491003221372,16469000
2021-12-02,142.71969604492188,143.15599651371096,138.4245382916847,138.49240002069814,18177700
2021-12-03,141.76953125,143.8056198728429,139.92736710122614,143.31113317607122,14975600
2021-12-06,145.793212890625,146.15196133292196,142.2058320281774,142.79726616887208,14333900
2021-12-07,146.21983337402344,148.110478778623,145.16301296765258,147.21848235169298,14661100
2021-12-08,148.6728057861328,148.983073086902,145.97742148672702,146.31677449764842,12886300
2021-12-09,148.28500366210938,149.59390515392664,147.08273992365213,147.63539806939517,11862300
2021-12-10,148.06199645996094,149.95264166036714,146.84033741172945,148.90551167375145,10247900
2021-12-13,145.8513641357422,147.85836677290237,144.74606283819776,147.4899280756015,10195800
2021-12-14,144.56187438964844,147.00516292314998,143.99952597640637,144.71699325294705,10872000
2021-12-15,145.82229614257812,146.32647313786705,142.8651402833588,144.23221312146072,12231500
2021-12-16,144.22251892089844,147.431770588276,144.057694960312,146.74338903490673,11145600
2021-12-17,144.2322235107422,145.27935359437186,142.1088924239399,143.98983269863425,13785000
2021-12-20,142.01194763183594,143.23359214900614,140.66425514268522,142.50641962332708,11201900
2021-12-21,146.45252990722656,146.8209538771199,142.90392490917196,143.0687488841381,10781400
2021-12-22,147.2572479248047,147.56750042281658,145.30841663120356,145.84167929349138,7820400
2021-12-23,148.95401000976562,149.49696307425225,147.3057406141094,147.68388449226413,6572400
2021-12-27,148.1492462158203,149.33211439395984,146.79184898475646,148.22681303996902,7762000
2021-12-28,150.47621154785156,151.73664671586513,147.77113662390545,147.97473661900153,12198700
2021-12-29,150.15625,151.1742943320942,149.4872490162135,149.85568777119403,8737000
2021-12-30,151.1839599609375,152.28927604546155,150.7767452534404,150.9706696997936,7228400
2021-12-31,150.17564392089844,151.80451779500586,150.0302153581926,151.12581171741755,6410200
2022-01-03,151.9886932373047,152.76434660986988,150.63131093108382,151.08700673267745,10222800
2022-01-04,150.9900665283203,155.44037266947606,150.81555226108583,153.76301775335946,16582000
2022-01-05,150.46652221679688,154.5289945766148,150.3792650754758,151.7560431067545,12272100
2022-01-06,152.12445068359375,152.9679806751996,149.00245619057205,151.4845502551789,11095300
2022-01-07,153.02615356445312,154.45141257686853,151.53301803032292,152.1244521429195,9554600
2022-01-10,151.83360290527344,153.45277167253752,149.94294283143472,153.17159005994105,8672900
2022-01-11,153.08433532714844,153.40429296321807,151.20338032414784,151.85298590246114,8042600
2022-01-12,152.9970703125,154.15085284531884,151.5718112771779,153.6757615687582,6995600
2022-01-13,150.7089080810547,153.70485485629678,150.44712187132308,152.9001156147963,9680600
2022-01-14,147.31541442871094,147.9747102114646,143.90254829828956,147.71293883591386,16832000
2022-01-18,147.63540649414062,148.46923151635102,145.2696696965036,146.5107095256965,10419500
2022-01-19,145.5411376953125,148.20743658968817,145.3957091279091,146.24891471394392,10413200
2022-01-20,143.1269073486328,148.0135139053713,142.67121148496665,146.3167783942959,11760400
2022-01-21,133.19859313964844,137.55192230818113,132.47142076154324,136.93140247063909,34491800
2022-01-24,133.2761688232422,133.48945912417918,125.32573845892668,130.7165224740285,31419500
2022-01-25,132.35507202148438,133.55733576010425,128.3507859169367,131.17220369000572,14694400
2022-01-26,129.53366088867188,133.99364312632335,128.23443484210492,133.51856658471664,14569900
2022-01-27,131.29824829101562,133.71246601297702,129.9408657130216,130.9589100436974,11913900
2022-01-28,134.41055297851562,134.46872440420924,129.49486038635692,131.09464856473426,10011700
2022-01-31,138.6184539794922,138.7929682568329,134.25541951364798,134.63354857558008,10185500
2022-02-01,140.09219360351562,140.286103286733,137.92036668614364,138.6669345006091,8573300
2022-02-02,138.27911376953125,140.18915466316534,137.07686474020434,139.8013352590654,9529900
2022-02-03,135.7679443359375,137.7167611944576,135.0116861643111,135.73885862121045,9820600
2022-02-04,137.69735717773438,138.83174424237268,135.28313970518064,135.77761156586124,8061100
2022-02-07,138.17245483398438,139.70436655985665,137.2998538178719,139.02567523684016,10937500
2022-02-08,138.1433563232422,138.54088077360026,136.4563258757829,137.47435536882492,9231700
2022-02-09,142.74879455566406,142.86515220697126,138.88993692522385,139.9758430416827,22877400
2022-02-10,147.5287322998047,152.7061959647243,146.51068803450127,151.27124664665104,42500300
2022-02-11,144.92059326171875,149.98171367085146,144.03828731734066,148.8667072636959,17975200
2022-02-14,146.25860595703125,149.05093774713626,144.66852299517996,144.8236418542595,14694700
2022-02-15,150.0108184814453,150.13686643079524,147.86807731429784,148.86672622005122,12726000
2022-02-16,151.59121704101562,151.95964100852436,149.070346723396,150.26290535476213,10656400
2022-02-17,148.29469299316406,150.63134392690583,147.9650450457806,149.98173833846408,8110300
2022-02-18,146.7530975341797,149.00247663356933,145.48297201415707,148.2559235655991,10785500
2022-02-22,143.5825958251953,146.20041323444275,143.11720967995015,145.618684251476,12227200
2022-02-23,141.43017578125,145.1823953333924,141.07144214024322,144.9496948451296,9300700
2022-02-24,144.8527374267578,145.01757619123387,135.73884918494164,135.73884918494164,12475500
2022-02-25,144.97877502441406,145.70594737883104,142.73908653990725,145.007860735042,10149500
2022-02-28,143.94134521484375,144.93028893094677,142.00221900299778,143.33051572391742,10834700
2022-03-01,141.2653350830078,143.64076162449723,139.40377578049686,143.359594846217,8944000
2022-03-02,142.85543823242188,143.95104938181242,141.4786602647564,141.85678932070425,7851000
2022-03-03,141.1393280029297,144.12556976425228,140.05340711354233,142.82635857279413,8048400
2022-03-04,136.4369354248047,139.86918266183275,135.30254824999813,139.62679186052296,12913000
2022-03-07,129.4366912841797,136.6017629664883,129.37851985744183,136.01032880405208,14549700
2022-03-08,127.73992919921875,131.3661002572944,125.35479763596261,128.9712783897073,16552000
2022-03-09,129.58212280273438,131.37582073793402,129.30095596897652,131.36613043137726,14673100
2022-03-10,129.5724334716797,130.11538653016956,127.61391154410306,128.33139368245682,8447200
2022-03-11,127.73992919921875,132.0157057120548,127.56541495511496,130.96857586435874,7058400
2022-03-14,125.10273742675781,129.0197810056059,124.47252726997118,126.99338269147793,9971500
2022-03-15,130.11537170410156,130.46441502969614,125.56811816584647,125.7911283421705,9834800
2022-03-16,133.93545532226562,134.74988483204922,130.83285614616634,131.52123771002158,10638700
2022-03-17,135.2249755859375,135.2249755859375,132.40354322973474,133.25676354774075,6816000
2022-03-18,136.0297088623047,136.44661390312547,134.0905826199179,135.30253652140965,11308800
2022-03-21,134.4008331298828,135.06014373557082,132.71380279244727,134.67230961623702,9090300
2022-03-22,135.84548950195312,137.8621825693551,134.67231161579306,134.82744526582994,8511600
2022-03-23,133.45068359375,135.50615292576572,133.35372135212774,134.83716671827148,8761300
2022-03-24,134.73049926757812,135.03106147125638,133.22767345482748,134.36206054339996,5858800
2022-03-25,134.90501403808594,136.10727765168667,133.916055497775,135.0407522852377,5949400
2022-03-28,134.497802734375,135.38010876059263,132.13206625695437,134.65293639061628,8456100
2022-03-29,138.04641723632812,140.0631105273449,136.66963922689914,136.66963922689914,11280700
2022-03-30,136.6696319580078,138.90932053008453,135.81641162793667,137.0089701933879,7922400
2022-03-31,132.98529052734375,136.5920667732527,132.93680940903138,135.87458468756623,12306500
2022-04-01,132.8301544189453,133.8966798247246,131.40489537411295,133.15980234641896,10341000
2022-04-04,134.36207580566406,135.02137170870498,132.72351156014753,132.80107839480428,8174600
2022-04-05,131.49215698242188,134.96319502780477,131.01708048088818,133.54764103491277,8694100
2022-04-06,128.5349884033203,129.85358002837967,126.82854786386194,129.67906577013085,11679700
2022-04-07,127.85626983642578,129.15549551802806,126.0625871383406,128.96157107987182,9858700
2022-04-08,127.85626983642578,129.06822360311475,126.65402116825912,127.98231776235583,6702000
2022-04-11,126.67341613769531,128.3992373135701,126.08198204072525,126.08198204072525,9915300
2022-04-12,126.85765075683594,129.15552569554566,126.18864975421263,127.79812828308016,7885600
2022-04-13,128.3217010498047,128.84525869118357,126.77039394421521,127.06126587580836,7694500
2022-04-14,126.49891662597656,129.52394918909366,126.38257377181387,128.7676910483144,7283500
2022-04-18,123.8810806274414,126.2565147872128,122.95999859227646,126.11108623221398,10571000
2022-04-19,127.8853759765625,129.13612074846736,123.90047816039412,124.19134267256601,12767200
2022-04-20,120.77848052978516,123.47386488605633,120.33248237128947,122.21343723739803,36465700
2022-04-21,117.9570541381836,122.60125502891458,117.58861541398973,121.71895642571383,18688600
2022-04-22,114.67024230957031,118.1800639371522,114.55389945377924,116.35728769034655,19472800
2022-04-25,116.2990951538086,116.66753387952355,113.19649607882822,114.0788020828512,16491000
2022-04-26,112.24633026123047,115.52345866549622,112.12028970613575,115.52345866549622,16116000
2022-04-27,111.703369140625,113.34193322413432,109.93876451114562,111.91667421625104,15553000
2022-04-28,111.78093719482422,112.4693261482424,109.26007446748923,111.71306806975988,23192100
2022-04-29,108.23233032226562,112.45962619143577,107.97055153003,111.69367042553048,16907000
2022-05-02,110.04542541503906,110.20055908080813,107.6312150696553,108.3099063644442,14300700
2022-05-03,110.09391021728516,111.33494999622653,109.26008522883758,110.57869184325791,11149500
2022-05-04,112.65354919433594,112.89593999136503,108.42625310237426,109.91938129973504,11488300
2022-05-05,109.18251037597656,111.76154459023664,108.08690664471442,111.2476772879882,12720200
2022-05-06,106.9331283569336,108.67833771357226,105.00369962150839,108.36807777924669,12525200
2022-05-09,103.7238540649414,107.36940565658618,103.23907255993961,104.81945760326111,17941600
2022-05-10,104.4025650024414,107.33064259290683,102.90943679635396,106.49681765447903,15657700
2022-05-11,102.00774383544922,106.71982160006195,101.60052906497164,104.61587122208086,26933300
2022-05-12,101.13514709472656,101.80414814966517,96.44246419733176,99.76806666610807,36298800
2022-05-13,104.06322479248047,104.4122681522245,102.10470289645221,102.15318401754242,16782600
2022-05-16,101.97865295410156,104.34438941975438,101.65869533758035,104.18925576428477,11993600
2022-05-17,105.3333511352539,105.47878710253109,103.06457667557983,104.45105242221862,11847600
2022-05-18,101.12543487548828,104.38316750216035,100.71821274926968,104.1116836189548,11794000
2022-05-19,100.0007553100586,102.09501552880656,99.82623362516293,100.28192954667831,11285000
2022-05-20,99.30265808105469,101.61022315950078,97.00479810269746,101.30965354676388,15650400
2022-05-23,102.60887908935547,102.80278877777428,98.46883992727157,100.60188348578085,14402400
2022-05-24,98.49791717529297,100.67943426982357,97.08235585939248,100.55339372290209,13970200
2022-05-25,100.11709594726562,100.65035125747427,98.08101475054711,98.34279355415062,11026600
2022-05-26,102.39557647705078,102.89974611747495,100.79579561866659,101.04788413746898,11297800
2022-05-27,105.99266052246094,106.04114164672775,103.28757800579089,103.63662138840515,13671300
2022-05-31,107.07856750488281,107.85421366518213,104.62557367033503,106.65195730855083,20274600
2022-06-01,105.86660766601562,109.41520511441774,104.97460390444807,108.6007755809806,11829700
2022-06-02,107.49547576904297,107.57303520399562,104.62556955474797,106.09930237937179,8829900
2022-06-03,105.3624267578125,106.50651158180405,104.63525438825465,105.84720833751773,6767600
2022-06-06,104.54800415039062,106.83617394929813,104.37348247429834,106.40956376392137,7575900
2022-06-07,104.50920867919922,104.63524922071315,102.77368982190364,103.53964556767183,7279100
2022-06-08,104.07291412353516,106.03143600120724,103.70448275711645,104.16017866124353,7019500
2022-06-09,100.15587615966797,103.80142827062973,100.10739504339006,103.2875609856749,8261200
2022-06-10,96.37458038330078,99.01179338393722,96.35518497751909,98.34279243088726,15369700
2022-06-13,92.7968978881836,94.63906954496906,91.94368489008049,94.63906954496906,15239700
2022-06-14,91.35224914550781,93.33984933808487,90.26633565979526,93.33984933808487,12443700
2022-06-15,92.96171569824219,94.33850104551563,91.22619670600615,91.7303737056218,11751600
2022-06-16,91.41041564941406,92.47693367057478,90.56690041495551,91.1486368449359,15298500
2022-06-17,91.46858978271484,93.04898255097189,90.62507452326992,91.14863954491518,15403800
2022-06-21,90.45054626464844,92.544798801589,90.43115085941784,92.01154351262336,16649800
2022-06-22,90.6541519165039,91.73036757381111,89.20950493578273,89.36463118878562,11403500
2022-06-23,91.4298095703125,91.76915519919045,89.26768045401025,91.10015424713112,11348800
2022-06-24,94.80388641357422,95.56984221227823,92.49632871164643,92.54480243226516,11681200
2022-06-27,93.66950225830078,95.24019732062087,92.88415842573087,95.23049961731573,10793700
2022-06-28,93.00050354003906,97.34415007891879,92.86476527918474,96.70423479445088,16812400
2022-06-29,92.73872375488281,93.27197908919871,91.65281028219061,93.02958828346048,8653200
2022-06-30,91.52676391601562,92.53511049153784,89.72337584402896,91.54615192448456,10983500
2022-07-01,93.21379852294922,93.37862247936631,91.11954601325418,91.37162710053457,10543400
2022-07-05,94.22215270996094,94.27063382916133,89.50037723100014,91.39102992211178,10660600
2022-07-06,93.15563201904297,95.20141091862595,92.49632876139755,94.56149566980245,8640200
2022-07-07,94.46454620361328,94.5615010475968,93.01020135231913,93.95067887303823,7813100
2022-07-08,92.94232940673828,94.16398111603401,92.44785010106473,93.63071839450565,7717300
2022-07-11,90.7898941040039,92.43814852427359,90.58628672718329,92.10850059909161,7643700
2022-07-12,90.75110626220703,92.35088688452447,90.4699320706451,90.73171825462808,8665300
2022-07-13,90.11119842529297,90.41176062434616,88.23994131433889,89.31615696555588,12006400
2022-07-14,89.04467010498047,89.23858716013392,87.48368034477612,88.69563420006284,11146400
2022-07-15,92.30241394042969,92.41876418774142,89.87850593362029,90.08212071571086,14946700
2022-07-18,92.78718566894531,94.3093994393661,92.40905665189156,93.4271008653005,10430400
2022-07-19,96.57819366455078,96.81088676789571,93.7373731126327,93.7373731126327,13683400
2022-07-20,100.204345703125,101.0866516817937,96.90782965745102,97.19870154863793,15112700
2022-07-21,101.00908660888672,101.07695573171628,98.51730967474502,99.58382763228644,8611300
2022-07-22,99.5935287475586,101.38721910995886,99.00209462955712,100.13648174880066,7803500
2022-07-25,99.56444549560547,100.24313676392165,98.71122516151652,99.65170263131182,6726700
2022-07-26,96.74301147460938,99.24448621704067,96.52970639464053,99.03118113707181,6346600
2022-07-27,100.34979248046875,100.49522844176056,97.74166507209125,97.89679873671724,9684800
2022-07-28,101.7071762084961,101.77504533330513,99.58383053675945,100.10739552693478,7970300
2022-07-29,102.87065124511719,103.10334433558344,100.22374792346606,101.93987148607218,10320000
2022-08-01,102.98699951171875,103.40391196427242,100.69882987405394,101.67809073185299,7769700
2022-08-02,101.52296447753906,103.12274527941408,101.4357073378708,102.52161341648238,9093000
2022-08-03,105.70177459716797,106.3610778552576,102.5119182454422,102.5119182454422,11243000
2022-08-04,104.82917022705078,106.11868359206251,104.38317206662254,105.60481630715998,7322400
2022-08-05,103.38451385498047,104.42194610785276,102.1628696375508,103.55903551421036,10100000
2022-08-08,105.7890396118164,107.8445162251494,104.61586904668495,104.91643126666655,13025900
2022-08-09,104.83885955810547,105.8956872261592,103.77234158463104,105.8956872261592,8776500
2022-08-10,109.00799560546875,109.24068871236281,106.56469949012993,109.05647672644606,26398700
2022-08-11,114.1078872680664,119.5180439178337,113.7588439490905,118.49030936594887,50375000
2022-08-12,117.86979675292969,117.90858016820462,115.30045281911048,115.37801964966036,21964800
2022-08-15,120.47792053222656,122.12617494808282,117.30744485135803,117.31714255418444,24628300
2022-08-16,121.1566162109375,122.63035641281637,119.69257371223918,120.93362081804565,14607300
2022-08-17,119.07205200195312,120.69122813758175,118.83935890950771,119.69257184659426,9140900
2022-08-18,118.93630981445312,119.38230797571384,118.00553007827688,119.26596513192918,7343900
2022-08-19,116.48332214355469,117.6952761423824,115.84341427870734,117.5595378862881,8702500
2022-08-22,112.4111557006836,114.61206083015111,112.1687649094692,114.11758154486337,11575800
2022-08-23,111.36402130126953,112.82806369349095,111.13132822212043,112.44993466593131,7180700
2022-08-24,112.86685180664062,113.59402418179737,110.62715586107554,111.17980657030745,7840500
2022-08-25,113.8848876953125,114.18544990731185,112.57597891093938,113.45827753852902,6920900
2022-08-26,110.59807586669922,114.76720065864859,110.42355419175297,113.89459228391729,7807400
2022-08-29,110.07450866699219,110.98590044005749,108.988602619609,109.11464317234308,6882700
2022-08-30,109.00799560546875,111.25738203125928,108.0578203734489,110.80168612392224,8060000
2022-08-31,108.66864776611328,110.28781657255855,108.44564497015227,109.43460359964148,7353000
2022-09-01,109.10494232177734,109.16311374487188,106.68103439710556,108.38746764728488,7718700
2022-09-02,107.81541442871094,110.42354155095762,107.46637111877534,109.60911209256088,8465100
2022-09-06,106.73920440673828,108.3777685092158,105.21699054608906,108.36807080643514,9537300
2022-09-07,109.26007843017578,109.52185723715253,106.52591052570908,106.52591052570908,8193900
2022-09-08,108.91102600097656,109.55093380750947,107.00098548933617,107.6893744102762,8443300
2022-09-09,111.67430114746094,112.01364682289584,109.74487225240462,109.82243169451763,9563100
2022-09-12,112.84745025634766,113.91396820240307,111.76153690559006,112.60505947782691,7923400
2022-09-13,108.3583755493164,110.35567319443173,107.78632946627552,109.60911285239274,10504600
2022-09-14,109.07585906982422,109.30855216462942,106.53560084450214,108.44564151576255,8610400
2022-09-15,107.39850616455078,110.92772281275012,107.34033474303082,108.96920112020753,9739800
2022-09-16,104.95521545410156,106.24473627380313,103.70447804971208,105.88599523005138,15978800
2022-09-19,105.84720611572266,105.89568723154748,103.78203929251218,104.25712315944065,7979500
2022-09-20,104.29590606689453,105.11034294628783,103.60751712916263,104.98429500462643,6957400
2022-09-21,101.30965423583984,104.75160647110219,101.30965423583984,104.121388926975,9776400
2022-09-22,99.05058288574219,101.47449095482735,98.91483722846746,101.03818306408378,10953400
2022-09-23,96.4715347290039,98.10040113890845,95.0365779928485,97.5574481346669,11976900
2022-09-26,95.133544921875,97.59623636536196,95.07536609913514,95.93827676511053,9760500
2022-09-27,92.93263244628906,96.6072779096262,92.52541767232903,96.50062536446806,13360200
2022-09-28,96.37458038330078,96.83027625583163,92.54480143120745,92.87445675487697,12895500
2022-09-29,94.48393249511719,95.59893167359982,93.30107158454273,95.53106254432767,9435100
2022-09-30,91.45889282226562,94.51301819439603,91.41041170636684,93.56284306190979,12094900
2022-10-03,94.17366790771484,94.80388544677149,91.62371943715756,92.81628538935276,9468400
2022-10-04,98.35249328613281,98.43005272020572,95.24019630460965,95.67649678534293,10229000
2022-10-05,97.73196411132812,98.13917884080695,95.69587566957505,96.99509407904776,7562800
2022-10-06,96.99510955810547,98.37188761396993,96.83028557899084,97.37323863827696,6728200
2022-10-07,94.20276641845703,95.79284951444721,93.51437001972315,95.51167529175402,7051000
2022-10-10,92.26363372802734,94.76510105549436,91.54615166465493,94.61966510226048,9532300
2022-10-11,90.2663345336914,92.1666775620956,89.83003404244639,91.92428675647496,8900900
2022-10-12,90.56690216064453,91.20681002680325,89.39372417785654,90.32451136038226,6156200
2022-10-13,93.6985855102539,94.01854313629804,87.94907553323024,88.78290046324703,11025400
2022-10-14,91.57523345947266,95.10444261426022,91.45889061960509,94.50331821579897,8202100
2022-10-17,94.36758422851562,94.98810405973562,93.33015194220908,93.44649478732542,7083800
2022-10-18,95.48258972167969,97.31506362647795,94.66815276555802,96.83028201362804,8533500
2022-10-19,95.97706604003906,98.76941299224058,95.50198210888061,97.38293722005183,11731000
2022-10-20,95.5892333984375,97.68349348433122,95.12384719969239,95.2401974479688,8212400
2022-10-21,98.9342269897461,99.186315485756,94.91053834524101,95.35653651684008,10193400
2022-10-24,98.62396240234375,100.04922138172054,97.07266287951786,99.01178913234513,8221500
2022-10-25,101.18360900878906,101.54235003047722,98.92452513676564,99.05057307807265,7687500
2022-10-26,101.44538879394531,104.16016854799453,100.37887081813302,100.37887081813302,9203700
2022-10-27,101.26119232177734,103.61723141113328,101.13514435994746,102.5894892941874,8673500
2022-10-28,102.72521209716797,102.86095034548651,100.37887106517051,100.9121337529789,7250900
2022-10-31,103.29725646972656,103.64629978732732,101.62960670722953,102.44404358069116,8814800
2022-11-01,102.77369689941406,105.52725277512931,102.42465356345298,104.42195134364587,7955800
2022-11-02,98.72091674804688,102.85125771738285,98.69183103794683,102.2404282165637,9583200
2022-11-03,96.22914123535156,97.6350048234949,95.560140304502,97.15022325555861,8978400
2022-11-04,96.54910278320312,98.08101437568288,95.12384373179349,98.07131667271834,11035800
2022-11-07,97.37323760986328,98.46884142068883,95.97706416109543,97.80953811401295,11355200
2022-11-08,96.8593521118164,98.86634736957316,95.06566191287483,97.67378153946069,27130300
2022-11-09,84.1095962524414,88.32719412399254,83.6539004263723,87.79393887424422,62029800
2022-11-10,87.70668029785156,87.74546371091022,84.94342684274503,87.01829135971482,36968100
2022-11-11,92.11819458007812,92.67084526545665,88.32719921057418,88.79259276534643,22373300
2022-11-14,91.41041564941406,93.67919734267161,91.34254652253601,92.9326295498331,20598000
2022-11-15,92.60297393798828,94.22214254291356,90.84805969338561,93.07805778673114,15801900
2022-11-16,91.0904541015625,92.32180343255953,90.86745872164254,92.32180343255953,11137700
2022-11-17,88.66654968261719,89.46159119281003,88.08481325516534,89.31616263383208,12306400
2022-11-18,89.00589752197266,90.3245039591263,88.14298693552088,90.03363206377375,10011700
2022-11-21,94.60997772216797,97.81922950944681,93.3883260332795,97.07266910895835,70273500
2022-11-22,93.28167724609375,94.69723867082462,91.79824669131348,94.04763308361161,25753700
2022-11-23,95.87041473388672,96.31641295628329,92.86477003684328,93.07807514259399,15503200
2022-11-25,95.86071014404297,96.77209446393745,95.09475437714568,95.80253132566438,6664300
2022-11-28,92.77750396728516,96.11279630897242,92.52541546681306,95.22079994998514,13660000
2022-11-29,91.80793762207031,93.49497544254496,91.06136984942118,93.07806298951722,13205300
2022-11-30,94.89114379882812,94.95901292032634,91.0128913768053,92.06001390889507,15368100
2022-12-01,95.5892333984375,95.83162420112815,93.64041667077447,94.89115410031985,13855700
2022-12-02,96.40367126464844,96.65575977306982,94.05733004747044,94.49363053761714,12608100
2022-12-05,93.01020050048828,96.14189297301957,92.75811199069551,95.24988918387142,10764500
2022-12-06,89.48099517822266,93.0780740263718,89.180432931277,92.81629519793213,11492400
2022-12-07,89.34525299072266,89.96577286522303,88.48234230908369,89.83973230849591,10353400
2022-12-08,89.73307800292969,90.58629096435075,88.87985764432838,89.68459688357997,9351200
2022-12-09,90.53781127929688,92.02124922704374,89.10286184884814,89.55855774810563,10111900
2022-12-12,91.77885437011719,91.77885437011719,89.79124688789935,90.87716031485846,14140700
2022-12-13,91.81763458251953,94.42576202867052,90.72203079965682,93.55315364546198,22882100
2022-12-14,91.28437805175781,92.56420119798918,89.80094751830556,91.6625071133366,11505400
2022-12-15,87.73577117919922,90.28572710853847,87.37703753232861,89.65550955425697,15957700
2022-12-16,87.33826446533203,88.3078277722815,86.10691492308484,87.44491702087095,26383900
2022-12-19,83.16912078857422,86.73711326046293,82.81038717898623,86.71772525339576,19225300
2022-12-20,84.37138366699219,85.16642516926444,83.14973940066794,83.45999931869662,14918400
2022-12-21,84.27442932128906,85.4185141626664,83.84782655474801,84.53621552072877,11004800
2022-12-22,84.03204345703125,84.09022228097503,82.11231240203608,83.41152358095398,15487400
2022-12-23,85.33126068115234,85.38943210699405,83.15943375211162,83.4406079723137,11171600
2022-12-27,83.74118041992188,85.26339442388867,83.34365593746621,84.75921739234394,11561400
2022-12-28,81.60813903808594,84.05144263220956,81.51118419007358,83.46000844299921,12399500
2022-12-29,84.5265121459961,85.55424667452971,82.38377856257779,82.65525504957311,13045100
2022-12-30,84.23564147949219,84.46834195502635,82.6358682439775,83.12064980557093,23231000
2023-01-03,86.26203918457031,87.2316023856608,85.15673772710157,86.27173688779168,14997100
2023-01-04,89.180419921875,89.92698027696244,86.64016185915295,87.26068167036787,14957200
2023-01-05,89.12223815917969,89.66519852393662,87.75515803804926,88.87015707976406,11622600
2023-01-06,91.06137084960938,91.80793863045857,88.54050809539092,89.8397265854233,9828100
2023-01-09,91.88550567626953,92.78719979199275,90.60568248593793,91.55585772289012,11675800
2023-01-10,92.65145874023438,92.72902557299368,90.96442081221132,91.41041900480683,6914600
2023-01-11,93.39801788330078,93.61132295498152,92.15697826317245,93.00049345022674,8757300
2023-01-12,96.7720947265625,97.56713620621684,94.60027536214714,95.50196937907535,19764300
2023-01-13,96.37458038330078,96.5684900580382,95.02688817148994,96.35518497751909,12230200
2023-01-17,96.86906433105469,97.91618698107077,95.9867582550336,97.26658140254683,14914200
2023-01-18,96.0255355834961,98.05191902309912,95.7152756703499,97.22779182229013,11384500
2023-01-19,96.0643310546875,96.4230647322133,94.16398792350024,95.13355119842318,10973600
2023-01-20,100.33039855957031,100.43704370124188,96.27762427475665,97.28596344669378,14549900
2023-01-23,102.47313690185547,102.72521800770556,99.78744269735415,100.1461837440826,11479100
2023-01-24,102.77369689941406,105.13943342155478,98.89544418622863,101.5132618087568,8606700
2023-01-25,104.82917022705078,104.8679536406332,101.00908905674922,101.76534712865708,10008000
2023-01-26,106.36107635498047,106.4192551750248,104.29590947431431,104.87764589449831,9204400
2023-01-27,106.2059555053711,107.21430213707525,105.8375241464943,105.9344789886008,10249700
2023-01-30,104.31529998779297,105.65330192324343,104.20865484237397,104.96491294649113,8548500
2023-01-31,105.18789672851562,105.41089949220563,104.17955023525253,104.30559817014748,8251700
2023-02-01,106.06051635742188,106.5937790687581,103.64630609474895,105.19760571339059,9975500
2023-02-02,109.76424407958984,110.07450399383886,106.35138502285065,107.30155277397209,13093200
2023-02-03,107.34033966064453,109.69637850347766,107.01069172735615,108.07720975476809,12472500
2023-02-06,106.52590942382812,107.06886243841862,105.22669091396939,106.81677393999588,11956500
2023-02-07,108.23233032226562,108.70742158537352,105.54664368748654,105.97325383487168,10844000
2023-02-08,108.37776947021484,109.88059533580835,106.93312242464128,108.78498422445492,27719900
2023-02-09,107.00099182128906,114.58297549980205,106.46772911997206,114.44723724804498,46137200
2023-02-10,104.77098083496094,106.3998470551444,103.94685372174683,105.64358905955548,15566000
2023-02-13,104.38316345214844,104.99398552200758,103.30694785488768,104.80976617198915,12341500
2023-02-14,104.38316345214844,105.13942146164428,102.59916356048463,103.56872662849041,10768100
2023-02-15,105.91507720947266,105.94416292063663,103.45238590279848,103.83051494228981,8156000
2023-02-16,102.60887908935547,104.7322175471092,102.48283113442082,104.27652903960693,9479900
2023-02-17,102.01744079589844,102.57978922561402,100.71822226507899,101.83322142132742,9492200
2023-02-21,98.98269653320312,100.57278687409193,98.73061544501046,100.39826521455412,10648200
2023-02-22,98.58518981933594,99.43840280132183,98.01314366537848,98.24584416724953,9885100
2023-02-23,98.6336669921875,98.94392691841745,96.57819035767658,98.36218308420369,10974800
2023-02-24,97.24718475341797,97.37322529714606,95.94796631461445,96.50061700200634,8523000
2023-02-27,97.39261627197266,98.38157483565233,97.01448723208921,97.66410016987089,6641200
2023-02-28,96.57819366455078,97.68349515191464,96.53941024779657,97.3926232248482,8233700
2023-03-01,95.54076385498047,96.5975842502885,95.11415365648811,96.17098144897673,7898300
2023-03-02,95.90919494628906,96.2679360118923,94.4548500708097,94.76511001502473,7776600
2023-03-03,98.0616226196289,98.10040603575065,95.87040769042189,96.6363635151708,7434300
2023-03-06,97.59623718261719,99.5741396400091,97.4314058135176,98.51731928186518,6773300
2023-03-07,96.044921875,97.86770530468402,95.8800979172204,97.34414032363732,6951300
2023-03-08,96.27762603759766,96.58788595706989,95.3080628645994,95.98675412682618,5668700
2023-03-09,93.21379852294922,97.00479390362008,93.00049345126611,96.42305010914626,8275600
2023-03-10,90.7220230102539,92.98110690915627,90.00454835552061,92.69023500733427,13978800
2023-03-13,89.78154754638672,91.15832546454808,87.70668296629005,89.09315858730604,11915300
2023-03-14,90.51842498779297,91.42981680360815,89.52946633718916,91.13894487174102,10323600
2023-03-15,90.2663345336914,90.51842304274737,88.62777771777849,88.84107541309317,9543800
2023-03-16,91.42011260986328,91.68189141221507,89.093159511663,89.84941760421259,9931700
2023-03-17,90.36328887939453,91.40072122585651,90.08212205594005,91.18742353171524,12943200
2023-03-20,91.35224914550781,92.03094045084038,90.16938081577352,90.58629330252937,6657200
2023-03-21,93.60162353515625,93.9021857321848,92.27331941135675,92.27331941135675,7285800
2023-03-22,92.01155090332031,94.9493262714508,91.93398407052695,94.48393267187097,8811100
2023-03-23,92.91324615478516,94.06702136900552,91.87581379403015,92.37998341913428,9527000
2023-03-24,91.21649932861328,92.10849561609874,90.1887574000779,91.9242762577691,9534600
2023-03-27,92.70962524414062,93.09744456204308,91.50736168766917,91.89518840275095,7487900
2023-03-28,91.9339828491211,93.07806772749205,91.71098005709801,92.60298382801011,5426100
2023-03-29,93.92158508300781,93.96036849670223,92.44784495133932,93.15562930619771,5889100
2023-03-30,95.11414337158203,95.90918485732415,94.69723092191362,95.72497288922399,7669500
2023-03-31,97.08236694335938,97.15023607593959,95.50198148631704,95.88011056743257,8920000
2023-04-03,96.72361755371094,97.37322305959552,96.24852630566448,97.15991799266519,7313200
2023-04-04,96.53941345214844,97.36354074328408,95.75406957905433,97.24719788634013,6794200
2023-04-05,96.86906433105469,97.13084314426364,95.62801720261069,96.66544954644961,7747200
2023-04-06,96.92723083496094,97.26657646343727,95.55045291532558,96.41336354081393,7042500
2023-04-10,97.74166107177734,97.74166107177734,95.8897992584731,96.27762600698507,8016600
2023-04-11,97.363525390625,98.80817974544567,97.23748484975009,98.08100741548688,7504600
2023-04-12,94.95902252197266,99.10875184958233,94.7263220271529,98.16827435859804,9289200
2023-04-13,97.770751953125,97.99375474939436,95.51167526316347,95.51167526316347,8745000
2023-04-14,96.8593521118164,97.79013177077238,95.91887475095633,97.4410884740165,7337300
2023-04-17,97.24718475341797,97.50896354337007,96.13218567613829,96.53940041481029,6705300
2023-04-18,97.8580093383789,98.07131441560992,96.56848856943131,97.54774942527375,8180100
2023-04-19,95.74436950683594,96.79149957651249,95.36624043676059,96.7430184558647,11523300
2023-04-20,95.08506774902344,95.57954707834458,94.4257644423221,94.77480780452754,7762700
2023-04-21,96.53941345214844,96.684849420509,94.74572290151661,95.17233310279273,9468000
2023-04-24,96.64604949951172,97.67378401198738,95.66678870342528,97.10174533721073,8540600
2023-04-25,95.02688598632812,96.67514037523401,95.02688598632812,96.35518276181283,6511400
2023-04-26,93.66950225830078,95.48258812298741,93.5240662974448,94.86206086352323,8634500
2023-04-27,96.8884506225586,97.02418887843487,93.76645594304377,94.17367071067262,8166500
2023-04-28,99.3802261352539,99.43839755906474,96.06432182879597,96.3454960391817,11329700
2023-05-01,99.09905242919922,99.48687918333188,98.51731599659026,99.29296950485558,6909500
2023-05-02,97.53805541992188,98.60457344932576,96.58788763628536,98.24583980327486,6955900
2023-05-03,97.79014587402344,99.45779577743613,97.57684078444551,97.98405555699598,7772100
2023-05-04,94.48393249511719,96.51032346426601,93.66950294385147,96.51032346426601,13260700
2023-05-05,97.46048736572266,97.78044498968055,95.12384395404534,95.58923013691137,9300100
2023-05-08,99.8359146118164,100.74730630223686,98.59487501466994,98.60456531979989,10810100
2023-05-09,99.0699691772461,99.84562270477241,98.98270464173876,99.77775357590238,6829900
2023-05-10,98.0616226196289,100.10740158767445,96.99510456641177,99.86501078479873,19525200
2023-05-11,89.50037384033203,92.21515367474082,89.08346138141596,91.91459145918968,57127200
2023-05-12,89.19010925292969,90.05301983713623,88.46293691361993,89.52945486517166,21837500
2023-05-15,90.03363800048828,90.04333570355405,87.9393779690878,88.75381489147023,16792000
2023-05-16,88.21086120605469,89.60702715255907,88.01694413210963,89.23859580783346,17013300
2023-05-17,89.94637298583984,90.21785688996765,88.08481345490078,88.24963742023623,12461600
2023-05-18,90.90625,91.37163620533731,89.64581484928243,90.02394391506164,15014800
2023-05-19,88.56958770751953,90.16936830199074,88.5405019980676,90.16936830199074,16429000
2023-05-22,89.0252914428711,89.14164168817624,87.15403419799888,88.55020755294025,14150600
2023-05-23,87.08616638183594,89.22890016749616,87.0764686786195,88.3272060950527,14778700
2023-05-24,86.35899353027344,86.76620829707423,85.71908566775505,86.71773457560565,15350800
2023-05-25,85.45730590820312,86.83408397438154,85.11796024360713,86.83408397438154,13605800
2023-05-26,85.60273742675781,86.52381952522107,85.41851804819304,85.79664711153524,12892700
2023-05-30,85.14704132080078,86.26204049847405,84.36169748305313,86.26204049847405,14800700
2023-05-31,85.28278350830078,85.4863909053498,84.49743963437164,84.91435213228553,11440600
2023-06-01,85.89360809326172,86.34930402195837,84.45865857011142,85.7093960987105,11993200
2023-06-02,88.00725555419922,88.55990632717952,86.87286829342608,86.9019540082386,14350200
2023-06-05,88.23025512695312,88.9671252629602,86.71773883473169,88.4241648167116,18506700
2023-06-06,89.35494995117188,89.69429559890794,88.2496410744053,88.32720790736792,12109100
2023-06-07,89.7039794921875,90.2469398869292,89.06407165894382,89.95606798270401,11082400
2023-06-08,89.71366882324219,89.85910476178337,88.52111040099857,89.70397112142501,9030200
2023-06-09,89.13194274902344,90.09180821864416,88.76351140643668,89.95606996626063,9625400
2023-06-12,90.30512237548828,90.39238691632174,88.97681803261113,89.44221165696787,12341600
2023-06-13,90.99349975585938,91.56554585842721,90.59598271260627,91.2552859476517,12964400
2023-06-14,89.6361083984375,91.64310378139976,89.1222411231504,91.39102269360056,15877400
2023-06-15,90.11119842529297,90.67353941107321,88.82167770487196,89.25797814847688,13354600
2023-06-16,88.54051208496094,90.14029286168564,88.0945138958027,90.05302832620889,22683400
2023-06-20,87.01830291748047,88.01695189554721,87.00860521363283,87.54186796754259,14939200
2023-06-21,85.94208526611328,86.94073422283545,85.42821793088193,86.82439136787318,17873000
2023-06-22,85.79663848876953,86.47533711164034,85.43790486826684,85.74816477103705,10915300
2023-06-23,85.41851806640625,85.70938999081473,84.94343416057403,85.34095123360662,13538000
2023-06-26,86.0002670288086,86.76622297047564,85.09857280858601,85.36035905807269,13132700
2023-06-27,86.34929656982422,86.93104040989213,85.79664583950387,86.19417030373826,10032700
2023-06-28,86.12629699707031,86.67894770057967,85.83542509114756,86.66924999780096,12118300
2023-06-29,86.24263763427734,86.40746898857722,84.6816403999513,85.12764595019846,13402600
2023-06-30,86.56259155273438,86.87285144586613,85.91298605729902,86.46563672310182,12837500
2023-07-03,87.74546813964844,88.181768613515,86.20386622795188,86.40747360890161,7979500
2023-07-05,87.05706787109375,87.63880422649544,86.5335029320785,87.3673277537866,11028800
2023-07-06,86.03903198242188,86.12629651257974,85.1082522447568,85.97116285771233,12084600
2023-07-07,85.94208526611328,86.99891304749707,85.39913221714136,85.62212762060604,9705100
2023-07-10,85.41851806640625,85.98086650843314,85.18582496518765,85.56395402861048,13642600
2023-07-11,86.76620483398438,86.86315967023194,85.46699375447135,85.5154674740052,13735500
2023-07-12,87.4061279296875,87.94908097925241,86.84377947282069,87.36734451226421,14912100
2023-07-13,87.71637725830078,88.04602517074085,86.3686851039283,87.79394408376184,15325500
2023-07-14,85.92269134521484,87.7357697506695,85.72877427165018,87.65821031842363,17770000
2023-07-17,82.95582580566406,85.79664630428844,82.70374469726126,85.72877717553688,34503400
2023-07-18,83.3339614868164,84.64287784088079,82.71344157544671,82.90735867098776,21885100
2023-07-19,84.39077758789062,85.21490478716784,83.56665038861341,83.57634069415823,17177000
2023-07-20,83.5860366821289,84.52651410326838,83.41151502256508,84.19685879201243,15277500
2023-07-21,84.5265121459961,85.22459876808665,83.26607714531262,83.6732992729851,19901000
2023-07-24,83.96417999267578,85.28278666761506,83.91570626616209,84.8270907347371,13911900
2023-07-25,83.02368927001953,83.68299250313015,82.56800080645196,83.1206515020609,15335400
2023-07-26,83.24669647216797,83.64421353538228,82.84917201177352,83.06247709811394,14983700
2023-07-27,82.76191711425781,84.23564995502535,82.59709314205506,83.96417343676661,16691400
2023-07-28,83.50846862792969,83.94477646901126,82.84916541229535,83.24668984102438,13638300
2023-07-31,86.18446350097656,86.64015934223247,84.23563959574192,84.35198983090707,20837800
2023-08-01,86.32020568847656,86.99890432885583,85.76755499124846,86.40747021813351,13717500
2023-08-02,83.67330169677734,85.64151368168685,83.6345182836289,85.57364455797203,15162700
2023-08-03,82.8879623413086,83.82843990197932,82.84917892263157,83.20791999750847,14145400
2023-08-04,83.67330169677734,84.4586454707888,82.84916711243775,83.3242583756212,11533900
2023-08-07,84.18717193603516,84.57499868397609,83.37273502564118,84.02234797224374,10818400
2023-08-08,85.44760131835938,85.64151839477329,83.47938922513379,83.86721598078151,16767900
2023-08-09,84.82707977294922,86.83407524134834,84.39077930480244,86.48503190795894,32517900
2023-08-10,88.96712493896484,89.7136853787147,85.07917427686836,87.23160585237903,56716800
2023-08-11,86.31051635742188,88.56960048161491,86.1553900855784,88.54051476796803,21998900
2023-08-14,86.10690307617188,86.58199435718258,85.31186156974536,86.28142474329867,13676400
2023-08-15,84.4101791381836,85.5445738292024,84.2453551513212,85.31187330955798,13677900
2023-08-16,83.72177124023438,84.41016014563557,83.45999246101168,83.9059905942077,12182700
2023-08-17,83.30486297607422,84.3132095264622,83.1885201338008,84.27442611331115,14206000
2023-08-18,83.3436508178711,84.08052091253667,82.77161208715104,82.77161208715104,12364400
2023-08-21,83.26608276367188,83.62482380122424,82.8103942852848,83.19821363734358,11215000
2023-08-22,83.17882537841797,83.46968989158717,82.77161062167312,83.10125854936753,9835300
2023-08-23,83.21761322021484,83.70239483180107,83.03339384071437,83.1982178133304,7576000
2023-08-24,79.95987701416016,83.33395275400594,79.95017931110415,82.90734998288225,27531000
2023-08-25,80.82279205322266,81.10396627970174,79.95018366021527,80.54161782674359,16050900
2023-08-28,81.59843444824219,82.11230171022254,80.98760495804109,81.27847684834441,12166400
2023-08-29,81.83113098144531,81.97656693274503,81.18152544911032,81.23969687075831,11210700
2023-08-30,81.71478271484375,82.10260946195127,81.27848224758525,81.83113295812998,11816600
2023-08-31,81.13304138183594,82.03473537048043,81.09425796975474,81.88929942447078,10448000
2023-09-01,79.15514373779297,79.72718990615988,78.07892793036663,79.61083965229356,27701900
2023-09-05,78.71883392333984,79.8823067357143,78.70913622070246,78.94182930374141,12741700
2023-09-06,78.51522827148438,79.5914365780641,78.07892040939863,78.33100890323618,15518500
2023-09-07,78.1176986694336,78.38917515387905,77.32265722333786,78.36008944442838,14768000
2023-09-08,79.09695434570312,79.18421146840039,77.72986691268122,78.0886078994097,16220900
2023-09-11,80.00834655761719,81.29786730107482,78.69943780623989,79.44600556179101,26579100
2023-09-12,81.13304138183594,82.0929067900125,80.05682573741575,80.50282388058041,16594600
2023-09-13,80.93914031982422,81.49179105564625,80.5900969711808,80.8130923678706,9772700
2023-09-14,81.90870666503906,82.1607877842238,80.51253321708424,81.44331304999393,22371900
2023-09-15,82.9752197265625,83.56665386531348,82.03474224700173,82.62617638575273,21631200
2023-09-18,82.43225860595703,83.30486695053824,82.3934825881357,82.64556368987466,11894200
2023-09-19,79.44601440429688,82.20926816413362,79.22301160391193,81.36574548073904,21478900
2023-09-20,80.04713439941406,80.66765424769014,79.15513804216472,79.53326709354607,12715200
2023-09-21,80.21196746826172,81.12335185387711,79.42661623954581,79.56235449691789,14378000
2023-09-22,78.77700805664062,80.81308924697626,78.72852693896455,80.3864864795827,11495300
2023-09-25,78.5443115234375,79.28117417899749,78.10800367501363,79.07756680860489,11034400
2023-09-26,77.61353302001953,78.28252656260676,77.36144453012214,78.04983347810598,14867900
2023-09-27,77.46809387207031,78.10800167734097,76.80879066220326,77.68139893955369,14662500
2023-09-28,77.69110107421875,78.45705693445488,77.22571485355668,77.83653704211838,12229800
2023-09-29,78.58309936523438,78.85457587439107,77.96257951653905,78.20497031359754,11261400
2023-10-02,79.1842269897461,79.28118183302958,78.33101401279885,78.45705456934935,9128100
2023-10-03,77.11904907226562,79.39752085450715,77.04148224973655,78.77700106863318,12586200
2023-10-04,76.90575408935547,77.36144998497018,76.33371534187678,77.18692830999392,12010500
2023-10-05,78.35040283203125,78.47645078706435,76.47914548832422,76.6924505840598,15466600
2023-10-06,80.41558074951172,80.98761953363254,78.04014627699884,78.58310674347135,15391100
2023-10-09,82.12199401855469,82.296515677558,80.59978020281778,81.7341746849292,13604400
2023-10-10,82.40318298339844,82.69405493293304,81.37544825015647,82.20927328182933,9450600
2023-10-11,82.2674331665039,83.11095578401982,81.6953944491349,82.7716101553111,9499200
2023-10-12,81.78266143798828,82.48074818526626,80.96823183095117,82.2480550685672,9554900
2023-10-13,81.78266143798828,82.00566424782795,80.84218386997104,81.38514433850992,10808000
2023-10-16,83.10125732421875,83.31456240237274,81.74386742456772,81.74386742456772,10275100
2023-10-17,83.57634735107422,83.66361188818685,82.71343666934689,82.75222008615468,9985700
2023-10-18,82.10260772705078,83.6345192773059,82.02504089983235,83.08186857843916,10047000
2023-10-19,80.71612548828125,82.67463963275759,80.63855866744399,82.66494932803731,14316800
2023-10-20,80.13439178466797,80.90034752219198,80.09560837296277,80.3767825599409,10437000
2023-10-23,80.57069396972656,81.47238796919643,78.44735576233977,79.58174283991102,10772500
2023-10-24,80.04713439941406,81.63721743526901,79.25209288148659,80.87126902660016,11499500
2023-10-25,78.13710021972656,80.03745073458037,78.06923108685183,79.63022854015131,9372500
2023-10-26,77.35175323486328,78.15649249034804,77.00270988060917,77.6426251624685,11651000
2023-10-27,76.91544342041016,78.56369775129819,76.8184885886837,77.32265815196891,10300600
2023-10-30,78.22435760498047,78.46674839981529,77.10935846930428,77.29357784047636,10291200
2023-10-31,79.10665893554688,79.18422576784887,77.8850146141015,78.23405796228025,8672200
2023-11-01,78.60249328613281,79.0969726205336,77.7395825754773,79.04849149860348,9093000
2023-11-02,80.75492095947266,80.76461866282047,79.32966185173649,79.35874756459962,11518500
2023-11-03,82.48074340820312,83.31456837502772,81.59844471834663,81.60813502464478,11331800
2023-11-06,81.46269226074219,83.18852087401127,81.04577981213343,82.49043422544037,14160900
2023-11-07,82.01534271240234,82.10260724180227,81.39482289268186,81.59843766222178,10540200
2023-11-08,81.92808532714844,82.33530007061113,81.39482264129511,81.5790420049862,26942600
2023-11-09,87.59033203125,88.43385464061785,84.93373105293195,85.16642413934451,51062700
2023-11-10,85.58333587646484,87.41581703281636,84.29382251061867,87.38672392472587,25175700
2023-11-13,86.71772766113281,87.16372580785472,84.74951571468499,85.72876913812286,12834400
2023-11-14,88.2981185913086,88.75381446989398,87.25098858058216,87.28977199548092,13152000
2023-11-15,91.07107543945312,91.69159532134931,89.91729281662404,90.15968362665163,20593100
2023-11-16,91.63340759277344,91.73036242010045,90.78018735906575,91.03227582785931,12923900
2023-11-17,91.28437805175781,92.47693666222008,91.06137525784146,91.86611450055747,12189300
2023-11-20,92.13758850097656,92.68054151873987,91.01289905029827,91.11955159267036,14105300
2023-11-21,91.57523345947266,92.06971272044848,91.10014960326113,91.84671734591593,7654800
2023-11-22,92.17636108398438,92.79688085913038,91.87579889835467,92.02123483878748,7328200
2023-11-24,93.13623809814453,93.57254597398499,92.01154863903922,92.01154863903922,5440500
2023-11-27,92.27333068847656,92.82598143287899,91.64311311046457,92.82598143287899,11049500
2023-11-28,89.6845932006836,92.2442393770152,89.63611208332476,92.1085011250264,18660300
2023-11-29,89.6845932006836,90.40206787507869,88.65685860785983,89.78154803822132,13857000
2023-11-30,89.86882019042969,91.00320741988894,89.39372887100372,90.70264517888194,13396700
2023-12-01,89.76216888427734,90.01425000730626,88.97681760923604,89.91729516020432,11898200
2023-12-04,89.20951080322266,89.59733755700717,88.82168404943815,89.10285826100241,12602800
2023-12-05,88.02664184570312,88.98650732101173,87.19281692058898,88.8216833560236,12357000
2023-12-06,88.71503448486328,89.7330788230699,87.86182151564404,88.33690542145632,10462000
2023-12-07,89.53916931152344,90.5475160315901,88.86047796012325,89.00591393461784,10264700
2023-12-08,90.28815460205078,90.98851639630033,89.54888299464426,89.54888299464426,9498200
2023-12-11,89.68506622314453,90.54106729477184,89.46134406763339,90.20061569641473,10811000
2023-12-12,88.58589172363281,89.68506614632665,88.38162076479351,89.60725393911757,13218400
2023-12-13,90.29788970947266,90.33679952512837,88.3038043295262,88.68316575555879,10173200
2023-12-14,91.37760925292969,92.24333220746513,90.66751813338973,90.66751813338973,12439300
2023-12-15,90.91069793701172,91.3873301670492,90.39515589331778,90.51188533428717,17551600
2023-12-18,90.32707214355469,91.15388533534018,90.17143287761034,90.17143287761034,9083600
2023-12-19,91.36788177490234,91.42624278653405,90.08388756998632,90.11306807580218,8804000
2023-12-20,88.78043365478516,91.69860294108356,88.76098245824333,90.6966993401939,13060600
2023-12-21,89.50997924804688,89.5683476823823,88.57616593285408,89.42243772847655,13037200
2023-12-22,88.53724670410156,89.72396998514363,88.27461475202414,89.12088645767408,9419800
2023-12-26,88.46916198730469,88.7804330789728,88.12871039036895,88.362161853798,8086900
2023-12-27,87.91471099853516,88.45944098034325,87.58398870715907,88.43026047478516,11123500
2023-12-28,87.93416595458984,88.49834710951303,87.51589474266927,87.63261676004097,8479600
2023-12-29,87.82716369628906,88.12870546224315,87.40889249450383,87.66180256149411,9211000
