Date,Close,High,Low,Open,Volume
2018-01-02,53.15469741821289,53.29189213324735,52.154714323536105,52.154714323536105,31766000
2018-01-03,54.06156539916992,54.288406929832405,53.165592177103825,53.19035425920193,31318000
2018-01-04,54.271568298339844,54.68364745853761,54.19727826890904,54.33744307367388,26052000
2018-01-05,54.9912223815918,55.15417299064406,54.570724183986464,54.65244699598872,30250000
2018-01-08,55.18537902832031,55.4305474864546,54.97686435240119,55.02639230327689,24644000
2018-01-09,55.11503982543945,55.39487817991294,54.88770328171802,55.39487817991294,26808000
2018-01-10,54.98379135131836,55.114547089952985,54.67869588741755,54.82826975102401,20734000
2018-01-11,55.078392028808594,55.21707178493261,54.80251756136048,55.091269974554386,22424000
2018-01-12,55.9996223449707,56.03181342840454,54.87829267766918,54.9818074727844,38586000
2018-01-16,56.002105712890625,56.902537948639186,55.80201008036208,56.47807583494782,36462000
2018-01-17,56.41814041137695,56.42903451790301,55.64499515585893,56.28243075415288,27830000
2018-01-18,56.263126373291016,56.49194800620017,55.69305046168659,56.43053213633521,27498000
2018-01-19,56.63606643676758,56.64993441199983,56.09125150461203,56.36514590481893,30552000
2018-01-22,57.659332275390625,57.79405191298667,56.5528605295507,56.651920198000724,29550000
2018-01-23,58.25417709350586,58.37007484102787,57.812381878179195,57.97929262141531,39138000
2018-01-24,58.01246643066406,58.79304069069063,57.8197998295314,58.69051592512428,37128000
2018-01-25,58.54985046386719,58.69150407449848,58.03970550562389,58.47902554792134,29984000
2018-01-26,58.818302154541016,58.818302154541016,57.85100895784249,58.81681710972826,42170000
2018-01-29,58.76481246948242,59.33538329726216,58.64495084057303,58.840096304058775,31494000
2018-01-30,58.3136100769043,58.83663307103419,58.171956441519015,58.33094693712644,37338000
2018-01-31,58.5538215637207,58.756891053721176,58.05259059049569,58.63257050625159,36022000
2018-02-01,58.52260971069336,58.81285091998001,57.916873975429795,58.24525022467427,73514000
2018-02-02,55.432525634765625,56.03182251079689,55.034809439004256,55.83965089388455,117842000
2018-02-05,52.61878967285156,55.22400009670068,52.338955114699,54.51177570685918,83550000
2018-02-06,53.71041488647461,53.856523661857736,51.01506204862923,51.2116925828411,76630000
2018-02-07,52.273075103759766,53.814407700897235,52.23394625953634,53.73714382085509,51942000
2018-02-08,49.91057205200195,52.69507282277826,49.761489413833445,52.49398716160833,66792000
2018-02-09,51.82038497924805,52.090315448670715,49.38010531257103,50.810494205442495,98360000
2018-02-12,52.23098373413086,52.77629366436565,51.781759597714995,52.33548856006512,56240000
2018-02-13,52.210182189941406,52.56084546082366,51.852584931601655,52.00513265566674,31586000
2018-02-14,53.129432678222656,53.26662738328245,51.995228819393326,52.219096478703165,41304000
2018-02-15,54.05364227294922,54.1893519373981,52.858513756412485,53.66187007851998,37396000
2018-02-16,54.25869369506836,54.89315548099452,54.06305320916554,54.153690067334985,39948000
2018-02-20,54.65937805175781,55.28839087271835,53.98628245123134,54.1229821455205,33754000
2018-02-21,55.16259002685547,56.2745107103021,54.853530664534716,54.932283383972866,41486000
2018-02-22,54.97190475463867,55.742571229309036,54.73664417818535,55.43103678505009,28010000
2018-02-23,55.872833251953125,55.91790606425363,54.899596058386,55.40577719283554,25292000
2018-02-26,56.64598083496094,56.67074292002708,55.9347463391346,56.059558130639985,30912000
2018-02-27,55.34881591796875,56.673215107303584,55.31315595012472,56.64597417181692,42964000
2018-02-28,54.675724029541016,55.85104067566794,54.63015998149804,55.57120229933103,49292000
2018-03-01,53.06554412841797,55.039758149419924,52.86148461385466,54.95407522114462,55338000
2018-03-02,53.696044921875,53.832249601046136,52.01058334084755,52.40037169625163,50162000
2018-03-05,54.222042083740234,54.54001551182489,53.108141276778426,53.39838253073282,28648000
2018-03-06,54.52614212036133,54.76041643034623,54.209158753681855,54.58557791864115,23382000
2018-03-07,55.226478576660156,55.28393431522052,53.98182214851371,54.125950841717874,30748000
2018-03-08,55.93672180175781,56.038747774086914,55.33346112107439,55.33346112107439,33862000
2018-03-09,57.494895935058594,57.50281995269129,56.179909554464,56.43795214678702,42662000
2018-03-12,57.74700164794922,58.3527374720412,57.41367142221887,57.70341388036885,44306000
2018-03-13,56.4582633972168,58.34481456585888,56.193781811900315,58.039220286973936,43140000
2018-03-14,56.90302658081055,57.44140253772889,56.579109224060254,56.74998383905831,41870000
2018-03-15,56.988216400146484,57.57711412828159,56.24776474867527,56.936708395833165,33382000
2018-03-16,56.18634796142578,57.295294757441916,56.03479026184962,57.22298479087441,58656000
2018-03-19,54.485042572021484,55.440942919147865,53.93279480894025,55.361203943763385,63656000
2018-03-20,54.2735481262207,54.75645217553608,53.61085163849673,54.40232002021162,54598000
2018-03-21,54.18440628051758,54.91247887891323,53.84810593635424,54.11358134792748,44898000
2018-03-22,52.16115188598633,53.685147937292705,51.98730339715781,53.49149129365211,69312000
2018-03-23,50.84368896484375,52.836229967013395,50.76048110737324,52.07299247983766,49880000
2018-03-26,52.20770263671875,52.464263947946485,50.05271005357233,52.03484796750699,65984000
2018-03-27,49.872432708740234,52.72528708183949,49.41082558616871,52.69358723040609,60816000
2018-03-28,49.78525924682617,50.766424217892826,48.73624321927484,49.62330244793258,77698000
2018-03-29,51.36819076538086,51.90855053727211,49.72879211981809,50.08391429466122,69338000
2018-04-02,50.15425109863281,51.48657442750591,49.24391480101631,50.8966866336741,65068000
2018-04-03,50.453895568847656,50.76691883533619,49.392496618436404,50.3285887707595,51322000
2018-04-04,51.00019836425781,51.15027102158978,49.355845663970214,49.4410335775266,50724000
2018-04-05,51.14531707763672,51.84218474253055,50.717389892770996,51.82633670716218,35836000
2018-04-06,50.021507263183594,51.311727661836606,49.8382497299174,50.67280703793724,40134000
2018-04-09,50.52373123168945,51.73718282980988,50.47964845314249,50.5212523783784,33220000
2018-04-10,51.33650207519531,51.56978260185334,50.29194114112864,51.02744269243296,36620000
2018-04-11,50.76988983154297,51.30529573701438,50.47965236224437,51.113619145641465,34060000
2018-04-12,51.37562942504883,51.74016073017814,50.81893027820507,51.08737577310697,32896000
2018-04-13,51.31370544433594,52.152721627825414,51.02198298319643,51.85109509069406,25410000
2018-04-16,51.81197738647461,52.075963957120976,51.20871662499955,51.7847364482145,29776000
2018-04-17,53.45930099487305,53.73864436945141,52.35629804581253,52.55986256298413,54584000
2018-04-18,53.262664794921875,53.5900472364886,53.02146028869958,53.44195843151849,31126000
2018-04-19,53.95903778076172,54.35823895015478,52.947166882839696,52.947166882839696,39884000
2018-04-20,53.35825729370117,54.22154061338459,53.099715921839646,53.70248158878631,42434000
2018-04-23,53.184410095214844,53.887225470727,52.83127174462388,53.63858816969618,69590000
2018-04-24,50.65003204345703,52.72280702361696,50.16564290736252,52.460800521219035,128220000
2018-04-25,50.66736602783203,51.315200751501955,50.37118083802617,51.00217749676059,57860000
2018-04-26,51.67378616333008,52.10518220799904,50.54155859369161,51.174040274086884,50926000
2018-04-27,51.08637619018555,52.08933312560277,50.89519840005755,51.784237662298864,40746000
2018-04-30,50.448944091796875,51.42911522075934,50.435076116256894,51.233478518407395,34492000
2018-05-01,51.54698944091797,51.5955273519445,50.05419455660957,50.33601296099716,35326000
2018-05-02,50.81892013549805,51.70696929100643,50.67578147870326,51.21267236135155,34698000
2018-05-03,50.831295013427734,51.04872745160757,49.91947388362275,50.78523596007492,39282000
2018-05-04,52.054664611816406,52.098252378296046,50.42269480143405,50.499958699241525,36892000
2018-05-07,52.47367477416992,52.748064188566865,52.01850666731471,52.19780031501772,34400000
2018-05-08,52.43058395385742,52.75945522759506,52.08635966071087,52.729240424938496,26030000
2018-05-09,53.93427658081055,54.1843989359592,52.60492720061002,52.70349185361488,47160000
2018-05-10,54.75249099731445,54.94763646511528,54.17845505237402,54.23392695500005,36414000
2018-05-11,54.64897537231445,54.92782370479231,54.343879912463215,54.50187658533044,30504000
2018-05-14,54.808467864990234,55.38052381460405,54.71931604305429,54.75745109103367,39338000
2018-05-15,53.732200622558594,54.43798611030764,53.4305702646546,54.32803233565259,35738000
2018-05-16,53.693572998046875,54.203226827131836,53.57173507219618,53.74310472685781,25628000
2018-05-17,53.553401947021484,54.03581100185704,53.31368246439746,53.5633098031264,25738000
2018-05-18,52.97787857055664,53.18045304494366,52.732218902322295,52.79759488361965,35482000
2018-05-21,53.68960189819336,54.14972390436885,53.39193546491586,53.441463404857565,25180000
2018-05-22,53.25870132446289,54.07543055093594,53.10763865021443,53.97637467023581,22226000
2018-05-23,53.78618240356445,53.88722212117435,52.8451364349637,52.99570409223898,23740000
2018-05-24,53.760929107666016,53.84364194997576,53.10962924071612,53.83274784223311,20604000
2018-05-25,53.69307327270508,53.96498762736049,53.619773273377604,53.81540998155274,22224000
2018-05-29,52.90012741088867,53.55737509723411,52.65297888286108,53.29288970739793,36076000
2018-05-30,53.36569595336914,53.44097979849831,52.824841060171124,53.1680753875625,28686000
2018-05-31,54.4815673828125,54.97685435901989,53.39193754665215,53.59004931414331,79368000
2018-06-01,56.21507263183594,56.37158425576218,55.07640607311136,55.1190038069176,63202000
2018-06-04,57.10857391357422,57.34730337127463,56.31413161357686,56.388425420941054,44754000
2018-06-05,57.00851821899414,57.50776907553701,56.83219844986473,57.18880566471827,32964000
2018-06-06,56.80693817138672,57.19128133903843,56.28045015418377,57.095195547125506,34934000
2018-06-07,56.18634796142578,56.75344990815189,55.77525884860813,56.6895589740631,36108000
2018-06-08,56.101654052734375,56.402290593097334,55.63211917847745,56.02736024906323,27284000
2018-06-11,56.507286071777344,56.846065185751044,56.03676498277098,56.113038840218046,24796000
2018-06-12,56.86835479736328,56.89609074679678,56.513232618642434,56.513232618642434,26092000
2018-06-13,56.67222213745117,57.23734780343342,56.63012319630143,57.07092831979859,34302000
2018-06-14,57.458740234375,57.74996771712685,56.98772030800911,57.06746305575158,35422000
2018-06-15,57.417137145996094,57.64694877278908,57.14076766443033,57.44932823152563,44438000
2018-06-18,58.62118148803711,58.64842242506758,57.007534787671815,57.091237658550156,33038000
2018-06-19,58.37898635864258,58.58304209818442,57.53303605277838,57.95402925657269,47282000
2018-06-20,58.64544677734375,59.508238909620445,58.54441082891511,58.60731173390214,51686000
2018-06-21,57.920841217041016,58.95549418559187,57.625649841848,58.71676851937502,44966000
2018-06-22,57.91341018676758,58.19621862170186,57.43595131357224,58.022373924104436,34220000
2018-06-25,56.427059173583984,57.25468258837134,55.46719119481732,57.20564965805743,57682000
2018-06-26,56.097198486328125,56.80298021645919,55.91790482848343,56.66776934002606,34688000
2018-06-27,55.320594787597656,56.7703010264055,55.308706869956254,56.26461107778473,34538000
2018-06-28,55.80794906616211,56.1655463392435,54.78221011633495,55.09522959464341,29726000
2018-06-29,55.92731475830078,56.53008048656142,55.81983983216099,56.08184633500027,31562000
2018-07-02,56.567222595214844,56.610810360116105,54.80846100487398,55.24183712806388,23216000
2018-07-03,55.287899017333984,56.95354876268108,55.19627212722594,56.929281693715645,16448000
2018-07-05,56.526611328125,56.66776994289698,55.62667414596239,55.69997792495269,28594000
2018-07-06,57.20960998535156,57.26508188517266,56.32601592875299,56.55038238132639,21820000
2018-07-09,57.81385803222656,57.84605289568169,57.31609596903954,57.453290676488514,21584000
2018-07-10,57.80693435668945,58.12193772360372,57.58009278475944,57.94809298741388,21334000
2018-07-11,58.02088928222656,58.46565450282105,57.22397197243339,57.23635112370242,33252000
2018-07-12,59.496849060058594,59.53300404562759,58.10211985661673,58.189291612688145,44148000
2018-07-13,59.653350830078125,59.9515122707585,59.20115285219612,59.57311307541863,32612000
2018-07-16,59.261592864990234,59.86584368651292,59.10755629090669,59.62315030492403,26784000
2018-07-17,60.082275390625,60.36359880270279,58.54292253128568,58.57957630900136,40162000
2018-07-18,60.0738525390625,60.503759758198434,59.660288369260854,59.85691509113603,38948000
2018-07-19,59.389869689941406,60.25067803575038,59.32201485279838,59.763810037930284,38338000
2018-07-20,59.329437255859375,59.96786289319589,59.26554254551725,59.396797070547336,37938000
2018-07-23,59.979251861572266,60.18232133493052,59.038700869095344,59.21948333549664,65446000
2018-07-24,62.314537048339844,63.14909446004639,61.62063945612367,62.950978898149216,107600000
2018-07-25,63.19565200805664,63.30956590494261,61.86382374894594,62.04064233107907,51104000
2018-07-26,63.669158935546875,63.763264694806686,62.55476294796139,62.76179259534038,54686000
2018-07-27,62.054012298583984,63.96334152533836,61.63796926282399,63.84843760410794,48362000
2018-07-30,60.922279357910156,62.054011935091324,60.631546894618864,61.665704852073915,43896000
2018-07-31,60.78260803222656,61.47551553608312,60.236308072322814,61.00499064393765,39382000
2018-08-01,61.06839370727539,61.707805628074155,60.66968752040298,61.371509109985546,36994000
2018-08-02,61.471553802490234,61.63400938658072,60.32892710719727,60.35071909997383,34704000
2018-08-03,61.3244514465332,61.73851062139853,60.89157036951774,61.67214083834992,21264000
2018-08-06,61.30018997192383,61.53743439778747,60.94655656859736,61.49533545301576,22114000
2018-08-07,62.20012664794922,62.70730159818686,62.00003101889846,62.01043011188937,42506000
2018-08-08,62.47203063964844,62.98663072890287,62.015868757661586,62.24370030184417,34344000
2018-08-09,62.62705993652344,62.998525188645345,62.41111628455596,62.5413770081394,27326000
2018-08-10,62.03519058227539,62.465596609485665,61.77021400727174,62.365546914287634,26602000
2018-08-13,61.8435173034668,62.70185055034832,61.76377833074552,61.9703129261406,27500000
2018-08-14,62.31404113769531,62.43538403632387,61.39280700004426,62.034697783774156,28080000
2018-08-15,61.03025436401367,62.00894044161446,60.73407295161501,61.627571116824846,37052000
2018-08-16,60.626094818115234,61.59884064567656,60.40668230159651,61.51414397564727,32176000
2018-08-17,60.21946716308594,60.76923601458407,59.6325532994892,60.52605143690165,33092000
2018-08-20,60.5215950012207,60.717730497853005,59.86534123568496,60.457704066299996,22218000
2018-08-21,60.29673385620117,61.05700122154429,60.17885606309456,60.57459216306816,23082000
2018-08-22,60.51169204711914,60.748437666291004,60.08921002018448,60.13873796550922,22296000
2018-08-23,60.48246765136719,61.17636524142885,60.392820822782724,60.419071729804145,24666000
2018-08-24,61.25461196899414,61.28680304958065,60.495334754935094,60.722176257304916,24454000
2018-08-27,62.22142028808594,62.30066802300601,61.449268781252854,61.62063841821453,28580000
2018-08-28,61.70582580566406,62.2357827475134,61.562687136336,62.203092868200905,27330000
2018-08-29,62.63646697998047,62.76128253527153,62.04955310974319,62.15851685145168,36926000
2018-08-30,62.13078308105469,62.87618866209253,61.77269078859715,62.57455830214067,30104000
2018-08-31,61.009456634521484,62.037175712431136,60.70980631809728,62.02033764625141,42308000
2018-09-04,59.994606018066406,60.81480416552744,59.75934545644739,60.54982381532953,41458000
2018-09-05,59.389869689941406,60.17093528204825,58.21306419783376,59.891096900388526,53988000
2018-09-06,58.6414794921875,59.38440990288823,57.632083709928224,59.36360794207835,46854000
2018-09-07,58.32450485229492,58.86733975254547,57.912425693601364,58.04763656966391,32658000
2018-09-10,58.19918441772461,58.77371907084825,57.97878188482135,58.65187739767918,27670000
2018-09-11,58.938655853271484,58.98570872116798,57.74798628086685,58.00305877434174,29254000
2018-09-12,58.027828216552734,58.97332943083719,57.75838893775626,58.54292338442358,35716000
2018-09-13,58.54985046386719,58.83315768512977,57.909939809710934,58.42900259336277,40068000
2018-09-14,58.34381103515625,58.8400917989495,58.122913476319496,58.8400917989495,24176000
2018-09-17,57.44486999511719,58.53400481233632,57.377015165719506,58.3334141923137,34096000
2018-09-18,57.80543899536133,58.509739420785856,57.524115592874914,57.58503643660533,32314000
2018-09-19,58.160072326660156,58.259128223356896,57.38494689835431,57.897075784575904,25962000
2018-09-20,59.01691436767578,59.13727101817225,58.25813580081784,58.4770533289916,29244000
2018-09-21,58.0535774230957,59.265048972174824,58.050607333584175,59.18283115081106,91222000
2018-09-24,58.42207336425781,58.70091791678627,57.0322981784633,57.424070372533805,31150000
2018-09-25,59.13181686401367,59.27891564513962,58.15114698695478,58.654361759934176,33152000
2018-09-26,59.14024353027344,59.79303224318227,58.71132628296164,59.121920418843274,37650000
2018-09-27,59.7989616394043,60.269482702192256,59.33784963752594,59.4344304358346,36274000
2018-09-28,59.78511047363281,59.85296531469847,59.326968432062245,59.63701785926492,35612000
2018-10-01,59.85691833496094,60.63303373026284,59.59243676941261,60.07831470776749,33164000
2018-10-02,59.812835693359375,60.64888185315198,59.4175984138859,59.764792796746484,40180000
2018-10-03,60.0055046081543,60.13675535813761,59.5409236584379,60.02878164563622,26246000
2018-10-04,58.29874801635742,59.72665827904066,57.64397928928279,59.68356930707766,46576000
2018-10-05,57.84109878540039,58.54292035533071,57.17196709374146,58.24574891886128,31852000
2018-10-08,57.251216888427734,58.23881702982609,56.23488698706484,57.453292565610894,46190000
2018-10-09,56.71877670288086,57.53005699594215,56.669248761973,57.0228821143696,33690000
2018-10-10,54.09326934814453,56.31512696976707,54.06107448236265,56.28441714885048,58980000
2018-10-11,54.02293395996094,55.277003296281244,53.28743244957282,53.44344906654606,67696000
2018-10-12,55.4988899230957,55.76089641357545,54.23541154662628,55.45431212814943,49370000
2018-10-15,54.602420806884766,55.56129494262984,54.39340736844821,55.37308724591823,30074000
2018-10-16,56.11997604370117,56.28292663786533,55.063531099842024,55.14921402363379,38378000
2018-10-17,55.84806823730469,56.80941746396931,55.17497262904208,56.46271807500473,35652000
2018-10-18,54.3780632019043,56.08383200188409,53.805017207298626,55.96743923745387,46152000
2018-10-19,54.738128662109375,55.51919800011947,54.33447231843299,54.665323678410985,41286000
2018-10-22,55.04471969604492,55.555854804323616,54.48157778269149,55.10118163613261,27116000
2018-10-23,55.22004318237305,55.373089711407495,53.44196461479365,54.05017549641106,37686000
2018-10-24,52.357784271240234,55.30474452196338,52.255754502866196,55.224506749227025,49286000
2018-10-25,54.65937805175781,55.36416972248822,53.27059289465589,53.505853461516494,72956000
2018-10-26,53.676727294921875,55.32355501761847,51.62029551026963,51.92242087508233,106438000
2018-10-29,51.24882888793945,54.91890718185647,49.88530466369168,54.31019755563432,81290000
2018-10-30,51.980865478515625,52.04971034304068,50.22061879116499,50.519770302765785,59768000
2018-10-31,54.015010833740234,54.87780299388954,52.90655900362725,52.90655900362725,70916000
2018-11-01,53.787174224853516,54.47661284153261,53.383019119692094,54.05561967224516,40132000
2018-11-02,53.06951141357422,54.382517823884484,52.879814877438974,53.93675873770704,43438000
2018-11-05,52.28893280029297,53.16162899679658,51.212675886463686,53.121015100568314,45358000
2018-11-06,52.97441101074219,53.48208093180129,52.18393264129936,52.25376753259809,28660000
2018-11-07,54.889686584472656,54.9733894546815,53.52021829844188,53.663851985386415,43388000
2018-11-08,54.21560287475586,54.88869852264013,53.706942883528534,54.8431344738312,33694000
2018-11-09,53.343406677246094,53.90456471882175,52.71141992848886,53.69010609486829,34860000
2018-11-12,51.97343826293945,53.19878166937508,51.52718794427889,53.1507387670384,34002000
2018-11-13,51.904598236083984,52.83078642825701,51.529667824156036,52.24337743757347,25750000
2018-11-14,52.23197555541992,52.78719336026628,51.56482391849371,52.500421013686946,34666000
2018-11-15,53.0477180480957,53.4350313497898,51.573741122642325,52.07745095531345,41584000
2018-11-16,52.9100227355957,53.11655731088186,52.24782127720158,52.759455073871635,35366000
2018-11-19,50.88677978515625,52.896657719941906,50.66142705236549,52.66832733982751,45684000
2018-11-20,51.03684997558594,51.37859922795724,49.638160673092806,49.88976430223799,54458000
2018-11-21,51.67972946166992,52.238412347646175,51.48309896261575,51.772841386629445,29698000
2018-11-23,51.01951599121094,51.6584366879738,50.94125828564646,51.18791176092487,14178000
2018-11-26,52.29933166503906,52.35182969416798,51.49845048129907,51.70795891914719,31558000
2018-11-27,52.11806106567383,52.83523948335219,51.7822595489403,52.0715069877795,33048000
2018-11-28,54.07494354248047,54.12794037365906,51.65596033677912,52.37462381874214,46042000
2018-11-29,54.21312713623047,54.48900161546981,53.59005445816816,53.665833312341945,31004000
2018-11-30,54.95952224731445,54.95952224731445,53.64849971485874,54.265133413835194,59668000
2018-12-03,55.29186248779297,56.215076706044705,55.06254208871045,56.07441688540029,57532000
2018-12-04,52.62276077270508,55.18686263980358,52.53905790124478,55.12495176237116,45630000
2018-12-06,53.39590835571289,53.46227815392824,51.632687576616355,51.75749937546929,47436000
2018-12-07,51.835750579833984,53.740129888807274,51.47864828479398,53.10616307036286,42682000
2018-12-10,52.162635803222656,52.48060920556832,51.163147772127004,51.655460895725966,33652000
2018-12-11,52.58214569091797,53.01552182319118,52.01008980091573,52.84415218578602,33852000
2018-12-12,53.180450439453125,54.071964752835314,53.093278689920794,53.34637112739864,28960000
2018-12-13,53.17103958129883,53.90802991359745,52.747571305804165,53.276538223023664,24986000
2018-12-14,52.08982849121094,53.08089751742755,51.97393075752267,52.5014126277262,36358000
2018-12-17,50.799110412597656,52.61829777060275,50.35236134415142,51.8570404111921,49932000
2018-12-18,51.67874526977539,52.485071731849246,51.038335729213074,51.21267924120859,43640000
2018-12-19,51.28498458862305,53.278515444177366,50.491041129525485,51.87090842246445,58264000
2018-12-20,50.69658660888672,51.878342153937695,49.91799615528009,50.816444458375656,53674000
2018-12-21,49.09532165527344,51.394442958886465,48.597064588216575,51.115598415898354,104656000
2018-12-24,48.76942443847656,50.12898477901255,48.4222262706209,48.7520875803964,36360000
2018-12-26,51.898651123046875,51.928367134430836,49.16466471352241,49.42915006255567,46318000
2018-12-27,52.14876937866211,52.17056137212432,49.875400053410274,50.82635397793012,45996000
2018-12-28,51.840702056884766,52.709929426871135,51.60890658005902,52.47565887526268,34398000
2018-12-31,51.75550842285156,52.64851152707626,51.16512568821355,52.392940245605,33110000
2019-01-02,52.2369270324707,52.539547399816726,50.78078213895101,50.8758779017609,31868000
2019-01-03,50.79020309448242,52.81048028680112,50.63666530781301,52.03832866084587,41960000
2019-01-04,53.395408630371094,53.49099942047258,51.35432968457756,51.63664314148045,46022000
2019-01-07,53.28892135620117,53.62472286524875,52.63117875643458,53.53903993569578,47446000
2019-01-08,53.75697326660156,54.152210620064864,52.9139929616409,53.78817432618899,35414000
2019-01-09,53.572715759277344,54.06750771618479,53.21214463701567,53.88672902952126,26998000
2019-01-10,53.433048248291016,53.481586161977674,52.73221670000579,53.240381638315014,26598000
2019-01-11,52.72181701660156,53.16262216456006,52.32360582708245,52.99075750720199,30864000
2019-01-14,52.07992935180664,52.423658687231956,51.9333255632035,52.170566217374464,28490000
2019-01-15,53.81342697143555,53.90059872067662,52.22504123950149,52.40185981257521,37518000
2019-01-16,53.96200942993164,54.59845500660492,53.88771940667306,53.98628027527192,38280000
2019-01-17,54.437992095947266,54.516246029884265,53.65246377295928,53.886738117264954,24896000
2019-01-18,54.8431282043457,55.373085114513,54.44590708448727,54.907019135610604,44892000
2019-01-22,53.42314147949219,54.43055732924766,53.039788311433206,54.283454761683664,39632000
2019-01-23,53.70941925048828,54.13239251034095,52.87535686802543,53.83076214878094,25194000
2019-01-24,53.689109802246094,53.88722535152357,52.99669729897395,53.61531101383912,29114000
2019-01-25,54.55635452270508,54.6479814012899,54.07543055106336,54.19578340832691,23260000
2019-01-28,53.48406219482422,54.15319390629137,53.2240357631885,53.98975206757573,29334000
2019-01-29,52.99868392944336,53.725271445601805,52.798588295699666,53.54250889349622,19704000
2019-01-30,54.382022857666016,54.4578017134471,53.32458398148559,53.36024395266371,29452000
2019-01-31,55.76386642456055,55.85202820572741,54.74159635544075,55.08780072853778,40232000
2019-02-01,55.4037971496582,56.185361528979115,55.1873584722836,55.58556588630666,33116000
2019-02-04,56.53305435180664,56.57862218180716,55.348823574183776,55.42311738840056,78408000
2019-02-05,57.05062484741211,57.095202644647664,55.65045048209374,55.94910698648545,82296000
2019-02-06,55.61528396606445,57.15612188924328,55.39091749879368,56.92185134438701,48256000
2019-02-07,54.774288177490234,55.0754197514556,54.164093454177674,55.06700071860629,38298000
2019-02-08,54.599449157714844,54.73416879704021,54.19628782710498,54.22798389842387,21766000
2019-02-11,54.58657455444336,55.14674634608183,54.48157469897458,54.66730733999382,18498000
2019-02-12,55.84756851196289,56.109079965793505,55.02687539109028,55.02687539109028,35036000
2019-02-13,55.89957046508789,56.60387083494993,55.7693097555357,56.11799294693533,28042000
2019-02-14,55.92780685424805,56.271041136525646,55.328015025756656,55.71978722218281,21106000
2019-02-15,55.45381546020508,56.42804638100355,55.30968676611699,56.42804638100355,27826000
2019-02-19,55.79457473754883,55.94959753874557,55.30572672425889,55.30572672425889,21980000
2019-02-20,55.501365661621094,56.013494511628615,55.06353439699271,55.9119597685131,24090000
2019-02-21,54.690086364746094,55.43004679838898,54.38152200992176,55.411719909157085,33272000
2019-02-22,55.301761627197266,55.33593654940632,54.506333133176156,54.96199624347031,29436000
2019-02-25,55.33990478515625,55.73960101249025,55.180423061926454,55.567736358161675,26208000
2019-02-26,55.571693420410156,55.79110594854371,54.813409920313894,55.1932941927383,35026000
2019-02-27,55.61528396606445,55.75594378447066,54.90553834356378,55.17546885796388,22092000
2019-02-28,55.79655456542969,56.165049713858785,55.39339325801775,55.42261425293974,27422000
2019-03-01,56.88469696044922,56.95800073084144,56.01695474562743,56.01695474562743,34086000
2019-03-04,57.12738800048828,57.72668474807139,56.37603477565312,57.18384992601264,35490000
2019-03-05,57.9084587097168,58.27001987356844,57.10758125238154,57.255175051686344,40094000
2019-03-06,57.697967529296875,58.18334669102742,57.60435680159309,58.03575288271264,23602000
2019-03-07,57.000099182128906,57.63060078036951,56.54740617641003,57.478053062165245,30086000
2019-03-08,56.95652770996094,57.12888739781864,55.97734269878941,56.16060027408669,23694000
2019-03-11,58.407222747802734,58.43941383697784,57.03577049822834,57.057067478929234,30032000
2019-03-12,59.29823303222656,59.7172461505951,58.557781414177995,58.557781414177995,42220000
2019-03-13,59.38788604736328,59.787087274672785,59.33092909666815,59.72815026412466,25888000
2019-03-14,59.0644645690918,59.66723031762078,59.00007861423373,59.38590688589189,27302000
2019-03-15,58.954017639160156,59.51963461036805,58.7910670188574,59.335390788168255,51886000
2019-03-18,58.867332458496094,59.18431580610096,58.51716421998373,58.92379438515742,24442000
2019-03-19,59.5562744140625,59.603327277912264,58.91239988123111,59.02433370173847,29788000
2019-03-20,60.74348068237305,60.91980423989819,59.41413134958245,59.50377817309466,41508000
2019-03-21,61.223907470703125,61.23926049004584,60.25562054121966,60.42501010510731,28150000
2019-03-22,59.81333541870117,61.10009085817573,59.731612608659276,60.86334523951643,34422000
2019-03-25,59.3046760559082,59.901992830501676,58.93915475294564,59.41264977385646,27576000
2019-03-26,58.93122863769531,59.81333390286845,58.531037409094154,59.69149221330397,30752000
2019-03-27,58.34530258178711,59.03424619437144,57.66279416302155,59.03424619437144,29428000
2019-03-28,58.061004638671875,58.3076580951719,57.623173403504914,58.22098514220838,22402000
2019-03-29,58.28984069824219,58.640504029894316,57.76929275507036,58.45278754236231,30890000
2019-04-01,59.3839225769043,59.444344628932846,58.75886986319586,58.81731185548313,27706000
2019-04-02,59.70883560180664,59.72220856380034,59.00057496734349,59.43692122709496,18288000
2019-04-03,59.969844818115234,60.45472893848953,59.686046339506525,60.06345176198101,22180000
2019-04-04,60.39777374267578,60.45225561558731,59.882179788501375,59.99361860900588,21022000
2019-04-05,60.00154495239258,60.44433394069537,59.93121504131387,60.3903470806276,20012000
2019-04-08,59.84454345703125,60.12536809285605,59.66722985164564,59.98470826746021,21750000
2019-04-09,59.56766891479492,59.78856648653898,59.354200345515004,59.52804882789943,19668000
2019-04-10,59.75389862060547,59.877225356022,59.46713004657108,59.68654258117784,15510000
2019-04-11,59.90941619873047,60.06543280289352,59.65929764016245,59.87524127700865,16998000
2019-04-12,60.56022644042969,60.5760744751143,60.09267540857569,60.208074343061426,24312000
2019-04-15,60.74843215942383,60.88562686056802,60.15557435661403,60.6275805073459,23796000
2019-04-16,61.01490783691406,61.2164885172734,60.674643608587346,60.92030707335548,22622000
2019-04-17,61.42252731323242,61.66819077480906,61.06393997782086,61.26700570048232,30366000
2019-04-18,61.488399505615234,61.709792109209396,61.386369744232624,61.66323425246353,24750000
2019-04-22,62.097103118896484,62.125829100059825,61.08721219258896,61.25065781074722,19084000
2019-04-23,62.9306640625,63.120855582684385,62.00843999729059,62.23974042528881,31868000
2019-04-24,62.40863800048828,63.09956549183258,62.39675386323464,62.93067092945153,23396000
2019-04-25,62.76970291137695,63.04012843302719,62.30710579287008,62.91630668366039,31344000
2019-04-26,63.268951416015625,63.3427502080742,62.653806553854444,63.068855797179076,27228000
2019-04-29,64.19910430908203,64.23724691336588,62.98614757616207,63.42199881510719,72368000
2019-04-30,59.3829345703125,59.482980493015035,58.592456151515655,58.9703603907374,133178000
2019-05-01,58.11301803588867,59.39729845052437,58.03179023763343,59.31062170897344,74340000
2019-05-02,57.775726318359375,58.41316197905627,57.37058114536193,58.07735668615716,45098000
2019-05-03,58.9168701171875,59.008497009406334,58.12441161744847,58.3155894200725,41588000
2019-05-06,59.11052322387695,59.208094068561614,58.006031540219304,58.047635467254594,31774000
2019-05-07,58.38740158081055,59.17540107837916,57.7009330420746,58.73162587999779,36604000
2019-05-08,57.987213134765625,58.65535481751742,57.83119651976779,58.30964167835988,25520000
2019-05-09,57.8480339050293,58.15015927532852,57.187816247709954,57.58206729687322,29556000
2019-05-10,57.831687927246094,58.25961508477187,56.77821308268988,57.891123724190116,31650000
2019-05-13,56.293819427490234,57.05557177677972,55.744549388013766,56.7222453726447,45626000
2019-05-14,55.712852478027344,56.703921474560765,55.646977706064455,56.5776246522516,40392000
2019-05-15,57.98820877075195,58.359674058571315,55.541489532451536,55.59844648520321,59302000
2019-05-16,58.666751861572266,59.145200863509906,57.87181823124417,58.039719006052216,35308000
2019-05-17,57.88815689086914,58.75540421154692,57.77126912112562,58.23733515521206,25362000
2019-05-20,56.69352722167969,57.106596425890835,56.37059986450055,57.106596425890835,30602000
2019-05-21,57.177913665771484,57.35423723179189,56.62665973791251,57.17989372553306,20562000
2019-05-22,57.247745513916016,57.64050772893197,57.00753102470528,57.01991395503631,18826000
2019-05-23,56.727195739746094,56.96047623354402,56.1239388444295,56.763354499690244,25214000
2019-05-24,56.39386749267578,57.173942928100786,56.2997617628982,57.057055177570355,18554000
2019-05-28,56.44092559814453,57.279446876061826,56.39684281844969,56.53602136651418,20948000
2019-05-29,55.46916961669922,56.21507014854545,55.073433550766815,56.101152484717936,36230000
2019-05-30,55.5419807434082,55.80894117082196,55.269076357887755,55.479574851397985,18088000
2019-05-31,54.80351257324219,55.14525806654625,54.647495944049716,54.760918612666295,31582000
2019-06-03,51.447444915771484,52.84712427053818,50.86746498610896,52.84365916583414,96890000
2019-06-04,52.227516174316406,52.423156649981955,51.31321606515813,51.73222918806008,60512000
2019-06-05,51.739662170410156,52.342427899855494,51.163151127283896,52.25278106936707,46988000
2019-06-06,51.894195556640625,52.00513937028514,51.28746968640201,51.817426669787686,29020000
2019-06-07,52.914974212646484,53.165591571456794,52.06208997056397,52.21711654901415,43828000
2019-06-10,53.62770080566406,54.22600764936427,53.2572255502243,53.342413471305406,28510000
2019-06-11,53.542503356933594,54.68017990988899,53.46969837559754,54.33248671698533,33508000
2019-06-12,53.44642639160156,53.61581220163735,52.975901435552714,53.48852533662474,23670000
2019-06-13,54.03630447387695,54.3126739472221,53.61828515943939,53.724275032800136,20814000
2019-06-14,53.80302810668945,54.22204126191132,53.564302421133014,53.97340771977123,24582000
2019-06-17,54.178951263427734,54.54496758160116,53.88722875326578,53.941710627224865,19770000
2019-06-18,54.741092681884766,55.4117093288629,54.520690153199546,55.051142022347165,34526000
2019-06-19,54.7049446105957,54.94862799986809,54.28494143117882,54.84015926631977,26714000
2019-06-20,55.135353088378906,55.60686807310888,54.82827376352912,55.5563463162241,24018000
2019-06-21,55.73811340332031,55.797545423876116,54.96298805282617,54.96992204047367,50774000
2019-06-24,55.30870056152344,55.648964769329886,55.14079980363629,55.47214618485859,24236000
2019-06-25,53.86642837524414,55.25917374934614,53.71883078476726,55.22846770684191,31644000
2019-06-26,53.506839752197266,54.23986611616622,53.178467278635104,54.03580661884397,34698000
2019-06-27,53.3240852355957,53.910009091065085,53.28545139859072,53.82531619310023,24078000
2019-06-28,53.629676818847656,53.629676818847656,53.18391775426052,53.35380234736618,33672000
2019-07-01,54.4815673828125,54.90701946974309,54.250266944117506,54.53307538431307,29196000
2019-07-02,55.10563278198242,55.1199957724804,54.46522705253358,54.72079457064714,20630000
2019-07-03,55.620235443115234,55.86787893797962,55.21707035221,55.39784904541384,20154000
2019-07-05,56.09967041015625,56.19773626639977,55.348320895974794,55.440937809373715,29794000
2019-07-08,55.31315612792969,55.829245080339426,55.06402758839945,55.762875293624795,29888000
2019-07-09,55.68462371826172,55.86144229949039,54.83569954537963,54.99270619274252,29472000
2019-07-10,56.507789611816406,56.578614532807784,56.00011969183187,56.08233751346823,30710000
2019-07-11,56.664791107177734,57.118474159996595,56.43943840423294,56.7678108891987,26004000
2019-07-12,56.727195739746094,56.83417941740718,56.39139425984253,56.60783291091174,21878000
2019-07-15,56.98326110839844,56.991680140256236,56.46271327552816,56.72719481852239,21164000
2019-07-16,57.12937545776367,57.3829629193265,56.79604524632586,56.79604524632586,25352000
2019-07-17,56.796539306640625,57.376024149799775,56.790595349141704,57.00356889561127,19538000
2019-07-18,56.82130813598633,56.86737097801879,56.109087419897726,56.56177670723543,25450000
2019-07-19,56.04419708251953,57.03625607778536,56.029339077859674,56.92432224919067,23184000
2019-07-22,56.42359161376953,56.46371049735105,55.730192806459634,56.23835399560529,28914000
2019-07-23,56.861427307128906,56.901546191159234,56.10859268845329,56.6335957280726,20648000
2019-07-24,56.449344635009766,56.733143116619324,55.89363180878285,56.097196306050485,27192000
2019-07-25,56.26163101196289,56.64052525562124,55.65589523702844,56.410709856091835,54762000
2019-07-26,61.674129486083984,62.82170635326538,60.82124521023949,60.82124521023949,121216000
2019-07-29,61.506717681884766,61.86084983922618,60.930202908884525,61.53940755984886,41382000
2019-07-30,60.82124328613281,61.26254341552007,60.68850371388368,60.77171156462741,28616000
2019-07-31,60.33586120605469,61.163484590606885,59.83958418427697,60.666217538983844,39960000
2019-08-01,60.01789093017578,61.23233264202327,59.78114152891506,60.30763338210096,35426000
2019-08-02,59.25217819213867,59.90496309369341,58.939154923667154,59.583029556178026,34910000
2019-08-05,57.19326400756836,58.289336617722995,56.59892113529309,58.095676201639506,47840000
2019-08-06,58.002071380615234,58.513206420620904,57.52907138432887,57.726691926979775,36014000
2019-08-07,58.24129867553711,58.43743040415637,56.99961222052724,57.34433156922909,30686000
2019-08-08,59.74102020263672,59.74547533670877,58.146690581927615,58.762330406598984,30116000
2019-08-09,58.88467788696289,59.65534442650659,58.68606729348604,59.43395180738149,20418000
2019-08-12,58.17146301269531,58.721726960220906,57.88518942303042,58.44387240404079,22064000
2019-08-13,59.272483825683594,59.70338490800116,58.09667590711385,58.164031951349386,28434000
2019-08-14,57.66379165649414,58.58205192910055,57.50628999430948,58.24922050938354,35430000
2019-08-15,57.91489791870117,58.26655122813424,57.60187844552222,57.87081891831931,28506000
2019-08-16,58.40473937988281,58.63405977872927,58.0971688315923,58.48299708680703,24916000
2019-08-19,59.45623016357422,59.899514131027765,58.95896311915331,59.02978803946685,24450000
2019-08-20,58.61870193481445,59.335385321885944,58.59492988143493,59.20413456650774,20206000
2019-08-21,59.01741409301758,59.462183172922515,58.836140359117856,59.227417590088315,14152000
2019-08-22,59.014442443847656,59.37401981220162,58.38988469151701,59.12736631862318,17352000
2019-08-23,57.13532257080078,59.219985517577456,56.95800896601659,58.69993261986993,36254000
2019-08-26,58.00701904296875,58.040698950826204,57.198217575695054,57.42604913459214,21166000
2019-08-27,57.98918914794922,58.69150570578773,57.67913977806216,58.59244982368734,23460000
2019-08-28,58.13431167602539,58.3695722454839,57.4656749811865,57.6944965778,16810000
2019-08-29,59.1491584777832,59.39432313270513,58.70537946670605,58.76184140064321,19636000
2019-08-30,58.96540069580078,59.45177362182627,58.72716627119563,59.45177362182627,18064000
2019-09-03,57.92628860473633,58.89358173147138,57.6370411950292,58.53548946301978,25908000
2019-09-04,58.55628967285156,58.68556035440219,58.02435272130045,58.416619899935036,21312000
2019-09-05,60.03819274902344,60.12783957065317,59.07238087972799,59.120423776802696,26394000
2019-09-06,59.747459411621094,60.07583189032738,59.595897941558604,59.887129187892,18972000
2019-09-09,59.695465087890625,60.45226367280449,59.0961681847281,59.78511192692685,31854000
2019-09-10,59.71675109863281,59.92972465143627,59.2368171377731,59.240781035803494,27922000
2019-09-11,60.425010681152344,60.54734737964081,59.54736059340152,59.627103337747535,23522000
2019-09-12,61.16646194458008,61.535448356203645,60.55180830394123,60.59688111565111,31644000
2019-09-13,61.41707229614258,61.467594048380136,60.77567654585852,61.02480508761392,23676000
2019-09-16,61.001033782958984,61.367050090007304,60.682066566772484,60.942092997539106,28218000
2019-09-17,60.91435623168945,61.16794368622437,60.59093388545209,61.00103296703228,20806000
2019-09-18,61.05155563354492,61.22936425221609,60.25018309085934,60.93219278907387,17440000
2019-09-19,61.353675842285156,61.63054033236928,61.03471241152999,61.03520742645036,16554000
2019-09-20,60.91238021850586,61.55427102564121,60.602330812102906,61.10058792815853,37692000
2019-09-23,61.152587890625,61.39973636118914,60.61222811246321,60.750412844824034,20798000
2019-09-24,60.34230422973633,61.76773947200339,59.96142989794743,61.41559112261681,35804000
2019-09-25,61.70979309082031,61.81281288374729,59.89010675908413,60.227397105585325,26798000
2019-09-26,61.52900695800781,61.64688852899052,61.01044291937786,61.52157795529746,23166000
2019-09-27,60.71971130371094,61.66273743368935,60.187275503275984,61.55575374716802,34122000
2019-09-30,60.481468200683594,60.7920125658482,60.09910889234465,60.454722282883644,24470000
2019-10-01,59.73161315917969,61.06195637684846,59.7093261504374,60.5483424734457,24504000
2019-10-02,58.340843200683594,59.37302107400408,58.0788367237423,59.26108724560142,33030000
2019-10-03,58.91092300415039,58.98868191569401,57.60881454798401,58.60929264181459,28368000
2019-10-04,59.977272033691406,60.05156583590806,58.98719309568253,59.15162873462561,24282000
2019-10-07,59.843048095703125,60.37102495570478,59.65038148991235,59.78113722294583,17040000
2019-10-08,58.945587158203125,59.77469553330742,58.913392296636005,59.373514305272415,20086000
2019-10-09,59.55331039428711,59.85345571982782,59.34132685384259,59.500317343231046,15948000
2019-10-10,59.903472900390625,60.20807333110587,59.32844696105802,59.36509695767759,12842000
2019-10-11,60.21253204345703,60.85838667809591,60.110007277504806,60.624611166876676,22330000
2019-10-14,60.3145637512207,60.71624001723558,60.0228412570052,60.12239215803119,13296000
2019-10-15,61.52653503417969,61.76872960391588,60.47058499923212,60.49931098168188,27584000
2019-10-16,61.56418228149414,62.11840634821571,61.34278588505579,61.50524148969272,22986000
2019-10-17,62.049556732177734,62.591896619054,61.90443799931357,61.980216852267894,20958000
2019-10-18,61.63401412963867,62.31255494115907,61.422525600840814,62.143169135128964,31624000
2019-10-21,61.6275749206543,62.08472312369092,61.41509636274962,61.846492451752454,18094000
2019-10-22,61.47502517700195,61.84797548014588,61.408160372457424,61.63747698893606,22862000
2019-10-23,62.288780212402344,62.309087161104465,61.42599184688121,61.42599184688121,21282000
2019-10-24,62.362083435058594,62.54979612109488,62.02726818128927,62.362083435058594,20224000
2019-10-25,62.619136810302734,62.80239436430481,61.86877729263344,62.00993212550449,27104000
2019-10-28,63.84150695800781,64.34967194914378,63.01586732458095,63.149098148922654,65428000
2019-10-29,62.43885040283203,63.43635836701717,62.188728055352335,63.19861894999268,52654000
2019-10-30,62.44083023071289,62.80338142330192,61.94306816967609,62.16594580208306,29204000
2019-10-31,62.34672927856445,62.72909243340276,61.88512216475755,62.406165081845984,31904000
2019-11-01,63.01288604736328,63.05003483856264,62.39179725510507,62.69342760399186,28812000
2019-11-04,63.87271499633789,64.01585368483414,63.20407820876276,63.20407820876276,30632000
2019-11-05,63.963348388671875,64.25061578005169,63.86132240188837,63.95146047184147,25148000
2019-11-06,63.942047119140625,64.0401129795622,63.50916977995855,63.89648307224777,24626000
2019-11-07,64.73104095458984,65.50913642827285,64.07775726396068,64.10400439218024,45140000
2019-11-08,64.83306884765625,65.23474892425246,64.46259360711396,64.46259360711396,30392000
2019-11-11,64.30210876464844,64.62998996037321,64.182745952495,64.58540839592513,17234000
2019-11-12,64.24911499023438,64.85039558450602,64.10201621713067,64.31647480140748,28852000
2019-11-13,64.19810485839844,64.51211812874304,63.99850426915484,64.04951725531191,20538000
2019-11-14,64.84049224853516,65.16590220608438,64.08716267984857,64.13966449078022,28948000
2019-11-15,66.04849243164062,66.04849243164062,64.97619204091342,65.13270742010488,39286000
2019-11-18,65.36994934082031,66.06731572154162,65.18768561821011,65.98905802582371,27984000
2019-11-19,65.0108871459961,65.70626608415921,64.97027324331287,65.70626608415921,21864000
2019-11-20,64.47943878173828,65.04158683309186,63.852900998893205,64.94995994288024,28892000
2019-11-21,64.39424896240234,64.9380701081525,63.929169200759176,64.35016618156962,25546000
2019-11-22,64.07379150390625,64.72905519662515,63.86032294115784,64.53589358098802,27776000
2019-11-25,64.66665649414062,64.90291089728889,64.16988817490127,64.20208304254504,23590000
2019-11-26,65.03118133544922,65.08120429211198,64.58740614051993,64.87813481854676,21910000
2019-11-27,64.98809814453125,65.26100632608322,64.85635614290256,65.15105254099282,18808000
2019-11-29,64.58988189697266,64.88011935887761,64.54728793969487,64.71420244296621,12802000
2019-12-02,63.83556365966797,64.65675189694149,63.415556699485414,64.51410445882281,26538000
2019-12-03,64.12679290771484,64.25012342989662,63.250631535810925,63.33037051121015,25270000
2019-12-04,65.32537078857422,65.58936107144336,64.53835764588882,64.68942408441825,35506000
2019-12-05,65.72259521484375,65.77311696145986,65.0965563331027,65.7245752743222,24408000
2019-12-06,66.3382339477539,66.49078165743002,65.93408265370638,66.0093627000816,32968000
2019-12-09,66.51654815673828,67.2376904568224,66.17380888078105,66.31199740277347,30842000
2019-12-10,66.5115966796875,66.7646891227079,66.07128278810355,66.36548792156054,17606000
2019-12-11,66.57897186279297,66.85831149783209,66.42295521256442,66.77956253952064,20480000
2019-12-12,66.78895568847656,67.0905822648884,66.2793094804911,66.5274442148583,29114000
2019-12-13,66.70873260498047,66.93062026081978,66.45068995780822,66.7597456048754,33170000
2019-12-16,67.3936996459961,67.53386065482265,66.89395377790245,67.11138245384012,28128000
2019-12-17,67.10594177246094,67.57349283681637,66.9018822520675,67.47839706461865,32948000
2019-12-18,66.95833587646484,67.33079112240108,66.8865247093913,67.21043826661847,23330000
2019-12-19,67.18270874023438,67.23669937658612,66.80183442609396,66.95834227718696,28922000
2019-12-20,66.92416381835938,67.5571405133204,66.8998967517064,67.51256649926894,50090000
2019-12-23,66.89495849609375,67.45066761951652,66.76469775638785,67.29613980884312,19936000
2019-12-24,66.5878677368164,66.9633006692763,66.57499734842783,66.87414507807253,13468000
2019-12-26,67.48136138916016,67.51752392838698,66.64135510441135,66.69286688442598,23662000
2019-12-27,67.09355926513672,67.70820909157774,67.01233147299867,67.55714262925474,23212000
2019-12-30,66.35409545898438,67.21044867126749,66.26147853741799,67.20103960824423,19994000
2019-12-31,66.3382339477539,66.40113484384676,65.97865666369745,66.15993035031083,19514000
2020-01-02,67.78894805908203,67.78894805908203,66.68990896520182,66.7850047466292,27278000
2020-01-03,67.43431091308594,68.0400504709422,66.73100429191261,66.76468797907017,23408000
2020-01-06,69.23171997070312,69.2569770701854,66.91328147980676,66.94447875888001,46768000
2020-01-07,69.09798431396484,69.51353233718912,68.92215954793207,69.36296466843042,34330000
2020-01-08,69.58980560302734,69.92709593901122,68.97515574809637,69.08362070220888,35314000
2020-01-09,70.32034301757812,70.76064927715896,69.84585428237752,70.42632909719161,33200000
2020-01-10,70.77452850341797,71.07071369356099,70.31094513609989,70.79979315832976,26258000
2020-01-13,71.32282257080078,71.3946337502019,70.59673007741598,71.08606938019891,30730000
2020-01-14,70.8552474975586,71.45157029196454,70.71557019084531,71.32130960272582,26076000
2020-01-15,71.28170776367188,71.35996547159147,70.9082624349284,70.97562225633712,21550000
2020-01-16,71.82453918457031,71.85128510444423,71.32132441350373,71.59125490803231,26080000
2020-01-17,73.27869415283203,73.3297071376885,72.14102145826104,72.43769786322783,52424000
2020-01-21,73.4139175415039,73.7918217589049,72.81758704437881,73.25294322283658,48930000
2020-01-22,73.494140625,74.32176770966639,73.43421737387162,73.78438560666041,28458000
2020-01-23,73.53474426269531,73.97109792534744,73.31830565130085,73.67640162964172,26650000
2020-01-24,72.61749267578125,74.0057789848921,72.46939630777668,73.93742914042214,29786000
2020-01-27,70.9117431640625,71.15195771372396,70.30600346389214,70.90233409958779,34132000
2020-01-28,71.84138488769531,72.05435468204043,70.84387306528185,71.40750994470905,29724000
2020-01-29,72.1484603881836,72.51695556905503,71.58829239250339,72.2356283657092,21566000
2020-01-30,72.02710723876953,72.07663139998583,71.07367833497524,71.2272160824604,27110000
2020-01-31,70.96372985839844,72.79084128159816,70.68042261440853,72.70119445661328,43822000
2020-02-03,73.4312515258789,73.61451286401599,72.14400103298378,72.39362460503492,71636000
2020-02-04,71.58927154541016,72.67543244592652,70.43129192072453,72.0389944559795,95880000
2020-02-05,71.62096405029297,72.5387291551903,70.81018261463366,72.49068626275275,36376000
2020-02-06,73.10289001464844,73.37975834461412,71.84040519441923,71.91469523627983,37822000
2020-02-07,73.25838470458984,73.56249010126338,72.5798440118555,72.67790985909912,28360000
2020-02-10,74.72196197509766,74.73285986028971,73.06473523545293,73.16527994044252,38302000
2020-02-11,74.79130554199219,75.77296925292642,74.56297896523482,74.95029224248354,34852000
2020-02-12,75.21577453613281,75.29848359745186,74.72246758542563,75.07857604388263,31042000
2020-02-13,74.95623016357422,75.5783089088259,74.4911504810934,74.7883256590214,22914000
2020-02-14,75.22071075439453,75.28609050192331,74.56791842376306,75.0126911554199,23198000
2020-02-18,75.2558822631836,75.80664112300143,74.83835420554657,75.00328863329595,25642000
2020-02-19,75.52481079101562,75.81554697289212,75.33214800223014,75.64021348135236,22746000
2020-02-20,75.13452911376953,75.6337761266439,74.50402381873347,75.23457501077878,25962000
2020-02-21,73.47383880615234,74.83538676344855,73.22768413990144,74.51988466489536,42520000
2020-02-24,70.32382202148438,71.1420402031771,69.67648603093434,70.48181870840796,49560000
2020-02-25,68.66263580322266,71.1653181693282,68.37041825916344,70.87557947889884,51580000
2020-02-26,68.86817169189453,70.0172411870808,68.17873301777479,69.0915481294338,49776000
2020-02-27,65.12776184082031,67.82460319145274,65.09259688693432,67.31643824425866,62290000
2020-02-28,66.33130645751953,66.48979435203007,62.81278602113191,63.11491136369297,80198000
2020-03-02,68.66263580322266,68.71958897686436,65.63544161250786,66.93260002156951,55430000
2020-03-03,66.25553131103516,69.74581720018458,65.83552438581239,69.22527312469211,56602000
2020-03-04,68.42884063720703,68.48728261776682,66.21985771469289,67.30750733530888,47598000
2020-03-05,65.11834716796875,67.04353186949021,64.46853243135237,66.64333311435507,54380000
2020-03-06,64.17631530761719,64.5235059054262,62.26797243761164,62.89896905456568,64640000
2020-03-09,60.21649932861328,62.046089626823395,59.33736414820625,59.680103417131555,69252000
2020-03-10,63.15751266479492,63.19119257438766,60.15310073180695,62.12830858804805,54872000
2020-03-11,59.974300384521484,62.254108628293366,58.99561431064682,61.82519142092742,54732000
2020-03-12,55.053627014160156,58.877243337501,54.90107928007686,55.601910852958376,94326000
2020-03-13,60.14122009277344,60.14765906610277,55.09028007104218,58.19573191344434,79400000
2020-03-16,53.14430236816406,56.73364468343474,52.85109101159677,53.96697192726279,96520000
2020-03-17,55.37605285644531,55.76931006166168,51.960555968807775,54.017977635706046,83194000
2020-03-18,54.04521942138672,54.7287140658497,51.361256241199044,52.497447671365784,93044000
2020-03-19,55.059566497802734,57.08727222944788,52.2800162642796,53.898117948670354,74064000
2020-03-20,52.90705108642578,56.387432973532285,52.604430705586964,56.01200383327532,82878000
2020-03-23,52.209686279296875,52.84266296544348,49.96801697312934,52.320630076713535,83672000
2020-03-24,55.96792984008789,56.13236549808536,53.80946810012896,54.67869926293057,72468000
2020-03-25,54.561805725097656,56.76830635581519,53.64007662230573,55.69898345564313,90324000
2020-03-26,57.59791564941406,58.02188271152003,54.08682765203497,55.21063246321199,76562000
2020-03-27,54.9897346496582,57.01001149074951,54.679685261396536,55.842123904598736,62794000
2020-03-30,56.775245666503906,57.00753615927192,54.40678424766814,56.09818990150613,58736000
2020-03-31,57.54987335205078,58.116975309708685,56.30026293947802,56.895104627215595,65228000
2020-04-01,54.58557891845703,55.93870409870114,54.159136788243345,55.67025863980762,51970000
2020-04-02,55.325042724609375,55.60933621040078,54.14130715012959,54.48156755049608,56410000
2020-04-03,54.12001037597656,55.41221477032094,53.24731792183612,55.210139089344835,51374000
2020-04-06,58.601863861083984,58.97629920825369,55.71978862877884,56.11601974830172,63320000
2020-04-07,58.570655822753906,60.4636457550222,58.30765931147763,60.27691932785058,61620000
2020-04-08,59.78114318847656,60.17242039679678,58.63950642975912,59.58798154849749,40334000
2020-04-09,59.75984191894531,60.5235743759765,59.059010366258434,60.33487166294358,54028000
2020-04-13,59.950035095214844,60.1535995978349,58.55926983766794,59.50873494414131,38702000
2020-04-14,62.66520309448242,63.186242246125516,60.847991811462485,61.41410755509722,63358000
2020-04-15,62.272430419921875,63.15453560876538,61.118410909632544,61.73801461732432,42236000
2020-04-16,62.278865814208984,63.06785908360242,61.32643072122972,62.75978978086083,57896000
2020-04-17,63.34720993041992,63.89202489079497,62.70333529986939,63.480935761731786,51050000
2020-04-20,62.46311950683594,63.239234907850815,62.229838995215836,62.89600062078531,35292000
2020-04-21,60.036712646484375,61.910877022844375,59.68208545002198,61.54981463207229,49648000
2020-04-22,62.32741165161133,63.39079060980057,61.276906860069985,61.470563498325916,46296000
2020-04-23,62.95939254760742,63.80039263918321,62.43240950578446,62.69045208401483,34202000
2020-04-24,63.22834014892578,63.283317036081904,61.613703473045874,62.1585184165666,37402000
2020-04-27,62.94404220581055,64.09509171939635,62.65677484233892,63.99107812534568,44186000
2020-04-28,61.048583984375,63.632494003689644,60.93912522068392,63.55523388415956,80700000
2020-04-29,66.47643280029297,67.36646210279096,65.7112152796946,66.61610258783683,108358000
2020-04-30,66.7002944946289,66.86374009954754,65.45216923000982,65.94052598518793,55842000
2020-05-01,65.24514770507812,66.93457706750878,64.86576219710645,65.58045798829897,48872000
2020-05-04,65.52151489257812,65.59928136149354,64.18969042697206,64.78998106117524,30806000
2020-05-05,66.81520080566406,67.90433941720575,66.12230084826514,66.24463377015354,39666000
2020-05-06,66.63740539550781,67.78944507226947,66.62254738856387,67.25998309338922,31732000
2020-05-07,67.81865692138672,68.15149590002073,66.98954845815923,67.42391462370928,30652000
2020-05-08,68.56455993652344,69.17376079965929,67.95387024993067,68.43974816296604,33326000
2020-05-11,69.51797485351562,70.1093475675794,68.126718586014,68.1906095115692,32718000
2020-05-12,68.11087799072266,70.049923203942,68.07769309780234,69.74730660582867,33918000
2020-05-13,66.78102111816406,68.61358886479172,65.7745991923848,68.15940704714981,40368000
2020-05-14,67.20352172851562,67.22877882903954,65.54133697922438,66.04752192204047,36660000
2020-05-15,68.00587463378906,68.08115468837015,66.31892426099792,66.77756502722245,41544000
2020-05-18,68.6061782836914,68.98160371309841,67.07177534549324,67.43730047470451,47094000
2020-05-19,68.0722427368164,68.96821215456,68.04054666803748,68.62102154900354,31586000
2020-05-20,69.79387664794922,69.93602531425306,68.71712449570084,68.80330245528735,38262000
2020-05-21,69.67450714111328,70.1554274195608,69.06232853947765,69.88450685474919,30894000
2020-05-22,69.99593353271484,70.18215736997556,69.13958048504284,69.53333269254743,28544000
2020-05-26,70.39860534667969,71.57442074037448,70.30103828130237,71.41840412552945,44590000
2020-05-27,70.34461212158203,70.59572446966092,69.07271866950138,70.33074414798452,31684000
2020-05-28,70.24358367919922,71.54222318725598,69.29461363754203,69.3401776820852,35170000
2020-05-29,71.0003890991211,71.15937581319436,70.1316567331601,70.35205553253827,37044000
2020-06-01,71.06723022460938,71.39957032982132,70.4436626957626,70.61305601283412,25162000
2020-06-02,71.43572998046875,71.46990489926614,70.41048241654713,71.07367384715906,23442000
2020-06-03,71.28418731689453,71.76758643044298,70.9062830710981,71.45506194687327,27732000
2020-06-04,70.0484390258789,71.38671004458558,69.63784868950184,71.16184478167695,26982000
2020-06-05,71.32231903076172,71.63336223365884,69.71758640754899,70.1148075544808,42642000
2020-06-08,71.71954345703125,71.76708756566157,70.55264582472356,70.64180141994083,33878000
2020-06-09,71.91962432861328,72.69821850375527,71.4382053488639,71.58085276794318,33624000
2020-06-10,72.54469299316406,72.9443854607301,72.03256788922275,72.38669630726893,31762000
2020-06-11,69.43428802490234,71.89586510053333,69.26143333989086,71.37234333854855,47144000
2020-06-12,69.98009490966797,71.04941785617385,68.63687377649948,70.6209918779244,36676000
2020-06-15,70.3674087524414,70.578398478052,68.70621419670628,68.8196368559929,30468000
2020-06-16,71.64179229736328,72.17174554651024,70.77602993176957,71.76709533446747,30648000
2020-06-17,71.9424057006836,72.42085456167905,71.08011249695168,71.96222140981246,30610000
2020-06-18,71.03010559082031,71.96371893186135,70.63981463059542,71.80919113015118,34862000
2020-06-19,70.56057739257812,71.54421373741724,70.28123023294962,71.32133607368311,52784000
2020-06-22,71.84930419921875,71.8636709690492,70.29064192851833,70.57889933770979,29442000
2020-06-23,72.50902557373047,73.06474219667734,71.56897330290289,71.91567270014066,37752000
2020-06-24,70.95977020263672,73.09395715763489,70.82604059730271,72.47435717496697,31592000
2020-06-25,71.37581634521484,71.43623840216229,70.30797457430236,70.88646948000576,23958000
2020-06-26,67.48484802246094,71.17374540800876,67.11140263408807,70.95631666669075,97640000
2020-06-29,69.20001220703125,69.24112489792789,66.94546479006696,67.37587083037111,45074000
2020-06-30,70.23416137695312,70.52885771285644,68.69282865102589,69.18564429876447,40286000
2020-07-01,71.42039489746094,71.74134600155978,70.04250739980611,70.28965970171213,42182000
2020-07-02,72.80372619628906,73.72446915928498,71.86961405030723,71.90775665433772,57218000
2020-07-06,74.27571105957031,74.78833490399879,73.1528963084758,73.70613404852509,44712000
2020-07-07,73.79379272460938,75.34899338827412,73.78289484015339,74.10136699755626,42364000
2020-07-08,74.47135925292969,74.84629341453271,73.91168248222009,74.33267948704277,31766000
2020-07-09,75.2172622680664,75.73632515529542,74.07463920841407,74.78487612661692,41836000
2020-07-10,76.22516632080078,76.34056904013117,74.32871496647132,74.94930499270149,35918000
2020-07-13,74.8987808227539,78.07505320173149,74.61795246148593,76.76650594695862,42954000
2020-07-14,75.32621002197266,75.42229581077112,73.59617458746148,73.93594373114567,38108000
2020-07-15,75.12908172607422,76.09241082547568,74.18556077756303,75.44358618975181,31026000
2020-07-16,75.03202056884766,75.081053498292,73.71207647834652,74.3673402136335,26484000
2020-07-17,75.12760925292969,75.45351046496295,74.19894610484987,75.13057934258785,34264000
2020-07-20,77.4549789428711,77.71104152636076,74.42679440858379,75.03599542365133,30166000
2020-07-21,77.06269073486328,78.60452239445694,76.89924512180716,78.50447647844284,27486000
2020-07-22,77.5049819946289,77.61047684984354,76.43417029318135,77.05228897741014,24482000
2020-07-23,75.12265014648438,77.77738851823163,74.71849127676111,77.55847101983466,33910000
2020-07-24,74.69967651367188,75.05727377046667,73.67839652345768,74.25293122887126,29902000
2020-07-27,75.75067901611328,76.15334911512461,74.90374244743394,74.94980528884972,27124000
2020-07-28,74.47383117675781,75.58128914093209,74.31880459512638,75.53126618262182,30910000
2020-07-29,75.45747375488281,75.9438429611725,74.44213382549296,74.54069848439703,22676000
2020-07-30,76.19346618652344,76.3182779617759,74.05382279794463,74.19250254822516,36042000
2020-07-31,73.69621276855469,74.54166786261509,72.01471164088001,74.14692565761855,91468000
2020-08-03,73.43917846679688,74.18062017124197,72.89237966344939,73.84729750950987,45482000
2020-08-04,72.97065734863281,73.95182259186058,72.51152518924707,73.63483911541344,37212000
2020-08-05,73.25740051269531,73.7977603028216,72.8676083882849,73.1449754464307,29134000
2020-08-06,74.53821563720703,74.60359539633092,72.90129570804297,73.11179419733642,33306000
2020-08-07,74.21232604980469,75.28808803596695,73.61302541373514,74.74079797982189,27718000
2020-08-10,74.13555145263672,74.64717771948666,73.17815479783029,73.83738620246639,20546000
2020-08-11,73.32921600341797,74.81012673459853,73.21282326551187,73.99586880540706,31098000
2020-08-12,74.65162658691406,74.87104286814231,73.55010894073284,73.65511255081053,22512000
2020-08-13,75.1176986694336,76.12412825065051,74.69967934829317,74.69967934829317,22388000
2020-08-14,74.52236938476562,75.273227709081,74.24352104005268,74.9671346484646,21942000
2020-08-17,75.0973892211914,75.47084207168449,74.54069016477087,75.08402003992009,19990000
2020-08-18,77.0557632446289,77.13451218568095,75.36634150474427,75.58674029245068,28378000
2020-08-19,76.50252532958984,77.70359782783095,76.27419874587514,76.89280870825378,30472000
2020-08-20,78.06962585449219,78.26377754308974,75.99982072741331,76.27272136872347,26382000
2020-08-21,78.03594970703125,78.84376130062248,77.37919704497368,77.84921946486926,34838000
2020-08-24,78.51041412353516,79.68078050408558,78.00967820848737,78.87296152708002,25638000
2020-08-25,79.53567504882812,79.68574394303413,78.15035104961208,78.2603048362769,25150000
2020-08-26,81.43162536621094,81.86055017042472,79.29446813584885,79.55795969252074,52188000
2020-08-27,80.6584701538086,81.62278933907385,80.17754243022719,81.55443950042795,31350000
2020-08-28,81.1988296508789,81.29392541571589,80.51434873048748,80.70553028997895,22418000
2020-08-31,80.70851135253906,81.449953096901,80.50049170038822,81.40389025294607,26422000
2020-09-01,81.97395324707031,82.17900277714993,80.7084986725955,80.83875938689788,22652000
2020-09-02,85.06009674072266,85.49149282341432,82.2270543817602,82.6143676826583,49522000
2020-09-03,80.70751190185547,84.19878788185247,79.62778233912816,84.17501205081606,63726000
2020-09-04,78.31527709960938,80.9789260003323,76.17365356452073,79.6916755663375,55850000
2020-09-08,75.46192169189453,77.0443596026443,75.11026462423943,75.53126156414605,54032000
2020-09-09,76.63229370117188,77.20137193178421,75.53968617083565,76.71500276034612,39242000
2020-09-10,75.5832748413086,77.9413371691377,75.28362830526697,76.77840721698225,33024000
2020-09-11,75.0736312866211,76.20981535668163,73.94734751609546,75.68729115069392,30706000
2020-09-14,74.73039245605469,77.11619079842107,74.5461486392724,75.8606363352639,42660000
2020-09-15,76.03250885009766,76.81853224674919,75.38765164603169,75.67442027270651,23042000
2020-09-16,74.891845703125,76.98591739664747,74.86707984364574,76.39702349907539,22128000
2020-09-17,73.65116119384766,74.22668600240169,72.43374934092598,73.5902403439566,40008000
2020-09-18,71.87059783935547,74.0553141095479,70.90627852759398,73.71356487148887,63056000
2020-09-21,70.83296966552734,71.32428892547448,69.47291064999759,70.90626965325599,56908000
2020-09-22,72.30298614501953,72.50853448781227,70.8012770688142,71.83246499368731,33950000
2020-09-23,69.80526733398438,71.96917833868089,69.47293464261917,71.92014539872598,37726000
2020-09-24,70.47239685058594,71.22176624905023,69.44665799860961,69.4729126810319,34552000
2020-09-25,71.27477264404297,71.61552428977885,69.7205618241158,70.58087508582601,30326000
2020-09-28,72.24552154541016,72.95526704656368,71.63236062258702,72.90574288836345,30784000
2020-09-29,72.61006164550781,72.90623925828599,72.01472121563792,72.50555682209631,31816000
2020-09-30,72.58926391601562,73.6095539606257,72.10190469623866,72.3584584734925,40924000
2020-10-01,73.69375610351562,74.04888211434293,73.14398718124211,73.4837563916012,32884000
2020-10-02,72.0939712524414,73.25442978973021,71.68536100740494,72.29357184396041,31222000
2020-10-05,73.44264221191406,73.53525912459374,72.31635858239636,72.44315041789427,21602000
2020-10-06,71.86713409423828,73.52634094837055,71.56946764606727,73.0795956580277,26096000
2020-10-07,72.26931762695312,72.7561856589531,70.98602714690402,72.2777366606318,36108000
2020-10-08,73.47235870361328,73.70018648557594,72.58183064483968,72.58183064483968,26076000
2020-10-09,74.81062316894531,74.87996304586832,73.649174562375,73.9394120156013,32966000
2020-10-12,77.49209594726562,78.67236249973703,75.74422496235202,76.17512972135019,55344000
2020-10-13,77.61495971679688,78.51093696588036,77.19694028614187,78.10727675055374,39072000
2020-10-14,77.43515014648438,78.44603112515772,76.56641781072753,77.98789668241234,33174000
2020-10-15,77.04039764404297,77.82939090293596,76.3301608746846,76.49706780025525,31210000
2020-10-16,77.64614868164062,78.14192694066163,77.14888159901895,77.35541241809985,34194000
2020-10-19,75.77643585205078,78.45000028741373,75.42825518046858,78.05376915654217,29734000
2020-10-20,76.82298278808594,77.95025657100902,75.30839568992401,75.4376663929067,41670000
2020-10-21,78.5520248413086,79.99579072282901,77.61841153833419,77.75263238474066,60322000
2020-10-22,79.57577514648438,79.91058659318215,78.13052815542754,78.50298340637796,30512000
2020-10-23,80.87937927246094,80.9358412049653,79.83580465730036,79.99133003663475,30548000
2020-10-26,78.46782684326172,80.71097762065797,77.65010749864534,79.98885284156889,35826000
2020-10-27,79.1904525756836,79.34498037508608,78.10627156885218,78.69764440121118,25902000
2020-10-28,74.82794952392578,76.95817604869711,74.71304561757667,76.76997215631276,45174000
2020-10-29,77.1102523803711,78.68823166957667,75.11275733977158,75.136034380202,55406000
2020-10-30,80.04380798339844,83.27357950269025,79.32366342574858,82.58612103904743,99878000
2020-11-02,80.4504623413086,82.13047501915948,79.9512076583537,80.4118285038059,44228000
2020-11-03,81.50739288330078,82.16810552168376,79.84570721056207,80.76942013279667,31432000
2020-11-04,86.46968841552734,87.66729207687226,84.34738170376455,84.47516357940994,71342000
2020-11-05,87.29432678222656,88.74651153606514,86.23094410614924,87.68807900889995,39758000
2020-11-06,87.15713500976562,87.59150112571243,86.0154946471551,86.74158701698033,28622000
2020-11-09,87.2408447265625,89.98820035330125,87.0491719162003,88.95256106744117,53440000
2020-11-10,86.06700897216797,87.13980073118289,84.99718730255921,85.67325673768963,43022000
2020-11-11,86.53804016113281,87.31414805235568,86.33150177954062,86.59598336328685,31838000
2020-11-12,86.31961822509766,87.41717604271611,86.07940369874598,86.27900432342662,26474000
2020-11-13,87.77774047851562,88.01894502668213,85.98084368097635,86.57617665118782,29744000
2020-11-16,87.8653793334961,88.87130990054024,87.23636287249079,87.37554138946011,25468000
2020-11-17,87.25272369384766,88.01942997162081,87.14524878033151,87.55979919388194,21314000
2020-11-18,86.21163940429688,87.41816090841624,86.10911462619481,87.00410167631715,20108000
2020-11-19,87.09967803955078,87.343361405391,85.68563585602725,85.84462255020851,20106000
2020-11-20,86.0006332397461,87.58455989380407,85.932283400735,87.26955661651292,27694000
2020-11-23,85.56378936767578,86.47660435103,84.70298495464554,86.19082584097018,22530000
2020-11-24,87.36366271972656,87.49144457321789,85.22550834263211,85.56081856712366,27984000
2020-11-25,87.37505340576172,87.68460774765728,86.59398794592515,87.55732468549407,19600000
2020-11-27,88.50878143310547,89.00357723053922,87.39537563730384,87.39537563730384,14790000
2020-11-30,86.89314270019531,88.17791413138632,86.56823156272611,87.94562745662698,32418000
2020-12-01,88.9218521118164,90.22742954015868,87.32058825901903,87.50038072004872,37350000
2020-12-02,90.38838195800781,90.77322391875234,88.41714196062208,88.92183798553233,29424000
2020-12-03,90.23336029052734,91.32249127239507,89.99363705428325,90.16897056881236,24728000
2020-12-04,90.3284683227539,90.61275805172727,89.82475471651726,90.15313478440204,20544000
2020-12-07,89.99513244628906,90.60235326181058,89.30222492676637,89.9218248939155,22288000
2020-12-08,89.71281433105469,89.9426297266843,88.71976907569164,89.57364334514529,19936000
2020-12-09,88.05509948730469,90.55679934538901,87.26957496710735,89.66478236786917,31728000
2020-12-10,87.54940795898438,87.91294541969803,85.85948741239226,87.29928560071609,28688000
2020-12-11,87.90353393554688,88.02785447821572,86.81093396626306,87.1705112975482,18628000
2020-12-14,86.78717041015625,88.6464769678799,86.63214380514295,87.70147444537834,33050000
2020-12-15,87.22398376464844,87.36860366592919,86.2626347605505,87.16355416961076,21352000
2020-12-16,87.03132629394531,87.62170901445369,86.62866380020262,87.62170901445369,24676000
2020-12-17,86.20519256591797,87.50284960689325,85.74160920753897,87.36515988539692,34880000
2020-12-18,85.49742889404297,86.59399654062504,84.94171984684814,86.48553159053134,85256000
2020-12-21,85.9104995727539,86.03135123435776,83.90161560192239,84.6509850821295,33974000
2020-12-22,85.20025634765625,85.81391611478843,84.4850618452266,85.65146053831243,20370000
2020-12-23,85.59698486328125,86.38349935541012,85.2487966486839,85.38401507930502,22974000
2020-12-24,85.89069366455078,86.29930394276053,85.40481570948793,85.6351223589814,9312000
2020-12-28,87.8619384765625,88.5077932048182,86.27009123844886,86.42313021909662,27650000
2020-12-29,87.0595703125,88.58059630326431,86.92831955660789,88.51918422044176,19726000
2020-12-30,85.99419403076172,87.55484364556163,85.58558382116101,87.41814396791617,21026000
2020-12-31,86.80597686767578,87.0466825799562,85.98627000202208,86.0447195460967,21070000
2021-01-04,85.49298858642578,87.29384556579528,84.55243743129638,87.17052259447759,37324000
2021-01-05,86.18242645263672,86.51822799258747,85.03583571072942,85.44147592983045,20360000
2021-01-06,85.33201599121094,86.37658077563796,84.00564030032955,84.21167990296479,46588000
2021-01-07,87.88075256347656,88.05310844160358,85.52417173941943,85.52417173941943,41936000
2021-01-08,89.04418182373047,89.11996067150037,87.23093086255197,88.02042296709797,35484000
2021-01-11,86.98675537109375,88.3780193307126,86.78121460098683,88.01348430677218,34796000
2021-01-12,86.05264282226562,87.56178078053122,85.01006585841895,86.44540502976464,29528000
2021-01-13,86.53903198242188,86.99172506718408,85.5519192182628,85.5519192182628,23432000
2021-01-14,85.73020935058594,87.54445028738424,85.48999486924536,86.6192485496251,29212000
2021-01-15,85.56676483154297,86.557338778318,84.77876912148749,85.63610470551805,31444000
2021-01-19,88.3824691772461,89.3418381996802,85.82480676557843,86.32851272293908,41660000
2021-01-20,93.11741638183594,94.09065343418634,90.11795870459963,90.45772029557415,64152000
2021-01-21,93.31948852539062,95.69339854365393,93.08472299183488,93.7900171797552,58634000
2021-01-22,93.73604583740234,94.32196976208911,92.94061343149993,93.68156395871092,32744000
2021-01-25,93.82122802734375,95.18525497123451,92.08178325038038,94.73553199201658,50586000
2021-01-26,94.49828338623047,94.88460664624404,92.92228430514494,93.41063354446489,31462000
2021-01-27,90.08972930908203,93.1372300622554,89.01693751997792,92.86185061997337,82512000
2021-01-28,91.7865982055664,93.50969620106542,90.6870603682726,90.6870603682726,55278000
2021-01-29,90.50675964355469,91.50625144946868,89.22892586011437,90.83662096022837,44530000
2021-02-01,93.76129913330078,94.87420605547841,91.36014419942674,91.36014419942674,40252000
2021-02-02,95.05152130126953,96.54976147357345,94.42002583322707,94.75484486792932,66332000
2021-02-03,101.97364807128906,104.33814919011594,99.72850978697359,102.30697827129922,97882000
2021-02-04,101.713623046875,102.48973084988792,100.7958502900432,102.05982362673574,48596000
2021-02-05,103.45703125,103.80917957809702,101.53383402404027,102.00732524757738,29866000
2021-02-08,103.24356079101562,104.75319758057728,102.19504362216297,104.0102671012824,28828000
2021-02-09,102.7913818359375,103.93648376493294,102.52442138517004,102.76215705779465,21892000
2021-02-10,103.34064483642578,103.95480346885013,101.64478405598078,103.17521915125829,25102000
2021-02-11,103.45307922363281,103.71310189348283,102.46795409901445,103.5645218292716,20480000
2021-02-12,103.76412200927734,103.98551083851382,102.70123041602794,103.00831351490027,18990000
2021-02-16,104.54022979736328,106.24599833126774,103.6016588245308,103.6016588245308,31004000
2021-02-17,104.9324951171875,105.12169662718253,103.43326492153011,103.71210570094998,20294000
2021-02-18,104.29803466796875,105.09941476379346,103.6799159118869,104.2579195625477,22546000
2021-02-19,103.45604705810547,104.93051900498949,103.18958542078308,104.39610690674289,37938000
2021-02-22,101.74482727050781,103.03604540908852,101.43478165155308,101.71214116930174,29466000
2021-02-23,102.0350570678711,102.6482256079866,98.5734971842508,99.7503025439711,34658000
2021-02-24,103.2083969116211,103.43177333989358,100.4209263192636,100.54523930328276,22608000
2021-02-25,99.8473892211914,103.16828965771158,99.37884811495125,101.82754730737786,41548000
2021-02-26,100.14258575439453,101.85677358885569,99.1074375854229,100.54079698438127,40042000
2021-03-01,102.50757598876953,102.83297841507579,100.76218348689981,101.43478411249855,26060000
2021-03-02,102.25100708007812,103.74974598869453,101.86419259805125,102.26883517462322,25564000
2021-03-03,99.62251281738281,102.82107216263229,98.76021203427945,101.6304064795293,33892000
2021-03-04,100.7379150390625,102.75174921117376,99.32634401579678,99.7938950813685,49216000
2021-03-05,103.86515045166016,104.31734469793713,100.43330643253846,102.08608191964105,53100000
2021-03-08,99.42886352539062,104.69078901545105,99.31445083979884,103.22078363369144,36868000
2021-03-09,101.05638122558594,102.22327884740525,100.82062562943396,101.52146100220388,33920000
2021-03-10,100.84984588623047,102.09846248595427,100.01478970178172,102.09846248595427,27100000
2021-03-11,104.03700256347656,104.56844447888511,101.85328415372872,101.94095090883025,27702000
2021-03-12,101.5338363647461,102.90132457610481,100.66312398359679,102.84189255369952,33818000
2021-03-15,101.75373840332031,101.7809755596203,100.43380192738763,101.28519734362825,26168000
2021-03-16,103.21236419677734,104.6878185156379,101.99395487739476,102.32579625344081,31900000
2021-03-17,103.129638671875,103.96072708495107,101.24259661422428,102.44861912019124,26382000
2021-03-18,100.11434173583984,102.46249602458781,100.00735805315745,101.44368730072172,31700000
2021-03-19,100.3927001953125,100.89194734890518,99.2025255133683,100.5298986940458,46072000
2021-03-22,100.57743072509766,101.45161193261225,99.7507936209147,100.42587303185131,33536000
2021-03-23,101.10440826416016,102.23267186995687,100.44419445127932,101.03605842357481,28510000
2021-03-24,100.66856384277344,102.40552953515974,100.49372155967626,101.62099516878692,25218000
2021-03-25,100.66511535644531,101.31790031883088,98.86375201814056,100.49622077531869,35616000
2021-03-26,100.2822494506836,101.00833433627938,99.24808389518084,100.63191893272102,27978000
2021-03-29,101.3253173828125,101.49471073771208,99.32733130172416,100.15495848510993,26492000
2021-03-30,101.35900115966797,102.16136368838866,100.84786611987286,101.68143348320557,27312000
2021-03-31,102.15393829345703,103.32975373421876,101.38525186813577,101.75176698502271,42570000
2021-04-01,105.48522186279297,105.78090823071435,103.5858006525775,103.6264145450046,39880000
2021-04-05,109.90218353271484,110.39895927178966,106.24944252872068,106.34552831130472,48510000
2021-04-06,109.42176818847656,110.349940034583,109.05179177903032,109.50398600807345,35240000
2021-04-07,110.89624786376953,111.167168408484,109.61196749203187,109.61196749203187,24134000
2021-04-08,111.46086883544922,112.51880262359724,111.09336371525733,112.13297061526548,28664000
2021-04-09,112.46334075927734,112.62678638615232,110.80858509838885,111.21373406084967,26146000
2021-04-12,111.1731185913086,111.7808306901955,110.34103246237824,111.64363975188911,25024000
2021-04-13,111.65898132324219,112.10672420770086,111.09534448767921,111.48860550102535,25682000
2021-04-14,111.03888702392578,112.30286043860204,110.74716829600973,112.30286043860204,21002000
2021-04-15,113.18546295166016,113.71790254287018,111.49752999108566,112.0314508484042,29174000
2021-04-16,113.06163787841797,113.6307236741499,112.47571401741611,113.38308017201123,26282000
2021-04-19,113.4088363647461,114.11858197870201,112.43906809584607,112.43906809584607,30290000
2021-04-20,112.87639617919922,113.86647132508118,111.79221529986594,113.79168250896858,22288000
2021-04-21,112.84371948242188,112.92543851394997,111.1830161489272,112.53168624708182,23204000
2021-04-22,111.56439208984375,113.36525649353501,110.96014131648565,112.69760601862724,24146000
2021-04-23,113.91255187988281,114.21913619426638,111.99678345712458,112.28157199753713,29066000
2021-04-26,114.40782165527344,115.13094395972442,113.78326399756901,114.13987122202711,32038000
2021-04-27,113.46927642822266,114.82982699539988,113.2305431722857,114.78921309444053,44386000
2021-04-28,116.84017944335938,120.42308213784266,116.55192206744951,118.49740617928417,81106000
2021-04-29,118.51029968261719,119.07492659360635,117.57370870602772,118.33546493326537,41234000
2021-04-30,116.56580352783203,117.96993800153318,116.22207421400664,117.28495822738344,44856000
2021-05-03,116.04971313476562,117.9550824057856,115.67428774136816,117.13092405968729,28242000
2021-05-04,114.25428009033203,115.15371835990615,111.7704163108034,114.58711147339139,44818000
2021-05-05,114.6475601196289,115.64952331817433,114.32611780430196,115.33402873994945,26636000
2021-05-06,115.76592254638672,115.76592254638672,113.57130568027601,114.22953959049208,25190000
2021-05-07,116.488037109375,117.44493502105412,116.20225855348764,117.08040752159172,28898000
2021-05-10,113.50739288330078,115.45139575242439,113.1502868665926,115.30973835851137,30914000
2021-05-11,112.43312072753906,112.9393056208691,110.64315426944027,111.0963461132312,34186000
2021-05-12,108.97551727294922,111.3395271618132,108.64714477876392,110.26029638420344,46376000
2021-05-13,110.40144348144531,110.91653857357483,109.29595813450472,110.25681600696606,33204000
2021-05-14,112.84519958496094,113.15921287683017,111.43957633181888,111.86255336958875,31996000
2021-05-17,113.36724853515625,113.40984249816724,111.71249272163013,112.11169398390236,21598000
2021-05-18,112.05718994140625,114.2963879915566,112.04332196648303,114.03239767436695,22204000
2021-05-19,112.50444793701172,112.67730263002257,110.2231620012445,110.371250830798,23684000
2021-05-20,114.26023864746094,114.51035344458924,113.09978005208858,113.47025527402623,32352000
2021-05-21,113.62527465820312,114.85161180966945,113.38605018885295,114.77830425445694,40632000
2021-05-24,116.93923950195312,117.16260836847114,114.50836863700562,114.65348735993426,31832000
2021-05-25,117.0298843383789,118.07642150981503,116.6400921873996,117.48207860252175,22440000
2021-05-26,117.89366912841797,118.32357639324336,117.20769175980286,117.21066184954667,21572000
2021-05-27,117.02046966552734,118.3265381983706,116.70249626315695,118.3265381983706,35224000
2021-05-28,116.73171997070312,117.68366017105659,116.53360818591379,117.60194113813802,21482000
2021-06-01,117.93675994873047,118.16112643351394,116.60443657445646,117.60293847206076,23354000
2021-06-02,117.41224670410156,118.5538796399955,116.509331890451,118.33149323213362,21158000
2021-06-03,116.27257537841797,116.74012639520443,115.37808723881285,116.18094849891196,18696000
2021-06-04,118.5504150390625,118.82084435735165,117.00710198292333,117.34687118314812,24458000
2021-06-07,118.98280334472656,119.09226589169023,117.92784709001755,118.34586644914862,24120000
2021-06-08,118.79161071777344,119.83567654607704,118.6103370083439,119.46372006492163,24240000
2021-06-09,119.26213836669922,119.50680421418785,118.71533959615813,119.43499304217214,17942000
2021-06-10,120.60883331298828,120.6519260666567,119.05611116199863,119.21162899521303,25904000
2021-06-11,120.3646469116211,120.93521395927317,119.8079402818054,120.8500260476855,21958000
2021-06-14,121.29133605957031,121.29182729577786,119.76040219746265,120.46667894424607,22098000
2021-06-15,120.2750015258789,121.61821508792153,119.91492539953478,121.2957827685943,21562000
2021-06-16,119.63410186767578,120.73710853572372,118.34388130175334,120.42606532585692,26472000
2021-06-17,120.59595489501953,121.36761143590337,119.36417627217469,119.55981676846635,25842000
2021-06-18,118.97884368896484,120.45677701574954,118.88374791198228,120.22300147180918,46116000
2021-06-21,120.66429138183594,120.85002400068946,118.76833135754313,119.36466184351545,27414000
2021-06-22,121.17742156982422,121.24627021764076,119.92286468345308,120.60239554716594,22390000
2021-06-23,120.97582244873047,121.93519155602058,120.68608380354885,120.94263755669144,19148000
2021-06-24,121.34529876708984,121.89555880196906,121.1471870165841,121.54341051759559,21362000
2021-06-25,121.35372924804688,121.47705975699363,120.41912598072602,120.85002323534383,34594000
2021-06-28,121.38098907470703,121.6276425658312,120.26114428645126,121.52214013803166,28526000
2021-06-29,121.11994934082031,121.86139851864952,120.54393338457018,121.51420036275346,23108000
2021-06-30,120.93868255615234,121.10460702337018,120.21061007503955,120.84457681869863,24474000
2021-07-01,121.29034423828125,121.43149529232761,120.38594816360798,120.57762097148523,18110000
2021-07-02,124.07682800292969,124.22194673760366,121.89954818912742,121.98919501918171,25982000
2021-07-06,125.00053405761719,125.2362896391203,123.40818062703144,124.46413437328431,26404000
2021-07-07,125.28185272216797,126.08421522849032,124.96387932066273,125.96337112785648,24060000
2021-07-08,123.8653335571289,124.41163354428006,122.85297134620515,122.85693146563722,23790000
2021-07-09,124.33535766601562,124.54931746757865,123.37746981434283,123.84650966332048,18632000
2021-07-12,125.77864074707031,125.87175646367176,124.42700048388281,124.98865731582708,17668000
2021-07-13,126.14117431640625,126.8504211059645,125.48046166094439,125.84102901344178,19240000
2021-07-14,127.02824401855469,128.10748242717386,126.70878177120348,126.75187452354898,23742000
2021-07-15,125.80785369873047,127.48687640049349,125.3373325394716,127.43636220289176,24218000
2021-07-16,125.77317810058594,126.60674543075577,124.96437663114637,126.45964664733984,20424000
2021-07-19,123.40373229980469,125.01539513075979,122.34084076103703,124.9009824416762,27968000
2021-07-20,125.01985168457031,125.84549123943627,123.17837348032579,124.34427344891768,26312000
2021-07-21,126.34671783447266,126.3932719071363,124.8355922852569,124.94455602221541,20746000
2021-07-22,127.21099853515625,127.27192694064978,126.29720092991697,126.63895018524038,14302000
2021-07-23,131.76121520996094,132.14159833008807,128.57702185378255,129.20107326762223,41506000
2021-07-26,132.7716064453125,132.97169830725278,131.0544410004229,132.07176860729342,30572000
2021-07-27,130.65672302246094,133.13217589998683,128.8776617824026,132.9850770912304,54710000
2021-07-28,134.81117248535156,136.99340991482225,134.00237098890494,135.02711991535966,95130000
2021-07-29,134.49766540527344,135.37283673825075,134.2653786909646,134.8666518231357,31716000
2021-07-30,133.45655822753906,134.02911285341315,132.98950601160692,133.76215245736805,25576000
2021-08-02,133.58335876464844,134.0608100761032,132.5328540287545,133.84338139700745,21634000
2021-08-03,134.35157775878906,134.4526061655546,132.06285508062547,133.8612332728703,20762000
2021-08-04,133.85182189941406,134.37088477508493,133.2193363564058,134.07370952688117,19676000
2021-08-05,134.9672088623047,135.06479105676604,133.57495460052792,134.4015918705236,17870000
2021-08-06,134.4590301513672,135.18612020781896,133.93552349692666,134.75968182925016,20488000
2021-08-09,135.62246704101562,135.89092386932936,134.06379711294062,134.6611252700337,17760000
2021-08-10,135.51744079589844,136.47383970829256,135.0791070391315,136.0473863078297,19414000
2021-08-11,134.9944610595703,136.38472014555214,134.98702449828673,135.88845059956836,15352000
2021-08-12,135.90081787109375,136.00582150263867,134.14899393327093,134.69379757446927,16506000
2021-08-13,136.4292755126953,136.55707249857926,135.7413332281866,135.9562830728058,15948000
2021-08-16,137.00579833984375,137.0583077135838,134.02367703834207,136.2286928614047,22384000
2021-08-17,135.3733367919922,136.96222146374024,134.7993008134567,136.45157763049883,21716000
2021-08-18,134.1722412109375,135.8121385014862,134.04594062787078,135.21332923875826,19258000
2021-08-19,134.4010772705078,135.06723891095177,132.98456366136284,133.16831623238994,21782000
2021-08-20,136.13409423828125,136.25741719492962,133.9751338465877,134.71806434850964,31194000
2021-08-23,138.72146606445312,139.54660679094027,136.31040338039173,136.66899066758523,28454000
2021-08-24,139.9299774169922,140.74075898991882,139.01567348257018,139.28609523311977,19268000
2021-08-25,140.73977661132812,140.84923916395852,140.04341521085385,140.2900611558722,15848000
2021-08-26,140.10728454589844,141.075065164361,140.02456037327326,140.41386126677486,20610000
2021-08-27,142.6466064453125,143.15031244371397,140.16323384722205,140.31727039124934,28780000
2021-08-30,143.22760009765625,144.59459715247763,142.80412424090116,143.03888981205867,24434000
2021-08-31,143.33360290527344,143.80313410230235,142.92104000214107,143.77887458739016,22448000
2021-09-01,143.8467254638672,144.87543469951868,143.51785410887658,143.63325684788538,21936000
2021-09-02,141.9364013671875,144.14785635256592,141.83535784575508,143.8472197570101,32342000
2021-09-03,142.38461303710938,142.79619338912647,141.05822998053367,141.73182815855947,19850000
2021-09-07,142.9205322265625,143.20235068582193,142.2652684107505,142.47873701359958,20124000
2021-09-08,142.33656311035156,143.03887971437993,141.65208215880904,142.74171960601453,18344000
2021-09-09,142.18797302246094,142.95022038804444,141.8279044770925,142.48464943117943,15314000
2021-09-10,139.54808044433594,143.3543590284229,139.4113807774503,142.8531168398711,36840000
2021-09-13,140.9908905029297,141.60256274661324,139.91858982131353,140.61148986566812,22094000
2021-09-14,141.2008514404297,142.01164800170844,140.41384582258058,141.64760424535336,19674000
2021-09-15,143.06809997558594,143.0888981584248,140.0151504362281,141.4257237044475,27408000
2021-09-16,142.25631713867188,142.9398155420837,141.05921246042737,142.59360742775047,26190000
2021-09-17,139.4728240966797,142.09783918596045,139.14593285849304,141.68229870784387,53384000
2021-09-20,137.41192626953125,137.68978457112166,135.03703359355418,136.85918731338376,46518000
2021-09-21,137.7224884033203,138.69176548662895,136.9746001490419,138.43222649685097,25332000
2021-09-22,138.96119689941406,139.5590087402755,137.24552785356187,137.99093729311895,25056000
2021-09-23,139.88490295410156,140.36087304097438,139.0780815102405,139.6585564297789,20952000
2021-09-24,140.87445068359375,140.98887090663987,138.9190589510932,139.21375526400337,22984000
2021-09-27,139.7422637939453,140.60059702550436,138.74723086445857,139.4772834307907,21882000
2021-09-28,134.54965209960938,137.7853564830618,134.08408116624037,137.34802029105808,45772000
2021-09-29,133.08706665039062,135.85819765307792,132.6031763940865,135.68880432196028,30848000
2021-09-30,132.4159698486328,134.26487713453415,132.2971058010185,132.99596110436238,37996000
2021-10-01,135.25595092773438,135.61999474858516,132.80923183052033,133.18019830322703,35360000
2021-10-04,132.39959716796875,134.6789023726024,129.81469777357606,134.6789023726024,51202000
2021-10-05,134.74085998535156,135.9310423000805,132.77754737931195,132.77754737931195,32404000
2021-10-06,136.268310546875,136.45156431285815,133.28173063311934,133.47984240404816,24364000
2021-10-07,137.9126739501953,138.72197425447405,137.34407938421361,137.58280506274824,25110000
2021-10-08,138.4678955078125,139.00824022807984,137.90524110595646,138.26134957359187,26526000
2021-10-11,137.6046142578125,139.3856706303846,137.55012482163005,137.97905719887984,17954000
2021-10-12,135.16282653808594,138.19200026988304,134.48031058391572,138.16524679321643,36332000
2021-10-13,136.28515625,136.69921546698336,135.23217255462345,136.1073438593819,19654000
2021-10-14,139.82052612304688,140.0052611798392,137.51644677005615,138.15933141827642,31894000
2021-10-15,140.03546142578125,140.38216837162227,139.4282481493286,140.27964359990548,30274000
2021-10-18,141.43215942382812,141.44999507439888,139.73976779407545,139.7467055598483,20396000
2021-10-19,141.88685607910156,142.30835187108826,141.25586693285337,142.03593493574522,20164000
2021-10-20,140.4326934814453,142.1929515962264,140.04389134259256,141.9869044494379,23288000
2021-10-21,140.54856872558594,140.81602790844926,139.17563174016504,140.4326672271855,26292000
2021-10-22,136.26980590820312,139.25786739704128,134.77354570706362,137.8383760818884,50588000
2021-10-25,136.1514129638672,136.69919414742475,134.147471866324,136.25343892863123,34412000
2021-10-26,137.99539184570312,138.76258192048442,137.000857642727,137.95081782575454,49236000
2021-10-27,144.83926391601562,147.24883052188773,138.09097801545303,138.09097801545303,85782000
2021-10-28,144.47422790527344,145.77089496837942,143.26374634339527,145.74761793016637,36206000
2021-10-29,146.65054321289062,146.8446948964138,143.28605853476833,143.71051689029179,43320000
2021-11-01,142.14439392089844,146.650526252916,141.87545343779883,146.650526252916,46924000
2021-11-02,144.06166076660156,145.22706960553992,142.97500087453776,143.2167042160869,33482000
2021-11-03,145.21617126464844,145.28650117069887,143.22808554087496,144.52523624092677,27494000
2021-11-04,146.8699188232422,148.32210355915961,144.92888610521643,145.73768752512296,38412000
2021-11-05,147.44894409179688,148.91053064576994,146.8001192514088,147.76344109720048,38354000
2021-11-08,147.62623596191406,149.19530477650676,147.03138673691146,148.41274287140487,23052000
2021-11-09,147.5148162841797,148.42218254955512,145.85708286053108,147.82635075962824,19530000
2021-11-10,144.51828002929688,146.67427756177884,143.17507421941508,146.10964321080158,29970000
2021-11-11,144.39251708984375,146.1448550398257,144.22808142336237,145.1087093120046,16518000
2021-11-12,147.27655029296875,147.4469412284045,144.04034683138687,145.23349148333662,22360000
2021-11-15,147.05270385742188,148.13986257214947,146.1839714501009,147.49697791828982,23508000
2021-11-16,146.48214721679688,147.36028114763997,145.92395168060682,146.7530677906033,18904000
2021-11-17,146.65151977539062,147.15918597482235,145.8521348261738,146.63220285506807,19594000
2021-11-18,148.42611694335938,149.16112717315613,146.49054062936167,146.8441702118311,35608000
2021-11-19,147.52272033691406,149.5434998037264,147.49548317893243,148.56182849438522,33682000
2021-11-22,144.92295837402344,148.4172045095236,144.76991940785044,147.92489515967466,30594000
2021-11-23,144.40786743164062,145.2775973941184,142.75658818830502,144.7753725898354,27218000
2021-11-24,144.74266052246094,144.870941178912,143.0121337594424,144.1022548274951,18040000
2021-11-26,140.8427734375,143.19488775564477,140.50548313123517,142.9878581645666,30470000
2021-11-29,144.15872192382812,144.91849043687807,142.53714381167404,142.64264622326615,32596000
2021-11-30,140.55996704101562,144.6237898271877,140.2667519662039,143.64163495599894,42068000
2021-12-01,139.721923828125,144.57474710533424,139.58374288929951,142.64263235493135,34020000
2021-12-02,141.61837768554688,142.50840679638145,138.89280334696554,139.91854965408746,29194000
2021-12-03,140.66299438476562,143.03888475918794,138.97852275278916,142.32666783141497,41230000
2021-12-06,141.80560302734375,142.49652286942776,138.82892367181316,141.6921803830131,30618000
2021-12-07,145.88133239746094,146.14037256639585,143.8585729968473,144.22409805259204,32240000
2021-12-08,146.78965759277344,146.99422341654622,145.0259537570448,146.20522267759694,24270000
2021-12-09,146.24688720703125,147.69461339845168,145.7283230849689,146.19983432980203,23270000
2021-12-10,146.6064453125,147.57324356030594,145.32117483729272,147.29836288030972,24458000
2021-12-13,144.4519500732422,146.57523920094434,144.14585701731025,146.3885089845114,27070000
2021-12-14,142.550537109375,143.1181341036915,139.8839104442627,142.61096672120067,38446000
2021-12-15,145.06063842773438,145.33799793275747,140.3425340803802,142.057220419799,36370000
2021-12-16,143.08348083496094,146.28501095434962,142.25336717682623,145.78328493890672,33650000
2021-12-17,140.3890838623047,142.47869648080817,139.9680869562867,141.1567725441937,50416000
2021-12-20,140.272216796875,140.43814883611964,138.0077689503243,138.68036958927007,27192000
2021-12-21,142.1201171875,142.51287937524026,139.1781115016759,140.71448653862208,28756000
2021-12-22,145.03488159179688,145.1190870300756,141.71894670487805,141.71894670487805,26322000
2021-12-23,145.53167724609375,146.84616490784407,145.07154761613486,145.11909928211776,26384000
2021-12-27,146.51231384277344,146.9456899272966,145.7822613566382,145.8679480552697,15976000
2021-12-28,145.30433654785156,146.9011414809302,144.67780630211075,146.8387318072272,18200000
2021-12-29,145.2726287841797,146.02745475759826,144.27463333879814,145.26222969189286,17788000
2021-12-30,144.82240295410156,145.9115415190522,144.61835101429233,145.31125094205046,15688000
2021-12-31,143.48663330078125,145.31572484803414,143.48663330078125,144.6733390453183,18136000
2022-01-03,143.6248016357422,144.47619703135243,142.35834947327606,143.68769497903742,28646000
2022-01-04,143.0383758544922,145.1042126846341,142.36181523730556,144.02547327559515,28400000
2022-01-05,136.47634887695312,143.1374673565992,136.39017847767096,143.05871840373825,54618000
2022-01-06,136.44908142089844,138.62091962175828,135.27129360084805,135.7071485529665,37348000
2022-01-07,135.72547912597656,137.14348910378652,134.48676280437064,136.84333622696138,29760000
2022-01-10,137.36241149902344,137.51100668479543,131.90931129081562,133.80477279843086,44408000
2022-01-11,138.41883850097656,138.89432489527653,135.4040389194939,136.70614733101905,28730000
2022-01-12,140.0973663330078,141.26377260922706,139.36831139738393,139.8195080404844,26108000
2022-01-13,137.2807159423828,141.5035343552344,137.10438478194067,140.20586942145763,31436000
2022-01-14,138.16575622558594,139.41537040651573,135.7071568754875,135.78688828807677,29662000
2022-01-18,134.71609497070312,135.8389098452004,134.1618746973883,134.89142851777413,34872000
2022-01-19,133.84288024902344,136.65908416614792,133.74283433997795,135.23661543971323,28648000
2022-01-20,132.05093383789062,136.3287393505402,131.71116467084525,134.96570256305773,29908000
2022-01-21,129.122802734375,133.59424596274727,128.86030124010927,131.34367390126937,55652000
2022-01-24,129.571044921875,129.96628601137778,123.32646545512321,124.79053071235748,76622000
2022-01-25,125.73851776123047,128.17929675546682,125.30811925081203,127.52651182595139,46960000
2022-01-26,128.0148468017578,131.7463372318321,125.94355325697116,129.88307087009878,49130000
2022-01-27,127.78897094726562,131.40208022164447,127.71714467710453,130.0662959991094,31950000
2022-01-28,132.09402465820312,132.09948115838165,127.27389448111535,128.43682430725084,34362000
2022-01-31,134.02813720703125,134.19604930787796,130.96330681145255,132.8974020956584,39986000
2022-02-01,136.34657287597656,136.49417046627246,133.1019500878879,136.2975399437779,68644000
2022-02-02,146.60494995117188,150.1180141843333,144.15080955105117,149.82431540618072,123200000
2022-02-03,141.7412109375,148.26414649933386,141.32071281482683,144.3320658335247,71518000
2022-02-04,141.94232177734375,143.50941059648488,139.19050728126922,142.0923982148257,57998000
2022-02-07,137.88890075683594,142.89030508807886,137.5907279348419,142.89030508807886,54974000
2022-02-08,138.0850372314453,138.68037019357018,135.72252350917645,137.71605080771687,54284000
2022-02-09,140.25735473632812,141.18107530667282,138.8655994195183,139.6347846354997,40144000
2022-02-10,137.3133544921875,140.15085547320035,136.65660953339068,138.38665259987917,39330000
2022-02-11,133.01675415039062,137.8448048052889,132.1425653416151,137.29356222530336,39958000
2022-02-14,134.24853515625,135.01524150081954,132.00042669980434,132.00042669980434,34302000
2022-02-15,135.32086181640625,136.80672312756397,134.5412773758384,136.27378465130553,26680000
2022-02-16,136.439697265625,136.78440905997775,133.65221132320895,135.3584787799004,25022000
2022-02-17,131.2897186279297,135.8210938894795,131.2297877990537,134.9588003569333,38950000
2022-02-18,129.17384338378906,132.80628624167994,128.96929259881463,132.20895804605414,45620000
2022-02-22,128.58985900878906,130.93453643170673,127.01483517930994,128.61411851423819,44990000
2022-02-23,126.3853530883789,130.80628231511255,126.32542227304695,130.40757990733792,32786000
2022-02-24,131.4402618408203,131.746354920063,123.77569929866215,123.77569929866215,54456000
2022-02-25,133.1920623779297,133.99640480515075,130.50958076102134,132.29311543596697,36406000
2022-02-28,133.78396606445312,134.47190837481307,131.34268834077528,131.79588020023658,38864000
2022-03-01,132.79783630371094,134.9711560163724,131.9627951950794,133.6071366345848,26496000
2022-03-02,133.30303955078125,133.98752054186207,131.81717846328633,133.35901024990838,23520000
2022-03-03,132.63734436035156,135.15339520473532,131.7715747427507,134.72793939726262,24604000
2022-03-04,130.66311645507812,132.58978974107598,129.1089059292519,131.6745035450613,30430000
2022-03-07,125.187255859375,130.49326412434095,125.10453924382728,130.24859827584922,45112000
2022-03-08,125.90642547607422,130.01285058782975,124.48990421117998,125.05998008924574,40428000
2022-03-09,132.16238403320312,132.47491606181063,128.67605804169412,130.01284022199468,37026000
2022-03-10,131.18121337890625,132.01577069786407,129.6785144341432,130.02868267785485,27102000
2022-03-11,128.64634704589844,132.53435325187561,128.4096014176675,132.23024024414997,31526000
2022-03-14,124.76377868652344,129.17975763176182,124.09415576058076,129.022259756083,38812000
2022-03-15,127.98017120361328,128.63049231232975,124.53544938703808,125.7791157667184,30920000
2022-03-16,132.0242156982422,132.07621116573054,127.52106056963687,129.50072753440998,35576000
2022-03-17,132.5774383544922,132.81666282246127,130.93902206243152,131.89393987458052,28264000
2022-03-18,134.84239196777344,134.9597747513969,131.01183774576378,132.16684745611494,44566000
2022-03-21,134.818603515625,135.75816449036662,132.82853776609664,134.8800155945873,26832000
2022-03-22,138.54959106445312,139.72045622435598,134.8185995466438,134.8185995466438,35496000
2022-03-23,136.9721221923828,138.2727494521605,136.53578350471344,137.39509925472657,25154000
2022-03-24,140.23756408691406,140.2841181680178,136.45208246480055,137.8879131077777,26396000
2022-03-25,140.33758544921875,140.6961727306353,138.42032850640626,140.57829116733367,24126000
2022-03-28,140.12217712402344,140.6640183211658,138.49366076990296,139.57240057125458,35050000
2022-03-29,141.16224670410156,142.4381156620189,140.6996533281546,141.30292164446877,34318000
2022-03-30,140.6005859375,141.3752124596819,140.2652756920692,141.1171698835011,19884000
2022-03-31,137.75665283203125,140.7684898968639,137.71405887609035,140.71400046777697,37524000
2022-04-01,138.82943725585938,139.1469118661108,137.0038070973183,138.18507141556094,25942000
2022-04-04,141.62384033203125,142.35736929122916,138.98792752091472,139.03547918185924,25942000
2022-04-05,139.26577758789062,141.6426500916848,139.05924680061253,141.5223047954093,21418000
2022-04-06,135.26087951660156,138.04686841484613,134.23959209322598,137.44211898006552,32468000
2022-04-07,134.6076202392578,135.87159364235194,132.96226616904812,134.72796554964043,26234000
2022-04-08,132.03111267089844,134.39114691209707,131.71214173735837,134.30546022194693,25142000
2022-04-11,127.60921478271484,130.84739849692966,127.45567701767428,130.58093686472841,36884000
2022-04-12,126.51066589355469,130.35954686473357,125.59389066736169,130.35954686473357,32710000
2022-04-13,128.6696319580078,129.1054869891877,126.53692599863578,126.7934873559408,27928000
2022-04-14,125.53543853759766,129.24959957040411,125.40764911861989,129.24959957040411,31598000
2022-04-18,126.47301483154297,127.00395800091283,124.99260283196493,125.80289311850134,20808000
2022-04-19,128.78355407714844,129.1044900573134,125.80241508106144,126.48789370567695,26490000
2022-04-20,126.83308410644531,130.16043076840108,126.29818081475312,129.65820601853372,31696000
2022-04-21,123.63799285888672,128.87218229541864,123.3527055622705,128.0316847615535,36446000
2022-04-22,118.5078125,124.21995976423477,117.8040146386784,123.82174859752627,56884000
2022-04-25,121.91390228271484,122.11548294345009,117.39391716093655,117.97835219471519,46128000
2022-04-26,117.53160858154297,121.35522489023224,117.39391885369488,121.14175631057378,73054000
2022-04-27,113.21717834472656,116.13689018262741,111.67386516385785,113.3905242848352,91820000
2022-04-28,117.40530395507812,118.52167974527936,113.03934791722725,115.31767110037897,48884000
2022-04-29,113.03389739990234,116.80848059659873,112.7416798928777,115.63415406821377,42676000
2022-05-02,115.48408508300781,115.64505184129835,111.53862727592032,112.33603962239242,35534000
2022-05-03,116.2280044555664,117.32556209419245,114.94075408048792,115.33301749852883,24968000
2022-05-04,121.10856628417969,121.69647018478724,114.03091100326057,115.92835986523224,49916000
2022-05-05,115.40731811523438,119.89808593817084,113.92145713876644,119.07095756816793,45840000
2022-05-06,114.65547180175781,116.46327388916288,112.94079298131821,114.09877271953016,39710000
2022-05-09,111.45046997070312,113.99228466247091,110.9447838916454,112.18250256559926,40802000
2022-05-10,113.31671142578125,115.15422955384565,111.83629934235512,114.41872804342833,39900000
2022-05-11,112.53167724609375,115.26764350397949,112.16912984325442,112.16912984325442,37534000
2022-05-12,111.78032684326172,113.2176460554151,108.78928812184641,110.32765083304804,53836000
2022-05-13,114.95660400390625,116.76390724826179,112.53415970229025,113.45340618375492,35038000
2022-05-16,113.36624908447266,115.07498784290695,112.81598893736187,113.87193521225011,25990000
2022-05-17,115.3751220703125,115.798099091998,113.78723513362914,115.73915830811926,23054000
2022-05-18,110.8447265625,114.31223414484674,110.50396737393191,113.91600305749868,35126000
2022-05-19,109.34351348876953,111.94476004054836,108.96313044588939,110.38114026738668,34144000
2022-05-20,107.88143157958984,111.12606177172583,104.79926453382097,110.89574757041693,48962000
2022-05-23,110.43711853027344,111.0904022364091,107.71600998566917,108.55453508974904,37184000
2022-05-24,104.97113800048828,105.45503592449192,100.92414493774601,104.77500626449768,76780000
2022-05-25,104.80769348144531,105.49614218211859,102.87755826590382,103.99591425389033,40258000
2022-05-26,106.77644348144531,107.6253600174525,104.23314008398944,104.68088294574915,37948000
2022-05-27,111.25779724121094,111.25928606467275,108.1097518272752,108.45100981416809,37914000
2022-05-31,112.68968963623047,114.64409187492326,111.02205599422837,111.68375875485165,50012000
2022-06-01,112.81845092773438,115.99770128554901,112.18250412043044,113.77237869617002,36606000
2022-06-02,116.5137939453125,116.78818338077605,111.88187475947716,112.92544186242007,37992000
2022-06-03,113.46133422851562,115.22505349151253,112.44847324423242,114.96849217131312,26136000
2022-06-06,115.71935272216797,118.22203484000119,115.06903914035705,115.60444124136708,33542000
2022-06-07,116.04524993896484,116.58164964382146,113.96752484797211,114.39198315815538,31590000
2022-06-08,116.08932495117188,117.45285297012651,115.50092226538834,115.6608989926276,26108000
2022-06-09,113.75306701660156,117.1839211487703,113.69412622919633,115.23100027011895,25798000
2022-06-10,110.11368560791016,112.21122625756998,109.3256823347158,111.38508794278529,41452000
2022-06-13,105.3896484375,107.76603001416353,105.11872789354983,105.77993182097117,47252000
2022-06-14,105.70957946777344,106.90718284320369,104.80271228719131,105.5307846432942,33706000
2022-06-15,108.72986602783203,110.37322494977526,106.65461223598331,107.52185574417723,39698000
2022-06-16,105.0340347290039,107.62438376681095,104.14697548134566,106.21034141935115,51684000
2022-06-17,106.1335678100586,107.67490072923101,104.05583519453621,105.03403005332456,51376000
2022-06-21,110.4925765991211,111.42916744939824,107.57632672264717,107.90271913799603,47416000
2022-06-22,110.4366226196289,112.27809328975262,109.34203501668972,109.51439846102454,30774000
2022-06-23,111.18399810791016,111.67978387662868,109.45892028477276,111.17359901614837,28362000
2022-06-24,116.86296844482422,116.9659920122871,111.88781133853583,111.92991405965786,41164000
2022-06-27,114.74165344238281,117.46176417834405,114.0938111747087,117.15815754971578,36420000
2022-06-28,110.95171356201172,116.20373868185764,110.79371689299163,114.71093996164035,35792000
2022-06-29,110.64860534667969,112.0938524988512,109.82741711494367,110.50051652384064,24716000
2022-06-30,107.9359130859375,109.84277107418012,105.74377534571843,108.9631408714663,43170000
2022-07-01,107.71253204345703,108.22019814218504,105.72444648559853,106.91561099098628,35476000
2022-07-05,112.19537353515625,112.30829738922557,104.734864359828,106.09096331087137,39342000
2022-07-06,113.49205017089844,114.49996109393334,110.42523220637499,112.23402443600865,37432000
2022-07-07,117.66336059570312,118.06603072108908,113.75109471352565,113.99526935516327,40936000
2022-07-08,118.22847747802734,118.55684998677997,115.7995865179468,116.14480464976064,38238000
2022-07-11,114.58613586425781,116.88575614827931,114.24339658286063,116.88575614827931,31196000
2022-07-12,112.94574737548828,115.87140665042774,112.61836489266997,115.1195582947248,29960000
2022-07-13,110.30388641357422,113.11959190510474,110.15331873670166,110.64810696160987,43722000
2022-07-14,109.32718658447266,110.04585008459887,107.35148734064299,109.1716687492419,37004000
2022-07-15,110.72388458251953,112.0740435098507,109.85466101364264,110.9447897246164,46770000
2022-07-18,108.00228881835938,112.60845972018963,107.34851386704042,111.57826178835704,43164600
2022-07-19,112.73722839355469,112.94524803380152,108.52728874896475,109.80513015974967,36530900
2022-07-20,112.82637786865234,114.31223883911534,111.41976463040918,112.10325553773596,35600400
2022-07-21,113.26222229003906,113.47024947099275,110.06267265031975,113.20279027118345,32676200
2022-07-22,106.8829345703125,111.28107792780779,105.49612947881336,109.95371241453788,48901200
2022-07-25,106.49661254882812,108.83436778668157,105.29801891918392,107.38813065775187,34690900
2022-07-26,104.03007507324219,106.18952663157644,103.08903282410867,105.5951837606774,47991000
2022-07-27,111.99429321289062,112.83628715279444,106.99189908350105,108.23011657455983,59858500
2022-07-28,113.14334869384766,113.26221272151713,110.40936269526682,111.31078854498094,32816600
2022-07-29,115.22357177734375,115.60989504749655,111.99429829794433,112.01411401088968,37223400
2022-08-01,113.7773208618164,115.61978895447348,113.26221819210625,114.21317580426667,26034300
2022-08-02,114.04479217529297,115.25329377338157,112.64808663933259,112.92544617512725,20236000
2022-08-03,116.96698760986328,117.50189851277953,114.39149654793644,114.6193243510887,28499000
2022-08-04,117.07593536376953,117.66037035567156,115.78818623003248,116.37262877941384,21602900
2022-08-05,116.36273956298828,116.99670637599796,114.90659444147272,115.13442980746709,19159500
2022-08-08,116.19432830810547,119.01746257719415,115.77828150201907,117.27405029484413,19138300
2022-08-09,115.53063201904297,116.21413043306707,114.61930583866359,116.03582682755987,19086500
2022-08-10,118.57170867919922,119.78021020816774,117.29387482772803,117.66038238300267,30930400
2022-08-11,117.71981048583984,120.34483309629736,117.44245097514634,120.13681346327724,24293700
2022-08-12,120.53304290771484,120.53304290771484,118.33396744979994,119.1264296615191,19096300
2022-08-15,120.92927551269531,121.14720300149365,119.47313052616087,119.98822567992796,19494800
2022-08-16,120.5528564453125,121.27597881260755,119.50285039175542,120.37455281758771,19041200
2022-08-17,118.42311096191406,120.14670740553325,118.25470765779828,118.98773777400375,22847000
2022-08-18,119.03726959228516,119.6811441703863,117.60094038977294,118.30424698639806,17987700
2022-08-19,116.10517883300781,118.02689483126161,115.65942355139303,117.9377392404507,21809500
2022-08-22,113.16317749023438,114.54007481677039,112.77685421487422,114.11412767246556,21456600
2022-08-23,112.78675842285156,113.92592005634819,112.36081129232605,112.4103430162746,15870400
2022-08-24,112.61837005615234,113.69809218038822,111.80609960937106,112.43015856175212,17734600
2022-08-25,115.55045318603516,115.61979306048023,113.03439443727451,113.16316633053552,16956800
2022-08-26,109.29993438720703,114.03488457916195,109.15135432931017,113.63865345731685,37245700
2022-08-29,108.38861083984375,109.90418792858209,107.77445976504953,108.95323774657922,21191200
2022-08-30,107.91312408447266,109.45841696440027,106.78387043260568,109.13152576057584,27513300
2022-08-31,107.19991302490234,109.80511976711223,107.11075744038901,109.60700800205056,28627000
2022-09-01,108.70558166503906,109.4088882529894,106.34801841708669,107.25934462478465,28360900
2022-09-02,106.83340454101562,109.69616280050401,106.24896950777163,109.54757518879592,24160700
2022-09-06,105.8031997680664,107.01170118012315,104.78290982238947,106.28858643846911,25068300
2022-09-07,108.41831970214844,108.94333026280533,105.89236057332785,106.05084848113617,23167000
2022-09-08,107.35840606689453,108.56690754109273,106.14991215017609,107.02161453866474,24238300
2022-09-09,109.60702514648438,109.9438167112651,107.99238453450448,108.04191626225722,23197700
2022-09-12,109.81502532958984,110.56786362456725,108.89379128207831,109.94379721844312,22966800
2022-09-13,103.33668518066406,107.2791732473491,103.10884982257862,106.78388621953583,38172900
2022-09-14,104.01026153564453,104.28762102387624,102.68289611125587,103.58431444800893,26395100
2022-09-15,101.9399642944336,104.27771175972158,101.3852377679857,103.04940223237112,34188300
2022-09-16,101.83102416992188,102.15790789100767,99.98855567297623,101.10790172559079,42797200
2022-09-19,102.09845733642578,102.35600868106442,100.59278824868812,100.7909000168843,23036800
2022-09-20,100.1866455078125,101.40505475280146,99.57248695767865,101.11778740955236,26517100
2022-09-21,98.34418487548828,101.91024974095512,98.33427701945793,100.71165611559576,31487300
2022-09-22,99.19607543945312,100.28570528054816,97.85880210913288,97.88851811864318,34298600
2022-09-23,97.80926513671875,98.72059887182063,96.5512396042916,98.69087530642672,31625400
2022-09-26,97.24465942382812,98.93854025999183,96.87815183667855,97.1753195378149,27072700
2022-09-27,96.58097839355469,99.05741373697917,95.95691940770485,98.49278678097762,30072800
2022-09-28,99.10693359375,99.75080065991985,96.19464356038361,96.72955443737825,32466300
2022-09-29,96.50171661376953,97.71021809479579,95.05547949044494,97.71021809479579,31047200
2022-09-30,94.74840545654297,97.96777098525601,94.65924986585827,96.13521058040764,32941500
2022-10-03,97.7102279663086,98.35410263850108,95.61020816765206,95.84795139144903,27982000
2022-10-04,100.68194580078125,100.88005758771709,99.43382038214075,99.4932599642057,28850800
2022-10-05,100.47392272949219,100.96920973741486,97.86871578851174,98.88900581563564,22176900
2022-10-06,100.4640121459961,101.95978098541211,99.6418339213685,99.73098951026391,22324000
2022-10-07,97.74983215332031,99.58239234555766,97.37341679432703,98.90880179539982,27502800
2022-10-10,96.93757629394531,98.1658859891608,96.09558987026921,98.06683009651893,18225100
2022-10-11,96.26398468017578,98.31447262301143,95.40218255210743,96.51162818804231,26507100
2022-10-12,96.6404037475586,97.81918930799294,95.82813331332561,96.38285993101962,21876400
2022-10-13,98.12626647949219,98.83948103016371,93.4903794576078,94.2531257355406,34574500
2022-10-14,95.64982604980469,99.74090163611203,95.4616221229326,99.04749527967141,25410700
2022-10-17,99.0276870727539,99.97863723546732,97.89843328218922,97.92814929391774,28419200
2022-10-18,99.82014465332031,102.49469914853343,99.02768994018629,102.15790003840424,24060700
2022-10-19,98.69088745117188,100.06778474217612,97.98758079988396,99.06731041769221,23811100
2022-10-20,99.0276870727539,101.35553453374322,98.45315232106869,99.05740308448243,25323200
2022-10-21,100.17675018310547,100.35505381302936,96.79889662854987,96.92766853336371,32458700
2022-10-24,101.55364227294922,101.78147761626212,99.0375909853776,100.84043534742486,27176400
2022-10-25,103.49517822265625,103.83196976605646,101.751765809669,101.93006943778678,40611400
2022-10-26,94.03519439697266,97.38333194848032,93.79745874225998,95.52105546451727,88114100
2022-10-27,91.3507308959961,94.53047236921812,90.9346916507101,93.62904644695233,60710900
2022-10-28,95.38236999511719,95.63992134750747,91.2615785867917,91.40025834019883,43697300
2022-10-31,93.61914825439453,95.12481736726046,93.09414525818127,94.52056663945436,31675000
2022-11-01,89.61724090576172,95.1248305368086,89.51818500629669,94.55029573943848,47161400
2022-11-02,86.15023040771484,90.32054644833656,86.06107480911312,90.08281078119961,57038300
2022-11-03,82.64359283447266,85.70446300437007,82.55443724057845,85.50635121846325,61288000
2022-11-04,85.7638931274414,85.8233251451628,82.92094321259124,84.5950155815513,51124900
2022-11-07,87.6558837890625,88.06202272257539,86.03134316996938,86.45729025652912,34078900
2022-11-08,88.06204223632812,89.46865569620269,86.76438497857373,88.06204223632812,30429000
2022-11-09,86.49691772460938,88.59693723661037,86.45729385938526,87.61626357664242,31769100
2022-11-10,93.05452728271484,93.50028257555145,90.74648796696232,91.38045474487578,51620100
2022-11-11,95.5012435913086,96.01633874938153,93.03470887381417,93.79745509098437,33090500
2022-11-14,94.79793548583984,95.87766515214163,93.61915748150425,94.19368469847873,30179500
2022-11-15,97.51210021972656,99.1960728800167,95.79840399321353,97.33379660978578,41640800
2022-11-16,97.91822814941406,98.7007824344817,96.7196346416459,96.97718597080869,29105200
2022-11-17,97.43285369873047,98.34417991306272,95.87765290955153,96.0559565217017,26052600
2022-11-18,96.51162719726562,97.96777221776902,95.46162115308442,97.8389927582132,28342300
2022-11-21,94.69886016845703,97.47247001889488,94.46112455648428,96.3729324219875,21647400
2022-11-22,96.13522338867188,96.30361917881427,93.16350096623975,95.04558578779535,23438500
2022-11-23,97.53191375732422,97.82908897612423,96.17482467577447,96.17482467577447,18868100
2022-11-25,96.54134368896484,97.71022134220922,96.48191166578498,97.31399022022332,9701400
2022-11-28,95.14462280273438,96.66019960772836,94.70876788352817,96.12528881346951,26237500
2022-11-29,94.2927474975586,95.21398167866465,93.22292569547149,94.82765839860214,20061700
2022-11-30,100.03807830810547,100.08761003712026,93.53000663905115,93.92623779872713,43647500
2022-12-01,100.03807830810547,101.28620381596652,99.30505557506741,100.06779432252203,28687100
2022-12-02,99.49324798583984,99.82013163918121,97.96776322615591,98.11635082720889,21480700
2022-12-05,98.54230499267578,100.42438954950684,98.0668261466735,98.46305725876209,24405100
2022-12-06,96.06587219238281,98.83947492565986,95.51114559974337,98.3640036262318,24910700
2022-12-07,94.04509735107422,95.96680575916933,93.82716986333111,95.50124233055791,31045400
2022-12-08,92.8266830444336,94.67905903360328,92.56913170384522,94.48093971104322,32213300
2022-12-09,91.9549789428711,93.3714999528572,91.87573121535932,92.88611328995704,28225400
2022-12-12,92.43045043945312,92.67809392047832,90.74647779147345,91.83610759648849,29420000
2022-12-13,94.72859191894531,98.59183215358877,94.13424901149557,96.83851944299002,40593700
2022-12-14,94.17387390136719,95.95691020054102,92.71772884995525,94.30264580617633,28733600
2022-12-15,90.00355529785156,92.75734984088065,89.16156889949431,92.25215497887433,40107000
2022-12-16,89.40921020507812,90.46912406913405,88.67618001312934,89.904497198702,58011800
2022-12-19,87.60636901855469,89.70638111067228,87.37853366795777,89.4092134382398,29493000
2022-12-20,88.18089294433594,88.33938840975075,86.61579178950325,87.27947454659835,23453800
2022-12-21,88.73563385009766,89.36960069920796,87.4875083095138,88.24034677688766,24745600
2022-12-22,86.93276977539062,87.70541622770546,85.50634090497599,87.32900085689239,27658300
2022-12-23,88.388916015625,88.70589937421238,86.24927267705067,86.28889654155903,23003000
2022-12-27,86.56626892089844,88.10166177985037,86.18985348825937,87.96298201216858,20097300
2022-12-28,85.20916748046875,87.21013108289247,85.12992730850024,86.16012511888523,19523200
2022-12-29,87.61626434326172,88.01249544149027,85.79361187188182,85.80351972764441,23333500
2022-12-30,87.39835357666016,87.46769345930478,85.75399699182971,86.16013598837714,23986300
2023-01-03,88.27995300292969,90.19176102565882,87.68560258790053,88.74551641039932,28131200
2023-01-04,87.249755859375,89.7955306240279,86.4473858159188,89.49835541423235,34854800
2023-01-05,85.3874740600586,86.74456313346334,85.09030640052188,86.64550724695111,27194400
2023-01-06,86.51673126220703,86.8634382151229,84.06011192527862,85.97192008580211,41381500
2023-01-09,87.19031524658203,89.20118670166892,87.03182734539318,87.52711431751243,29003900
2023-01-10,87.58655548095703,87.83419899287388,85.02097232508895,85.16955994373511,30467800
2023-01-11,90.65731811523438,90.73656583937942,88.17098311938453,88.33937886508356,26862000
2023-01-12,90.27100372314453,91.00403390685888,88.9040143567913,90.61771066077036,30258100
2023-01-13,91.25167846679688,91.32101834363606,89.28043078990615,89.9936452702405,26329200
2023-01-17,90.42950439453125,91.38045455947204,89.20119470950107,91.19224307477705,32602400
2023-01-18,90.26110076904297,91.92526530225993,89.78562194920407,91.27148286966639,29116700
2023-01-19,92.17291259765625,92.72763161249016,89.77571780323882,89.86487339203985,37000400
2023-01-20,97.09605407714844,97.3734211280702,94.12433226315825,94.20357999199304,63191100
2023-01-23,98.8493881225586,99.09703164198855,96.58097257768254,97.02672788966429,40005100
2023-01-24,96.77908325195312,98.67108334612655,96.28379621881625,97.17531438995869,33078500
2023-01-25,94.32245635986328,95.25359832710816,92.87621924407682,94.66915574421624,42330000
2023-01-26,96.60077667236328,96.6503083971589,94.48094883976952,95.59039448086202,30114000
2023-01-27,98.433349609375,99.37439196772775,96.39276185389814,96.39276185389814,33879800
2023-01-30,96.0262451171875,97.36351849369827,95.49133425508724,96.56115597928776,27226200
2023-01-31,97.90834045410156,97.94796432501448,95.9073840966227,95.95691582463402,29870700
2023-02-01,99.48332977294922,100.2361679977527,96.66019587678434,97.7795415808838,35531100
2023-02-02,106.72443389892578,106.83339763663767,104.61451413296538,104.80272559946398,69883800
2023-02-03,103.79232788085938,106.79376546859795,101.61306841102666,101.95976775066202,65309300
2023-02-06,101.93006896972656,103.37630614338306,100.91967922920541,101.43478195583818,31999600
2023-02-07,106.62538146972656,107.1602923201408,102.14799045298909,102.2470463384407,49010200
2023-02-08,98.433349609375,102.16781058689459,97.11588426169673,101.08808846115261,94743500
2023-02-09,94.11443328857422,99.08711120195127,92.7474363981296,99.05739519259022,119455000
2023-02-10,93.6785888671875,95.8380406275546,93.36160546921987,94.5502913222284,54980700
2023-02-13,93.71820831298828,94.30264335517856,92.95546208803488,93.84698021445055,50076100
2023-02-14,93.78755187988281,93.95594765552765,91.3903644792954,93.5399083660003,54726100
2023-02-15,96.0262451171875,96.20454873788759,93.26254277507603,93.5993343044652,50169000
2023-02-16,94.60972595214844,96.75926974325574,93.8469797311233,94.47104619514022,42462600
2023-02-17,93.46064758300781,94.65924111600802,92.3313939219174,93.95593454164323,34284100
2023-02-21,90.92478942871094,92.22243896547124,90.85544955020039,92.12338307581045,33629300
2023-02-22,90.78610229492188,91.24176539632087,89.75590449970178,90.83562645698825,30884000
2023-02-23,90.03326416015625,91.07336981273312,88.91391833662863,91.05355410188592,41206400
2023-02-24,88.28985595703125,89.04269429656404,87.7450448035044,88.59693902936208,36585100
2023-02-27,89.02288055419922,89.31014789674506,88.49787003042141,89.02288055419922,27502300
2023-02-28,89.21109771728516,90.37007511496472,88.47807502657972,88.48798288330664,30142000
2023-03-01,89.50826263427734,90.17194536629773,88.82476419108889,89.13184725435819,31111200
2023-03-02,91.1328125,91.41017202449882,88.74552541452906,88.81487285313399,32204400
2023-03-03,92.76725769042969,92.84650542514655,91.57856434211662,91.6082879107454,35160100
2023-03-06,94.2332992553711,95.06538532191449,93.11395338746972,93.13376154162282,32639300
2023-03-07,92.97527313232422,94.76820959391353,92.64838190947148,94.08471869587915,27835500
2023-03-08,93.3615951538086,95.05547570805707,93.11395166533696,93.23282326049596,34103300
2023-03-09,91.44979858398438,94.62954046765182,91.03375928499547,93.16349506431554,28813500
2023-03-10,89.77571868896484,91.91536215154204,89.54789090168737,91.30120355228826,35941000
2023-03-13,90.2511978149414,91.69743494917104,88.57712533524305,89.24080810196517,37335600
2023-03-14,93.08423614501953,93.47055938446682,91.56865919680635,91.68752323511042,36050200
2023-03-15,95.20406341552734,96.01633375629301,91.7667705826294,92.34130529029962,50622100
2023-03-16,99.37438201904297,100.23618410795306,94.59981570662057,95.29321447414841,65492000
2023-03-17,100.66213989257812,101.87063391183739,99.15646307131937,99.31495855039098,61028500
2023-03-20,100.26590728759766,100.79091032876192,98.9286338217588,99.17627733608008,32960400
2023-03-21,103.93101501464844,104.10931862450688,100.26589449336605,100.2956105020959,42110300
2023-03-22,102.39563751220703,105.5852794567427,102.35601364515021,103.28714806980601,43427400
2023-03-23,104.6046142578125,105.29802060137733,103.47536048762859,104.06970338391277,40797800
2023-03-24,104.44612121582031,104.49564537954834,102.86119682693183,104.00035839739058,30393300
2023-03-27,101.49422454833984,103.77254807247455,100.9692214681431,103.63386829874261,31120900
2023-03-28,100.07770538330078,101.48431886556935,98.79986382011955,101.4744185654341,32057900
2023-03-29,100.4343032836914,101.52393323759745,99.70128059578812,101.31591359200922,28779600
2023-03-30,99.93901824951172,100.20647748309447,98.83948041696144,99.9588339632855,33086200
2023-03-31,102.75224304199219,102.91073095009241,100.08759659739673,100.34514795022433,36863400
2023-04-03,103.37629699707031,103.54469275309818,100.96920202024347,101.42486512580797,25035400
2023-04-04,103.73290252685547,104.58479670606407,103.0593119562598,103.3465793011073,24420100
2023-04-05,103.48526763916016,105.09990054860849,102.68290511251428,104.7829171689168,28290500
2023-04-06,107.39802551269531,108.14095597289517,103.34658169732893,104.26781577027593,48711500
2023-04-10,105.43672180175781,106.57587610236101,104.12916414101649,105.97163278444492,27067400
2023-04-11,104.35697174072266,105.72396872832205,103.69328895955833,105.54566510200387,26311800
2023-04-12,103.65364837646484,105.7437598311209,103.35647319469733,105.57536408827609,24370300
2023-04-13,106.41736602783203,106.47679804994421,104.84234942454029,104.84234942454029,24843600
2023-04-14,107.84378814697266,107.91312802084542,105.83291668970352,105.88244840996097,26578000
2023-04-17,104.97113800048828,105.15934949683192,103.53480102901426,103.67348835512259,37571200
2023-04-18,103.51498413085938,105.53575601983307,103.08903700390688,105.48622429630001,26596400
2023-04-19,103.197998046875,103.99046025776919,102.0984603190622,102.60365516744423,20905700
2023-04-20,104.29753875732422,105.24848890310409,102.89092547236734,102.93054933979316,27820800
2023-04-21,104.41641235351562,105.00084740487684,103.79234587649182,104.47584437704927,25800100
2023-04-24,104.97113800048828,105.62491297295048,103.71310466831859,104.49565910984984,23542800
2023-04-25,102.87110137939453,105.68433527760472,102.86119352397525,104.83244109105003,46664100
2023-04-26,102.73242950439453,105.3475442819754,101.66260776152602,103.93102314766244,53347600
2023-04-27,106.57585144042969,107.34850549717122,102.56403133484429,103.4654497314898,50089200
2023-04-28,106.32821655273438,106.3381244094829,104.09942490557832,106.03104886760178,36139800
2023-05-01,106.18953704833984,106.97209146882285,105.81312162325753,105.83292977932275,26681700
2023-05-02,104.3272476196289,106.18952391615264,102.73242296305273,106.13009189782639,30997200
2023-05-03,104.41641235351562,106.47680059664341,103.97064950457289,104.53527640058293,21795400
2023-05-04,103.70320892333984,104.60462745901,102.98999433479854,104.49566369923393,23419500
2023-05-05,104.57490539550781,104.88198094212609,103.12866814460686,103.83197483499484,26639300
2023-05-08,106.75415802001953,106.94236950082018,104.16876679983567,104.18857495479786,26511400
2023-05-09,106.3381118774414,109.11172195668867,106.1796239755447,107.36830969094812,36360100
2023-05-10,110.69664764404297,111.87543315591678,106.91265515886795,106.95227902689095,63153400
2023-05-11,115.47120666503906,116.8084800047562,113.33157083298755,114.31223694111618,78900000
2023-05-12,116.40235900878906,116.91745419072438,115.01555382399056,115.58018073153592,41102300
2023-05-15,115.41177368164062,117.3632055833455,114.91648670384667,115.01554258790955,36266800
2023-05-16,118.38349914550781,119.61180877166494,115.33252945579774,115.39196147654542,45035600
2023-05-17,119.70096588134766,120.52314416561975,117.76934948574967,118.48256401873364,33323600
2023-05-18,121.67221069335938,122.14768199859776,119.69106262074578,119.80992666831531,35234200
2023-05-19,121.60285186767578,124.78259312192671,120.99860119507107,122.38540614133564,41353400
2023-05-22,123.87127685546875,125.23826620106013,121.5830458662985,121.78116519300131,35253000
2023-05-23,121.40474700927734,123.45523488676992,121.05804762080852,122.98967145510028,34046300
2023-05-24,119.7603988647461,120.76088072713313,118.73020099136893,119.97832635531356,34182600
2023-05-25,122.31608581542969,124.13873842190023,120.81040904205996,123.34627616670772,42317000
2023-05-26,123.43541717529297,124.07929173687269,121.29577387357804,122.00898830748302,35635900
2023-05-30,122.5042953491211,124.475543220799,120.8500384400081,124.45572750689844,35076700
2023-05-31,121.71183776855469,122.89061576373155,121.34532264477143,121.59296616037301,37325800
2023-06-01,122.55381774902344,123.24721653315949,121.46418784931825,121.66229962836286,30772700
2023-06-02,123.4948501586914,124.96090290179959,122.59343181140923,122.82125958334106,26980100
2023-06-05,124.82223510742188,126.2288484102657,122.67268372774639,122.8410870558176,32305500
2023-06-06,126.10997009277344,127.08072835419054,124.17835386828453,124.82222846227405,26638300
2023-06-07,121.34529876708984,127.82364520986982,120.96888341813738,125.77316516395088,52539000
2023-06-08,120.98870086669922,122.06843039511246,120.09718280596337,121.07785645151252,29389200
2023-06-09,121.0778579711914,122.59343491472501,120.76087460756005,121.09766612502108,23778300
2023-06-12,122.47456359863281,122.88070254912273,120.51323139340306,121.63257724558046,28306400
2023-06-13,122.66278076171875,123.9802460011841,122.01890614745163,123.80194237811752,22278300
2023-06-14,122.5042953491211,122.88071833842668,120.30521966995029,121.93966842264322,30592300
2023-06-15,123.91089630126953,124.27741139684176,121.2462574175831,121.97928005124778,35246300
2023-06-16,122.3656005859375,124.92128322731656,122.11795709489255,124.742979611465,45535600
2023-06-20,121.93965911865234,123.39580412253898,120.98870897595658,121.77126335074871,26097500
2023-06-21,119.4136962890625,121.50380799105953,118.96793346366026,121.24625664021467,30306300
2023-06-22,121.98918914794922,122.07833718002013,117.70990978650924,118.8688795483101,26952200
2023-06-23,121.18681335449219,121.6325761662558,119.91887990832626,120.23586326986775,34913600
2023-06-26,117.22452545166016,120.85002997860882,117.1551855728241,119.62172031459276,33969900
2023-06-27,117.2146224975586,117.95755299289218,115.00563916614229,115.97640500533596,39535900
2023-06-28,119.04719543457031,119.25521508831315,115.74858187347539,115.98631754096998,27091400
2023-06-29,117.97736358642578,118.9283137332142,117.18490890950874,118.11604334382326,24090900
2023-06-30,118.57170867919922,119.93870568097417,118.56180838025891,119.03727968371793,29532200
2023-07-03,118.76983642578125,119.05710382246328,117.70001458106489,118.11605389040548,14467900
2023-07-05,120.60238647460938,121.45428073315573,118.1061432790298,118.1160435778064,27584800
2023-07-06,118.97784423828125,119.16605571745576,117.2839635981503,118.67076871540064,24745200
2023-07-07,118.35379028320312,119.90899123235957,118.27454254576682,118.96794135463395,21709500
2023-07-10,115.35233306884766,117.19480121428604,115.04525756376775,117.18490091620437,35315200
2023-07-11,116.03583526611328,116.60046213170129,114.2627069372542,115.19384889567219,23078800
2023-07-12,117.80897521972656,119.1957804383142,117.2938800252411,117.6802033104753,30404400
2023-07-13,123.36609649658203,123.65336388590308,119.31464459044514,119.7901234728511,44297900
2023-07-14,124.23779296875,125.5849742534972,122.32598478947493,123.62364190723412,33283100
2023-07-17,123.47504425048828,125.90194740247068,123.02928143896453,124.7528855515559,25716200
2023-07-18,122.59343719482422,123.50476343752902,121.80097499226719,123.4255157057774,26193600
2023-07-19,120.87974548339844,124.00005513290701,120.6519176928117,123.42552039211267,37224000
2023-07-20,118.07640838623047,122.92031425638964,117.10565017562492,120.2754837005318,37906800
2023-07-21,118.8886947631836,119.84955280579004,117.61086088273697,119.48304524220468,72937900
2023-07-24,120.38446044921875,121.84060548000588,119.83964926814579,120.51323990968405,29686100
2023-07-25,121.05805206298828,121.98919407545517,119.87926654145934,120.21606564367339,52509600
2023-07-26,128.05148315429688,129.7453559381363,127.11044103939085,128.8439452407809,61682100
2023-07-27,128.18026733398438,131.98408291547318,127.57601659985137,130.4288745072281,44952100
2023-07-28,131.33029174804688,132.47936111951782,129.3392436159831,129.5472556742055,36591200
2023-07-31,131.46896362304688,132.27132602951215,130.5378217782747,131.47886392024066,28055500
2023-08-01,130.30999755859375,131.37981916789192,129.44818800071138,129.5472514351671,23166800
2023-08-02,127.1698989868164,128.863772116118,126.35762102589456,128.22980534062592,26273300
2023-08-03,127.2392349243164,128.17037695867327,126.2189448521919,126.76376360792844,20089500
2023-08-04,126.90243530273438,130.27038084502357,126.70432352641613,128.06140506490377,26147200
2023-08-07,130.29019165039062,130.36943938092537,127.80385645406918,127.94253620376521,22746300
2023-08-08,130.16143798828125,130.27040174998604,128.3189694544306,129.38879135617893,23535200
2023-08-09,128.43785095214844,130.79540720669382,127.78406837010577,130.41899929897178,24912900
2023-08-10,128.46755981445312,130.80531533812552,128.22981658468657,130.08220046399103,20857800
2023-08-11,128.33876037597656,128.70526790592254,126.96186317041614,127.44724985423152,19591100
2023-08-14,130.0920867919922,130.13170310188443,127.7444312206599,128.170370790581,24695600
2023-08-15,128.55667114257812,130.1812116279545,128.06138422490292,129.8642358604201,19770700
2023-08-16,127.48686981201172,129.05197853395998,126.66469914191973,127.48686981201172,25216100
2023-08-17,128.6953582763672,130.74585348864863,128.07129188741925,128.5764942460754,33446300
2023-08-18,126.25855255126953,128.03168079764703,125.18873089019047,127.29865064608583,30504800
2023-08-21,127.15999603271484,127.51660332355637,125.36705927860892,125.98121795894284,25248700
2023-08-22,127.86328887939453,129.05197461127347,127.11045810936166,127.29865446565053,22054900
2023-08-23,131.12225341796875,132.1524586685119,128.6458188358362,128.95289430562747,27819700
2023-08-24,128.55667114257812,132.98453739579097,128.34865910153056,132.68736222219442,28500700
2023-08-25,128.65574645996094,129.5274412374435,126.05053219547979,128.3189398374532,26762900
2023-08-28,129.77508544921875,131.2906623566744,128.91329096477185,130.07226065194624,20543300
2023-08-29,133.30154418945312,135.28269209662818,130.99350506379912,130.99350506379912,43075600
2023-08-30,134.5991973876953,134.9954209341487,132.8062609003106,133.50955996250931,28315800
2023-08-31,134.88645935058594,136.69921157879557,134.5100363949587,134.72796388348397,30053800
2023-09-01,134.38128662109375,136.16432303188128,133.5789240149797,136.16432303188128,21543700
2023-09-05,134.490234375,135.13410142022065,133.31144891270912,134.1633431456703,19403100
2023-09-06,133.19256591796875,135.24304591839837,132.41000411563905,134.73785869857247,18684500
2023-09-07,133.9850311279297,134.30202205679186,131.69680765193374,132.33077439469866,18844300
2023-09-08,135.09449768066406,135.37185721348425,133.5789205495535,133.63835257587766,23558300
2023-09-11,135.62940979003906,136.18412889149724,134.51005617212115,135.2529867790659,20763400
2023-09-12,134.06430053710938,135.57987776275795,133.91572046203083,134.9756269325021,18405500
2023-09-13,135.42137145996094,135.60956781404116,132.88548944943147,133.81663138154605,20749500
2023-09-14,136.79827880859375,137.39261415422715,134.95581051870604,136.3029917964192,24751000
2023-09-15,136.10484313964844,137.21429614771708,135.1935169967419,136.67937779571167,38919600
2023-09-18,136.9072265625,137.84826875270798,135.32230226270676,135.32230226270676,21861300
2023-09-19,136.73883056640625,137.10535323062862,135.3322172769841,136.1246795130563,20353700
2023-09-20,132.47935485839844,136.7784418280109,132.3604757157884,136.7784418280109,29927500
2023-09-21,129.21044921875,130.983569674675,128.84394174860475,130.2010230212673,31503900
2023-09-22,129.0222625732422,130.78548307138033,128.37839552385094,129.52744986822796,26397300
2023-09-25,129.87416076660156,129.9335927895909,127.74443266302943,128.60622722629518,20094600
2023-09-26,127.35811614990234,129.13123709457156,126.02083510191228,128.5468020175819,25718700
2023-09-27,129.30953979492188,129.66614708498366,127.3581226719012,127.3581226719012,22746500
2023-09-28,131.06283569335938,132.04350933617025,128.5665851302691,128.61611685030257,22513100
2023-09-29,129.62648010253906,132.78641274864427,129.13119323299168,132.0236667373537,30859800
2023-10-02,132.90533447265625,133.15297801496536,129.93361196494698,129.9732433960953,22288000
2023-10-03,131.18170166015625,132.99445381235702,130.5972666540528,132.6774780064036,22989400
2023-10-04,133.96522521972656,134.29211643404554,131.28076318908475,131.53830697235477,26752300
2023-10-05,133.7968292236328,134.21286846430397,132.19208916394834,133.7968292236328,19832600
2023-10-06,136.28317260742188,136.85770734068427,132.74681617552042,132.74681617552042,27597600
2023-10-09,137.11524963378906,137.63035233984527,134.3317391453215,135.6492043634317,19278100
2023-10-10,136.75865173339844,138.4030082937137,136.03553690481087,137.19450673636976,27786600
2023-10-11,139.2251739501953,139.77989295278536,137.27374202789582,137.27374202789582,25884300
2023-10-12,137.66004943847656,139.8888406057492,136.95673535288924,139.72044486468351,24765500
2023-10-13,136.0652313232422,138.6803458110814,135.33220119685583,138.06619483070466,23420500
2023-10-16,137.78884887695312,138.31385188558824,136.68931113689553,136.86760720097854,28501900
2023-10-17,138.40301513671875,138.58131122040757,135.88694844605996,137.3232929900395,23515800
2023-10-18,136.65957641601562,139.3935548290278,136.08504176325326,138.135521794273,23375000
2023-10-19,136.4515838623047,138.34358404290452,136.0850762778288,137.194514445947,26066000
2023-10-20,134.32183837890625,136.5704304415317,133.80673567464444,136.03552714034558,26335700
2023-10-23,135.21334838867188,136.36241783407064,132.68738171446304,133.76710372602042,26317900
2023-10-24,137.50155639648438,138.04637504765964,136.124659322582,136.5307982366361,44814300
2023-10-25,124.42599487304688,127.10054152384546,123.89108403139126,126.95196147684071,84366200
2023-10-26,121.12737274169922,123.15805221708969,120.12689100759395,122.10803876603191,57061100
2023-10-27,121.01842498779297,122.14767875459353,119.07690083509236,121.72173162799473,44566500
2023-10-30,123.2868423461914,124.21798434885228,121.59296166894325,122.04862481392111,28940100
2023-10-31,122.91043090820312,124.18827234968963,121.5335335724306,123.88118925267857,26292300
2023-11-01,125.2580795288086,125.29770339578583,122.55381673556106,122.90051612476204,30082400
2023-11-02,126.28827667236328,127.76422981075791,125.73355765282807,127.20951079122271,27124600
2023-11-03,127.88310241699219,128.3090419584001,126.65478528312015,126.81328074199891,26393100
2023-11-06,129.0222625732422,129.1114106050115,127.45715385068908,127.83357680477238,19052700
2023-11-07,129.73548889160156,130.66663094824423,128.65576676845674,129.47794507134418,29757300
2023-11-08,130.5972900390625,130.96381274636772,129.54728387670204,129.73549538032546,26425800
2023-11-09,129.01235961914062,131.30058307721072,128.84396385761158,130.71614806102886,23747800
2023-11-10,131.34019470214844,131.54822187953658,128.19017683711922,128.87367527216182,26913300
2023-11-13,130.84490966796875,131.34019664387745,130.0128311760323,130.5378341612988,18324800
2023-11-14,132.36048889160156,134.42088456077047,132.06332879289005,132.92512330907195,32395200
2023-11-15,133.35104370117188,133.7571825976708,132.3109532751992,133.59868715782386,23861500
2023-11-16,135.63926696777344,135.92654184217392,133.05388378791164,133.9156781811989,28013200
2023-11-17,134.0345458984375,134.77747628966966,132.3901896715872,134.7180442767643,37240600
2023-11-20,134.96571350097656,135.37185248662504,132.36049892835388,132.42984636661794,27815500
2023-11-21,135.67893981933594,135.88695192229423,134.67846538924488,135.0053415510365,22635300
2023-11-22,137.18460083007812,138.10582740919213,136.1742111022112,136.1742111022112,17813900
2023-11-24,135.40155029296875,136.82797914299124,134.70815157836293,136.72891570592253,12514300
2023-11-27,135.1241912841797,137.11523941063973,134.71805235170586,134.7477683599397,23436500
2023-11-28,135.90673828125,135.95627000005229,134.1435179195899,134.79730033187963,18730000
2023-11-29,133.7176055908203,136.98648808728825,133.56901040418717,136.27328862830294,23967200
2023-11-30,131.28073120117188,134.27226800620556,130.04251407664944,133.77698115639657,38988300
2023-12-01,130.61708068847656,130.86472417415052,129.43829527827506,130.61708068847656,31442300
2023-12-04,128.05148315429688,128.80431382323027,126.69439428737353,128.65573379480827,36669900
2023-12-05,129.75531005859375,130.89446425621387,127.04113151505359,127.73453037947287,27384800
2023-12-06,128.79443359375,130.59727038431748,128.65575384062942,130.20104683681856,23576200
2023-12-07,135.63926696777344,137.25390714366299,133.4302915642557,133.76708303807405,56767100
2023-12-08,133.7176055908203,135.11430360941816,132.76664778723733,132.93504357345236,32260100
2023-12-11,132.03358459472656,132.0831163112605,130.12178427916996,131.13217385962292,31138000
2023-12-12,131.27088928222656,131.74636063729966,130.0227561920871,130.56757499215098,29032800
2023-12-13,131.32040405273438,132.24163062890102,130.32983004053287,132.122766584224,30104800
2023-12-14,130.6963348388672,132.45955533429708,128.46754335829976,132.12276380482388,38722400
2023-12-15,131.35011291503906,132.2515237297127,129.9434845931054,130.3793395531458,50847100
2023-12-18,134.51995849609375,135.85722438947897,131.18171368224796,131.37984058345504,32258000
2023-12-19,135.36192321777344,136.17420110593048,134.79730393023888,135.55013468527125,25476800
2023-12-20,137.03599548339844,140.3643245325025,136.76855140187814,137.66006190353008,49107200
2023-12-21,139.09640502929688,139.36386425256705,137.8680877770193,138.17517842630895,27488300
2023-12-22,140.1563262939453,140.6516133137084,139.3836797523117,139.44311177628964,26532200
2023-12-26,140.18603515625,141.33508949612715,139.85914392608302,140.25536747570143,16780300
2023-12-27,139.04689025878906,140.74077872609564,138.57141889330177,140.2553919454143,19628600
2023-12-28,138.90817260742188,139.80959847650112,138.43270137157182,139.45299127087407,16045700
2023-12-29,138.373291015625,139.03697381318452,137.4718650054482,138.3138589912108,18733000
