Date,Close,High,Low,Open,Volume
2018-01-02,211.17471313476562,213.02488140177772,209.72927272082376,212.90923406955176,2258300
2018-01-03,209.20895385742188,211.56297495372908,209.15114278246824,211.01782168424606,2988200
2018-01-04,212.1328582763672,214.51991235839165,210.0597005458047,210.81132010382842,2583200
2018-01-05,211.0508575439453,212.67799913622616,209.5393380961793,212.42195166642423,2594700
2018-01-08,207.9864959716797,210.7699973523284,207.8295604155171,210.4148380226897,2940500
2018-01-09,209.74586486816406,211.11697182431917,208.6555834032954,208.8042638772522,2637300
2018-01-10,210.0679168701172,210.74520238026028,208.43250785465955,210.62131253183162,2927200
2018-01-11,210.728759765625,211.3564895378554,208.944669756241,211.24085477446442,2422400
2018-01-12,212.29808044433594,212.5210822325156,209.86973792487714,211.24084477104336,2849200
2018-01-16,213.4792022705078,216.21314818742835,211.7777140323786,214.1317225813201,4445500
2018-01-17,209.50631713867188,216.40313980347713,205.53342181757742,215.5606633717075,8608100
2018-01-18,207.292724609375,210.24141719604788,206.98712116848202,210.20012897135447,4984500
2018-01-19,211.54644775390625,211.56298320917088,206.70628557762484,207.31750506997884,4643400
2018-01-22,216.00660705566406,217.1216661340338,210.77825366157023,210.9930002722846,5264700
2018-01-23,214.8255157470703,214.96594107219323,212.14939370118108,213.0992496564147,4003600
2018-01-24,219.44265747070312,219.52525911826316,214.9989560207017,215.36238310477881,4314000
2018-01-25,222.2096405029297,223.42381157780406,218.88926612978563,219.99605758750033,5055000
2018-01-26,221.47459411621094,222.18491296561098,219.74830253636665,220.93769590853807,3535400
2018-01-29,225.05921936035156,226.14123277790046,222.02791312215066,222.2178943719309,3881100
2018-01-30,222.1353302001953,224.6627845094073,220.623798085842,223.33299115609336,3970400
2018-01-31,221.2679901123047,223.01076585002426,219.97946027521346,221.81310535823937,3710200
2018-02-01,224.85275268554688,225.15008837213054,219.7069749865281,219.83086485593796,3388200
2018-02-02,214.7841796875,224.4562333184016,214.21426119999845,223.01079299344408,5913900
2018-02-05,205.7563934326172,217.47684053789914,199.47079158696857,212.6945154845434,6528500
2018-02-06,213.67742919921875,213.71871741950827,199.97464272417662,201.70917648655922,6739900
2018-02-07,212.3559112548828,216.36185229437515,211.16651793168327,211.364741750054,4125000
2018-02-08,203.47674560546875,213.74349776663985,203.2289532647706,213.04142156853547,4166200
2018-02-09,205.91336059570312,207.87089630850522,197.64543149340096,206.177663206012,5978600
2018-02-12,209.1016082763672,211.57123917261615,205.51691795783762,207.44140813193852,3692500
2018-02-13,211.0591583251953,211.77774494147442,206.9706278411067,208.1517535484733,2700500
2018-02-14,216.88217163085938,216.98955125896836,210.19185365374693,210.6213595629401,3793800
2018-02-15,221.0946044921875,221.35891969959428,217.15475518231682,219.50876366071782,3523100
2018-02-16,221.04502868652344,222.41613534449203,219.62436608242805,219.69870000161822,2602500
2018-02-20,218.79017639160156,222.0609951505332,217.48513581373206,220.44210862228215,2618400
2018-02-21,217.5594482421875,223.0108291060771,217.3364464874153,217.98896671187424,3017900
2018-02-22,215.93228149414062,219.97126726149438,215.3458527023742,218.3854014788172,2678900
2018-02-23,220.34298706054688,220.51645810567652,216.7335189148937,217.22910366035927,2507100
2018-02-26,224.0515899658203,224.48108329725022,220.3429847448597,220.94594911959615,2751400
2018-02-27,221.3011016845703,225.58786796466595,221.3011016845703,223.83682378213868,3140600
2018-02-28,217.78086853027344,223.2144136018267,217.48269820088797,222.92453420733764,3104300
2018-03-01,212.68692016601562,218.2943978501059,212.20652621641193,217.5158082981094,3483500
2018-03-02,213.7968292236328,214.7245039847141,208.8105647442002,211.2125851671231,3122800
2018-03-05,217.938232421875,219.1226732926541,212.2396305252528,212.42185414208336,2445800
2018-03-06,221.093994140625,221.87258365838247,218.01277453001254,219.3048964366656,2217300
2018-03-07,219.78529357910156,220.67982970266317,216.14084689343682,217.5820538114336,2509400
2018-03-08,220.6053466796875,222.06313585834607,217.53241748249746,220.72131867219142,2565400
2018-03-09,224.27464294433594,224.53970011939498,221.18515713807838,222.56011279679828,4410600
2018-03-12,226.4365234375,228.03510718158572,224.2746867670447,224.4652013883276,3065600
2018-03-13,222.41925048828125,227.80310009445526,221.51642335682223,227.23158172946694,2288100
2018-03-14,219.02330017089844,224.28291266350476,218.5926012601033,223.96816045755247,2478700
2018-03-15,220.8289337158203,222.8085459410852,219.78531236201636,220.09177360389683,2255200
2018-03-16,221.64898681640625,223.51262735811832,219.7687644035548,220.3320172001988,4114400
2018-03-19,217.4495849609375,221.5661610007134,214.91503575821162,221.1437277078446,2426900
2018-03-20,217.99627685546875,219.19729991711853,216.9195167346589,218.07911039028008,1514800
2018-03-21,216.88632202148438,220.7295493230805,215.61075669246267,217.84713516619325,2817600
2018-03-22,209.2246856689453,216.03318578788503,208.87679503050072,214.04530789213567,4489300
2018-03-23,203.1450653076172,210.37599856895025,202.87172988796982,210.07781562375487,3634200
2018-03-26,211.11317443847656,211.51074749174242,205.78729810166521,207.60952162097152,3787200
2018-03-27,204.80166625976562,212.91885868450015,203.4350015876563,211.94976712159368,2981500
2018-03-28,206.54933166503906,208.08994156393302,202.4079085646381,206.06064677246061,2660200
2018-03-29,208.61178588867188,209.5394607120534,205.6879418969726,207.7255151895601,3073900
2018-04-02,204.876220703125,209.22471527417937,201.91096003137147,208.11480419735813,3429900
2018-04-03,207.55154418945312,207.8083103779396,203.67516592087182,205.91982261381153,2488200
2018-04-04,209.2412872314453,209.7382631315046,202.5238974762497,203.51784927636822,2853200
2018-04-05,211.88348388671875,213.69742920329804,209.8873149450005,210.79843307069518,1924800
2018-04-06,207.0463104248047,211.49419485326948,204.3212469085201,208.29701566893544,3621900
2018-04-09,208.88511657714844,213.2833062290516,206.38369329149276,208.29702889024196,3256700
2018-04-10,212.51295471191406,215.2628652470272,211.99940974099187,213.66425699284795,3113900
2018-04-11,209.50631713867188,211.07177458983682,206.89721296098327,209.21641246161076,3322000
2018-04-12,215.01437377929688,215.95863025755483,211.3036626984395,212.26446312853972,3059100
2018-04-13,211.974609375,217.42472397254636,210.83157249604278,216.96088658358428,3026200
2018-04-16,213.59800720214844,215.9006370611484,212.58749911857367,212.97679383791566,3257400
2018-04-17,210.07785034179688,217.2176603379061,209.0093560121731,216.67928034389942,10134400
2018-04-18,210.38429260253906,212.88570304469968,208.93479452358457,211.12974370198185,4524800
2018-04-19,210.52508544921875,212.17337627626713,209.41518717023874,210.38427859041855,3990000
2018-04-20,208.69459533691406,211.77580245032033,208.2970096253738,210.46712389201568,2930600
2018-04-23,204.31298828125,209.34896084410482,203.91541515852037,208.4461335417852,3775900
2018-04-24,200.8507080078125,206.36707303659063,198.82140092190096,206.093750280307,4705100
2018-04-25,198.15054321289062,200.82591186629918,196.725892532391,200.60227146077548,5041400
2018-04-26,198.86285400390625,200.1632669409858,197.14002045496173,198.1836671786359,2891100
2018-04-27,198.62266540527344,200.38690314933135,197.97660437697826,198.78831981072486,2136800
2018-04-30,197.4050750732422,201.33114872337762,197.31396325946415,199.59174596529502,2790500
2018-05-01,196.03018188476562,197.0489687527777,193.78553692784166,196.72593815371906,3269800
2018-05-02,193.86001586914062,197.05719497540264,193.33819251948375,195.97214415640582,3710900
2018-05-03,193.32992553710938,193.81861045327383,188.35192664145106,192.53476670246172,4511400
2018-05-04,194.59718322753906,196.12950213295966,192.39394318905087,192.41879071561414,2622300
2018-05-07,196.46914672851562,197.27258397391637,194.8788414720813,195.47520752307202,1979400
2018-05-08,196.303466796875,199.3349917224502,195.475182126846,197.33054433761455,3267000
2018-05-09,200.22120666503906,200.48626376895325,196.51049568056897,197.11513982077295,2434000
2018-05-10,201.6376190185547,203.27761910138406,198.9208463533869,200.5359989075841,2599000
2018-05-11,201.2069091796875,202.85520021191311,200.20469181329025,201.63762074403277,1540100
2018-05-14,202.02694702148438,203.6586690758147,201.6873472228704,201.77018075767188,1928500
2018-05-15,200.08042907714844,202.06002879650592,199.3432562771857,201.27316094194663,2165700
2018-05-16,199.58349609375,200.3123780691617,199.27702214632825,199.84026234043316,1965200
2018-05-17,198.04287719726562,200.80934506719038,197.77782002622968,199.1362064312351,2462700
2018-05-18,196.303466796875,197.74468667262906,196.19578574541248,197.21458498935533,2699000
2018-05-21,196.88327026367188,198.8463135929602,196.56853067257174,198.04287642449708,1951700
2018-05-22,197.1317138671875,199.36807952199067,197.11514463813333,197.71151049789665,2551500
2018-05-23,196.97438049316406,197.02407555248215,194.13337006742856,196.20408179649107,3114000
2018-05-24,195.55799865722656,196.44425660506752,193.52869128108554,195.97214095625617,2308700
2018-05-25,194.65513610839844,195.57453241042296,194.05049196123844,194.64685781328777,1985600
2018-05-29,188.04547119140625,192.55134190398596,186.38062352298186,191.7644739802616,5323600
2018-05-30,190.4808807373047,190.90479503858273,188.08698189876768,190.29801276028806,3348600
2018-05-31,187.75453186035156,189.60813463538207,186.26665241501422,188.96809661262137,5334900
2018-06-01,189.80763244628906,191.3869332280487,189.59150879090444,189.84918298003555,3330900
2018-06-04,191.0877227783203,192.13504750607578,190.30637984730427,191.47008667256972,2133600
2018-06-05,189.79933166503906,190.63054535825546,188.92655475049895,190.29806495429466,1986200
2018-06-06,193.0327911376953,193.3237210619938,190.6472114183888,191.05451077574327,2566400
2018-06-07,194.04678344726562,196.09988174777462,193.29037614006526,194.4125194060575,2905000
2018-06-08,193.99696350097656,194.72843561022765,193.13250684002796,193.67279066770652,2253100
2018-06-11,194.5787811279297,195.46818573385704,194.1631743438468,195.01932330439254,1936800
2018-06-12,193.36524963378906,195.52639767223482,192.72521152503995,194.60374994576287,2080000
2018-06-13,194.3626708984375,198.02000553882047,193.75588854271803,194.21304586028148,3637400
2018-06-14,194.21304321289062,196.07496615320846,193.33195886865593,196.05833833068166,2899600
2018-06-15,192.77503967285156,193.7974287598032,191.04611401457746,192.4259315134854,4738100
2018-06-18,192.3345184326172,192.56725723083593,190.4725953635539,191.34537219853084,2327500
2018-06-19,189.78268432617188,190.3811464151082,187.98726000942608,189.69955789762702,3326600
2018-06-20,189.36712646484375,191.12929559202655,188.65228211797074,191.11266776536004,2678300
2018-06-21,188.6688690185547,189.87412626348652,186.66565377949868,188.17845601348736,3094600
2018-06-22,187.8708953857422,191.59472864274213,187.50515938416572,189.33382670873544,2731800
2018-06-25,184.1470947265625,187.1394693995367,183.1912039555568,186.60749308915413,3817700
2018-06-26,184.1803436279297,185.19442541418638,182.13555222914394,184.34658384070786,2692900
2018-06-27,183.01661682128906,187.413744167337,182.9833738556833,184.09719711152647,3104200
2018-06-28,185.70974731445312,186.7404567795472,182.51789002574773,183.07480163471612,3072600
2018-06-29,183.3408203125,187.16439589801686,183.2410660392673,186.52435776831047,3393700
2018-07-02,185.5767059326172,185.64320452905628,181.94430729989014,182.6591513574725,1723200
2018-07-03,183.18284606933594,186.7238112236697,182.85867329241321,186.57419887277254,1204400
2018-07-05,183.4821014404297,184.64579545029815,182.68413077415312,184.11381923388495,2218200
2018-07-06,184.35484313964844,185.52685726031777,182.76723493751282,183.31582622770298,1846400
2018-07-09,189.50839233398438,189.68294008650383,185.3606319236026,185.6598693255203,2743900
2018-07-10,188.560791015625,190.23983318451536,187.72957750034044,189.51668148487755,2524800
2018-07-11,187.57167053222656,188.89329715811652,187.1893066822937,187.65478428512438,2527000
2018-07-12,188.86839294433594,189.35049845066268,187.66313552017684,189.21750120409348,2223100
2018-07-13,188.195068359375,190.03204325551414,186.1336495635847,188.3779363603453,2541500
2018-07-16,192.3760986328125,192.3760986328125,188.46939682261933,188.85174801774068,3271200
2018-07-17,192.0269775390625,193.86395257004423,188.57743334328484,192.40932870856673,9280200
2018-07-18,192.20982360839844,194.2712296368374,191.30379121023236,193.12415089266239,6149900
2018-07-19,190.87159729003906,192.8332620399621,190.3313007996762,192.1017899586408,4638500
2018-07-20,192.58387756347656,192.88311496144868,190.18167080984105,190.356218560059,2683500
2018-07-23,194.3045196533203,195.21885984232588,192.60884920126423,192.6753478225842,2788500
2018-07-24,196.066650390625,197.39658442101074,194.7865744591115,195.1273750484519,2887400
2018-07-25,196.73997497558594,196.87297221313167,194.46244484504518,195.34352934798503,2181500
2018-07-26,197.08905029296875,198.11143943379398,196.52381846946423,196.9976162928421,1885500
2018-07-27,197.52955627441406,198.49376688391442,196.15805920714783,197.79555065633562,1998200
2018-07-30,198.6184844970703,199.26683008163656,196.9061865335588,197.82883412441274,2454100
2018-07-31,197.35507202148438,199.07569054971745,196.62361255560108,199.07569054971745,2503700
2018-08-01,196.19967651367188,198.99255505793442,195.98356551728364,198.2444677999397,2510500
2018-08-02,194.49571228027344,195.5097940822006,193.48163047834626,194.44582880068543,2579700
2018-08-03,194.5787811279297,195.76742312572924,194.0800605970177,194.8697109501127,3053100
2018-08-06,196.1082000732422,196.98097680762967,194.5288994554452,194.6203334501584,2259600
2018-08-07,197.68751525878906,199.0423973706422,196.57369217316486,197.20540988964308,2399500
2018-08-08,196.4739990234375,198.79309259476238,196.3576296004427,197.92862315253032,2522400
2018-08-09,194.32113647460938,196.8729686045717,193.9969636411052,196.4573617573451,2951900
2018-08-10,190.85496520996094,192.39271552391122,189.60814474458948,191.9854162725636,3863400
2018-08-13,188.56912231445312,191.08769856803974,188.3280759453443,190.75521819341103,2662700
2018-08-14,190.81338500976562,191.48666597181767,188.9348469084452,188.97641012358807,2359000
2018-08-15,190.55575561523438,192.45922955631553,189.77441264684907,190.63888206505578,3218500
2018-08-16,193.6727752685547,193.9138216399478,191.55317798109883,191.73604599387153,2438300
2018-08-17,193.98863220214844,194.2712417794953,192.54231598575873,193.26546775229716,2107200
2018-08-20,195.98355102539062,196.14979121672863,194.57049037404718,194.61205359271008,2604900
2018-08-21,198.36912536621094,199.10059741056904,195.57624709530478,195.57624709530478,2437300
2018-08-22,198.9426727294922,199.21697475706873,197.47974126573106,197.73741546891438,1870900
2018-08-23,196.44900512695312,198.89277496546723,196.0333983566837,198.7015994024707,2064700
2018-08-24,195.42665100097656,197.6626178545504,195.08585034436408,197.29688180192377,1948100
2018-08-27,201.6524200439453,202.52518415829744,196.63188290657237,196.98931134211495,4106900
2018-08-28,201.4612579345703,203.71385261454645,200.81291227120303,202.0347974098524,2951000
2018-08-29,201.31944274902344,202.4786552992338,200.4104226127731,201.8615284334892,1911700
2018-08-30,199.65151977539062,201.08594277657662,199.05106304348413,200.81908018757116,1963700
2018-08-31,198.32554626464844,199.60986163851578,197.75010741632113,199.26793236265212,1965500
2018-09-04,198.2003936767578,198.58401097070538,195.64011154735172,198.28378265464005,2083500
2018-09-05,198.1170196533203,199.69321535155183,196.95780707869838,197.6583356722868,2092000
2018-09-06,195.581787109375,199.0093892317905,195.04804916763877,197.65002004293828,2651400
2018-09-07,195.07305908203125,196.5158172090303,194.04727137714053,196.02378014914564,1952900
2018-09-10,193.40512084960938,196.39905670668873,193.26334811065936,195.99040865302197,1948100
2018-09-11,191.98739624023438,193.18829707750163,190.6947458714723,192.37101362947746,2719400
2018-09-12,190.26942443847656,193.47186500776635,189.56056065092164,192.57117979065208,3577700
2018-09-13,190.4195098876953,191.6871421141575,189.78570013712158,191.3952488449652,3003600
2018-09-14,191.17845153808594,192.27094542558103,190.7781385260091,191.04501386739366,2228300
2018-09-17,190.0525665283203,191.94567346222226,189.56052949923284,191.31185097360725,1918800
2018-09-18,190.88653564453125,191.3118538535716,188.95174054962285,190.43619946586,2498100
2018-09-19,196.4658203125,197.04959428984836,191.41198559738402,191.72888419919124,3716500
2018-09-20,197.98362731933594,198.90933057466083,196.8410973712146,197.65004583421552,2503000
2018-09-21,196.265625,198.917644437815,195.84030677025459,198.53401434260707,3760300
2018-09-24,194.23080444335938,196.59927911707163,193.68039619149326,195.7653125669064,2057000
2018-09-25,193.89720153808594,195.68188924968183,193.67202703127518,195.68188924968183,2003200
2018-09-26,190.8782196044922,194.3141568465881,190.34448165693053,194.28080379219145,2372700
2018-09-27,189.927490234375,191.68715964093917,189.74401662987518,190.78647450757157,2451500
2018-09-28,187.0086212158203,189.64394524314213,186.6416739812356,188.26790583876624,3097800
2018-10-01,187.91761779785156,189.8023769533557,187.6424074066174,188.65984725591403,2451300
2018-10-02,188.53477478027344,188.75160144547596,186.78344039297585,187.87593425182718,2272700
2018-10-03,189.9608154296875,191.62041270871495,188.9600585589225,189.9357974623169,2573900
2018-10-04,189.710693359375,192.9798404692985,187.9677064513979,191.19515269180664,2903600
2018-10-05,188.23452758789062,190.48623391425392,186.98357821487602,190.14430469822096,1722400
2018-10-08,187.93429565429688,189.2436160226479,185.5574868006569,187.02526278929258,2522900
2018-10-09,185.89942932128906,187.7424877015971,185.58251805802772,187.6340807367833,1862900
2018-10-10,179.21102905273438,186.50823464008272,178.93581862925924,186.17465318907347,3955500
2018-10-11,177.60983276367188,180.16176801992358,175.925217001089,178.63560791611624,6217400
2018-10-12,178.36041259765625,181.78801544693508,176.3505629890833,180.97073183399988,4161300
2018-10-15,179.48619079589844,181.08740423203116,177.6764858281029,178.8440333152893,3333800
2018-10-16,184.89035034179688,185.14054280957603,180.3869368230423,182.93053691571484,5924200
2018-10-17,190.3778533935547,190.89490850199962,183.51431331809752,183.91461363672207,4953700
2018-10-18,187.60072326660156,190.75311497392897,186.69170302156783,189.72733995178373,2995400
2018-10-19,189.27700805664062,190.3945199095661,186.96691770818327,187.8592550839228,2759100
2018-10-22,184.8069305419922,190.86985616331685,184.74021171334718,189.25195956329247,2736800
2018-10-23,182.27169799804688,183.07231135721926,178.73568853543932,180.62878313912114,3318200
2018-10-24,174.44906616210938,182.58023766337644,173.79857346003328,181.9214098793359,4152700
2018-10-25,178.4770965576172,179.87816634899224,175.4164422219422,176.19203738197268,3179700
2018-10-26,177.10108947753906,179.13596934879027,174.74096324819874,175.74172029421777,3557900
2018-10-29,178.87742614746094,181.97978162595896,176.84254645454126,178.59386795026424,3278200
2018-10-30,182.87213134765625,183.7644814070633,179.33610961390434,180.1283877882624,3897400
2018-10-31,187.95101928710938,190.9783216455579,184.6401713829142,185.0488195343621,4369600
2018-11-01,189.28533935546875,190.8782181033567,188.0343898577106,188.27623449480464,2557600
2018-11-02,191.5537109375,193.2216434456758,188.71821803841206,191.81223844021682,3699000
2018-11-05,190.74473571777344,192.72957919432196,189.26861209339435,190.41115435336965,2565200
2018-11-06,190.31109619140625,191.41193775237144,189.35204009158076,190.3027611099984,2275600
2018-11-07,192.8797149658203,194.147347239975,189.22693868683064,191.8539400324535,3514300
2018-11-08,193.18829345703125,195.19815534770828,192.31263899893102,192.646220437701,2404800
2018-11-09,185.68260192871094,193.22166482605502,185.39072134267207,193.22166482605502,3721700
2018-11-12,171.83876037597656,185.39904796827048,171.07151289935305,185.14052044873947,11019400
2018-11-13,171.00479125976562,174.79099263826507,168.73640192033588,170.46270553306405,6984800
2018-11-14,168.86984252929688,172.91457149368597,165.49227643200817,171.99721618876492,5742500
2018-11-15,169.91233825683594,170.54614821186306,166.22620787631217,168.29444122063327,4260000
2018-11-16,168.56126403808594,170.7462643915218,167.0851528532174,169.2367747032488,2829600
2018-11-19,165.30880737304688,168.71139153517962,164.58326073619406,168.31942634105272,3419100
2018-11-20,159.5711212158203,163.36567072141483,158.7455026587207,162.70684289224224,5513800
2018-11-21,160.6219482421875,162.82361922809397,159.4460524578701,160.19661719555606,4111700
2018-11-23,157.7030487060547,160.01312643338804,157.56961103019884,159.79629975411015,1862600
2018-11-26,162.07302856445312,162.81525815804665,159.02905626748725,159.42935657996125,3143300
2018-11-27,161.49758911132812,162.30653754156842,159.75460238032278,161.28909751024182,2345400
2018-11-28,165.41725158691406,165.5006405972975,160.31336822454548,162.49002118304958,3762900
2018-11-29,163.15640258789062,165.3334882419792,161.74128988546602,164.13609304875786,2665700
2018-11-30,159.67306518554688,160.30944176993526,157.52108583815868,159.57258803455144,6220000
2018-12-03,160.46014404296875,163.83463743200986,160.45176243052236,162.4446441118259,4017000
2018-12-04,154.330810546875,160.0247500867818,153.76142298130958,159.67306727684132,5797500
2018-12-06,154.14654541015625,154.80805385964686,150.8474103276849,151.83548219627644,5275500
2018-12-07,150.44554138183594,155.95526447336542,149.88452263480488,153.94564469961676,3921200
2018-12-10,149.74215698242188,150.58786941571307,146.2671733888159,149.54957153263265,4528300
2018-12-11,148.0423583984375,154.43128169594084,146.91193937147497,152.52213921513524,4713900
2018-12-12,147.95860290527344,150.72183917892343,147.77438630190687,149.4658238524324,3677300
2018-12-13,147.30548095703125,149.6249262495217,146.63560353813142,148.90481026015297,4008600
2018-12-14,144.6678466796875,147.59016745097108,144.3329015982814,145.98246939076716,5078300
2018-12-17,140.68206787109375,143.54578092539663,139.4428031475769,141.84597475085585,8395800
2018-12-18,143.6044158935547,144.8771816410909,141.7790131247046,142.16418399480673,5150800
2018-12-19,141.7203826904297,146.4095112461696,140.33877107183804,143.67976334921883,5316100
2018-12-20,141.01702880859375,143.73001370429577,139.9703493823264,141.00027836025592,6488200
2018-12-21,134.01686096191406,142.03861509454066,133.489330345386,140.8830767066605,8960000
2018-12-24,130.9186553955078,133.97495392109386,129.2104675779794,133.13761045908703,3783500
2018-12-26,136.42837524414062,136.57910372353945,127.02501097740588,131.4629342428857,7054700
2018-12-27,138.50502014160156,138.50502014160156,133.15439457740652,134.07546495242235,4973000
2018-12-28,136.51211547851562,138.9571570673078,135.6664031078954,138.69758261577329,4110500
2018-12-31,139.87823486328125,139.93684226458555,137.14011802837462,137.14011802837462,4550000
2019-01-02,144.04823303222656,144.2324496649772,136.78009598315842,137.60068921650628,3999400
2019-01-03,141.9381103515625,143.83051508228152,140.91655012794857,142.90106316659504,4060200
2019-01-04,146.5769500732422,147.3724236683558,143.26944652923618,144.8520248859646,3788300
2019-01-07,147.38925170898438,148.90484186510824,144.24921261971613,146.72774298580822,3152100
2019-01-08,146.8449249267578,149.13088187206475,144.7766854677741,148.86292582023552,2692700
2019-01-09,147.7659912109375,148.7875511837869,146.45973754777833,147.45617824070897,3321400
2019-01-10,147.37246704101562,149.10577434876046,146.9537952596491,147.0877732961301,2808700
2019-01-11,148.1511993408203,148.24330764934024,144.37478424520316,146.61887177239296,3182700
2019-01-14,149.65003967285156,150.33665473711312,145.7815165760903,146.133199332446,3361700
2019-01-15,150.64651489257812,150.71350392480588,147.70743019652414,149.31514141628693,2911800
2019-01-16,165.023681640625,165.91963266722803,155.4109804909611,156.5832564445117,15194200
2019-01-17,166.70675659179688,167.3012762492603,161.46498955320624,164.0774978466206,8177000
2019-01-18,169.59556579589844,169.98074947069992,164.88133005302274,167.78691334444815,5650900
2019-01-22,165.5260467529297,168.69958557751707,164.05232688335627,167.88736141039135,4648500
2019-01-23,164.87289428710938,165.86933488033014,162.888394711033,165.41717511019255,3410700
2019-01-24,165.6265411376953,167.20073817509515,163.9183533016297,164.30353692014563,2631800
2019-01-25,168.08831787109375,168.46511984383122,166.98301845576117,167.3263323144793,3275000
2019-01-28,167.23423767089844,167.5273129940701,165.04040188356464,165.78563705553395,2369600
2019-01-29,167.88735961914062,169.1182554973489,165.68514228467262,166.6313444598952,2694100
2019-01-30,169.54531860351562,170.22356483542805,167.17563482131945,168.22231425991237,2773300
2019-01-31,165.80239868164062,169.43647955128475,164.91481652575376,167.5524564848591,5604500
2019-02-01,164.571533203125,167.1673039104735,164.571533203125,165.7940606865679,3174200
2019-02-04,165.55953979492188,165.59302790945836,163.1061169634024,163.95184198339467,2400200
2019-02-05,165.80239868164062,166.90769834683127,164.8394586695405,165.89450698707319,2601000
2019-02-06,164.6384735107422,166.68159367802824,163.97697777306237,165.1073838225427,2063100
2019-02-07,161.66590881347656,164.01884190427427,159.9744714377784,163.51643071486774,2948800
2019-02-08,160.49365234375,161.28912623844067,157.60481936995237,160.53552208070212,2757500
2019-02-11,160.2089385986328,161.87525681749102,159.9912338812177,161.50682362121296,2056500
2019-02-12,162.85494995117188,163.8262587486993,161.60730347493825,161.649173207374,2392900
2019-02-13,163.0224151611328,166.44714715888287,162.94705730929346,164.0523441334828,2757300
2019-02-14,161.21376037597656,162.55351523084445,158.62637174907283,160.94581707111251,2865000
2019-02-15,166.21267700195312,166.53924044065639,161.69102742347013,161.78313571525038,3065400
2019-02-19,166.35504150390625,166.6816049772511,163.79277228583925,164.67198556849033,2558200
2019-02-20,166.29644775390625,166.88258573151828,165.38373349928577,166.40529373605943,2266000
2019-02-21,164.42074584960938,167.00813381543398,163.32382807116343,166.60621257240442,2785900
2019-02-22,164.11929321289062,165.5846440451486,163.4494159913465,164.62170432326005,2626600
2019-02-25,166.33827209472656,168.72470605034624,165.55117998019466,165.79400396014174,3032200
2019-02-26,166.54766845703125,167.93766216260337,164.57991829064224,166.1876167737605,2499800
2019-02-27,166.54766845703125,168.05256093140795,165.7237485185839,166.88395340808626,1804200
2019-02-28,165.37060546875,166.79983540767986,164.79050316432398,166.4971738935639,2964300
2019-03-01,166.63168334960938,169.35563681934073,165.9843215429386,167.0940846400885,2580500
2019-03-04,164.76527404785156,168.8427952347102,163.2267458318341,167.1445272237619,2683600
2019-03-05,164.7821044921875,164.93342883865898,162.25992942342953,164.6560008701279,2338600
2019-03-06,163.72280883789062,166.0936469236938,163.54625092426585,164.69804019382096,2247500
2019-03-07,162.06655883789062,162.63824566963999,159.8050065772596,162.36922034541828,3567800
2019-03-08,164.1431884765625,164.5887717949133,159.49397926550728,160.07406886280404,3162700
2019-03-11,164.7568817138672,167.279056751183,164.5551030926415,165.8161906112994,2669000
2019-03-12,165.311767578125,165.95911661797118,164.5214839934339,164.78210670148184,1977400
2019-03-13,165.83303833007812,167.2454504456527,165.21931255331882,166.25340091139645,1904500
2019-03-14,166.01797485351562,166.88392061937068,165.37061298005494,165.8918712287585,1482300
2019-03-15,166.68212890625,167.17816639106167,165.49671644125343,165.7573391309225,2985200
2019-03-18,170.22158813476562,171.3817927150482,167.23701188292486,167.4555957600084,3354900
2019-03-19,169.086669921875,173.56773735510265,168.80082639584438,172.24780529169647,3284900
2019-03-20,163.36973571777344,168.42248982048847,163.07547675073076,168.42248982048847,5033500
2019-03-21,163.58827209472656,164.40377637127793,161.20901880450862,162.17584742345736,4031500
2019-03-22,158.8634033203125,162.856847112438,157.87134113905594,161.9824859192852,5703100
2019-03-25,158.48504638671875,160.9567796469223,156.7951939548288,159.17444696283275,3751000
2019-03-26,160.31788635253906,161.76393468594156,158.63643599541507,159.76300465586058,2910100
2019-03-27,159.7629852294922,161.09133238951367,158.67845552553771,160.24220468065698,2343800
2019-03-28,160.7298126220703,161.34355115925896,159.1408427539252,160.35990436740215,2343400
2019-03-29,161.41079711914062,162.35240501258494,160.6961757388653,161.99088659235122,2632800
2019-04-01,165.4042205810547,166.53919149306535,162.77274755268536,163.1006297488365,3562600
2019-04-02,166.043212890625,166.26179680580958,164.27768498926977,164.9839038468803,2247000
2019-04-03,168.86805725097656,169.06142044707101,166.91756870941342,167.51448922141967,3227900
2019-04-04,170.01979064941406,171.75168186758077,168.5653401839309,168.81756021622905,2582300
2019-04-05,170.1459503173828,172.7690085315915,169.8769121269783,170.9866754197263,2447100
2019-04-08,170.2804718017578,171.19687199482877,169.1370850472506,170.49065309612715,1891500
2019-04-09,168.66627502441406,169.48177944394894,167.18660338272127,169.1791178776427,2400900
2019-04-10,170.65037536621094,170.81011518604026,168.37201755370478,169.658325916561,1907100
2019-04-11,170.52430725097656,172.7270033429062,169.46499803400383,171.7013174920574,2802100
2019-04-12,174.7362823486328,176.5270307183644,173.5004155622611,174.03007642169058,5096600
2019-04-15,168.06932067871094,172.9707484679733,167.89276280221125,171.60036275270755,6617200
2019-04-16,169.6919403076172,170.61674299015044,167.50606288377347,167.82552967810176,4852600
2019-04-17,174.7867431640625,175.29118335545698,169.64150965700534,169.79284684580247,4195300
2019-04-18,173.1136474609375,174.75305826295877,172.4746883997295,174.10569657195052,2874300
2019-04-22,172.0123748779297,172.8446845858514,171.62563565529226,172.449542729757,1591400
2019-04-23,171.6256103515625,172.50837421541934,170.44860041871746,171.71809061974648,2120900
2019-04-24,168.5989990234375,171.10436895559312,167.9180137728023,170.66718832948362,4606100
2019-04-25,169.32200622558594,170.29725028343006,167.38834902994577,167.89277632202553,2075300
2019-04-26,170.73440551757812,170.76802886734677,168.41400953024484,169.59942182912715,1543100
2019-04-29,173.9628448486328,174.87082954143474,170.89420321161649,171.08756640231718,2997000
2019-04-30,173.12208557128906,174.8623924297933,171.63399877135075,173.97962863903513,1833000
2019-05-01,172.12161254882812,175.21548698398263,171.5331076593392,173.52562165248187,1981800
2019-05-02,172.34022521972656,173.37431339487154,170.76806072037115,171.86940843604242,1514700
2019-05-03,174.46726989746094,175.50135814028658,172.91192338855166,173.19776683316258,1897600
2019-05-06,173.55087280273438,174.01327416427807,169.58266221139164,170.4990494734394,1927800
2019-05-07,170.3560791015625,171.50786803177215,168.99409613208658,170.95298655637242,2839500
2019-05-08,168.94366455078125,170.8352955585546,168.8175609483072,169.32198818664716,1817600
2019-05-09,169.515380859375,170.0114055159299,166.38788292526874,167.73303518855897,2333400
2019-05-10,169.86849975585938,169.91053857425592,167.29588314272448,168.9689177902691,2089400
2019-05-13,163.91615295410156,166.37947102657822,163.10064868440392,166.37947102657822,3605600
2019-05-14,165.01756286621094,166.57290982152162,163.85735783298568,163.93303286052875,2463300
2019-05-15,165.11842346191406,166.118888498305,162.6130659682991,163.6387517343093,2271100
2019-05-16,167.42202758789062,168.14505182387126,165.303396342944,165.31181180574282,2008100
2019-05-17,165.98434448242188,167.3799511780374,165.03433387626498,165.03433387626498,1928300
2019-05-20,165.82460021972656,166.2785860659063,164.42059103791465,165.698483775244,2483400
2019-05-21,167.3967742919922,167.57333220657844,166.4635689227721,167.01845056467528,2327600
2019-05-22,164.3785858154297,166.86712508905546,164.32814435870654,165.9927765728094,2427200
2019-05-23,161.39401245117188,162.25995835289334,159.3678617058652,162.25995835289334,3184100
2019-05-24,162.2599639892578,163.15954611307114,161.15020056494023,162.167483703898,1637200
2019-05-28,159.2669677734375,162.5205698620624,159.22492895201515,161.41922201441145,3040000
2019-05-29,158.81094360351562,159.31764453761915,156.1676092729852,158.5491461879553,2815800
2019-05-30,158.2366485595703,159.92567724808157,157.08810853593204,158.84469991833566,1919300
2019-05-31,154.11546325683594,156.14229300113183,153.96344393856566,156.04095537979782,2640100
2019-06-03,154.70660400390625,154.95996091590862,152.62909278900833,153.44827283559752,2857800
2019-06-04,160.35641479492188,160.44931190387294,156.8347909331248,157.2317008863502,2420800
2019-06-05,159.1403045654297,160.59287044618378,157.9326422045185,160.54220164113133,1967800
2019-06-06,160.29721069335938,161.08261546524602,158.1859255561806,158.81931109733424,1653500
2019-06-07,160.29721069335938,160.97282451450894,159.20779323253032,160.35633286260605,1838600
2019-06-10,163.93711853027344,166.369323937843,161.64003850896134,161.64003850896134,2372000
2019-06-11,164.4522705078125,165.62614490131887,163.42196200286264,164.9336498573248,1632200
2019-06-12,160.64353942871094,163.8780313129014,160.31417930923817,163.506442893749,2059400
2019-06-13,161.68226623535156,162.3578802780009,160.5168452202042,160.8039770002937,1411400
2019-06-14,161.8596649169922,162.2903627068738,159.87505053110024,161.54718576470665,1403900
2019-06-17,161.15867614746094,163.18550544792825,161.08267294810338,162.1636502931881,1155600
2019-06-18,164.66339111328125,166.4791045515287,161.02353661928626,161.02353661928626,2363000
2019-06-19,165.2207794189453,166.8844736438292,164.50293709952265,164.975875938519,2196800
2019-06-20,165.27146911621094,167.3743146572433,163.5064370743247,166.79159764670015,2749300
2019-06-21,165.4741668701172,167.50099643817785,163.8104723377746,164.96745303496797,3365500
2019-06-24,166.7831573486328,168.35395468437724,165.5501606261865,165.9724178359429,2069800
2019-06-25,165.5754852294922,166.80848187897257,163.84422819468938,166.79158798342718,1828300
2019-06-26,166.37771606445312,167.1039986965729,165.6260990405598,165.9470185180409,1649900
2019-06-27,168.32864379882812,168.5735473447431,166.1666757583759,166.8507433582126,2239200
2019-06-28,172.78765869140625,173.8348483444186,171.38576163549942,171.85868765766855,4854900
2019-07-01,174.69622802734375,177.22133041492762,173.75037613812208,175.65897381066313,2465700
2019-07-02,173.9530792236328,174.23177053275066,172.4160696571172,173.46325930635908,1621400
2019-07-03,174.00375366210938,175.1522938431183,173.31969901133715,175.06785012888216,978800
2019-07-05,175.57452392578125,176.3008067645077,174.13885214307058,174.69623469317216,1511400
2019-07-08,173.75885009765625,175.02562178731108,172.88056072945346,174.2740044335666,1853900
2019-07-09,175.4647674560547,175.60833336339726,171.89246212424507,172.0698158252374,1812100
2019-07-10,173.94461059570312,176.49504737803673,173.67435983554822,174.96646567765833,1779800
2019-07-11,178.4881134033203,179.5353029523177,173.96995646678798,174.1388567598908,3691600
2019-07-12,180.6754150390625,180.88654364168153,178.01518691430238,179.03705502093607,2626000
2019-07-15,178.68234252929688,181.2327794003708,177.17065467039663,180.81896274183472,2600200
2019-07-16,182.00973510742188,183.5383040089344,179.50152647373278,181.40168374857203,5283700
2019-07-17,180.1349334716797,182.22932568451944,180.01670196497747,180.5825250960715,2583500
2019-07-18,181.1652374267578,182.2715492578432,178.82592886951878,179.6366683846464,2858100
2019-07-19,180.32070922851562,182.22086653296398,180.17714333408705,180.74296640728193,1822300
2019-07-22,180.72604370117188,181.45232644831876,179.29881260266404,180.2193300129245,1907100
2019-07-23,185.3117218017578,185.79310102162893,181.52830226183448,181.52830226183448,3330600
2019-07-24,187.50750732421875,187.55817611996395,184.63616388435747,185.15975862207836,3180000
2019-07-25,185.77626037597656,187.2879482565805,184.29836028518545,187.2879482565805,2776700
2019-07-26,187.6003875732422,187.68484414941383,186.10559380160126,186.17315648528572,2304500
2019-07-29,186.0634307861328,187.59199988685404,185.96208028893864,186.6376944297388,1372800
2019-07-30,186.97544860839844,187.47372180629617,183.53828233357848,184.51792195006237,1644600
2019-07-31,185.9029541015625,187.4652979686723,184.95708923580153,186.84036557633507,1991100
2019-08-01,178.69924926757812,185.75093666031773,177.9898473896345,185.24423576037728,3070100
2019-08-02,176.81597900390625,178.68236153163625,173.38725253966567,178.68236153163625,2503000
2019-08-05,170.32168579101562,173.81798834818073,168.54821299347086,173.81798834818073,2794200
2019-08-06,173.97842407226562,174.029105765731,169.65451404120927,171.90936616535475,2349400
2019-08-07,173.75042724609375,173.93622147702226,168.10062287437972,169.8403207764655,2454200
2019-08-08,174.81446838378906,175.49008243305693,171.8924430973686,174.95803427524024,2342200
2019-08-09,174.72998046875,175.91230806456127,172.16266300533394,173.64900333823127,1790100
2019-08-12,170.1865234375,172.40758725895614,169.3082213590312,171.67286394979246,1479300
2019-08-13,172.37374877929688,174.4765932261846,169.0970304169804,170.17800727926323,2115900
2019-08-14,165.1532440185547,168.82688703586382,164.73098679294526,168.73398993077905,3025100
2019-08-15,165.6768035888672,166.34397707962606,163.59086519373434,165.4487940136849,1981900
2019-08-16,168.4130096435547,169.46865232727438,166.36928695422495,166.39462134773316,1878700
2019-08-19,170.7607879638672,172.66094512864228,170.4398812942546,172.12045649500132,1646100
2019-08-20,168.88597106933594,170.58345310943423,168.64950808928765,169.080218642156,1545600
2019-08-21,169.47711181640625,171.45328493528254,169.04641419225183,171.21682197853917,1160800
2019-08-22,170.94659423828125,171.81644299326163,169.67138220094748,170.8283627440004,1275900
2019-08-23,165.6937255859375,170.490574162265,164.8407706661516,169.58693755313288,2200500
2019-08-26,168.6072235107422,168.65790517777603,167.21378049445968,167.4418028941963,1441900
2019-08-27,167.27297973632812,169.6291693317163,165.9470858926426,169.1815777136452,1513300
2019-08-28,169.25753784179688,170.14428034698884,165.7359151029047,166.00616583777872,1437800
2019-08-29,172.88629150390625,173.67661289061544,171.11867550618254,171.11867550618254,1816800
2019-08-30,173.28570556640625,174.39046718681024,172.52086461359937,174.08453339911594,1529600
2019-09-03,169.0876007080078,171.33111058350462,167.05654446832372,170.89770983461736,2633600
2019-09-04,171.43309020996094,171.74753041968108,170.00540795130334,171.22914301137632,1720600
2019-09-05,175.9541015625,177.55174406608006,174.24596605305985,174.44143273189277,2237900
2019-09-06,176.090087890625,176.9738893636575,174.69639247386579,175.9626079211225,1438800
2019-09-09,180.1436767578125,181.75833211210542,177.1353390886223,177.79819337110726,2734500
2019-09-10,183.2455291748047,184.4862512483486,181.19747284509094,181.43541989939092,2615800
2019-09-11,184.2397918701172,184.2822851898545,181.31642782530176,182.88858988559838,1886300
2019-09-12,185.88844299316406,187.6050590816029,182.8375988436011,183.8828800970121,2913800
2019-09-13,186.87420654296875,188.23391495296144,186.2793389762746,187.25663344818824,2722400
2019-09-16,184.5967254638672,186.38983475955268,183.83189752309352,185.1066194024773,2205500
2019-09-17,183.4834442138672,183.6788979099793,180.6195606497303,183.38996410405014,2429100
2019-09-18,184.47772216796875,185.16606979700222,181.26542458771954,182.56563965748043,2474900
2019-09-19,182.9055633544922,185.20005981259186,182.76109645174907,184.9026325306406,1596200
2019-09-20,181.6393280029297,184.13777135683372,181.54584790360028,182.42115566680374,5458900
2019-09-23,181.40142822265625,181.95380251971287,179.78677272016333,180.88304080368277,1485500
2019-09-24,176.5489501953125,182.03025074874273,175.74162906943567,181.89427732600956,2837600
2019-09-25,178.4865264892578,179.38732772441517,176.29400366948303,176.727417334536,1593400
2019-09-26,176.94837951660156,178.43555491924613,176.85489940117827,177.65372712076984,1685500
2019-09-27,177.58575439453125,178.92846299133242,176.83791341222644,178.3335953768361,1530900
2019-09-30,176.1071014404297,178.21465129009957,175.7671807380409,178.21465129009957,1794500
2019-10-01,172.2489471435547,177.93420967767085,172.18096041010585,175.92013997978688,3156200
2019-10-02,168.4757537841797,171.5605851025761,167.9233794504328,171.39911824488757,3386800
2019-10-03,167.617431640625,168.57771329386156,164.8555342685885,167.9318588842639,2914500
2019-10-04,170.64279174804688,171.00820583923897,166.59766553883637,167.40499986522457,3021100
2019-10-07,170.3028106689453,172.1129195977356,169.51248945432047,170.63423778590726,2202200
2019-10-08,167.7278594970703,169.07056776925174,166.4956312434214,167.92332614018758,2654900
2019-10-09,167.28599548339844,169.09609161535738,167.14151560215763,168.42474384193423,2443500
2019-10-10,169.85243225097656,171.084673738817,167.8723627667009,167.9148560882025,2108000
2019-10-11,173.94004821777344,176.15806486941605,173.12423345345772,173.12423345345772,3334300
2019-10-14,174.9088134765625,175.20624074893817,172.44434383138844,173.21767808041577,2286100
2019-10-15,175.4527130126953,176.9653818339249,168.78166378650383,171.66253451537827,8241900
2019-10-16,176.26853942871094,177.2883143359177,175.14679092092595,175.20627119888277,3405800
2019-10-17,175.4527130126953,177.55174296536646,173.69359071694885,177.00786218657763,2876500
2019-10-18,175.5037384033203,176.81244735761487,174.2035229279959,174.2035229279959,2207000
2019-10-21,177.82373046875,179.1919326890113,176.48951513180452,177.33083637423698,1934900
2019-10-22,178.12112426757812,179.86323361769936,177.02485630171373,178.1126178236141,1868000
2019-10-23,179.5828399658203,180.17770763369745,177.61126373269306,177.79822399504624,1574500
2019-10-24,179.3533477783203,181.1379503978861,178.27407976285016,179.82924181020454,1266500
2019-10-25,182.0557403564453,183.0670215953794,178.61398934707043,178.61398934707043,2602100
2019-10-28,185.04713439941406,186.04141595356282,183.29651834849528,183.8319057111685,2707800
2019-10-29,184.95359802246094,186.34729306344957,183.94231685258944,184.59667754494245,2030800
2019-10-30,183.39849853515625,184.45227337503545,181.69886922595,184.42677997276874,1584900
2019-10-31,181.33340454101562,183.01603345673107,179.582788915849,182.83756672352933,1876200
2019-11-01,184.74114990234375,185.16605709775527,182.49764042925636,182.93104110040625,2112300
2019-11-04,186.84869384765625,187.54554790177184,185.74394546666574,186.70422695117503,2538100
2019-11-05,185.803466796875,188.47188416773773,185.65899986846605,187.63906947632174,2525100
2019-11-06,185.61648559570312,186.16887281307487,184.02733659541337,185.268058530965,1863000
2019-11-07,189.7550811767578,191.01281602067132,187.30762414184048,187.61355789209773,3748600
2019-11-08,189.43215942382812,189.7040933296959,187.8939972039037,189.50863961918398,1610800
2019-11-11,186.13490295410156,188.15746598364794,185.70150214797417,187.72405221037795,2754500
2019-11-12,187.30763244628906,187.90250005173527,185.2000829767921,185.7354703052643,1891600
2019-11-13,186.38136291503906,186.82325721484065,184.4182801005353,185.5910285151739,1756000
2019-11-14,186.4747772216797,187.3585915050329,185.2850421869419,185.93089649620822,1483100
2019-11-15,187.17164611816406,187.88548719555894,186.14336485392548,186.95919249033415,1693100
2019-11-18,186.729736328125,186.91669655536998,185.29354774935226,186.729736328125,1603400
2019-11-19,186.99317932128906,187.5370600897202,185.52300384785087,187.4350864978707,1817100
2019-11-20,185.18307495117188,186.5087834545073,183.89984679778098,185.56548887065097,2177700
2019-11-21,185.4550323486328,186.38134009678947,184.25680364465833,185.7694725612044,1677700
2019-11-22,187.1971435546875,187.5625705453516,185.2595674644489,185.2595674644489,1529100
2019-11-25,189.29624938964844,190.31602457070912,187.71559332050361,187.71559332050361,2181800
2019-11-26,189.04124450683594,189.30468494322434,187.9024961192224,189.2366982230046,1926300
2019-11-27,189.46617126464844,190.59642629113046,188.5398764197978,189.89107858435707,1614600
2019-11-29,189.16702270507812,189.72251132845284,188.3636910661661,188.7653568856221,770400
2019-12-02,185.9964599609375,189.5516242540214,185.51788265999417,188.84229966860417,2118500
2019-12-03,181.381591796875,184.10777412828926,179.4672695604061,184.10777412828926,3207100
2019-12-04,184.5436248779297,185.44096380130426,181.50122955241451,182.49256261875166,1583600
2019-12-05,185.56915283203125,185.98791448122114,184.09922941721544,185.57769419784012,1329300
2019-12-06,191.9530487060547,192.62818168908498,187.00488584491464,187.97058172999587,4229400
2019-12-09,189.5601806640625,191.98725890589697,189.5260021571055,191.95308039894,2134600
2019-12-10,189.6199951171875,190.47460116975785,188.48336750243854,189.4405221084362,1854100
2019-12-11,189.03028869628906,190.44893767690272,188.73117140318018,189.93616890021653,1778600
2019-12-12,193.18368530273438,193.8075440198208,188.526085297708,189.64561705037417,2974300
2019-12-13,192.28631591796875,194.84159209954655,191.17532570683707,193.75623902065058,1908200
2019-12-16,194.88438415527344,197.15763968414245,194.7391026720344,195.27750872893895,3218400
2019-12-17,197.54220581054688,198.3284549417987,195.53388918774928,196.55941395686455,3590000
2019-12-18,196.94393920898438,198.4394996263409,196.50809486755975,198.24294390847317,2280800
2019-12-19,196.5081329345703,197.7473091980937,195.67062258988102,197.37128041958906,2418100
2019-12-20,195.64495849609375,197.661829313527,195.38003270469315,197.3798207899579,3715500
2019-12-23,195.78167724609375,196.96957901494724,195.20055144964843,196.26880890510128,1670400
2019-12-24,196.48245239257812,196.51663089204945,195.1663519585297,195.6876620971655,467700
2019-12-26,197.59344482421875,198.43949635776926,196.5508245357863,196.78155875025365,1704000
2019-12-27,197.12339782714844,198.44803956543842,196.9610206215176,198.1061893850969,1343900
2019-12-30,196.3885040283203,197.99515478962414,196.13211956462916,197.99515478962414,1494500
2019-12-31,196.4995574951172,196.53374903873305,195.42275859577282,196.31155616624224,1447200
2020-01-02,200.2512969970703,200.5247641536431,196.6961326798496,197.41399863613833,3736300
2020-01-03,197.90966796875,198.7899111452207,196.81577328264555,197.9267637407916,2274500
2020-01-06,199.93507385253906,199.9949025326864,196.12353834245306,196.4995540338326,3329300
2020-01-07,201.2511749267578,203.1996755954131,200.62730314756996,200.83241328541632,5255200
2020-01-08,203.1911163330078,204.89178695467203,201.24261571092396,201.41353430158432,3564700
2020-01-09,207.32745361328125,208.01112808922971,204.95164960067245,206.25064153717835,3980700
2020-01-10,206.90870666503906,208.00260155285653,206.2933891606098,207.45565410894778,2248100
2020-01-13,209.55792236328125,210.32706247144566,207.6692375515422,208.8998721568064,3359200
2020-01-14,209.94253540039062,212.38670934174468,209.03665503056254,209.65197245917295,4302800
2020-01-15,209.55792236328125,213.224176004567,204.38755396433868,206.81463163569225,5411200
2020-01-16,213.41221618652344,213.49768200455614,210.42963648462356,211.0962281364689,3968400
2020-01-17,213.19004821777344,214.044654336911,211.9423175461206,213.84808554052614,3108400
2020-01-21,209.97666931152344,212.66868575002772,209.89121654474235,211.2671325803553,2492400
2020-01-22,211.13038635253906,212.38665804584778,210.52361043689467,210.75435767695674,2030900
2020-01-23,209.8741912841797,211.08773051828,207.56675716186908,208.9512150272043,2806800
2020-01-24,206.7462921142578,209.98525631595538,205.61821891975802,209.4383089706896,2877400
2020-01-27,203.51589965820312,204.24232007188968,200.8409783459801,202.0032431837259,2506200
2020-01-28,207.310302734375,208.16490864240347,203.43893901422618,204.66957360822735,3123000
2020-01-29,205.20802307128906,210.6604144414795,204.7380001244146,208.9682979280688,3711600
2020-01-30,208.6349334716797,208.8143934003389,202.31084226240208,203.13126962845317,3261700
2020-01-31,203.18258666992188,207.57526120817883,202.4390835855881,206.80612098578203,3482800
2020-02-03,204.2593994140625,207.1479722070305,203.4389848600122,203.7039106647629,2733000
2020-02-04,206.76344299316406,208.3017368867908,206.43014706956635,207.56677497318339,3052500
2020-02-05,208.7802734375,209.48959806736713,207.6692828962593,209.36995373463375,3126600
2020-02-06,206.66082763671875,210.03651870347065,206.1138672821589,209.6775857509802,2225600
2020-02-07,203.396240234375,205.5498511351864,202.15706406788854,204.89180082433364,3006500
2020-02-10,202.84927368164062,203.28511803210944,201.2255275537743,202.88345218275,2591300
2020-02-11,202.0801544189453,204.72088401120365,201.87504427032437,204.2508480707725,2238800
2020-02-12,203.9517364501953,206.1138887965234,203.15695905248953,203.40478907879717,2119200
2020-02-13,203.69537353515625,204.2252251556787,202.17417568763645,203.26807047595958,1461300
2020-02-14,202.6099853515625,204.25936861775344,201.88356505945887,203.34494700889297,1718700
2020-02-18,199.3026885986328,202.60146857156647,197.5849220411708,202.15706976104974,2736500
2020-02-19,202.8236083984375,203.22527419205485,199.3624520901552,200.83237519865904,2207100
2020-02-20,198.89244079589844,202.45614607309412,197.62762763033484,202.03739749976845,3183700
2020-02-21,197.08921813964844,198.09765993197814,195.16635477045585,197.33706116532983,3081600
2020-02-24,191.8932342529297,193.73064506087022,190.18402217498686,190.77370242831768,4139400
2020-02-25,185.97079467773438,193.02983487883498,184.50087145286574,192.09831755617157,5343100
2020-02-26,184.40692138671875,188.01336052732702,183.5352194275478,186.90236987979625,4171100
2020-02-27,175.78392028808594,182.44129567143435,175.510440093111,179.88603193093607,5848200
2020-02-28,172.6283416748047,173.90088838344622,167.53814172025355,171.18381820230522,6727100
2020-03-02,180.10882568359375,180.23779510354922,169.92842837568193,173.1785889583768,5285500
2020-03-03,174.91551208496094,182.10370379925146,173.78913494274343,179.7047797372755,5677200
2020-03-04,179.481201171875,179.63596451766986,174.28781245767155,176.98768237863652,3520400
2020-03-05,170.92587280273438,174.94989044928036,169.34378622579536,173.1098518365395,4151500
2020-03-06,165.81845092773438,168.78486592155016,162.74884726910204,163.95260569210524,5071900
2020-03-09,148.58746337890625,154.12477974046726,146.30891539782263,149.24953723604577,6443000
2020-03-10,158.50991821289062,159.4127306548634,149.0001722455785,156.16256912780202,6803900
2020-03-11,147.79635620117188,155.43165999655568,147.0053132227282,153.46263957762034,5314000
2020-03-12,129.55938720703125,143.37688390560209,128.9747081609614,137.57302203835883,8357700
2020-03-13,152.3363037109375,152.67163737963185,130.99529852688318,139.99773292489,6368400
2020-03-16,132.9814910888672,145.77576989874342,128.97467471234134,129.17243220663855,6888000
2020-03-17,136.42945861816406,143.36830492177023,128.97472130134477,134.99354162874087,6876300
2020-03-18,120.39360809326172,134.10791764247995,116.42978442623499,128.9747226321225,9543200
2020-03-19,128.53619384765625,131.1156879099573,112.5089379320251,118.12363562470159,6548200
2020-03-20,119.0092544555664,128.27823490359773,118.90606577704597,128.10627126604308,7561300
2020-03-23,116.05145263671875,122.04447893312977,114.5811350745345,116.96287188065153,5472600
2020-03-24,132.07008361816406,132.32802249399398,123.49756511185574,124.0908507662316,6647400
2020-03-25,133.3856201171875,139.47322667260173,124.95067802658683,132.92991062442192,8587800
2020-03-26,142.55140686035156,144.15930010321358,132.68054849746386,134.45179864523132,6762200
2020-03-27,136.1457061767578,140.78019708346486,134.99353520343607,136.78198616142137,4186700
2020-03-30,137.2462921142578,137.94275349089787,131.70897546642263,136.30048538943294,4152800
2020-03-31,132.92132568359375,138.51883618724025,132.1732766050359,135.96513601976704,3588200
2020-04-01,124.92488098144531,128.6049709326769,124.67553568287259,125.62135533949494,4689100
2020-04-02,128.91448974609375,129.3616056583519,121.8122885243745,122.97306593043477,4446900
2020-04-03,126.33500671386719,129.76573832684394,124.8732961266786,128.28682744004578,2801600
2020-04-06,136.05111694335938,136.6529962913768,132.21627629742989,133.67798703403957,4689400
2020-04-07,142.74920654296875,145.43187619683485,139.6796022798074,142.73200624211475,4953500
2020-04-08,152.15576171875,153.13596893456085,144.9245769045744,144.9245769045744,5194800
2020-04-09,158.4324951171875,161.07218324756988,154.57186135461868,155.2683225402944,6445800
2020-04-13,154.06455993652344,159.04299031360353,154.02157886921273,158.07998349412694,4774300
2020-04-14,153.24771118164062,157.6758497359199,150.0749319528029,156.79022464906063,4149600
2020-04-15,153.4970703125,156.21412694773764,145.44044300413958,146.7130026332832,6042700
2020-04-16,152.22451782226562,153.42828943709966,148.22630778152757,152.37929426873703,4662200
2020-04-17,157.77044677734375,159.30953900050108,153.29931361155656,157.77044677734375,5426700
2020-04-20,155.11354064941406,160.20375281424856,153.06715134907418,154.51166144343173,4674800
2020-04-21,149.447265625,154.0817554806933,149.31829618707988,150.84879474365502,3819000
2020-04-22,151.31309509277344,153.20472116116235,150.01475466801188,152.62004222656242,2314500
2020-04-23,150.51345825195312,153.96998344296853,149.9975542700165,152.1901265132722,2013300
2020-04-24,152.1901092529297,153.00694619836995,149.1721067248362,152.1901092529297,2024400
2020-04-27,157.8134002685547,158.42388614535324,153.66902103276018,153.99576106146773,2743100
2020-04-28,160.79708862304688,163.72911726946808,158.9570496859943,162.64573427213398,3344700
2020-04-29,163.3937530517578,166.56653288412394,162.9982379715086,165.61211954528198,3086300
2020-04-30,157.7102508544922,161.26135821792533,157.26313491798626,159.92861711794563,2695400
2020-05-01,152.27613830566406,154.42571669439457,151.88920369970432,153.90981263310513,2650200
2020-05-04,151.35609436035156,151.59684606150438,147.65022376048128,150.47046921968584,2990100
2020-05-05,153.3079376220703,157.0052151787187,153.17036145252393,153.99580534981652,3272600
2020-05-06,152.1213836669922,155.8014613469498,150.6510791853201,154.4945138254735,2408700
2020-05-07,156.76449584960938,157.67591520129506,154.06461216406663,154.06461216406663,2480100
2020-05-08,159.40411376953125,159.8512296899202,157.12556622136537,159.09457399695177,2277500
2020-05-11,157.4867401123047,158.93985744118345,155.85305239629244,156.95363566266468,2212200
2020-05-12,152.37071228027344,158.46691312187292,151.9751841047183,158.11437913583228,3549200
2020-05-13,147.71902465820312,152.08696937540554,146.824792730595,151.03797410647186,3445300
2020-05-14,149.99758911132812,150.2813350553032,142.18172462542086,145.34589796431925,4176700
2020-05-15,147.77919006347656,149.68801645351485,146.67001354385167,149.16351887571182,2867800
2020-05-18,156.38613891601562,157.43513427150572,150.6768589562923,152.8006435596218,4505800
2020-05-19,152.90382385253906,156.65268938961256,152.8092418710079,155.25115996873834,2210500
2020-05-20,156.00779724121094,158.06279357702337,155.02759005843816,155.58647517002487,2599900
2020-05-21,154.85565185546875,155.77566469920544,152.77484816779202,154.94162712984385,2153500
2020-05-22,154.70945739746094,155.31994346383274,153.10157687896793,154.79544578539588,2176400
2020-05-26,168.5785675048828,169.47279964238638,159.25799687775296,159.61053095349934,5971200
2020-05-27,180.27218627929688,181.17501153177264,171.97480853604367,174.54570817271676,8182100
2020-05-28,173.01524353027344,181.69093761152413,173.00664994104923,181.2868158782662,4886100
2020-05-29,170.00436401367188,173.8372209854104,168.4123746374886,170.6446081261167,3822600
2020-06-01,172.98062133789062,174.57261033865416,168.81898278039534,170.71378594612284,2230800
2020-06-02,176.62318420410156,178.66507126087723,174.18330970858048,176.303062150937,4128700
2020-06-03,182.18643188476562,183.3630993587579,178.60446640765875,180.38680183901957,3471900
2020-06-04,185.86355590820312,186.01063934131358,179.92824232706147,180.64635167636675,3522300
2020-06-05,188.5457000732422,192.9236405563103,188.32075125386592,192.07574232728044,4737600
2020-06-08,191.046142578125,192.30068868914614,188.82256993202483,190.36263561898815,3260300
2020-06-09,188.70144653320312,190.36264058034646,186.15773861032855,186.65955970821508,2478400
2020-06-10,184.73880004882812,190.21555594605883,184.11585063479262,188.08714324777145,3091200
2020-06-11,167.96246337890625,179.01113570213965,167.86729018041493,177.10768493431067,4923400
2020-06-12,174.58126831054688,175.58491045447136,169.7620776814201,173.5776261666224,3380800
2020-06-15,178.50064086914062,179.08898779150647,168.84493911274504,169.34676015764683,3467400
2020-06-16,181.3385467529297,186.00200719186347,176.26843838316145,186.00200719186347,3099100
2020-06-17,178.3968505859375,182.37679078530078,177.7479460010633,181.69328376477887,1798300
2020-06-18,176.3636016845703,179.32260485208417,175.35131216952584,176.49339051593307,2051700
2020-06-19,174.45150756835938,179.46104500383979,173.88046838238833,179.14092297624867,4962400
2020-06-22,176.00021362304688,177.0038558124702,173.04121050760642,173.89776925233787,1806900
2020-06-23,177.17686462402344,179.5388730541712,176.19053041787424,178.66501984059863,2451800
2020-06-24,171.328125,175.29941804797735,170.77439359375916,175.0658086916263,2756700
2020-06-25,179.18418884277344,179.43509280324744,170.97337818950808,171.18967971481226,3466500
2020-06-26,163.68833923339844,173.2488689903892,163.09999223810823,172.1760087060347,9530700
2020-06-29,167.3914031982422,167.76343543533244,163.22976451713916,165.5831258556499,3736000
2020-06-30,170.9820098876953,171.66553003837186,167.52118579879067,167.71153217984013,3102800
2020-07-01,170.93875122070312,172.81624660663996,169.16507632737253,172.07216893830594,2620100
2020-07-02,170.7917022705078,175.63686237545804,170.55810609692568,175.20425926615889,2699400
2020-07-06,179.4091339111328,179.78116618988943,174.01890371023626,174.2005895945602,3567700
2020-07-07,172.48748779296875,177.98155178229518,172.34040434091716,177.79985269329185,2853500
2020-07-08,174.98789978027344,175.85310571243795,172.1932883159406,172.64318589522986,2789700
2020-07-09,170.29852294921875,175.20424008742697,168.71519415826302,174.86681022719034,3160100
2020-07-10,177.85179138183594,178.50935656907802,170.29854465416938,170.33314709465608,4414800
2020-07-13,180.7241973876953,184.27153335757816,179.09760620812378,180.82801786230857,4449600
2020-07-14,185.1627197265625,185.41363684398695,179.10627810535337,182.9304868019346,5202000
2020-07-15,187.6631622314453,194.8789897709647,185.75106450606518,194.12625162931286,12516700
2020-07-16,185.73377990722656,190.74333029580552,184.7214904198445,184.73013772756698,5769600
2020-07-17,182.91319274902344,186.16636236281033,182.77475662877845,185.9327530601463,3614300
2020-07-20,183.1727752685547,184.43596868508732,181.9095686500257,182.3248638497902,2268700
2020-07-21,183.4410400390625,184.9897534786169,182.0307495714346,183.640033787832,3393500
2020-07-22,178.2324676513672,182.55849841960423,177.67008893229564,182.12589534278055,4978400
2020-07-23,175.65414428710938,178.24976256004626,174.8148933227,177.4537745405853,4088600
2020-07-24,174.31307983398438,177.3066856466594,174.1833041954572,175.63684415495302,3191500
2020-07-27,175.65414428710938,176.65777331912707,172.68648053001294,173.12774408569044,2601200
2020-07-28,174.44287109375,176.15598888770435,173.98431286055992,174.69378828670244,2139600
2020-07-29,175.2734375,176.40685527636484,172.71242186630852,174.51205197609244,2635000
2020-07-30,172.6345672607422,173.03256786451774,169.83995533226454,172.60861213462607,3057900
2020-07-31,171.2761993408203,172.9027777742527,170.02163997834728,172.9027777742527,2399700
2020-08-03,172.513427734375,172.93738343673303,170.03893799003245,171.7347475974684,2294600
2020-08-04,174.46014404296875,174.52936210987883,171.72608980900404,172.47882803540347,1944700
2020-08-05,176.9519500732422,177.2028540259968,175.64548045132187,175.78391659173676,2232400
2020-08-06,176.7183074951172,178.48332174641115,176.35492259638002,177.3672119290038,1882400
2020-08-07,180.19647216796875,180.65503032960245,175.16096649599507,176.052127693283,3075000
2020-08-10,181.15682983398438,182.2469846011236,179.99744380315906,181.33851569417655,2432800
2020-08-11,182.61038208007812,187.70644505476156,182.15182394159189,184.0466272544294,4042700
2020-08-12,183.5361785888672,186.8412591045447,181.0616885558531,185.75975145378675,2439400
2020-08-13,180.30029296875,183.5967259935432,179.69465135823629,182.0480129322298,2219900
2020-08-14,179.93695068359375,181.243407410594,178.76026961748755,179.49570023455396,2287600
2020-08-17,175.69741821289062,179.83310253008457,175.23019950144302,179.09767202599022,3922600
2020-08-18,174.17465209960938,176.13867380352616,173.99296619689372,176.0261927767032,3067900
2020-08-19,175.65414428710938,178.31898063156424,174.57263667338566,175.1177075333443,2458500
2020-08-20,174.64183044433594,175.87906864532147,173.33536097946836,173.69874590287662,1764200
2020-08-21,175.1436309814453,175.93963205892973,172.88545616634673,173.13636007847052,1780900
2020-08-24,179.39183044433594,179.46969582522064,174.18329920341955,175.7320123207823,3097400
2020-08-25,178.2324676513672,182.11724803396342,177.51434495960004,181.6846449571397,2627600
2020-08-26,179.28799438476562,179.33990463418598,177.3931910689444,178.13726878196104,2563200
2020-08-27,181.8230743408203,184.2889172467524,178.58721166097808,178.82080782528845,3692400
2020-08-28,179.71194458007812,183.42367252175814,179.17550788119502,183.3284993334076,3697400
2020-08-31,178.32791137695312,179.66840297583997,177.24856899449526,178.87629551121822,3046200
2020-09-01,178.8415069580078,179.92956242570202,176.7089076157855,177.22247989080176,2457000
2020-09-02,182.82815551757812,183.6028505852909,178.7631813279455,179.12876642127782,3565200
2020-09-03,180.6694793701172,187.34578787008192,179.163613928397,184.31664437567028,3533500
2020-09-04,183.61155700683594,185.70933134868935,178.71966337881608,183.56803212733428,3668900
2020-09-08,176.24758911132812,182.7585231822699,175.19435876115668,182.36681255290654,4574700
2020-09-09,176.02125549316406,178.29311575178704,175.85586894345977,177.73603190547738,4681400
2020-09-10,174.09756469726562,178.7457474879777,173.69716774556272,177.33561864948018,2510300
2020-09-11,174.88970947265625,175.75145431962866,173.17493272425193,174.29781358078532,2376400
2020-09-14,175.2552947998047,176.96137188680297,174.67209857079123,176.96137188680297,2756900
2020-09-15,172.3480224609375,176.34335979395968,172.33060985083947,175.8298006924716,3717600
2020-09-16,174.6807861328125,177.39658185291017,172.40893886529423,172.7745239410533,3571400
2020-09-17,169.58868408203125,173.993130621863,169.3101354986466,172.53079040487606,4274800
2020-09-18,169.6148223876953,171.1729122591497,167.45612366280966,169.7453837549936,9066300
2020-09-21,168.8662109375,169.0141848893356,163.18221015767338,165.29738364099842,4871300
2020-09-22,166.7945556640625,170.72896816503203,164.01783583659233,168.86621763579063,3355800
2020-09-23,162.0071258544922,167.92615110228152,161.78951472980825,167.12534375727606,3116100
2020-09-24,169.8323974609375,171.87794699381325,162.81661813325982,164.4965693514681,5114600
2020-09-25,169.693115234375,170.07611285510737,165.04494581605286,167.9609395614165,3106000
2020-09-28,173.27940368652344,175.7166378114259,171.60813845526198,172.15652277432994,3280100
2020-09-29,171.29473876953125,173.01822815534942,170.11093391550168,172.48725656754365,2400000
2020-09-30,174.93324279785156,176.76988133510716,172.6613819842978,172.93991733452512,3075800
2020-10-01,172.82672119140625,176.81335774313413,172.23481215131778,175.42064152804164,2288700
2020-10-02,174.00184631347656,174.69820455415945,169.98909672768715,170.03262160809146,2541200
2020-10-05,175.65567016601562,176.56092643400964,173.73198233387933,175.76881889831077,2551600
2020-10-06,175.03762817382812,179.38984935244193,174.00179740821002,177.78823514637403,2833100
2020-10-07,177.2224884033203,178.44110527290076,175.10730156592206,177.48361110256775,2326600
2020-10-08,181.0349884033203,181.19167527233117,177.6663734617239,178.57162962271175,2330600
2020-10-09,180.65200805664062,182.6279203790037,179.37246712754015,181.71395118799515,3040900
2020-10-12,186.3795166015625,187.04976238595953,180.53884318330643,180.53884318330643,3474200
2020-10-13,183.49835205078125,186.37082076086602,182.07952365888923,186.2837710222262,3317300
2020-10-14,183.8639678955078,186.66679994134336,183.0283487048313,186.1706535372406,7550100
2020-10-15,181.57473754882812,183.42877539948793,180.0949711955696,182.42776948468807,4325700
2020-10-16,179.49436950683594,182.79334837876576,179.14618373124264,181.33100796706165,3244500
2020-10-19,179.04171752929688,180.97410523289977,178.0842233403304,180.52147040884944,3235300
2020-10-20,181.07858276367188,183.9945773848026,179.72069136011214,179.92088989219337,3335500
2020-10-21,176.6218719482422,181.0089057698259,175.8384640387945,180.52145904319738,3083600
2020-10-22,178.789306640625,179.6336389232125,176.00388671545855,176.87433127219367,2136900
2020-10-23,178.4759521484375,181.2352731753783,177.5881082333141,179.97311789957502,2110200
2020-10-26,175.08120727539062,176.53484800549836,172.79193397609538,176.25631267038858,3249700
2020-10-27,170.32855224609375,174.60243739834732,170.09354182324856,174.0888783947454,3430400
2020-10-28,165.18423461914062,168.31782643520177,164.46176418593976,166.5247131276579,4214600
2020-10-29,165.3321533203125,167.42992677427094,162.6859958369823,165.21029167844353,3581200
2020-10-30,164.54879760742188,165.73260248007642,161.4848429927264,164.95790752324618,3658800
2020-11-02,165.5585174560547,167.7346283933896,163.8437409748806,167.12531998732126,2459600
2020-11-03,172.28701782226562,173.21839951154607,168.18723299029733,168.81395389028003,4545500
2020-11-04,172.2347869873047,174.80260796383556,169.6495666900237,170.82467165494205,3868500
2020-11-05,176.66539001464844,177.6750953600664,173.27064910173337,173.78420807735762,2892800
2020-11-06,175.18560791015625,177.91010270854323,174.45443791556164,177.86657783892858,2475100
2020-11-09,187.08457946777344,189.75684973617123,182.24491148034429,186.70159514805906,6960500
2020-11-10,189.29556274414062,190.0876704111811,183.82045950924402,187.36317492969815,4166500
2020-11-11,189.8004150390625,191.42814191086154,187.17166908028912,190.31397407706254,2680700
2020-11-12,186.71902465820312,188.76457432407327,184.88238643116472,187.33704603020888,3005500
2020-11-13,190.6969757080078,192.3334155586205,187.50244610319479,187.88544379435336,2832100
2020-11-16,193.56942749023438,195.50181509651028,191.52387786316342,194.57043322488687,3004700
2020-11-17,195.5453338623047,195.71943337204465,190.04413202825958,191.51518522483866,2722900
2020-11-18,195.24069213867188,198.21761055388828,194.553033587591,195.85000059524924,2856200
2020-11-19,195.4757080078125,195.7977681900845,193.33440890991957,195.2406842975971,1505200
2020-11-20,194.4137420654297,195.68458332089727,193.7870210993076,194.10908124398034,1848100
2020-11-23,199.1837921142578,200.20221046059564,196.48540918223534,196.77265742585791,3371300
2020-11-24,206.73052978515625,207.27020102322103,200.75058144748212,201.15969134792687,3915200
2020-11-25,205.89491271972656,206.68702031211154,202.31738570118677,204.55443418655213,2272800
2020-11-27,204.90261840820312,206.55647083390153,203.50120231111984,206.2953348422725,1050400
2020-11-30,200.70709228515625,204.5544553407118,200.5155934346234,201.98664674920352,2705400
2020-12-01,203.11383056640625,205.55560158988942,202.47494644305337,203.0088121774502,2577600
2020-12-02,207.9886474609375,208.40874776969773,202.67625750843763,203.11385198098688,2136300
2020-12-03,206.0807342529297,209.03887704996316,205.35432585318324,207.67357112910872,2142600
2020-12-04,209.67774963378906,209.82653013814624,207.37599864815016,208.03239029613184,2373000
2020-12-07,208.6887664794922,209.9140388108541,206.06320008212975,208.76753026637596,1788600
2020-12-08,209.0301055908203,209.33642703570845,207.0521835608339,207.42850836321196,1371800
2020-12-09,212.513427734375,214.73640221496487,209.63404806191176,210.04538801512078,3552300
2020-12-10,213.89614868164062,214.57879491336945,209.6164757576536,210.04532309987178,2541700
2020-12-11,210.0365753173828,211.09554633938708,207.50728009434332,210.75422322466278,2077300
2020-12-14,208.11114501953125,213.10847909095372,207.7610748309257,212.91593648092416,1927800
2020-12-15,212.1720428466797,213.20477271351555,207.5860614660225,209.60774572863411,2348000
2020-12-16,213.3448028564453,213.45856833301997,211.02554424836947,213.1610073107126,2400900
2020-12-17,213.92237854003906,215.23516165759898,212.67086504470575,214.42124253478565,2983600
2020-12-18,211.90948486328125,214.7625957651502,210.53543193056936,214.7625957651502,4088100
2020-12-21,224.90603637695312,228.29301289416992,217.7119697323915,219.05100758125963,7408500
2020-12-22,218.8759765625,225.53617760774236,218.62217767158742,224.80099546922514,3599800
2020-12-23,224.44219970703125,228.05670735820866,219.93496894742503,220.11000405314354,3376100
2020-12-24,224.18836975097656,225.46613794072124,222.07916150465383,224.95854018051352,968100
2020-12-28,227.19027709960938,229.8683529232869,224.92354111596833,225.6324419687862,2793400
2020-12-29,225.80751037597656,228.30177752583424,224.48596650979505,227.77668552079933,1430900
2020-12-30,227.06776428222656,228.1179749069472,225.64993586958963,226.5076305821263,1566500
2020-12-31,230.7960205078125,230.9885631034304,225.79870016475627,226.49884048956253,2043100
2021-01-04,231.925048828125,234.1830243441575,227.6891379338109,233.67542655512972,3572000
2021-01-05,237.11489868164062,239.3641403409886,229.79833302555284,230.94482823382188,4207100
2021-01-06,249.91021728515625,252.38701720138081,239.01412986713373,241.8059850145765,6383500
2021-01-07,255.24888610839844,258.9597059152271,250.89919537604715,251.85314825426173,4009700
2021-01-08,253.8748016357422,255.8002280302209,249.48136267389205,255.55517618989154,2800800
2021-01-11,257.1567687988281,258.180751667416,248.7287212728818,251.00419127659123,2649700
2021-01-12,264.4908142089844,266.0399155630861,259.0733931045385,260.0536270493124,4814400
2021-01-13,265.1297302246094,265.8123765052718,261.76900801914445,262.6266760564164,2413800
2021-01-14,269.4444274902344,270.792226000312,265.6548709517337,266.1011991704664,3192200
2021-01-15,263.4406433105469,266.8100995152724,259.8261085512178,263.59817091680793,3863700
2021-01-19,257.4806213378906,268.3329598850626,257.1305243616517,266.9326521060551,6727800
2021-01-20,254.21604919433594,260.32487560952626,251.59924366771318,258.8983138312543,4792600
2021-01-21,253.25341796875,256.2028004077278,252.51826246803583,254.19863697584447,2516000
2021-01-22,253.2708740234375,254.3210844519802,249.8663771157932,250.90785381909663,2568800
2021-01-25,247.71347045898438,250.61034354298832,242.8649165386745,249.89268224440278,4575000
2021-01-26,246.59327697753906,250.10276693039057,245.12293906481196,248.4924222723089,3296800
2021-01-27,239.21533203125,242.75110210025068,237.45622078543605,241.5520977723719,3891800
2021-01-28,240.69442749023438,244.90408371466827,237.46497850270026,240.3355968573257,3778700
2021-01-29,237.32498168945312,242.777391349291,236.84361177753186,240.03804586594782,3412000
2021-02-01,240.44061279296875,242.25223319100627,238.05133791132164,238.6289656862904,2324100
2021-02-02,251.15298461914062,252.27322545393795,243.30253833892368,243.58260522478508,5195500
2021-02-03,252.5356903076172,253.63843662339505,249.58630864324206,250.83782208212793,2712800
2021-02-04,257.0867919921875,258.9071735249555,253.38473257238562,253.80483294547872,2994700
2021-02-05,256.8678894042969,260.1410866714062,255.72139431741184,258.18067248472767,2938100
2021-02-08,262.6878967285156,263.33555456232875,257.74308565612796,258.1806800290585,2826200
2021-02-09,262.9592590332031,264.70090316978207,260.54375574273615,262.20660937182515,2071700
2021-02-10,266.3024597167969,267.0901243326947,260.5874776481406,262.55665254220713,3213700
2021-02-11,264.5871887207031,266.941449657394,261.8303482557439,266.0400059064098,2159900
2021-02-12,268.08782958984375,268.4204055947761,264.1057046737344,264.298247270872,1977300
2021-02-16,273.02392578125,273.8641263678326,270.62591670674635,271.308562990441,2792200
2021-02-17,273.70660400390625,275.66704555938463,270.22336881774714,271.3348492516817,2333100
2021-02-18,271.2210693359375,275.2469441307724,269.1906244190783,270.625947218163,2093300
2021-02-19,276.2270812988281,277.24230349906117,271.50982761481646,271.50982761481646,2749500
2021-02-22,277.32110595703125,280.5505551753344,273.2427224267066,273.93412914482207,3162300
2021-02-23,279.3690185546875,280.06042520783956,271.81613468898064,278.2925533888267,2942500
2021-02-24,289.3724670410156,289.6612676225437,280.1479686737493,280.2092383060461,3934400
2021-02-25,286.8518981933594,293.8971575601067,285.5653695506284,291.72667965623634,4244000
2021-02-26,279.6053466796875,287.6570681685678,279.2202614444971,285.11026538027664,3732200
2021-03-01,289.8764953613281,290.86055284853245,284.0687596786035,285.55364075561715,2957800
2021-03-02,290.77276611328125,295.3855569842338,289.51633617797216,289.9468547455876,2850300
2021-03-03,293.8391418457031,298.82096738870786,292.8023687008617,293.18017177360815,3606300
2021-03-04,289.322998046875,298.52222081137324,284.60477688472326,292.6969214096787,3647600
2021-03-05,287.635986328125,294.849503220782,278.0501668852926,294.849503220782,3740200
2021-03-08,293.62823486328125,296.61556003482247,289.1560285458064,291.14170649123804,2998000
2021-03-09,290.4651184082031,295.56116796809613,286.05442322862564,288.73422320818327,3324800
2021-03-10,300.5078430175781,300.84172539679065,291.2910590872053,291.7655249320628,3153100
2021-03-11,300.5781555175781,303.12616721259616,295.62268878307447,297.55567796608403,2756600
2021-03-12,306.4737854003906,307.5193533468547,301.9313002536891,303.3195186794029,2436700
2021-03-15,304.0487060546875,309.64557968597455,300.49027926252666,307.0272629213923,2276200
2021-03-16,300.2355041503906,304.7955785951035,296.75615013477085,303.3722077166026,2332600
2021-03-17,303.08233642578125,304.90986843838533,299.0845682520177,302.7923745556241,2710900
2021-03-18,305.7620544433594,313.5379051561387,304.8746330038612,308.1782775747365,3713000
2021-03-19,302.4231872558594,305.0941919380559,299.28648488739,304.3737387406546,3513000
2021-03-22,298.1443176269531,301.2634577815052,295.2185031879642,299.6643511206511,2094500
2021-03-23,291.50189208984375,300.39361442224055,291.11529430088945,296.64186226310034,2457500
2021-03-24,288.7606201171875,296.0444419722471,288.5761160432067,292.9516860639244,3332200
2021-03-25,290.4300231933594,291.16809316197674,282.84749786401966,287.61843405220867,2804700
2021-03-26,287.65362548828125,294.7353549712218,283.5240690244303,293.9094436784516,3082600
2021-03-29,286.1950988769531,287.97871009411347,279.15729007960954,281.46808270569943,4533200
2021-03-30,291.712890625,294.9989462561208,288.93642673672673,289.4284555965663,2717300
2021-03-31,287.31085205078125,292.27508618069146,285.9401969200268,290.1488251658128,2624500
2021-04-01,287.87322998046875,289.648046046555,284.81559978204274,284.93859356209043,2659000
2021-04-05,284.2708435058594,292.45085459914424,283.8402982600965,292.45085459914424,3235000
2021-04-06,287.3636474609375,288.6640246348146,284.6750518936929,285.105570398008,1801700
2021-04-07,286.91552734375,289.2439094618244,284.1039380978736,287.92596946150667,2157300
2021-04-08,290.94842529296875,291.2559231522281,283.77003417057483,284.92982771822074,2402800
2021-04-09,290.6584777832031,294.252057537393,288.88366161626226,293.4612989209761,2347100
2021-04-12,291.5634765625,293.88306388641803,289.89409122010613,292.29275172821787,2318800
2021-04-13,287.9084167480469,289.9907579258471,284.83322301897715,289.51631877055485,3575900
2021-04-14,294.64739990234375,302.6604692313835,286.5640254382478,288.67272365953943,9876800
2021-04-15,297.4590759277344,299.91924691951516,293.9358008882361,297.76660065340207,4354800
2021-04-16,300.7626953125,302.0191250239094,297.5205607330182,298.9878790798844,4231900
2021-04-19,301.44793701171875,302.6252932038899,295.7456600923655,298.7329845754095,3228200
2021-04-20,291.5986328125,299.1460329304365,289.3757083391779,298.7067195814514,3662300
2021-04-21,294.57708740234375,294.752823422038,287.80288481589855,289.94673555111825,2733300
2021-04-22,290.6936340332031,296.07082486911344,290.2016052517184,294.00604686811977,2165200
2021-04-23,298.1620178222656,299.32181166417047,290.5794640477109,291.04513519147474,2163800
2021-04-26,301.82574462890625,303.91687984359305,299.51497961805205,300.43752665344874,2171500
2021-04-27,304.55841064453125,305.36673228140756,301.9488879873814,302.24761788044975,2088600
2021-04-28,305.858642578125,307.62469033415806,304.08382679075123,305.76200653851697,2140900
2021-04-29,310.1288146972656,310.88442066042035,305.3051635138845,308.00252664644216,2584400
2021-04-30,306.15740966796875,309.99700312031416,305.0591265608424,308.5033273692014,2101100
2021-05-03,307.659912109375,311.0865506942241,306.8691534841879,307.8180584717009,1871700
2021-05-04,307.3787841796875,309.0833222484826,300.99117725248004,306.5528728756915,2831400
2021-05-05,314.2144470214844,315.54997664229614,306.2452971563424,309.2765697156255,2786800
2021-05-06,321.5509033203125,321.8408382331241,313.2303102749684,316.10340893793665,3048700
2021-05-07,325.8738098144531,326.5415477506597,317.12267018309444,318.32638425096513,3378100
2021-05-10,323.9320373535156,331.22465397177444,323.7738910061878,328.16702385566117,3396300
2021-05-11,316.2353210449219,323.8881517887954,315.0930902923588,318.9414793749866,3734300
2021-05-12,311.38531494140625,323.44886987582174,310.3924624234046,319.00302066442003,3309800
2021-05-13,315.26007080078125,317.0876295072632,310.3749080798395,310.3749080798395,2673900
2021-05-14,324.0111999511719,324.6614020255609,317.7993287659013,318.0629060841925,2732300
2021-05-17,324.432861328125,325.7068805814435,320.2593851160503,323.1412791962671,1826100
2021-05-18,320.3121643066406,327.79805452804214,319.820135474073,326.3044051483049,2018600
2021-05-19,314.8822326660156,316.30560359201036,310.97233322952445,316.30560359201036,3696000
2021-05-20,316.1123046875,318.01893637400667,310.4627415912706,315.4094140715257,1919600
2021-05-21,321.8057861328125,322.5789818286664,316.7536831979391,317.6147201026853,2657500
2021-05-24,323.5893859863281,324.84581554234353,321.14680520171885,322.73711714348485,1834300
2021-05-25,320.2681884765625,328.4042525067641,319.89915350898286,325.01276672318886,2631000
2021-05-26,322.8074035644531,324.0287073941562,317.9837521692598,320.6987051127244,2121200
2021-05-27,326.2955627441406,328.21096233558495,322.7195459746392,326.26041017163476,3897000
2021-05-28,327.9705505371094,328.89624026764545,324.65577579272133,327.95292834472116,2169700
2021-06-01,337.1568603515625,337.96791188274454,331.7526840440763,332.97811279556174,3644000
2021-06-02,338.03839111328125,339.1227613725725,334.450297229132,337.94140178727343,2809700
2021-06-03,342.6932067871094,344.9236384400267,335.12031786429344,336.98929276345103,3003900
2021-06-04,345.0998840332031,345.6288187596639,340.5773037932208,343.53944587782553,2514100
2021-06-07,342.19952392578125,346.69565862326755,341.66173760561,346.4664355781998,2188700
2021-06-08,339.1492614746094,340.71849789849426,336.9628984182717,340.11019581637044,2452600
2021-06-09,337.4565734863281,338.7701400274843,334.01836203034236,337.79158353406035,2025900
2021-06-10,329.66326904296875,343.5043058788056,328.26153778369405,343.5043058788056,3900800
2021-06-11,333.2865905761719,333.90371711863037,330.6947021444269,331.2148662638747,2117300
2021-06-14,328.76409912109375,333.90378112877556,326.8069590505901,332.74007040488294,2560500
2021-06-15,327.3358154296875,330.4566654748703,323.68603054982253,329.2753328372275,2302900
2021-06-16,327.0714111328125,329.7867091232735,322.002245057304,327.06258658249425,3264200
2021-06-17,318.69622802734375,329.29297812302104,314.33232700640275,329.29297812302104,4146300
2021-06-18,307.52642822265625,315.9456672031188,306.90932855501,314.3058883461031,6290100
2021-06-21,315.2051696777344,315.5842486929232,309.474807889012,311.10576239431805,2717300
2021-06-22,315.1963195800781,317.26807097813656,310.8853386662687,314.72907580980245,1870800
2021-06-23,318.2994689941406,319.56016872682306,315.3108796429901,316.3070850614106,1713100
2021-06-24,325.08770751953125,326.9655065821995,319.82459155823716,320.01854326668433,2716600
2021-06-25,325.10540771484375,327.20360572672536,321.3762823361845,325.1495035570435,2782400
2021-06-28,325.0525207519531,325.19357902241916,320.7767844113441,324.25026697224183,1833400
2021-06-29,328.4996032714844,333.321924280668,326.8510265387127,330.4743655305327,2365900
2021-06-30,334.59136962890625,335.10268231092056,326.9832091068614,326.9832091068614,2238400
2021-07-01,330.5888977050781,336.4515188363321,329.8483620357233,335.62281839355404,2571000
2021-07-02,329.8572082519531,332.0082997250467,328.32324332924884,331.7526299365582,1598900
2021-07-06,326.06634521484375,329.3899718266136,322.1432680418055,329.03733960604256,2162900
2021-07-07,324.1356201171875,326.2690621511016,319.2956516239714,323.98573732605865,2012800
2021-07-08,316.4393310546875,319.921637880199,313.4859859741301,317.1005265098521,2940500
2021-07-09,327.7413635253906,328.0851711632312,321.73771109686504,322.66337394900864,2641800
2021-07-12,335.4465026855469,338.5320815538765,323.8358983631942,326.4630580565668,4135900
2021-07-13,331.4617614746094,339.70464483782126,327.9618317995755,335.9402476927816,6466800
2021-07-14,330.0687255859375,336.5660678283555,327.4151464442732,333.9036641390493,3295700
2021-07-15,329.1430969238281,333.9036987328605,326.6922668911415,327.2829197539507,2183900
2021-07-16,321.60552978515625,330.53608268010873,320.7503823977788,330.53608268010873,2583300
2021-07-19,312.7190246582031,313.13337491423783,307.67630590361824,312.0842759022374,4394600
2021-07-20,321.5701904296875,323.81824404912135,309.9155183269157,310.559064636986,2937900
2021-07-21,329.2753601074219,330.5095863307501,324.36487505391955,324.4618643843849,2398800
2021-07-22,328.5788879394531,329.4428597337133,324.8233158430257,328.21743117565387,1887100
2021-07-23,329.7602844238281,333.2425921136473,327.4064430855223,330.236352802858,1706900
2021-07-26,331.3912048339844,332.078847130971,328.9315498507141,328.99326789247186,1559100
2021-07-27,330.4566345214844,330.7211288181623,325.5020814038953,328.3937081471204,1791800
2021-07-28,329.9189758300781,332.7488854102624,328.2527500362865,331.31188269602745,1668900
2021-07-29,332.8457946777344,334.5737382406205,330.4302357942578,332.3873754959697,1296600
2021-07-30,330.4919738769531,334.96166206071064,328.8874662872789,331.9818699382056,1474900
2021-08-02,333.41009521484375,341.1152195105904,331.2590033270043,331.6292847094534,2383200
2021-08-03,335.3231506347656,336.16067587052027,327.75025982896693,335.2261881885832,1494600
2021-08-04,333.1190490722656,337.34189127146755,331.2677234559487,333.6656598748395,1460500
2021-08-05,338.7966003417969,338.80542489207454,334.96168754736976,335.1379902241053,1583800
2021-08-06,350.7774658203125,351.6325862119684,342.62272094262363,342.8342949031063,3655800
2021-08-09,352.5318298339844,356.69295478855855,346.977771226689,349.631377902534,3319100
2021-08-10,359.6639099121094,362.00895321096027,352.19680755928124,352.7433915416987,3152300
2021-08-11,364.8829040527344,365.5793438472529,358.86160278363064,360.39556752612737,3000500
2021-08-12,365.8614807128906,369.0528464327645,361.9472015138985,365.3148967813027,2312800
2021-08-13,362.1412353515625,367.5277894716356,359.84908523459774,366.74315778259535,1980000
2021-08-16,359.9988708496094,360.56307694983565,354.5329779625667,360.56307694983565,1590700
2021-08-17,357.0191650390625,359.99895741245365,352.8139708523984,356.0229593978157,2077400
2021-08-18,351.5796203613281,358.024069321108,351.3944931840078,354.92969316945903,2187800
2021-08-19,346.968994140625,350.6364288013012,344.6239506213607,347.87703498156316,2241500
2021-08-20,348.9966125488281,349.5079521352395,344.7032540725823,345.13522652335683,1612100
2021-08-23,353.9159240722656,356.2521428047151,351.7560079983495,354.30382758679843,1857600
2021-08-24,360.1839904785156,361.15374911930905,355.01786329845874,355.8024678550258,1958400
2021-08-25,364.20404052734375,367.3425124251746,360.5189847568953,361.3653073046868,1845300
2021-08-26,363.5782470703125,370.91311686418396,362.47625438147793,366.63737985068207,2076500
2021-08-27,369.9962158203125,370.1372740994077,363.6575523315854,363.9043975939731,2174500
2021-08-30,364.6273498535156,370.93956726582144,363.8515426882764,370.22547814875327,2089400
2021-08-31,366.3193664550781,367.515279950983,362.11144657510266,365.07911580994454,1958100
2021-09-01,366.4521789550781,368.6225631366571,363.4844832018554,366.00924009742823,1680400
2021-09-02,367.1962585449219,369.92474960814155,365.5485392155079,367.7366308944055,1830400
2021-09-03,364.37042236328125,367.74561486496634,363.74145664910776,366.7534359820879,1373600
2021-09-07,363.49334716796875,367.4000710994111,362.8909568156647,364.0957375202728,1557000
2021-09-08,358.780517578125,364.07807668132915,358.5147650457091,362.5189230649008,1646200
2021-09-09,358.4084167480469,362.21770738480814,357.46054807942033,358.48816953811126,2424600
2021-09-10,357.43402099609375,363.02390832243304,357.1505335827666,361.4381793286602,1956000
2021-09-13,362.5543518066406,362.6517853864981,357.7174396238939,360.9154724935053,1802800
2021-09-14,357.62005615234375,369.4199564184598,356.8139040089311,363.4756961689306,3263200
2021-09-15,356.0785827636719,357.54911608070034,350.99362594735817,352.57935473564925,3199800
2021-09-16,351.40997314453125,359.64865229421065,349.8242714652628,358.35525133707966,2882900
2021-09-17,346.7857360839844,353.6070063526152,344.45587300959846,351.091116499222,3843700
2021-09-20,334.9769592285156,337.39538819306847,329.9894631511528,334.7023392877411,3834500
2021-09-21,332.9483337402344,337.96240570337034,331.38918004573355,337.38659049773895,2377300
2021-09-22,341.47930908203125,344.86336869142133,336.37664441592875,337.3422479523547,2991300
2021-09-23,347.14007568359375,348.8055303401072,343.88005173692903,345.8378612187061,2518000
2021-09-24,346.245361328125,347.69818693665627,344.25213617570694,345.9087234212523,1789700
2021-09-27,354.18280029296875,355.23699703548755,350.0811817622207,351.3214052725826,2788500
2021-09-28,345.0494079589844,358.0806630107339,344.06609656386297,354.749780819523,2609000
2021-09-29,340.96551513671875,347.6095985532792,340.4428234506194,346.0947280692153,1955000
2021-09-30,334.88836669921875,343.7382768220505,333.63927582027134,343.7205689994912,2665700
2021-10-01,336.6335754394531,339.0431642187294,332.9571878514914,336.1374860173827,2382300
2021-10-04,331.4512023925781,342.7195700734916,330.27299671107437,336.8196201663539,2895600
2021-10-05,341.78045654296875,343.9154249396363,332.647060065865,334.95034738008013,2508100
2021-10-06,343.7649230957031,345.09374000296884,335.4465433143413,338.7420103257542,2111800
2021-10-07,346.04150390625,352.4464086890098,345.27966214670886,348.07017118070735,2348000
2021-10-08,347.981689453125,349.31050627913214,343.88007052460733,346.22764151025046,1446700
2021-10-11,341.275634765625,351.6492856926909,341.0807405226909,348.0614635434291,1787400
2021-10-12,342.4183654785156,344.2432716931201,337.5371698567671,342.1437455068414,2088200
2021-10-13,342.2234191894531,344.05719255467363,335.41988480135547,343.720554696149,2391600
2021-10-14,346.5553283691406,348.73457969812245,338.5824299591282,347.26401963609504,3380900
2021-10-15,359.72833251953125,360.79136944522145,351.1087335233564,356.39742400905493,6451400
2021-10-18,366.478759765625,368.4719846552921,361.0837676417738,361.4469807547388,3832300
2021-10-19,365.1233825683594,368.39227368132697,362.93526340920283,367.79872368393046,2568300
2021-10-20,361.34075927734375,367.0457882339523,359.843623423492,364.09582664334334,2453400
2021-10-21,361.07489013671875,365.5662965844546,358.44383227439016,360.3750391807884,2162100
2021-10-22,367.0368957519531,367.9581891967753,362.41261256504686,363.2010297471394,2411000
2021-10-25,367.4178466796875,371.61689913344713,366.1067376991958,368.71122080047246,1824700
2021-10-26,369.9513854980469,371.9003273161374,366.5407778686527,368.8529057650374,1843300
2021-10-27,364.08685302734375,370.35001460966635,363.6970646918065,369.0123306838524,2067200
2021-10-28,367.4798278808594,367.56842106599527,362.37716320728794,364.9816460481863,1444700
2021-10-29,366.17755126953125,368.4896790807624,364.25518477272084,366.771074186698,2061700
2021-11-01,369.145263671875,370.9435943958607,366.0889746665294,369.47303410885695,1820800
2021-11-02,375.479248046875,377.5256232593341,365.6814433827249,367.7278185951841,3000800
2021-11-03,370.20831298828125,375.6121727676143,365.47772896222887,374.8325960079933,3542400
2021-11-04,361.5001220703125,368.5162583641556,357.0352908611492,367.32918548198626,3802300
2021-11-05,360.6231689453125,367.1521118736958,359.7550258928355,364.45016801801233,2105600
2021-11-08,361.7392578125,366.443265730065,361.402619997183,363.1123843205118,1728400
2021-11-09,359.090576171875,361.0660663885224,354.4042749809358,359.7638249246828,2246900
2021-11-10,353.5715637207031,359.2677518167696,351.91497646418156,356.41522405390396,2243900
2021-11-11,356.4239807128906,357.6819387662426,353.03108149186113,354.47506626643366,1252400
2021-11-12,358.70074462890625,358.8690635555747,353.6423905051825,357.00871496886776,1360100
2021-11-15,358.61212158203125,360.85339090669083,357.81483712123327,359.6663181255312,1436500
2021-11-16,357.0884094238281,359.52457289808206,353.465173173573,357.8148355663308,1311000
2021-11-17,346.86541748046875,356.6986657786847,346.7945591567637,355.9899744022618,2927000
2021-11-18,346.7059631347656,348.9649675689321,341.66531668434925,347.5298229359455,1847400
2021-11-19,343.1802062988281,345.7049363448936,337.5548769867627,338.74194996822376,2610400
2021-11-22,350.9493408203125,356.55693521248344,345.65178201995445,348.29170750870003,3058700
2021-11-23,359.96759033203125,360.5168302551572,352.14530107247344,354.572597649454,2402300
2021-11-24,353.633544921875,360.9774791167291,352.8451007393192,358.7804925409715,2186300
2021-11-26,344.9519348144531,347.00715055720366,339.04311858758433,340.60227200987435,2687900
2021-11-29,342.42718505859375,351.1353512424146,338.8039483898827,349.0358253495165,2883400
2021-11-30,337.510498046875,342.6840199847633,334.20619190240524,339.76063471979,4570400
2021-12-01,335.2752685546875,347.45802217866486,335.0348019476619,341.8119216878231,2476000
2021-12-02,345.1247863769531,346.505132132592,334.8745165364974,336.628906368428,3343700
2021-12-03,340.8412170410156,347.20866289464277,337.5461614469661,347.20866289464277,2807500
2021-12-06,346.69207763671875,350.5214696960687,341.5179697820729,346.1310523904063,1990200
2021-12-07,356.31903076171875,357.77955024726174,350.0406450446881,350.50372266869573,2441000
2021-12-08,353.8343811035156,357.74389305701095,351.8929828728048,357.3164451838326,1635200
2021-12-09,353.09527587890625,356.39033215567315,349.98725526054744,352.3917587249465,2111500
2021-12-10,348.2595520019531,355.2058524964009,346.1222308634702,354.4399901859289,1893800
2021-12-13,342.54229736328125,348.3754082744164,340.778992750574,348.3754082744164,2313300
2021-12-14,346.2647399902344,349.5419677126824,341.31326868549917,341.58042364968793,2788500
2021-12-15,347.2354431152344,348.56235808128105,338.9443987785994,346.87031320845006,2802300
2021-12-16,353.87896728515625,356.07863382242897,348.9185815894925,351.884137678971,3578200
2021-12-17,340.0130310058594,350.5839150373759,338.97109950186206,346.61203018205765,7058600
2021-12-20,330.93829345703125,334.5183328956303,326.52115943908467,334.4203579610974,3735600
2021-12-21,338.695068359375,340.271337128927,333.74359665943757,335.23080470798016,2942800
2021-12-22,340.48504638671875,341.9811957734047,337.75995694233086,338.7841144233552,1487900
2021-12-23,342.8984069824219,345.18710668484783,341.58929347303314,341.7852161471427,1624000
2021-12-27,345.57012939453125,346.52300027221844,342.8628411688443,344.6350326121068,1430400
2021-12-28,345.1871032714844,348.49996025161664,343.96705047648453,346.36263930451753,1528200
2021-12-29,343.9315185546875,346.8347023397685,342.3463355825521,345.5077873015951,1327800
2021-12-30,343.32586669921875,347.1196298933717,343.0409104904769,345.3118090016884,1160100
2021-12-31,340.680908203125,344.64387839939343,339.15807076873756,342.8627730846679,1601300
2022-01-03,352.0621337890625,355.5976285614795,344.946627486953,346.42494800710165,3334300
2022-01-04,362.8824462890625,365.37598313135464,357.27194762763526,358.2070443266298,3916400
2022-01-05,355.0010070800781,367.4954596676269,354.3420068161372,364.94846495731053,3469600
2022-01-06,353.4870910644531,357.2897686417126,344.13628733416294,357.11164722346393,2960900
2022-01-07,354.003662109375,356.7109231291572,351.34980490736814,354.14615382265544,2360700
2022-01-10,355.48193359375,360.1127913321496,351.07368685307466,357.39661646527634,3009400
2022-01-11,358.9371643066406,359.19543213418467,352.93484931978674,356.4436282467471,1748800
2022-01-12,347.5916442871094,359.89017568271356,346.0331769629125,359.1064849084296,4158000
2022-01-13,348.0280456542969,353.43370801904155,347.0929760254274,350.9223424396276,2497800
2022-01-14,339.2471008300781,342.31951809149126,333.9572163489108,340.30686057082596,4685300
2022-01-18,315.6119079589844,321.9971835148292,309.22665958065426,320.6346388132911,13123500
2022-01-19,309.3067321777344,320.3406646389666,308.47852479137845,319.1206119386879,7426100
2022-01-20,310.0013732910156,318.0875791442533,308.25589776082506,310.7138045179275,4599900
2022-01-21,306.27001953125,310.7940158388273,303.4291538988733,307.72162495702736,4904100
2022-01-24,305.8069763183594,306.41254577358126,290.5250851460311,300.40131364074756,6569800
2022-01-25,304.1683044433594,305.39727168192087,294.6928365819772,300.8821623672111,3959300
2022-01-26,305.17462158203125,312.1209496056407,301.3719709772157,308.66560045437285,3745900
2022-01-27,303.7052307128906,310.59810092448646,300.75750301799536,307.83740889181644,2573400
2022-01-28,309.0306701660156,309.1553333992212,296.954778937944,300.7663430250122,3714600
2022-01-31,315.8612365722656,316.3332284332881,305.8514325579319,306.8844769887103,3312400
2022-02-01,324.2145690917969,324.64204411276967,315.30012909693187,317.15249367697265,3303700
2022-02-02,323.32403564453125,328.19535961729366,318.6664356061466,323.71588097589677,2742400
2022-02-03,319.6015625,325.728569523622,318.960363458516,323.1103423690218,2372900
2022-02-04,327.3671569824219,330.35051377179263,321.5073053724322,322.5314626538279,3762300
2022-02-07,327.8570556640625,330.8136979135461,323.58241247211214,325.48818160953783,2635600
2022-02-08,329.5935363769531,331.86443473021484,326.1649032891286,330.46626056757447,3422300
2022-02-09,333.5386962890625,335.0971634890419,330.3059856915606,332.1761517670381,2250400
2022-02-10,330.0120544433594,336.094516207627,328.46247457511134,331.02727018565383,2406200
2022-02-11,323.32403564453125,333.86817552148216,321.28466251231197,328.21316088598866,3142100
2022-02-14,320.812744140625,324.4194994239043,318.087654643489,323.32410965446115,2585600
2022-02-15,324.1077880859375,325.844376916299,321.81014664338187,324.24136557038497,1846400
2022-02-16,320.6434326171875,323.2883747601409,317.50869744600476,321.8011672309674,2165300
2022-02-17,310.8563537597656,321.45392649309963,309.76987827216243,319.5125279393951,3102400
2022-02-18,308.1668395996094,311.69342040361624,305.7890521201405,307.7482787765384,2910900
2022-02-22,306.590576171875,310.8029003356872,303.85659996709796,304.97867791740094,2590800
2022-02-23,303.84771728515625,311.0344850286204,302.62766427636177,309.5294485962712,2217300
2022-02-24,302.95709228515625,303.6784377196151,291.1661845144878,292.60887538340535,4564000
2022-02-25,311.80029296875,312.3168287309524,302.9571115776106,302.9571115776106,2980500
2022-02-28,303.9367370605469,306.2076355630946,300.6060514986291,303.01055464751255,4245700
2022-03-01,294.0022888183594,302.92447094965405,292.94522146064224,302.2436525392114,5631500
2022-03-02,301.3299560546875,302.7811512814697,293.2856422530287,297.0480225235646,3469900
2022-03-03,298.6783447265625,305.9164135815391,295.7311481973821,303.56044971198725,2393700
2022-03-04,295.31915283203125,296.205988350639,290.2399418215588,292.9273486902769,3293100
2022-03-07,288.34979248046875,293.6350201615616,287.4181505081831,292.76609090632815,3689900
2022-03-08,287.8840026855469,296.11642863606926,285.35783344624804,288.89626373561674,3596400
2022-03-09,298.83062744140625,302.3063440586161,295.6415740650967,297.11964210302875,3202100
2022-03-10,295.525146484375,297.26300497568656,290.92073729582495,293.49168528948394,2232600
2022-03-11,292.9273376464844,301.5359842026156,292.6675473377422,299.52939589769335,2613500
2022-03-14,291.1177978515625,297.06591002030274,289.25451403650226,294.9070235189511,2342200
2022-03-15,294.86224365234375,297.3167328342149,290.9923717418996,292.99002040966747,2140700
2022-03-16,305.2535095214844,305.76409590364983,299.43079630682536,300.1563937665585,3468500
2022-03-17,307.50201416015625,307.7976441979752,300.00415405172913,302.2167865994407,2403500
2022-03-18,309.3921813964844,310.63733229194224,302.1540840028734,303.56050007786683,5861900
2022-03-21,303.6769104003906,310.216254763014,302.0196710560323,309.2846402667661,3401200
2022-03-22,307.2690734863281,310.16249664529045,304.68019240966777,306.5434760044198,2840200
2022-03-23,300.64019775390625,305.3162868685489,300.21023014465334,304.5727829857379,2196800
2022-03-24,301.19561767578125,302.33327675711143,299.4666984572166,301.38372850453607,1944100
2022-03-25,302.3243103027344,306.2120890148022,300.5237662644754,302.27056435160523,1580800
2022-03-28,300.362548828125,303.22912758678126,296.9674772452461,302.9155912635343,2182600
2022-03-29,304.2681579589844,308.1559359635809,301.6434642515082,306.78535978376294,2378700
2022-03-30,300.6222839355469,304.4473498304709,298.86651912089343,303.67697299159295,2650200
2022-03-31,295.7043762207031,301.43750608433226,295.7043762207031,301.1060635720339,2632000
2022-04-01,295.81182861328125,299.34129176701134,293.43795804991356,299.1352474019961,2444800
2022-04-04,294.0111389160156,297.2897772059802,291.90599894787795,295.6146319986871,2569400
2022-04-05,290.2040100097656,295.38174450737904,289.77404254331407,293.249731360531,2573900
2022-04-06,283.30645751953125,287.21214260979485,282.8495895768955,286.6567495316122,3151300
2022-04-07,281.4162902832031,282.92123160329464,276.08628294011646,282.17772771442037,3562600
2022-04-08,287.90191650390625,289.95328410331746,280.3861220277671,280.90567533711453,3294200
2022-04-11,287.3375244140625,294.6293401570534,285.78777675573104,287.203132212959,2747700
2022-04-12,286.4595947265625,293.03477886651166,284.874034849577,288.1616132506963,2365200
2022-04-13,288.4215087890625,289.01274167197136,281.9269411871345,282.89439578061774,3022900
2022-04-14,288.1258239746094,298.3289965069469,285.7877660880466,294.24414078609357,5460900
2022-04-18,295.5072021484375,297.9975309015789,287.238938895143,287.238938895143,3653400
2022-04-19,300.94476318359375,302.06451594534593,296.0357572344953,296.0357572344953,2774800
2022-04-20,305.5223388671875,308.9622165156714,302.33328477626856,302.87077163896987,3040100
2022-04-21,299.4667053222656,311.1569420274938,298.62464895253237,308.4516015187995,3097800
2022-04-22,286.45068359375,297.8542563944287,286.1819538463752,297.68405177518605,3125200
2022-04-25,287.9287414550781,288.5916263034746,280.1531579523204,283.41389092730145,3093600
2022-04-26,280.4936218261719,288.0900354432285,280.2069585188752,284.82036239892113,2791700
2022-04-27,280.59210205078125,285.9758540903157,279.6156810408234,279.6156810408234,2469300
2022-04-28,285.23236083984375,286.08335646473273,279.62463073151304,284.07676843213125,2176000
2022-04-29,273.65863037109375,285.8325801025467,272.9599056846654,284.1932739551358,3129600
2022-05-02,278.0749816894531,278.92597753209554,270.7204246024054,273.94531857835415,2968100
2022-05-03,281.87310791015625,286.2266932387632,278.8811320085074,279.06027603595044,2606200
2022-05-04,290.3384094238281,290.95651506817956,279.64255735629877,282.92116902932236,2629400
2022-05-05,280.4488525390625,287.26589540409356,276.525233812379,287.1046575396947,2622100
2022-05-06,280.3502197265625,281.0220713067512,274.16919065636904,279.7410808549087,2375600
2022-05-09,276.7044372558594,281.07593033274645,273.2018463280701,276.7313102363704,3234000
2022-05-10,273.2734680175781,282.3121106243015,269.32297629673764,279.2395150651096,2798400
2022-05-11,270.129150390625,278.51387344393726,269.63647010127323,273.2734249528314,2320600
2022-05-12,268.212158203125,271.32955991247803,263.27627899774495,268.7406782565036,3408300
2022-05-13,275.0023498535156,277.3672811381276,271.9387211793892,271.9924671324287,2152500
2022-05-16,271.82232666015625,274.5366072801775,269.23344418091915,274.070799797984,1568800
2022-05-17,280.3592224121094,281.56856087891765,276.02354293971297,277.5822300573643,2096200
2022-05-18,274.76947021484375,280.26071576773194,273.1122303662791,276.80293174889607,2033200
2022-05-19,276.08624267578125,277.68970889404204,271.77743637910993,272.16262475527003,2108800
2022-05-20,274.8321533203125,280.0188566431878,268.21218809053045,278.82745153208486,2201100
2022-05-23,283.61993408203125,288.2960228683025,278.6572093556256,280.1352775840708,2653000
2022-05-24,281.23712158203125,282.89433384053245,274.50067130339664,282.4912392388894,1870900
2022-05-25,282.08807373046875,284.50675031761585,277.6807427402718,278.81840155725905,1929500
2022-05-26,289.9084777832031,291.5836235660614,284.84720069115076,285.13383662582777,2440400
2022-05-27,294.3426818847656,294.42332814188177,289.51432212693675,292.70337584816593,2106700
2022-05-31,294.58599853515625,297.17269078419946,290.80959948355127,292.0263438268472,2722900
2022-06-01,290.07958984375,296.7671323586117,284.65381770343595,294.72121820745906,2330200
2022-06-02,292.24273681640625,293.09897171969635,287.71827936646406,288.94401827524075,1957500
2022-06-03,287.2225036621094,290.6654310277629,286.1589902366348,289.2053486122585,1238900
2022-06-06,288.8719787597656,293.108018101438,288.22304995568226,291.1161782673641,1099700
2022-06-07,289.773193359375,290.0706063788976,285.40193985640417,286.86202241705666,2516800
2022-06-08,283.61737060546875,288.0066398381691,281.9229443502283,286.9160887928794,1438100
2022-06-09,274.1898498535156,283.13063935250085,274.0095812426593,282.6078768840945,2896500
2022-06-10,258.6877136230469,269.16969915617403,258.53451004118335,267.6735575340081,3866900
2022-06-13,255.35296630859375,258.1469650861019,250.84652554007474,251.4593948833617,4218100
2022-06-14,254.6499481201172,260.63448681660026,253.5323321697994,256.2632340195078,2487700
2022-06-15,261.43670654296875,265.41139128855724,256.1191110178429,258.81395426165653,2725800
2022-06-16,256.8490905761719,257.88556638181825,251.594565592517,254.77611145974942,2777300
2022-06-17,252.17144775390625,258.00278384513877,250.6933218180128,254.28045896318244,5234400
2022-06-21,256.69586181640625,259.634069826976,255.04651669401977,259.36366689362853,2506300
2022-06-22,256.45257568359375,257.77747055948544,253.29806669386457,254.4246770473393,2463100
2022-06-23,257.92169189453125,258.30021758790076,251.3963457224145,255.74958373212158,2547000
2022-06-24,272.864990234375,273.207484135738,261.37356620303467,262.2748543623555,3984300
2022-06-27,271.0894775390625,274.2800456314271,269.3770353726427,273.14441363979313,2091700
2022-06-28,269.92681884765625,278.47104166517954,269.6474216805714,275.7040800374575,2276600
2022-06-29,273.3426818847656,277.0920440656819,270.3053450772667,273.4237945214639,2475900
2022-06-30,267.7005920410156,270.6838535684042,263.3834416766866,267.30402306107896,2669500
2022-07-01,269.6924133300781,270.6838081082884,262.9237317692022,266.12329311006584,1749400
2022-07-05,267.8628845214844,267.9980722607935,259.8954720198195,264.0774627900171,2480900
2022-07-06,264.7624206542969,267.9890201888597,261.9143467468782,267.02463524924855,1774500
2022-07-07,269.1246643066406,269.54827086444357,264.61822326836847,268.2774511910348,2046500
2022-07-08,267.2049255371094,271.18863165903696,265.94312750249463,270.83711604307234,1438900
2022-07-11,264.23968505859375,267.26802791019975,263.0680213244523,264.2577284270523,1519400
2022-07-12,263.6537780761719,269.557203486131,260.9318982124802,261.11213930977067,1772600
2022-07-13,261.5087585449219,262.44610594860876,257.59717116499525,261.83323659067713,1884100
2022-07-14,253.793701171875,256.1821090266222,250.4138709514416,256.1821090266222,3171900
2022-07-15,264.861572265625,267.1688679733577,257.0023376658062,258.21908229808054,3457600
2022-07-18,271.5220642089844,280.52592360597293,269.2237630305802,275.5778606948539,6767900
2022-07-19,286.6546936035156,287.6371219206561,273.54096163430296,273.6220742695918,5641100
2022-07-20,289.7190856933594,290.3680142590421,285.0864514179042,285.96070202021104,3489800
2022-07-21,294.3066711425781,294.86546545350257,288.27705058478017,288.87190412693224,2518800
2022-07-22,291.9542236328125,296.5688139246673,290.3859912693645,294.82031295398565,1830300
2022-07-25,292.1255798339844,294.98267604714334,290.7556314239838,293.7929688066718,4024500
2022-07-26,287.1053161621094,292.2787286120186,286.3933183595885,290.00746497372126,2054700
2022-07-27,292.5041198730469,294.1715087706277,286.9521805060685,288.6736445025861,2081900
2022-07-28,296.6230163574219,297.4071603809366,290.1157404214291,293.1891097047955,1820700
2022-07-29,300.48052978515625,302.0938160934676,296.9745049761436,296.9745049761436,2112200
2022-08-01,299.2997741699219,301.7512791808124,296.5328402922777,298.98434530316814,1476500
2022-08-02,295.51434326171875,299.07441471307715,294.9194898218809,296.97442556626174,1862900
2022-08-03,300.28216552734375,302.39117636069795,297.0825762996537,299.29074312573374,1770600
2022-08-04,299.1105041503906,301.30062782842316,297.98389392443164,300.3813237858883,1533400
2022-08-05,301.6341857910156,303.65306290404214,297.1277440171973,298.23631109026843,1876400
2022-08-08,301.6430969238281,305.39245874800133,301.33666226819145,303.8332204216942,1460000
2022-08-09,303.3916931152344,304.7887066213177,301.54406291977364,302.96808647218364,1587900
2022-08-10,313.567138671875,315.180452033725,307.6546910776963,307.6636852549928,2459500
2022-08-11,316.96502685546875,320.9036518797094,315.2525847803815,315.45086928413684,2360800
2022-08-12,318.8937683105469,319.5607127158038,315.58602881731895,318.55127442510235,2369000
2022-08-15,320.7234191894531,323.2199776616866,314.5946427788801,316.3521658132293,2045700
2022-08-16,319.93023681640625,321.28216896158557,317.27142592883496,318.1456764829228,1740900
2022-08-17,318.8216552734375,320.48904382003076,316.1448284189975,317.1632884098135,1576300
2022-08-18,319.5246887207031,320.0474512893262,316.2259705465721,317.84830583990555,1102200
2022-08-19,314.7928771972656,317.1272100193824,313.1976072005654,316.352115474528,1812300
2022-08-22,308.6190490722656,310.52075354986636,307.1229076916018,308.6370649304205,1723900
2022-08-23,306.6001892089844,310.106213234252,305.56371336136647,308.1954868010508,1538000
2022-08-24,308.18646240234375,310.33153253189073,305.07700738176,305.5546889858509,1530800
2022-08-25,312.28729248046875,312.62076466331393,308.3396463594956,310.44868463367953,1763900
2022-08-26,303.1933288574219,314.3152213534269,302.8328190976177,313.95471159362273,1703900
2022-08-29,300.9581604003906,303.193337477806,299.2366966803646,300.9581604003906,1835600
2022-08-30,300.6968078613281,302.8418783300573,298.4886406128987,301.9315683819491,1830300
2022-08-31,302.0952453613281,304.3382356961729,299.3800290321204,301.0781581418965,2488000
2022-09-01,302.84893798828125,303.021477831145,294.78506977811475,299.55255680791527,1575100
2022-09-02,301.0146179199219,309.04215512237903,299.6433888937659,303.9204983159534,2215400
2022-09-06,296.4832458496094,302.62196280031526,293.7317254358858,301.77744304357157,1578100
2022-09-07,300.1791687011719,301.6321227960937,293.54101221958695,294.44910506481386,1496600
2022-09-08,304.5562438964844,304.94671724710855,297.27332008214603,299.93405371357085,1755600
2022-09-09,308.84234619140625,309.68686578792074,306.0544948305688,306.9171940180563,1445600
2022-09-12,311.0943298339844,312.71982323846294,308.8331882798421,310.25890021721835,1563200
2022-09-13,298.2086486816406,305.59142087667345,296.7919982241086,305.19185777299975,2242100
2022-09-14,297.1824951171875,300.51518058358096,293.76805690148956,298.2631278990111,1953300
2022-09-15,301.1417236328125,304.4653465371568,297.4821108335097,298.51734990609884,1489400
2022-09-16,296.22894287109375,298.762529528501,290.3990026468748,296.3833308398589,2946800
2022-09-19,298.4537658691406,299.02586873440026,291.080057189775,291.10729886370206,1652700
2022-09-20,293.5500183105469,296.7646461127892,290.59871740512096,295.76576643810495,1569900
2022-09-21,291.23443603515625,299.47993423230434,291.1618008043096,295.0575267013973,1796700
2022-09-22,284.160400390625,293.66813275448163,282.5984797253613,292.69646684426937,2239900
2022-09-23,274.21673583984375,281.3180269416829,270.1212291619085,279.2838805816769,2918500
2022-09-26,267.5423583984375,274.33490409559033,265.4446657605872,271.5198102196495,2308800
2022-09-27,264.6000671386719,271.65593775515833,262.0937223070096,270.1575902760177,2007400
2022-09-28,273.145263671875,274.6163696955488,265.58083450282305,266.97930529011586,2289700
2022-09-29,268.8953552246094,271.8375948454623,264.75445412704715,269.7671442966812,1930800
2022-09-30,266.1165771484375,273.41765083328045,265.7987668468005,268.79546192503705,1970800
2022-10-03,271.6559753417969,273.5448240223843,264.3458388550644,269.8579692031703,1938800
2022-10-04,285.9311828613281,286.19453753968844,277.76743724730113,278.6028671256396,2399500
2022-10-05,280.6007385253906,281.69952330178006,275.6970418412931,278.4031412598125,1992800
2022-10-06,276.6686706542969,280.6733358781293,275.5335545513795,279.1386844027569,1367400
2022-10-07,273.4085693359375,277.10451370065647,271.65595687463883,276.0602125182284,1790100
2022-10-10,272.9182434082031,276.7140650163031,271.0021530102646,275.72424709722225,1309600
2022-10-11,267.16998291015625,274.716232086578,266.90665594350025,270.6207522809242,2392800
2022-10-12,268.1688537597656,272.22802924847514,264.89971448818915,266.9701647413892,1763800
2022-10-13,278.8480529785156,280.38273197377646,261.30369404605614,263.7283139307462,2724900
2022-10-14,272.418701171875,282.9798229690492,271.58327146540614,279.2021542754482,2397600
2022-10-17,278.5211486816406,282.97988787534587,276.1873711321226,276.4325462236238,3118600
2022-10-18,285.00494384765625,294.65797518685923,283.3249665483205,292.1062365192649,6428600
2022-10-19,283.1069641113281,285.85848364172796,279.74701033183294,283.8788206681855,2363800
2022-10-20,282.24432373046875,287.00272118123485,280.6006779633058,283.415771213587,2382300
2022-10-21,295.2210388183594,295.82944560708114,281.0456927268819,282.41692202022045,3545700
2022-10-24,298.4901123046875,300.79664804693675,295.9020423006876,298.30848266087276,2232600
2022-10-25,301.85003662109375,302.93975904976185,295.96561310210507,297.7272876117435,1837700
2022-10-26,304.8376770019531,307.5438035469971,303.43014423435915,303.77519622272916,2176700
2022-10-27,306.1907043457031,310.5041448737139,305.60044960548095,308.124946321784,1998800
2022-10-28,310.4043273925781,311.0944591644687,305.11921996707724,307.40760414022355,1677100
2022-10-31,312.8470764160156,314.3635759553542,309.2691883723432,309.7232347970448,2224000
2022-11-01,316.54302978515625,316.6429344207742,312.1751048924263,313.41012572080774,2316600
2022-11-02,317.64178466796875,324.5886889665982,314.8720850317149,315.6712111206958,3221200
2022-11-03,316.8063049316406,318.44088846635276,311.103483720043,315.56222233088624,2515600
2022-11-04,325.0155334472656,325.4423382191487,318.9494795210598,321.46488687964137,3172700
2022-11-07,329.2381286621094,329.60136024541026,325.56942593134534,326.9225030698718,2526900
2022-11-08,330.5639343261719,333.44260072407485,328.2392189523621,329.0020135863191,3501300
2022-11-09,328.7296447753906,333.4063178808789,327.71258511510547,329.5923441548096,3047200
2022-11-10,343.54058837890625,345.465740700069,335.75822635418166,335.9943393526314,3790400
2022-11-11,349.7701110839844,351.4319086911432,343.94014319578935,345.0752591799339,3409100
2022-11-14,347.2182922363281,351.70427214285854,345.52925321002857,348.707577483971,2609100
2022-11-15,347.6905822753906,353.77478752281115,345.66552531647665,350.50567555120296,3192400
2022-11-16,347.19110107421875,349.978952565433,345.0843468821513,347.9902271562547,2303700
2022-11-17,344.87548828125,346.63719055993056,340.5438955289358,342.4871997429978,2297600
2022-11-18,344.34881591796875,347.6451696475108,342.70517009504647,346.23763683101737,2384500
2022-11-21,345.2659606933594,345.7744904516486,340.91621607202075,344.0763613252763,1877500
2022-11-22,348.589599609375,350.3694538445436,346.34660915033504,346.34660915033504,2019400
2022-11-23,350.7508544921875,352.5216465902753,348.1718741885763,348.61683080579274,1865400
2022-11-25,353.1209716796875,353.64768105085426,349.7791966490909,350.3059060202577,1129300
2022-11-28,347.2182922363281,352.69411751828295,345.88342264554916,350.0061433219697,2232200
2022-11-29,348.4442443847656,349.55211859435906,344.40324847160844,346.10137739741697,1746900
2022-11-30,352.9596862792969,352.9596862792969,342.85946541579005,349.62341612265453,2964100
2022-12-01,350.8207702636719,353.27956168262455,347.7495822888723,353.27956168262455,1706300
2022-12-02,347.868408203125,349.64166372105285,345.87579007086674,348.7276156352976,1932300
2022-12-05,339.60546875,346.3054296386118,337.5671312657125,346.01292752620043,2329600
2022-12-06,331.7171325683594,338.5359222117746,329.3588733239623,337.7224340716271,3081900
2022-12-07,328.9842224121094,333.90177802755744,327.3663393341531,331.3333049576944,2128200
2022-12-08,327.3023986816406,331.42476538662476,325.4560311819816,330.91290057692646,1967800
2022-12-09,328.2712707519531,330.5563911601684,325.5930884336772,326.05011251532034,1588800
2022-12-12,331.9639892578125,332.72266481773704,325.7119034694248,327.75024081740503,1750400
2022-12-13,337.0004577636719,346.02210969508275,334.0937909695439,342.429906700762,3062600
2022-12-14,329.4046325683594,337.12832166295493,328.5545745975887,335.4647754529776,2519700
2022-12-15,319.761474609375,325.50169628073314,318.0339379891057,324.0118211224892,3163700
2022-12-16,316.5805969238281,317.887679143888,313.89329300739706,315.41973786731677,5008800
2022-12-19,314.9901428222656,318.45439337682996,313.1803452042407,316.50746621055885,1646700
2022-12-20,314.88043212890625,317.5586143560444,313.96638399672486,316.2515043271783,1623000
2022-12-21,320.0631103515625,320.7212261493266,317.07418287959115,318.32642440857114,1923100
2022-12-22,315.8767395019531,318.1344394917597,310.66668191400083,317.3209511637672,1528900
2022-12-23,315.8127746582031,317.8693829268405,313.6190368560287,315.20035014461354,1062000
2022-12-27,312.5770263671875,317.86022321015434,312.4125044057209,316.7268125051167,1035000
2022-12-28,311.5716247558594,313.3814503459135,310.136562298346,311.2334313640526,1117200
2022-12-29,313.91156005859375,315.01757844150274,311.909792310944,313.0066612857926,1273600
2022-12-30,313.8658752441406,314.1492279544558,310.2279533676718,312.3668228074074,1031400
2023-01-03,316.46173095703125,318.63716987519155,313.344823621591,315.80361521619733,1589700
2023-01-04,317.81451416015625,320.20016615138496,315.41968486775926,318.11613773928207,1881000
2023-01-05,314.2131652832031,315.47455605006525,310.90431581913447,314.6610398995839,1397800
2023-01-06,318.1618347167969,319.0027712010072,311.6446955159318,317.44887834966477,3097800
2023-01-09,322.6589660644531,325.8581342832225,319.45979784568374,321.6352366975722,1989000
2023-01-10,326.64422607421875,326.7722062016886,320.3738692970402,322.329945682981,1610100
2023-01-11,333.1522521972656,334.08457119111574,325.59305676952334,328.0244279947562,2127000
2023-01-12,338.1429748535156,338.2892259048646,331.4064444509231,334.7609855405917,2103100
2023-01-13,341.8539733886719,342.1738957875946,331.2144406136165,332.2473193813653,3310200
2023-01-17,319.8437194824219,335.26370627619207,314.43254252353813,333.44473161133385,14448300
2023-01-18,319.0850524902344,324.2951378932979,317.9059226137345,318.38124548510154,5585200
2023-01-19,320.6024169921875,321.8912283451172,315.8219347024869,316.28810822650394,3100400
2023-01-20,312.4581604003906,321.97340328849583,309.1401617458186,319.79796461720446,11247200
2023-01-23,319.13079833984375,319.51468295857535,307.26644279555615,312.30285724703305,4915700
2023-01-24,318.390380859375,320.1910568365579,310.7763720185172,310.7763720185172,2372000
2023-01-25,319.57861328125,319.8802368538648,314.3411080914113,315.11805448631,1985200
2023-01-26,324.45965576171875,324.4870760889872,319.4780824498628,321.4981488385942,1919200
2023-01-27,323.29888916015625,325.39203964613375,321.58959543791894,321.69930466339605,2427400
2023-01-30,326.7356262207031,331.1870360073729,322.1105450633616,322.92406126224887,3184500
2023-01-31,334.3679504394531,334.46851024078677,326.18720836557424,328.2895358405022,2311500
2023-02-01,334.2764587402344,337.2288435791223,327.9238424001221,328.2346153471847,2889400
2023-02-02,337.7133483886719,340.83940512507377,333.2162195194599,336.36969658273665,2619600
2023-02-03,338.1521301269531,342.3750281902158,334.0297639725604,334.1942859477309,2243100
2023-02-06,338.9290771484375,339.3495594240395,334.340565013294,337.2838014698148,1816200
2023-02-07,342.2196044921875,343.96543971783234,335.7664271107643,336.5251026578762,2205500
2023-02-08,342.8595275878906,345.830184603431,340.0077013160984,340.8669089613872,1893200
2023-02-09,336.360595703125,347.0458216313032,336.18692430968366,344.6327488345755,2052500
2023-02-10,339.3677673339844,340.23612416090805,333.2253631693385,335.45564269840554,1933400
2023-02-13,341.872314453125,342.82293243811847,336.3697540618643,337.366063301279,1570600
2023-02-14,339.82489013671875,344.64191483808224,337.6311797034532,341.7992378950202,2155500
2023-02-15,342.164794921875,342.19221525169934,336.5982448112413,337.04611949655094,1687200
2023-02-16,338.3807067871094,342.0825914080572,337.1010167948661,338.8834222165323,1947800
2023-02-17,336.8266906738281,339.16665134084093,335.32763855255325,336.4153579127504,1857300
2023-02-21,330.0810546875,335.1997297702935,329.13958623381654,335.1997297702935,2403000
2023-02-22,329.87078857421875,331.7994164207886,327.26574625481885,330.5471751525182,2203800
2023-02-23,332.2930603027344,336.2600257836249,328.70083000266624,331.98228729026295,1931400
2023-02-24,332.5764465332031,333.7921183779774,328.62775157433225,329.2127558176632,2428600
2023-02-27,334.1120300292969,338.472029804685,333.1797109279821,336.5708218643951,2842400
2023-02-28,321.42498779296875,334.55073215684916,321.13248572538464,334.54158275019574,4945600
2023-03-01,318.7369384765625,324.5458783136703,318.4883603753334,321.6460158554014,2717400
2023-03-02,321.37908935546875,322.0050859842003,313.45276735322835,316.67484352933303,3259800
2023-03-03,328.73455810546875,329.36055461637744,321.802493789378,322.79674998366295,2396200
2023-03-06,328.6977233886719,330.3639944912879,325.6413759433424,329.6275313200861,1614200
2023-03-07,318.59881591796875,327.91524076018527,318.1845659208381,327.31683282943703,2048500
2023-03-08,321.5539855957031,321.9222172326867,317.7611463556534,318.7001412441025,1584600
2023-03-09,314.9256286621094,326.156873524908,313.9682041588217,321.4710589329643,3177800
2023-03-10,301.65069580078125,312.9371459461257,300.14090992001206,311.9613196941228,4559700
2023-03-13,290.4563293457031,300.2145934405018,289.5633529414503,294.28599989928887,5660700
2023-03-14,296.56903076171875,300.46314928443974,293.6231500040699,298.98097993827037,3785900
2023-03-15,287.39984130859375,287.6944377193655,280.23763112548374,286.09258729470673,6596700
2023-03-16,290.0696716308594,293.0431974078045,280.70725569405823,284.46326311743036,4399100
2023-03-17,279.436767578125,285.7520211799915,277.89936512401295,285.46663963788177,6369800
2023-03-20,284.95111083984375,287.40910617209164,281.940782259239,282.41948043923657,3963700
2023-03-21,292.085693359375,294.88430344219836,290.30895593169924,292.39869155174296,3242400
2023-03-22,288.76239013671875,296.63344827121347,288.5966620614513,292.08571705306707,2505900
2023-03-23,289.8487243652344,295.8417659536476,287.81422161251135,290.1801243745018,2585900
2023-03-24,287.7497863769531,287.9154863890843,281.1122900280057,285.5219387570834,2456700
2023-03-27,293.2364196777344,295.418220090509,291.9844269711301,293.31926965735414,2300600
2023-03-28,293.1535949707031,295.1512657603658,291.0178127755054,293.75197471571795,1224300
2023-03-29,295.2525939941406,297.084565110647,293.3745763701512,296.89124844317246,1475900
2023-03-30,295.63922119140625,299.0730147722143,294.4792651323311,298.78763321708726,1456300
2023-03-31,301.1351623535156,301.3376939370233,296.8176070358523,297.784218446889,2281100
2023-04-03,300.592041015625,302.85672021011396,297.4896468450627,300.24223924598624,1808800
2023-04-04,297.029296875,300.91420008004775,294.70019793582486,300.8681816722414,1536800
2023-04-05,295.99822998046875,296.6150395765421,294.0097459722485,294.2398941941129,1329300
2023-04-06,296.7991638183594,297.5632717057177,294.57134459445547,294.9395761585265,1311000
2023-04-10,299.1558532714844,299.1834699340079,295.7956948912198,296.7991377552609,1114400
2023-04-11,301.3744812011719,303.05918187401,297.96830446309417,300.15929187884024,1559600
2023-04-12,304.0165710449219,305.7012716779768,301.1995591969344,305.3790585645374,1862400
2023-04-13,305.756591796875,306.5022699627691,301.0339446833644,303.869359079147,1765500
2023-04-14,310.1661376953125,312.6609363101451,307.7725908029589,309.8070930190413,2275700
2023-04-17,312.7069396972656,313.4158140976314,307.18338317748425,309.3191651077558,3012100
2023-04-18,307.395263671875,309.8256149913769,300.2330500517378,301.95455475602523,7549500
2023-04-19,310.1386413574219,310.2306781974687,305.3331439663449,306.5391187514028,2625400
2023-04-20,311.81402587890625,312.3663872600553,307.7726374937947,308.3526155392879,2217900
2023-04-21,314.52972412109375,315.1741221931937,309.3191657552154,312.08094402088693,2278900
2023-04-24,316.6470947265625,317.6597524353449,314.4100609432498,314.83352576900865,1966300
2023-04-25,312.52288818359375,316.1960448688674,311.46418387190175,313.922179279349,2138200
2023-04-26,309.83477783203125,313.5539814184214,308.06725500482423,310.7737725780932,2041900
2023-04-27,314.4745788574219,316.0948034561873,311.86009807183274,313.1305209248468,1768200
2023-04-28,316.1684265136719,316.7760211964665,312.7254180721011,313.0476031103537,1714100
2023-05-01,313.5263366699219,319.86920726276816,313.34220684870695,316.7299820426378,1375000
2023-05-02,306.8980407714844,312.90032426802117,303.7956472926989,312.0901980468249,2397600
2023-05-03,302.5528869628906,308.242145019156,302.18465537793276,305.9682791618483,1825400
2023-05-04,295.7496643066406,301.0154564669867,293.2640524048173,300.0672469670382,2965100
2023-05-05,301.0522766113281,301.8347861862587,296.81757179502677,299.2479224142966,2413400
2023-05-08,300.5827941894531,304.07182102263766,299.8094995314017,303.4642544368059,1607300
2023-05-09,298.9809265136719,301.19955862924115,297.6276539151882,299.22950456078485,1253300
2023-05-10,296.9372253417969,303.7220185382235,293.74276689069444,303.7220185382235,1752200
2023-05-11,295.2525939941406,296.37571860039407,292.914279860937,294.276767642148,1515200
2023-05-12,294.12945556640625,297.5540625578046,292.12256962316275,296.46776958972987,1099100
2023-05-15,296.4954528808594,297.58174609303563,292.8038652307285,294.97647974935535,1178200
2023-05-16,295.3354187011719,297.41596773480256,295.05003713744145,296.8912230166142,1618900
2023-05-17,303.9613342285156,304.1546789509155,297.0384862526118,297.0384862526118,2098100
2023-05-18,303.4090270996094,304.3480499353643,299.8003182899899,303.79568851920294,1645400
2023-05-19,300.25140380859375,305.5908601092122,298.99941080351226,303.79569250669226,1546100
2023-05-22,299.1191101074219,301.34692958497493,296.82681427862434,300.2514215935035,1498900
2023-05-23,297.876220703125,301.1627437601128,297.1765611810513,297.9038373635088,1550900
2023-05-24,294.4148254394531,296.3388613097715,293.4850175813228,294.9487850766185,1439100
2023-05-25,298.16168212890625,299.3584418586057,293.48505369270674,293.59554845811607,1618500
2023-05-26,305.64605712890625,306.4377535361298,298.2720990239817,298.9349270344723,2718700
2023-05-30,304.5597839355469,306.1248033457452,301.7059679787749,305.71052523884856,1998600
2023-05-31,300.450439453125,303.5579134418204,298.52103873849103,302.46334930267057,2938000
2023-06-01,293.49346923828125,301.1740179547886,291.2857704287509,301.01634135878555,3339700
2023-06-02,300.21856689453125,301.72127853250436,294.0963842550767,295.20023358088343,3987700
2023-06-05,298.5117492675781,300.0701146266682,297.1296306428331,299.5506595069715,1462900
2023-06-06,303.1405029296875,304.3185762889728,298.13145480623854,299.0868843032887,1495600
2023-06-07,311.44256591796875,313.38125191121316,302.6952803914372,303.919722589755,3382700
2023-06-08,311.1828308105469,311.9805554213348,307.3518277222873,311.08077980906035,2009500
2023-06-09,311.6930236816406,311.86001366826525,308.46498466574263,310.94166782047915,1702100
2023-06-12,314.9118347167969,315.46840200400595,311.9991769298975,313.9378631953221,2290800
2023-06-13,317.7038879394531,320.28262201434234,314.8747113555289,315.5704132999219,1772400
2023-06-14,313.91925048828125,322.55522749815026,312.8154012486876,319.8187888000285,1819400
2023-06-15,315.1437072753906,319.0953035229865,311.3962130461422,312.8989247717954,3322700
2023-06-16,313.8172607421875,316.6835496294743,312.70412620172067,316.66500776680186,4544900
2023-06-20,306.7767028808594,311.09933396938743,305.39458420119354,311.04368008350707,3208100
2023-06-21,301.5357971191406,306.1088713425049,301.39666238471307,304.67109857311,2158700
2023-06-22,296.4432067871094,300.78440818134555,295.91449485440324,300.2556679404565,2409100
2023-06-23,291.9258728027344,294.7086812364895,291.3322217237927,293.6419436651883,2612000
2023-06-26,289.745849609375,293.7160147493826,289.5696312105633,292.31532617537385,2481000
2023-06-27,290.7570495605469,292.825585264553,288.07626442849386,289.79233491941454,2156800
2023-06-28,290.9517822265625,292.10200018365845,288.1968018711152,289.1522312437758,2423500
2023-06-29,299.69903564453125,301.93456067353463,293.354239056852,294.8384084575892,3553600
2023-06-30,299.18896484375,302.42628901400724,299.1054840027384,302.23150038498017,2361800
2023-07-03,302.9642639160156,305.55228303068475,299.0683500797125,299.0683500797125,1106800
2023-07-05,296.87921142578125,301.1090771684243,296.48963417243,300.4968843417294,2561000
2023-07-06,290.33966064453125,295.5713537405617,290.1912408076024,294.97767439284644,2896900
2023-07-07,292.3525390625,294.39324790344466,290.06135938932465,290.52516071338295,2903100
2023-07-10,293.55841064453125,296.90704261017424,293.1224362683869,293.7439424970895,1775800
2023-07-11,297.649169921875,297.7975897563509,291.80525571066784,295.74756733158034,2041700
2023-07-12,302.7695007324219,309.21635050373175,300.775160687113,301.08125710746083,2741300
2023-07-13,304.8844299316406,305.44099717912235,302.11090708746855,303.65073087195395,2787800
2023-07-14,302.5746765136719,308.40930444985406,301.48936908007886,307.95475995309613,1815200
2023-07-17,303.5115966796875,303.78058106476584,300.8771802574439,302.29643947974307,1777400
2023-07-18,312.85247802734375,313.7615386480749,303.604280175663,303.604280175663,3887400
2023-07-19,315.89501953125,320.8391567006857,307.3146964203872,313.52964448341993,6037400
2023-07-20,325.4585876464844,326.21922846259963,314.60565577873757,314.60565577873757,3915000
2023-07-21,326.4790344238281,329.3731502835748,321.67405928980804,326.3120727338091,3217400
2023-07-24,332.9444274902344,335.43968099670394,326.5161476277775,327.2860454066382,3517500
2023-07-25,329.0206298828125,334.69755285726524,328.35275492651317,331.5437099057007,2893000
2023-07-26,331.673583984375,334.17812233212703,328.6310485832624,328.8258372033189,2281600
2023-07-27,328.84442138671875,334.43786418076417,328.52903988569665,332.20233841851507,2010800
2023-07-28,327.6570739746094,330.6903242614609,326.1543339957243,330.3285456624188,1827400
2023-07-31,330.1058654785156,331.33959253774555,328.38979535650253,329.1875481502283,1385500
2023-08-01,331.82196044921875,331.96109515965435,327.80545416434506,328.3712780895102,2024300
2023-08-02,325.6812744140625,329.2896337622969,323.6127104512052,329.2896337622969,2106600
2023-08-03,327.59210205078125,329.49367585107944,323.38077877765534,324.6515896723912,1840400
2023-08-04,327.6477966308594,332.7588960954492,326.9892067008465,327.7591044152914,1725300
2023-08-07,329.818359375,331.77561546959345,328.29710591804456,329.66993957048527,1260300
2023-08-08,323.0469055175781,326.51613034386213,317.26793086060195,326.23786087422985,1917300
2023-08-09,317.88018798828125,323.2324456534868,317.6946561153988,321.7111918669702,1326000
2023-08-10,315.7558898925781,322.11925785461284,315.1993227229143,319.1602035722792,1345900
2023-08-11,316.0621032714844,317.04535994694413,313.11230493691505,315.3200040676156,1256800
2023-08-14,313.2884826660156,313.94710087204635,310.6169827373844,312.98238627377754,1347000
2023-08-15,308.15887451171875,309.8471181620009,306.5541400127886,309.1699580231901,1657800
2023-08-16,305.2833251953125,308.8175176900761,305.1534755315362,306.6098186321762,3340300
2023-08-17,303.80841064453125,309.8100009402855,300.5432594977253,306.1088754143498,3135200
2023-08-18,301.4058532714844,303.9011060934159,299.80111917158587,300.8400293724445,1730500
2023-08-21,298.7436828613281,302.7602178612611,296.2669998401411,301.8326152868154,1983500
2023-08-22,295.71044921875,299.28172499229765,295.26518976709747,299.1333051750801,1810300
2023-08-23,298.9941101074219,299.10544618954833,294.97760362064054,297.4079177123567,1429000
2023-08-24,296.79571533203125,303.78056166855987,296.37831115346444,298.82716725894295,1185600
2023-08-25,296.9720153808594,299.35596124738214,295.1539219132955,297.5749515080006,1159600
2023-08-28,302.37066650390625,302.9550607598297,298.0758612853595,298.0758612853595,1440100
2023-08-29,308.4742431640625,308.61340620505734,301.1740149980923,301.9903098414867,1831700
2023-08-30,307.3331298828125,310.44781920233333,306.4632730093079,308.6613214618977,1131500
2023-08-31,306.5193786621094,309.1196152149467,304.8825383867276,308.1094634901719,1271100
2023-09-01,306.2294616699219,310.1765866734456,305.11640787086486,308.3526958543876,1201400
2023-09-05,302.8153991699219,307.23955411942944,301.7678261398694,306.17325607826757,1846000
2023-09-06,300.3648986816406,303.18027334154704,298.662577792198,301.46858994411065,2120800
2023-09-07,301.1412048339844,303.2550763764733,299.4295500451036,299.8878562118721,1471100
2023-09-08,304.47100830078125,304.8919215320628,300.8606197787814,301.1038166274535,2026400
2023-09-11,303.6572265625,308.801581336849,303.32051886031707,307.03380881193436,1283100
2023-09-12,309.5030822753906,313.5998638910343,303.0492611269038,303.05862363331335,2054700
2023-09-13,313.3193054199219,315.2180390358765,309.42829874725913,311.93499591176703,2165000
2023-09-14,322.2891845703125,322.8036086744184,315.06837937712834,317.0793488898553,2822700
2023-09-15,320.3904724121094,323.804448121877,319.7544213035189,322.83168925953095,3063900
2023-09-18,321.1199951171875,321.9992144255731,317.3318620857235,320.3904331957855,1356600
2023-09-19,319.78253173828125,322.66335850010347,316.11599640627406,321.25098982856554,1660200
2023-09-20,314.9281311035156,321.56900416883946,314.5446393233778,320.4559503188436,1224400
2023-09-21,308.8857727050781,313.0480349984495,308.7361153157013,312.8703186325788,1685100
2023-09-22,306.6877746582031,310.1017502464169,305.69629081535135,308.75486219088776,1669100
2023-09-25,307.5763244628906,307.99723767948086,304.2465258484787,305.9207876631471,833300
2023-09-26,302.8809509277344,306.2575050979086,301.5714843318805,304.5551842511831,1481800
2023-09-27,301.1318664550781,303.98463390945943,298.353913428044,303.96593743868016,1493000
2023-09-28,304.1717224121094,305.70566084718683,299.50436955227167,299.50436955227167,1389600
2023-09-29,302.64703369140625,306.7531487363203,301.43107832927257,306.0423119471184,1403900
2023-10-02,297.9049377441406,302.65643879139924,296.5954711991662,301.20667735664716,1303800
2023-10-03,286.3254089355469,295.2672299666733,284.7072939052767,294.88373830297587,3118600
2023-10-04,288.6450500488281,289.0752971452216,283.85612841039296,285.1375357381511,1872000
2023-10-05,290.4222412109375,290.4689966597851,284.538961407871,287.48526829101996,1584600
2023-10-06,292.2742004394531,294.9305548612541,287.30756181871476,288.1867525919269,1595100
2023-10-09,292.3957214355469,293.2094887016776,288.4299012072982,288.92562873582926,1094400
2023-10-10,294.4161071777344,296.36162471698225,292.0964889772379,294.1355174096836,1193800
2023-10-11,292.779296875,296.15587966514386,291.45113377806786,295.033463389675,1672500
2023-10-12,289.8142395019531,293.929717506807,288.1025564271706,293.8361780771958,1727700
2023-10-13,289.2998352050781,295.73496083508644,288.2429279611403,291.8252575050256,1785200
2023-10-16,294.0606689453125,295.4730086733116,290.18835932910446,292.92889040865725,2273900
2023-10-17,289.35595703125,295.73496478823847,286.1290602095504,293.1160315522882,4123000
2023-10-18,282.4344177246094,287.35430061446255,281.98547412927627,287.1485252851927,3460300
2023-10-19,279.84356689453125,285.59588553595654,279.31978029414245,282.43444091946265,3211800
2023-10-20,280.64794921875,283.6410400366638,278.82405858577744,279.19818780195925,2329000
2023-10-23,279.8716125488281,283.9216102740835,278.90821632494897,279.0017557586147,2959800
2023-10-24,279.8341979980469,283.5007326612801,279.74065856206414,280.60118141118556,1697100
2023-10-25,277.57073974609375,280.6012238292957,275.95259574608775,279.2917571602722,1809300
2023-10-26,277.7857971191406,280.73213225358256,275.7187098159931,277.7577381437758,2011200
2023-10-27,271.1636657714844,278.98307263944366,270.6492130811827,278.30962857783976,2601700
2023-10-30,281.3774719238281,282.29411263818173,274.3250501228334,274.4747074972723,3065200
2023-10-31,283.9776916503906,284.61374259086057,281.25588572759887,282.17249784447586,2611000
2023-11-01,287.2982177734375,288.31773203806176,283.25755365630346,283.71585981395407,2345400
2023-11-02,293.47137451171875,294.2009363001975,288.0838237388156,289.6645457045567,2597000
2023-11-03,306.4351806640625,308.03459934509704,297.3717605644883,297.8674881577552,3742000
2023-11-06,302.96514892578125,307.632473544976,301.27219046912705,305.5373268459637,2087600
2023-11-07,303.0025634765625,305.28478902611016,300.5145625563431,301.30024255048096,1505000
2023-11-08,303.5730895996094,305.53730375359544,302.740654196812,303.00254751439473,1484400
2023-11-09,300.0374755859375,305.5279005605771,298.9899024551055,304.9199370697436,1787900
2023-11-10,304.4617004394531,304.9761246158057,300.8512830636925,302.4133091541676,1781400
2023-11-13,305.7710876464844,307.464045695883,302.609643341659,303.1989103450612,1403300
2023-11-14,316.8174133300781,319.67954284063615,310.9715559074962,311.9630110428281,3592700
2023-11-15,315.7699279785156,319.0248840274408,313.6560562130532,317.92119269002905,2534500
2023-11-16,314.90008544921875,317.78091236015797,313.3474217898624,315.91959988843615,1620400
2023-11-17,317.257080078125,318.43561428088697,316.2562622565487,317.54703237495835,1465200
2023-11-20,317.5002746582031,319.2493509344309,315.6763554092574,318.0146987826593,3146000
2023-11-21,313.30987548828125,317.16345984650513,312.9170213393506,316.4806534745971,1900900
2023-11-22,316.7426452636719,316.99517606535915,313.68407394431,315.1525603943613,1235200
2023-11-24,317.2196350097656,318.2672082035761,315.80729511721665,316.89226125064266,460100
2023-11-27,315.8727722167969,318.03339923734535,314.0301564737067,317.2570817871134,1250500
2023-11-28,315.81658935546875,316.5180922321109,313.2163531678174,315.5640585957986,1419000
2023-11-29,320.8711853027344,323.95484256667953,317.3348692198833,317.7969386455527,2038100
2023-11-30,322.0782775878906,325.11479577331005,320.7108903933078,322.210285102761,1903600
2023-12-01,328.57568359375,329.00949250030504,321.02213062092153,322.0028484076791,3623300
2023-12-04,329.4809875488281,330.5182840574275,325.61460899390056,326.56703735790273,2178100
2023-12-05,322.27630615234375,327.06682351244115,321.1352627679444,326.8499478549256,2429700
2023-12-06,322.4837951660156,327.22717350399216,322.1348831878959,323.9360506222888,1869300
2023-12-07,324.9827575683594,325.0487757147146,322.51205578069994,324.1246080015908,2162400
2023-12-08,330.83892822265625,332.2157549566949,324.1906641212974,324.6904624133849,2238800
2023-12-11,331.7159423828125,332.9135645990692,329.1603434870291,331.41416978736214,1636000
2023-12-12,332.5174865722656,333.8282951040667,329.66014384158746,331.38588250010116,1597600
2023-12-13,342.06085205078125,342.17400958058,331.56505948266175,332.82869986311283,2876500
2023-12-14,361.6189880371094,364.19343664342415,344.201450474293,345.61597698309146,5376300
2023-12-15,358.82769775390625,363.91054852515833,357.7055043150678,358.52592516325996,4522300
2023-12-18,354.9518737792969,360.94948160773475,354.48980429299183,359.5349549889714,2740900
2023-12-19,360.6571960449219,361.901957762094,353.20733184588545,354.58415865727306,2091800
2023-12-20,356.0080261230469,363.18440567162673,355.7534217083684,359.03513361285866,1836500
2023-12-21,358.8843078613281,359.7518681619337,355.5271666383849,358.3939201640443,1301600
2023-12-22,358.9596862792969,361.637853127661,357.7903535256973,360.2327659460862,1538200
2023-12-26,359.864990234375,360.80800798560824,358.3938848447406,358.95970125120414,837300
2023-12-27,362.5715026855469,363.7691249595889,358.63910570388344,359.4784053794851,1367200
2023-12-28,364.39141845703125,365.6644979175099,361.769830793937,362.60910145663877,1024700
2023-12-29,363.7879638671875,364.608413521638,361.71334198849365,363.599377575644,881300
