Date,Close,High,Low,Open,Volume
2018-01-02,39.33039093017578,39.372368297035734,38.793113939572436,38.935829941564656,23370800
2018-01-03,37.99557876586914,38.79310042195653,36.64399320840844,38.17187531894867,116479000
2018-01-04,37.298797607421875,37.483487703033596,35.83807354719388,36.53485657887646,89209100
2018-01-05,37.559051513671875,37.90324473700295,36.85387476313712,37.298806607280866,41824000
2018-01-08,37.559051513671875,37.642999830611934,36.90424247233195,37.16448737872296,33733800
2018-01-09,36.61880874633789,37.64299472674081,36.509676589597234,37.52546581799081,44282300
2018-01-10,35.6785774230957,36.602021675430215,35.62820651386146,36.37536058993326,45735000
2018-01-11,36.44252014160156,36.58523612259174,35.636604774294796,35.93042708453486,35371500
2018-01-12,36.2998161315918,36.60203206551765,36.10672919259438,36.476109560321156,29973600
2018-01-16,36.215850830078125,36.76152441917424,36.005976865413864,36.56004400403062,38367200
2018-01-17,37.26522445678711,37.31559536631964,36.526467129091046,36.56004773544607,32368600
2018-01-18,37.34077072143555,37.55904141064377,37.08052588504794,37.273612726432965,26826500
2018-01-19,37.62621307373047,37.68497754161279,37.147700576732525,37.45831322159955,25780200
2018-01-22,38.40694046020508,38.44052106744032,37.60102510109704,37.60941865169437,27706800
2018-01-23,38.66718292236328,38.69236677498888,38.30619942342345,38.45730894402258,22135100
2018-01-24,38.20545959472656,38.72594939382092,37.743737458852415,38.53286570799802,32464200
2018-01-25,38.029170989990234,38.92743152065306,37.92003560518893,38.51608024339351,36758700
2018-01-26,42.04195785522461,42.100722314331584,40.39654339296071,40.61481412886335,86916100
2018-01-29,41.958003997802734,42.68836452194114,41.44591099495739,41.6389946644458,46304000
2018-01-30,40.95901107788086,42.02517139438746,40.917036917884545,41.53826217164548,32814600
2018-01-31,40.413333892822266,41.3451748952345,39.926427914645885,41.32838459220457,41619900
2018-02-01,40.00197982788086,40.690366190962344,39.83408001196334,40.04395398125458,28840400
2018-02-02,38.74274826049805,40.11952142192233,38.70077089143072,39.72495721013965,28663000
2018-02-05,37.37435531616211,39.67457213271853,37.35756501501073,38.91063104365453,47869000
2018-02-06,37.957542419433594,37.974446632895,36.36858181970033,37.2053226532205,58145400
2018-02-07,38.2026481628418,39.13235732162939,37.475783114555604,37.67863044920601,37508400
2018-02-08,36.13192367553711,38.38858262417234,36.12347318219159,38.2702563724437,43151300
2018-02-09,37.14616012573242,37.42507159203491,35.53184479147827,36.765823377002576,49301100
2018-02-12,37.88991928100586,38.16883067275185,37.26447643648889,37.31518906414645,28379500
2018-02-13,37.577205657958984,37.847666624906985,37.40816674757922,37.68708143332819,19517600
2018-02-14,38.35478210449219,38.464654652127095,37.22222563329796,37.24758034057541,19922000
2018-02-15,38.81117630004883,38.87034264713065,37.99134307190765,38.77737110419286,23536800
2018-02-16,38.50692367553711,39.37746983850392,38.4646615236595,38.72667203421289,21475200
2018-02-20,39.14925765991211,39.47888172496281,38.36322955518412,38.422392683570216,25512000
2018-02-21,38.82809829711914,39.774715145994,38.81119407937317,39.445087736172475,27527500
2018-02-22,38.70977020263672,39.3521175506076,38.55763547412518,38.997135442697434,16946400
2018-02-23,40.34098815917969,40.391700807675015,39.14081782880311,39.16617254097599,26040900
2018-02-26,41.50734329223633,41.524247504333275,40.65369831415882,40.738219374643556,26992300
2018-02-27,42.18349075317383,43.02023142191571,41.676377345792844,41.7270867520419,43624100
2018-02-28,41.65946960449219,42.546919604260474,41.651015888068294,42.411689158811484,35541200
2018-03-01,40.4339599609375,42.02292082365144,40.121240020517334,41.83697766895046,36326600
2018-03-02,41.39746856689453,41.456631698647506,39.690181791947246,39.89302911806377,33310600
2018-03-05,42.04826736450195,42.09052628486261,40.602991008784166,41.050941368075314,30826500
2018-03-06,42.859642028808594,43.38366285813495,42.38633705283426,42.394787545627366,39132300
2018-03-07,43.37521743774414,43.51890163589678,42.34408301574514,42.411699867616726,31801900
2018-03-08,42.88499450683594,44.01755062197061,42.65679254063553,43.77244444818336,29481200
2018-03-09,44.11053466796875,44.20350623079855,43.104758138758065,43.33296018639056,32727900
2018-03-12,43.54425811767578,43.90769065092282,42.68216256607693,43.831623301542066,32044400
2018-03-13,43.76399612426758,45.454378401440046,43.43437209608268,44.38943898544665,45573900
2018-03-14,43.83162307739258,44.10208404621903,43.36676848873144,44.000661988946376,24993500
2018-03-15,43.00333023071289,44.20350021703842,43.00333023071289,44.14433708949554,25631200
2018-03-16,43.248435974121094,43.696389542084766,43.09630451090852,43.248435974121094,42559800
2018-03-19,42.96107864379883,43.29915325541364,42.20040512540442,42.88501129195939,31115200
2018-03-20,43.569602966308594,43.789354469967385,42.97796851880585,43.00332644562701,22215000
2018-03-21,43.578067779541016,44.09363180200623,43.24844044012013,43.569614060398614,23239500
2018-03-22,42.96107864379883,43.916142565156136,42.766681792537554,42.88501129195939,30916000
2018-03-23,41.71864318847656,43.096305913692866,41.71864318847656,42.75822810318553,37683900
2018-03-26,44.35564422607422,44.36409794558659,42.530030933469696,42.88501299755494,39306200
2018-03-27,43.26533508300781,45.006430064018204,42.91880683026018,44.80358276341421,38777000
2018-03-28,41.92149353027344,42.85120603536645,41.42283045889293,42.682167104972315,37970900
2018-03-29,44.01757049560547,44.01757049560547,42.149695015775926,42.2426665874056,45265800
2018-04-02,41.34675598144531,43.98375510353967,39.96909651271946,43.68793622025307,67187800
2018-04-03,42.04826736450195,42.22575676450611,40.91571088843182,41.41437388664514,39432400
2018-04-04,42.25111389160156,42.394794862922,40.57763230467075,40.65369964953124,30370000
2018-04-05,42.58074188232422,42.86810707546349,42.23421355155178,42.26801875580703,25115400
2018-04-06,41.23689270019531,42.59765148622738,40.99178639947471,42.08208417234943,28215200
2018-04-09,41.87922286987305,43.19772228854707,41.54959882124167,41.54959882124167,31437000
2018-04-10,43.33296585083008,43.51890900079597,42.546937547619066,43.20618584418979,25906400
2018-04-11,43.18927764892578,43.72174911394409,42.9526250974284,43.096309306658384,17568400
2018-04-12,44.5584831237793,45.02333766010715,43.48508986402664,43.51889828736106,29781400
2018-04-13,43.83162307739258,44.972630088119836,43.61187152512792,44.845853322566285,20884900
2018-04-16,44.28802490234375,44.39789744869793,43.772457699385704,44.1950533445449,18855500
2018-04-17,45.25154113769531,45.38677161123634,44.70216552535116,44.71906973756239,21228700
2018-04-18,45.31071090698242,45.94460444910775,45.08250884491939,45.23464355296141,22164700
2018-04-19,44.13588333129883,44.761322983104,43.62031620871853,44.75287249014379,25422400
2018-04-20,43.55271530151367,44.1866089023274,43.00334278196486,44.09363732501078,26910100
2018-04-23,43.18927764892578,43.85697960396391,42.97797980676049,43.687940685401834,21706700
2018-04-24,43.48509979248047,45.336067866642935,43.223089288039894,43.84007864609405,42494700
2018-04-25,43.425933837890625,44.03446943669711,42.76668237163885,43.83162531181136,25752800
2018-04-26,44.8373908996582,45.023333988686126,44.0091039403996,44.169689101920156,39575000
2018-04-27,44.566932678222656,47.15321897411944,44.14433706789532,46.85740011240112,69888100
2018-04-30,43.6287727355957,45.107857467620605,43.282244441630105,44.423254597967194,36417400
2018-05-01,45.07405090332031,45.15011502062609,43.476636732775326,43.645675627579685,27600800
2018-05-02,44.21196746826172,44.96418736940667,44.07673696046206,44.87121579076635,25778300
2018-05-03,44.186588287353516,44.423243980335464,43.282234096711974,43.85696428457831,28561000
2018-05-04,44.86664581298828,44.91765112609937,43.35352386101145,43.88056579213435,25642500
2018-05-07,45.334197998046875,45.546715326199525,44.909163341741575,44.93466438343763,20285700
2018-05-08,45.58921432495117,45.58921432495117,44.88365529805511,45.300190653160485,21026800
2018-05-09,46.1927604675293,46.21826150585259,45.21517959021884,45.6997187749013,19827500
2018-05-10,46.736812591552734,46.75381436772641,45.98875065369708,46.371282510711744,18715900
2018-05-11,46.47328567504883,46.91532208686885,46.26927086513617,46.430782859880104,15405000
2018-05-14,46.668800354003906,46.95782401157112,46.532789411781486,46.55829045008674,21878200
2018-05-15,45.835731506347656,46.54129052656125,45.52970930625309,46.39678031341299,21712600
2018-05-16,46.44778060913086,46.498785928567145,45.869733293212875,46.0482470471049,16260500
2018-05-17,46.5922966003418,47.12783789122296,46.26076687006134,46.37127678015482,16872600
2018-05-18,45.47869873046875,46.362771409285195,45.45319769409633,46.35426890199012,23679900
2018-05-21,46.175758361816406,46.940821933571364,45.78472731081126,46.209761907840324,25367400
2018-05-22,46.28627395629883,46.79631423834475,45.946244939763524,46.52429232221932,19009600
2018-05-23,46.93232345581055,46.94932523028246,45.76772946791798,45.90374042093641,20555400
2018-05-24,46.541282653808594,47.00882000451935,46.01424072624862,46.90681262174302,19667100
2018-05-25,47.12783432006836,47.17883963842119,46.36277400131548,46.58379056199789,18550000
2018-05-29,47.02582550048828,47.442360814183914,46.592291657280285,46.85581102055626,24253500
2018-05-30,47.33185958862305,47.77389602033984,47.28085426247058,47.51037336602106,24711500
2018-05-31,46.923831939697266,47.48487761890284,46.8048227414957,47.3233623561229,30962100
2018-06-01,48.52195739746094,48.53895592990374,47.43386648396989,47.46787003436959,31183200
2018-06-04,48.309444427490234,48.9639949965392,48.26693836427946,48.462453932571115,22538100
2018-06-05,48.05440139770508,48.555942256884244,47.790882072839494,48.368929274698736,21687000
2018-06-06,48.47944641113281,48.50495069271911,47.67188324913313,48.05441180260383,22955400
2018-06-07,47.501869201660156,48.453945825702064,47.28084938721317,48.38593873117784,27596100
2018-06-08,46.79631805419922,47.34886444043543,46.46479151956041,47.22985524777096,30822900
2018-06-11,46.34578323364258,46.83032252340342,46.12476337772096,46.5838016236283,25752400
2018-06-12,46.60078811645508,46.77930185039593,46.09074795012225,46.643290923190094,23294900
2018-06-13,46.7793083190918,47.34885638491895,46.67730092027079,46.736805506479435,22631400
2018-06-14,47.212852478027344,47.48487441061118,46.90682699318123,47.136346106815814,23419800
2018-06-15,46.847320556640625,47.076839661253345,46.39678485652515,46.89832264027205,39194700
2018-06-18,45.24068069458008,46.158753680076344,44.49261894297675,46.158753680076344,40764400
2018-06-19,44.994171142578125,45.011172918779906,44.10159896990692,44.32261557501553,31780900
2018-06-20,45.44469451904297,45.69121534287535,44.790140905465435,45.215175466794506,21403000
2018-06-21,44.36512756347656,46.354290391601026,44.15261018116736,46.22678190787025,44435600
2018-06-22,44.62864303588867,45.13018410638324,44.45862850910524,44.73065045485578,34682100
2018-06-25,43.10700988769531,43.99108266541651,42.426955152046986,43.4980409553485,45356500
2018-06-26,42.22294235229492,42.8519950875946,41.95942293356381,42.46096397139173,37543000
2018-06-27,41.44938278198242,42.55447560324814,41.44088351474139,41.94242459365574,33338800
2018-06-28,41.865909576416016,42.06992761842371,41.22835765393253,41.29636474885401,29055700
2018-06-29,42.25693893432617,42.59696790966329,42.078425181514675,42.103926219700135,28906500
2018-07-02,42.6734733581543,42.73297794115752,41.508879492975616,41.68739324198529,23755500
2018-07-03,42.05293273925781,43.234528643808396,42.018929186222195,42.996510258073684,16327900
2018-07-05,43.141014099121094,43.31952786195927,42.29094485578866,42.4864603926243,26163500
2018-07-06,43.66805648803711,43.77856639856852,42.84349152016785,43.158016234865265,19968000
2018-07-09,44.084590911865234,44.1100919511555,43.35353085314755,43.89757464305184,21361600
2018-07-10,44.3396110534668,44.42461667964472,44.067589158389325,44.28860573210598,17362900
2018-07-11,43.52354431152344,44.093089127152396,43.51504180345801,43.940076409541724,18665600
2018-07-12,44.50112533569336,44.61163524963022,43.97408329214031,44.24610520124878,20292700
2018-07-13,44.39060974121094,44.56062096816074,43.99957548806002,44.5436224396708,13749300
2018-07-16,44.212100982666016,44.47562362183197,44.09309180457716,44.331113403511765,15951500
2018-07-17,43.991085052490234,44.10159496639114,43.36203236115848,43.39603591047521,15754500
2018-07-18,43.965576171875,44.17809345307276,43.75305889067724,44.09308459493984,14649000
2018-07-19,44.18659591674805,44.21209695465609,43.39603131403265,43.86356871796754,15954600
2018-07-20,44.127098083496094,44.26310904440637,43.63405956623028,44.05909422441951,17380500
2018-07-23,44.467140197753906,44.628652248020515,43.63407241158849,44.008101853512336,15945500
2018-07-24,44.35661315917969,45.30868979907536,44.27160753236566,44.849651631663285,17788700
2018-07-25,44.569122314453125,44.586124085256586,43.43002961267071,44.38210607837123,19854800
2018-07-26,44.3396110534668,45.20668206006005,44.093090197691346,44.586131909242255,28282500
2018-07-27,40.53130340576172,41.82340909653766,40.36128890173071,41.44937653911805,67816700
2018-07-30,40.539798736572266,40.79482208924244,39.46871297783275,40.48879666024354,35696600
2018-07-31,40.888328552246094,41.38137026079891,40.53980029862512,41.00734096803098,36581200
2018-08-01,41.49188232421875,41.57688795429653,40.80332504666381,40.85433037036463,28060700
2018-08-02,42.061431884765625,42.09543543770312,40.97334413282412,41.22836429434075,26452500
2018-08-03,42.18893051147461,42.316438931336165,41.797896259399515,42.07842062005624,22008200
2018-08-06,42.16328048706055,42.17183470373157,41.32514668957684,41.71000487782899,26669000
2018-08-07,42.50537872314453,42.61656070603842,42.25735863148811,42.27446380289316,28322700
2018-08-08,42.727745056152344,42.87313740101285,42.28302032845886,42.41985845525083,21990600
2018-08-09,42.88167190551758,43.27508096130762,42.52247318392068,42.64220609111965,23795600
2018-08-10,41.77842330932617,42.052099524818864,41.30804251785297,41.487641922555454,28712400
2018-08-13,41.43632888793945,42.111968459499664,41.37646242083693,41.83828898670242,17070600
2018-08-14,41.15410232543945,41.701454797476984,40.752142188930804,41.62448315219183,23061600
2018-08-15,40.58963394165039,41.051463691170596,40.11070228657215,40.86331010526002,26739900
2018-08-16,40.34162139892578,41.0087100264129,40.23899363411154,40.83766157673728,24358000
2018-08-17,40.28175354003906,40.52977362038103,39.623222414614496,40.19623094939314,26382000
2018-08-20,39.76861572265625,40.29886301879781,39.50349044334644,40.23899654645012,24334000
2018-08-21,40.726478576660156,40.92318314700103,39.88834478293382,39.90544995372143,19254300
2018-08-22,40.238983154296875,40.49555413075021,40.127801201592206,40.41003155942475,23182500
2018-08-23,40.17912292480469,40.34161714048089,39.948208031489564,40.07649517082379,31343200
2018-08-24,40.76068878173828,40.95739335142045,40.26465188046972,40.44425127942156,18214700
2018-08-27,41.350807189941406,41.38501753528976,40.735037286061434,41.05147482433851,17170300
2018-08-28,41.53895950317383,41.72711313411589,41.31659879045157,41.521854331044736,13472400
2018-08-29,41.692901611328125,41.786978424139896,41.393569263725134,41.650140313453115,13479100
2018-08-30,41.25673294067383,41.76132410740965,41.12844577901227,41.49619882913217,16418800
2018-08-31,41.41923141479492,41.53041341542481,40.98305763058142,41.01726797884883,16484000
2018-09-04,41.01725387573242,41.41921717346997,40.67516029811679,41.376455884077664,15682900
2018-09-05,40.812007904052734,41.1541015614868,40.59819814472719,40.83766403117883,20857200
2018-09-06,40.41859817504883,41.017266193760676,40.37583687281475,40.84621772234611,19318100
2018-09-07,39.72584915161133,40.60674420996702,39.648877517023514,40.11925827840342,25958300
2018-09-10,39.597564697265625,39.99097385079125,39.537698228793374,39.819928662286436,21522400
2018-09-11,38.425899505615234,39.36666136931008,38.39168915284991,39.34100523597549,32455300
2018-09-12,38.425899505615234,38.46866081533249,37.68184227660281,38.109461898732974,29778700
2018-09-13,38.973236083984375,39.21270192997612,38.57982697629009,39.06731288418898,18657100
2018-09-14,38.94758987426758,39.31534295277237,38.78509235529021,39.152845433795,22998700
2018-09-17,38.8449592590332,39.25547690755731,38.64825465295783,38.733780522432994,17603200
2018-09-18,39.426517486572266,39.7942705258866,38.836403737719884,38.981796067496184,20528100
2018-09-19,39.46927261352539,39.717289390369395,39.246908694659105,39.41795711013844,15918900
2018-09-20,40.36728286743164,40.50412098172891,39.785720066048725,40.00808077835255,21999300
2018-09-21,39.90545654296875,40.55543682783483,39.6574364193116,40.29886574861081,52650600
2018-09-24,40.1192512512207,40.196222872326366,39.469271210477245,39.60610928550098,17847000
2018-09-25,39.26401901245117,39.674533305959656,39.16994220847426,39.52914425434268,23389900
2018-09-26,39.084415435791016,39.59755743211253,38.98178768902216,39.37519677036714,23957700
2018-09-27,39.23836135864258,39.48637815834656,39.11007421958942,39.264017481462226,15415500
2018-09-28,40.44425582885742,40.83766501247501,38.87916678699717,39.01600490575451,46223500
2018-10-01,39.72584915161133,40.38438352253424,39.512039418031584,40.01663051977888,23796200
2018-10-02,41.136993408203125,41.80408202744252,40.469908051441514,40.63240228226151,42121100
2018-10-03,41.701454162597656,42.522486120632315,41.53040896454854,41.58172121897206,39211900
2018-10-04,41.16265106201172,41.78697509620354,40.72647737598115,41.76986992592022,30108300
2018-10-05,40.22188949584961,41.34225377064346,39.90545197643375,41.24817695778196,28901400
2018-10-08,40.22188949584961,40.495565717367846,39.785719037329265,40.16202302629736,19376800
2018-10-09,39.81137466430664,40.72648013024672,39.80282370982551,40.350176145997764,23285700
2018-10-10,38.314701080322266,39.44361613823745,38.314701080322266,39.39230389354512,43109500
2018-10-11,37.82722091674805,39.007451660795304,37.39960141292434,38.614042500272184,43648800
2018-10-12,38.38312911987305,38.77653829621286,37.82722243756128,38.71667182426889,32087400
2018-10-15,38.08378982543945,38.60548611277058,38.00681818857949,38.16931567888259,21633000
2018-10-16,39.28968048095703,39.349546952999304,38.340367883224644,38.40023435526692,21472000
2018-10-17,39.246917724609375,39.6232249777403,38.947585375507884,39.34099453789211,23124400
2018-10-18,38.46010208129883,39.12718751293621,38.34036913331039,39.04166491079537,26638800
2018-10-19,37.63050842285156,38.63969050064439,37.510775508957025,38.50285241869675,28368500
2018-10-22,38.49430465698242,38.77653508345866,37.71603732371459,38.05813421717468,34508800
2018-10-23,38.058135986328125,38.56272713327519,37.55354483938106,37.78445976382917,38590300
2018-10-24,36.27922821044922,37.938393564966624,36.227915970603675,37.76734515303491,33631800
2018-10-25,37.89564514160156,38.43444341774203,37.01474666299174,37.23711065272945,48255300
2018-10-26,39.075870513916016,39.71729979310853,38.22918569236958,38.99034791501489,67280400
2018-10-29,38.82783889770508,39.982409855933845,38.00680725326665,39.76860017755987,35732200
2018-10-30,40.84620666503906,40.948837677591925,38.8791579324588,38.93902439187596,43975200
2018-10-31,40.093605041503906,41.53040681562195,40.05084374420425,41.299491895230354,33369100
2018-11-01,41.239620208740234,41.45342993066448,40.07649479947598,40.153466429867805,28335300
2018-11-02,40.290313720703125,41.26528575329217,39.98242712883749,41.16265797682969,30759800
2018-11-05,41.02581787109375,41.26528375875782,40.12781426739742,40.48701636137156,23751200
2018-11-06,40.66435241699219,41.24096705531455,40.4750146990908,41.13769342873625,23839600
2018-11-07,41.92946243286133,41.95528001615452,40.95695963837254,40.99138527143617,29913200
2018-11-08,42.16183853149414,42.42002426244254,41.70570701437529,41.73152788557691,26581700
2018-11-09,41.40449142456055,42.19626144770438,41.19794086725666,41.98971417341022,21761400
2018-11-12,40.147979736328125,41.13769213279464,40.104946050517555,41.06023609454863,24412800
2018-11-13,40.784847259521484,41.52498218224835,40.44060067237625,40.44060067237625,29315900
2018-11-14,40.526649475097656,41.28399699494594,40.35452459108544,41.18072009473315,25632700
2018-11-15,41.40449142456055,41.51637311322556,40.208228338326876,40.457806021181504,29581000
2018-11-16,42.024131774902344,42.21346619295365,41.043020919142215,41.11187218607658,31670600
2018-11-19,41.30982208251953,42.29953788311711,41.12048434741155,41.83480159676644,26859000
2018-11-20,40.784847259521484,41.413100481996366,40.52666149841004,40.79345531193091,29200800
2018-11-21,40.475006103515625,41.20653595086638,40.46640133771539,41.18071508744827,19011400
2018-11-23,40.05331039428711,40.50943856786195,40.03609757677363,40.18240160112433,8906900
2018-11-26,40.83647537231445,40.84508013953237,40.191009491665675,40.68156329831801,20723000
2018-11-27,41.370059967041016,41.49915445757887,40.09634101130525,40.397557111881206,27621000
2018-11-28,42.049957275390625,42.06717009536493,41.008606289517786,41.25818397162097,28003200
2018-11-29,41.05162048339844,41.79175503490715,40.99137727878805,41.73151183029676,23592500
2018-11-30,42.43724060058594,42.445845369693416,40.93115321501041,41.266795021371365,43313700
2018-12-03,43.142948150634766,43.46137712318565,42.62657338332567,43.03106645859965,30870400
2018-12-04,41.09467315673828,42.686821484161754,41.034429919463456,42.61797347713776,35397700
2018-12-06,41.62824249267578,41.64545530896968,40.0360947400938,40.27706760219036,31661700
2018-12-07,39.795127868652344,41.361458274089294,39.78651981770505,41.258181360778856,34016400
2018-12-10,40.62992477416992,40.84508006733923,39.5971787103554,39.829546820939356,23289000
2018-12-11,40.77622985839844,41.81758063266239,40.56107457695502,41.22375323776183,23851000
2018-12-12,41.163516998291016,41.86061812719166,40.80205435703805,41.808982952019534,31305000
2018-12-13,41.55938720703125,41.80896807491894,41.18931992926908,41.53356634562354,19526000
2018-12-14,41.1893310546875,41.963888162952635,41.180723004223715,41.21514864006021,26372100
2018-12-17,40.51805114746094,41.66267573448136,40.15658850529001,41.18933469048029,26598700
2018-12-18,41.0860595703125,41.69709986469667,40.75902257884949,40.853691440826374,29014300
2018-12-19,39.218509674072266,41.07745142256975,39.054992820230964,40.870904163297524,39717600
2018-12-20,39.19268798828125,39.85536666823876,38.736556545993345,39.08080631945488,37750900
2018-12-21,38.59025573730469,40.14798133147246,38.555830100492166,39.373420918237784,52768300
2018-12-24,37.51447677612305,38.87425651192197,37.47144637440325,38.409523577135296,19241600
2018-12-26,39.752098083496094,39.76070613528868,37.4456326545592,37.8673385511302,28677600
2018-12-27,39.898399353027344,39.91561217098663,38.44394742405645,39.26153822057114,29970700
2018-12-28,40.234031677246094,41.08604791022919,39.84675157134468,40.02748119309582,24758700
2018-12-31,40.388954162597656,40.862295177527336,40.061917179387756,40.52665342663192,20490400
2019-01-02,40.51805114746094,40.853692918970616,39.390636096868526,39.55415295701155,18774600
2019-01-03,38.289031982421875,39.829541167776604,38.20296790756402,39.717662794974544,32267300
2019-01-04,40.6385383605957,40.939754498863905,39.19269433088897,39.45088006126309,35447300
2019-01-07,40.8278694152832,41.30981847942657,40.234041956524834,40.53525806973356,22736800
2019-01-08,41.0860595703125,41.33563723560397,40.25986068224755,41.13769474374753,22749200
2019-01-09,41.31842041015625,41.800369441208915,41.12047793749422,41.275390008796535,22554500
2019-01-10,41.79176330566406,41.86921933877891,40.8020476917531,41.09465900763041,27202600
2019-01-11,42.11019515991211,42.42001931411282,41.352847592200284,41.39587799517054,21751300
2019-01-14,41.61103057861328,42.02413161260589,41.568000178450035,41.705699428777876,19193900
2019-01-15,41.8261833190918,42.28231472551143,41.688484077137105,41.92085216349981,22480800
2019-01-16,41.42169952392578,42.07577019532851,41.37866912026931,41.82618925790786,19057700
2019-01-17,41.71430206298828,42.03273092246666,41.23235310790611,41.30980913134773,17448700
2019-01-18,42.333953857421875,42.4974739796388,41.903643275603365,42.2651058714957,29874600
2019-01-22,41.54219055175781,42.15323088693545,41.1979407184976,42.13601806697147,25940700
2019-01-23,41.2581787109375,41.99831346041227,40.89671938659455,41.66267172123401,18960700
2019-01-24,42.82451248168945,43.06548866709697,41.826191950742796,41.91225604660604,50578300
2019-01-25,40.48362350463867,40.81926525953401,39.3734213284391,40.3201033695803,86455700
2019-01-28,40.19961929321289,40.216832112813584,39.63160937842861,39.70046065683138,35928700
2019-01-29,40.05331039428711,40.423377763303804,39.87258073490944,40.25985763843036,20988300
2019-01-30,40.9139289855957,41.03441541756445,39.975851829970246,40.17379429434877,26931700
2019-01-31,40.55247497558594,40.604113435773556,39.67464085045488,40.191015603301835,43051300
2019-02-01,41.938072204589844,42.213470735947375,40.45780263628605,40.50083632425585,37442900
2019-02-04,42.35977554321289,42.37698836077931,41.51636718051417,41.843400865248256,20905000
2019-02-05,43.0396614074707,43.65070490685507,42.32534757440036,42.32534757440036,31641600
2019-02-06,43.21721649169922,43.85811121923419,43.14792878936058,43.260519653751125,21647800
2019-02-07,42.636940002441406,43.173906435635644,42.16059865184236,42.87078102265968,27825900
2019-02-08,42.299171447753906,42.455065463836846,41.58032645094709,42.23854636414601,18851200
2019-02-11,42.23855209350586,42.714893516674174,42.07399874479527,42.45507122256598,18004100
2019-02-12,43.31247329711914,43.42506413855722,42.67157870023525,42.74952569756641,18050100
2019-02-13,43.710872650146484,44.00533872922998,43.3038157251084,43.41640657106299,17712800
2019-02-14,44.005340576171875,44.20453774040958,43.606942943877385,43.65890871430339,17545400
2019-02-15,44.74150848388672,44.75016779455307,44.24784518041948,44.38641727781696,22520400
2019-02-19,44.516326904296875,44.78480846554635,44.46436113252964,44.47302044258126,15611800
2019-02-20,44.507659912109375,44.802125982184776,44.2218564550526,44.71551967491154,21607700
2019-02-21,44.52499008178711,44.897403218918846,44.35177413133662,44.44704306927536,16162100
2019-02-22,45.46035385131836,45.8847294573586,45.08794071730458,45.64222911104989,31934100
2019-02-25,45.9886589050293,46.43035975169448,45.78080240386175,45.95401835738105,20711800
2019-02-26,46.10123825073242,46.222488396752404,45.82409411588141,45.91070041909034,16082200
2019-02-27,46.10990905761719,46.23115922518475,45.477670377324706,45.69418947764372,17590300
2019-02-28,45.86739730834961,46.05793514016145,45.737487853420475,45.8327534655077,18388800
2019-03-01,46.16187286376953,46.490982830852516,45.80678166111821,46.28312303484764,18359300
2019-03-04,46.716163635253906,46.8547357383985,46.083928208167954,46.5516102952133,21706100
2019-03-05,46.49098205566406,46.75946693273129,45.997318765180594,46.638213459855585,21057700
2019-03-06,45.85873794555664,46.46499197930159,45.850075332947014,46.44767005790103,14740500
2019-03-07,45.55562210083008,45.89339470749711,45.347765593148424,45.70285682227257,17803000
2019-03-08,45.45167922973633,45.52096691256038,44.77614084129455,45.00998181509791,16793900
2019-03-11,46.20518112182617,46.46500672145191,45.52964249196665,45.79812740313069,18963000
2019-03-12,46.395713806152344,46.733483083169,46.057944529135696,46.19651662493276,20782100
2019-03-13,47.08857345581055,47.26178939846104,46.46500068761582,46.76812610938969,25522300
2019-03-14,46.28312683105469,47.157865943555855,46.187861191550475,47.02795314741975,26647100
2019-03-15,47.05393600463867,47.36572075732958,46.490984979959315,46.490984979959315,46512500
2019-03-18,46.8547248840332,47.20981602256954,46.65552773839757,47.13186902611918,16274000
2019-03-19,46.91535568237305,47.33107525003924,46.76812428434812,47.175181238119215,18274800
2019-03-20,46.61222457885742,47.11455040120167,46.43034935510607,46.820084337300955,24325300
2019-03-21,47.32241439819336,47.62554312324448,46.629553932649685,46.6988383272944,19127200
2019-03-22,46.12723159790039,47.305096132334846,46.0839284349208,47.11456155446073,21438400
2019-03-25,45.711509704589844,46.37838890526556,45.365081139235926,45.876066329165674,16971400
2019-03-26,46.28312683105469,46.56893366102625,45.936698214391164,46.17919857643759,17724300
2019-03-27,46.04062271118164,46.64687687063502,45.85008484008559,46.413035838967886,19656000
2019-03-28,45.997318267822266,46.28312176267637,45.7028521588039,46.1185684355676,13607900
2019-03-29,46.508304595947266,46.8027707120472,46.317766725582786,46.594910916756916,18736100
2019-04-01,47.20982360839844,47.26178938232163,46.85473241280488,47.062592204678346,17830400
2019-04-02,47.079917907714844,47.460990368943285,46.9673270404216,47.22714932325098,13704500
2019-04-03,48.049922943115234,48.49162380016089,47.53893768532531,47.66018786449248,24552800
2019-04-04,48.43098831176758,48.6215261675854,47.86804066184444,47.86804066184444,16520500
2019-04-05,48.15384292602539,48.45697162570249,47.52160759765069,48.28375569786115,19268400
2019-04-08,48.22312545776367,48.27509122170031,47.80740925772658,47.876693639156755,11758800
2019-04-09,47.911346435546875,48.00661536865876,47.547595931468024,47.93732767046128,13339700
2019-04-10,48.28376388549805,48.3790328271568,47.91135073382451,47.91135073382451,13084000
2019-04-11,48.327064514160156,48.56090554856167,48.17983310573296,48.292420663770436,10845800
2019-04-12,48.86402893066406,48.92465731821316,48.36170633635714,48.682153679474624,12910200
2019-04-15,48.742774963378906,48.98527858321266,48.43098695489195,48.898668967622385,11676900
2019-04-16,49.11518859863281,49.77340846918371,48.56090026794935,49.07188544226424,30301900
2019-04-17,50.71743392944336,51.60949154234196,50.33635820834556,50.61350238524258,38788400
2019-04-18,50.656803131103516,50.99457235209406,50.336352528373,50.84733766633323,20464200
2019-04-22,50.94261932373047,50.951281938845334,50.128508605374265,50.36234965618097,12327500
2019-04-23,50.907962799072266,51.08117871623717,50.6654624973327,51.0032317187039,17739900
2019-04-24,50.85600280761719,51.34966604804132,50.35367695381355,50.68278688203597,17723700
2019-04-25,49.89466857910156,50.561547892395154,49.56555857819128,50.49226018533206,27949900
2019-04-26,45.40838623046875,45.97999652627073,44.62025683316876,45.67687110570123,72364500
2019-04-29,44.26515579223633,45.40837612953494,44.16988688015835,45.18319446392908,42142300
2019-04-30,44.20453643798828,44.54230567625769,44.05730174469554,44.169892592058346,27130900
2019-05-01,43.96202850341797,44.68953267741395,43.94470988597261,44.25649455726917,20467600
2019-05-02,43.78017044067383,44.45571241940041,43.40775724711762,43.99668958558697,22655400
2019-05-03,44.819454193115234,44.88007927747671,43.93605585893754,44.239184584564214,25656600
2019-05-06,44.632110595703125,44.68439129868651,43.73458641387187,43.78687044090809,26245200
2019-05-07,43.987281799316406,44.33583528581694,43.508023248417466,44.09184651564561,29713400
2019-05-08,42.906776428222656,44.25741551151815,42.758640017664895,43.74330089379309,36812400
2019-05-09,40.62375259399414,42.07895956459269,40.12706604076141,41.7391217464916,59642200
2019-05-10,40.25776672363281,40.78059352464618,39.299246489706,40.466896114417466,42522800
2019-05-13,39.002986907958984,39.76980262345861,38.95070620911866,39.499676815310075,39091900
2019-05-14,39.36025619506836,39.63910101748737,39.0988427058567,39.36897186167204,24706500
2019-05-15,39.752384185791016,39.86566460063706,39.002996297515196,39.142417068074415,23407900
2019-05-16,39.673946380615234,40.03992785712616,39.57809401000399,39.62166568686528,19954700
2019-05-17,39.116268157958984,39.848227874334725,39.00298776788642,39.36896928810061,22500400
2019-05-20,37.95733642578125,38.79386092231428,37.86148403729359,38.34074265567901,28675000
2019-05-21,38.7415657043457,39.02040712264732,38.49758029434476,38.63700100349557,25543400
2019-05-22,38.340736389160156,38.74157056272882,38.21002800366709,38.47144477465322,16932500
2019-05-23,38.80257034301758,38.98556276364767,37.34736658825488,37.79176915480769,35783900
2019-05-24,38.83742141723633,39.2556835807893,38.76771271867026,38.854849422890894,27168100
2019-05-28,37.96604537963867,38.94199053848464,37.73077226272845,38.91585018906769,34779900
2019-05-29,38.54115295410156,38.80256639749586,37.75691262391866,37.774337305966306,28450300
2019-05-30,38.97684860229492,39.23826208236151,38.54115836083302,38.60215472871347,21618900
2019-05-31,38.37559509277344,39.18597916192995,38.27974271323089,38.49758782162667,25532500
2019-06-03,37.87018966674805,38.85485040477464,37.64363223561786,38.558580949264524,31155700
2019-06-04,39.029136657714844,39.09013303189321,38.140328074476145,38.48016596605648,28094900
2019-06-05,38.81999969482422,39.36897032761443,38.50630219037267,39.30797395997693,20802000
2019-06-06,39.29925537109375,39.360251734195046,38.785140793488154,38.99427355558724,19076200
2019-06-07,40.10964584350586,40.188070226340855,39.299261662228616,39.42997007497128,24370300
2019-06-10,40.780601501464844,41.120439321002095,40.25777459818483,40.283914946133116,20806100
2019-06-11,40.82416915893555,41.23371899807779,40.53661536425762,41.18143497902165,18415500
2019-06-12,40.36233901977539,40.667320823789915,40.30134265897249,40.667320823789915,15900600
2019-06-13,40.69347381591797,40.92003130449707,40.54533738857334,40.606333763346676,12267600
2019-06-14,40.249061584472656,40.44947868806871,39.691378631152766,39.93536741626967,15381100
2019-06-17,40.196781158447266,40.54533134461584,39.90922401390688,40.20549350037911,12643300
2019-06-18,41.277286529541016,41.82625708450984,40.606323256590734,40.73703163960073,25732300
2019-06-19,41.015872955322266,41.46027879688151,40.95487659652821,41.3731387671384,17436400
2019-06-20,41.12044143676758,41.86982914099884,40.84159996413072,41.71298039713404,20126800
2019-06-21,41.355712890625,41.590985996967405,40.780601960916584,40.9113103502354,31096300
2019-06-24,41.50385665893555,41.69555812018781,41.10301907838332,41.303439530685935,14479900
2019-06-25,40.82416915893555,41.54741646430995,40.7806008050816,41.44285175025001,16665600
2019-06-26,41.991825103759766,42.244526246565044,41.442857782006946,41.52128215997918,21886300
2019-06-27,41.355712890625,42.19223727491862,41.16401146342381,41.95696749262863,23062900
2019-06-28,41.71297836303711,42.00053548745096,41.54741728549884,41.62584165360695,26646200
2019-07-01,41.86982345581055,43.08975722599058,41.608410026215424,42.950336508603044,27423300
2019-07-02,41.930816650390625,42.01795666972017,41.556122877403226,41.747827595876366,15381600
2019-07-03,42.279380798339844,42.31423681490841,41.82626255510653,41.9831113056124,10739100
2019-07-05,41.895973205566406,41.98310992005939,41.338286931032506,41.85240152426733,14339200
2019-07-08,41.66940689086914,41.78268726389531,41.01587164687928,41.49513016099475,16564300
2019-07-09,41.608421325683594,41.65198968843915,41.06816631459804,41.26858344251602,17853200
2019-07-10,42.00925064086914,42.35780415002673,41.73912482912199,41.75654951293252,16032300
2019-07-11,42.34908676147461,42.50593550181028,42.09638896786936,42.314234071218614,16615100
2019-07-12,43.49931716918945,43.5080328365015,42.53208751289938,42.69764862724385,20148700
2019-07-15,43.67359161376953,43.786872014392344,43.36860975523077,43.56902687999238,14345100
2019-07-16,42.84577560424805,43.569022981282615,42.6627865054993,43.4905986069542,17131400
2019-07-17,43.0374755859375,43.307604695058636,42.90677052595163,43.13332795769185,11928600
2019-07-18,43.51673889160156,43.560310573759445,42.60179007518115,42.94162792207565,15671600
2019-07-19,43.804290771484375,44.14412857751772,43.490593312360595,43.53416166522729,29141100
2019-07-22,44.74539566040039,44.893532101435994,43.4731806917578,43.57774544045424,21688000
2019-07-23,45.09394454956055,45.31178969231205,44.70182262779723,45.31178969231205,18413500
2019-07-24,46.11345291137695,46.15702459415173,45.137507714981076,45.29435646562271,20896400
2019-07-25,45.45119857788086,45.83460473231046,45.2072131454304,45.75618036844393,27765400
2019-07-26,44.95451736450195,46.61885388422915,44.90223334105696,45.91303452595852,36401500
2019-07-29,45.756187438964844,45.79975912210871,44.24869961085292,44.90223496937817,21897500
2019-07-30,45.05036926269531,45.581911861172536,44.928376533350225,45.05908160448315,16487700
2019-07-31,44.048282623291016,45.06779951395628,43.61259238305262,44.88480708677608,24169800
2019-08-01,43.13333511352539,45.21593399422897,43.10719476200198,44.02214362990255,34020800
2019-08-02,42.418800354003906,43.011339322884034,42.26195160788548,42.7760662037064,27881600
2019-08-05,40.92874526977539,41.79141014801229,40.58019172209094,41.617133374170066,38936600
2019-08-06,41.196311950683594,41.72267229870707,41.0296330143824,41.36299423348098,26119600
2019-08-07,40.99453353881836,41.12612443639495,40.32781457911927,40.61730986869403,29440400
2019-08-08,41.38051986694336,41.55597324547812,40.275169271215624,40.49448515776036,30643700
2019-08-09,40.33658981323242,41.231399306136595,40.16113638092841,41.17876227249663,24975500
2019-08-12,40.00322341918945,40.41553842945747,39.86286136091668,40.143585477462224,18494300
2019-08-13,41.09103012084961,41.275254686974854,39.79268030080768,39.90672551404986,28959500
2019-08-14,40.240081787109375,40.906804020212235,40.04708606404922,40.40676401863268,25650200
2019-08-15,40.090965270996094,40.51205158733367,39.86287475808622,40.44186886136246,21896000
2019-08-16,40.792762756347656,40.95067049280154,40.40676792640231,40.65240069577703,22701800
2019-08-19,41.43315887451172,41.75774546516946,41.26647999747018,41.63492909824464,21403600
2019-08-20,40.880489349365234,41.33666690025245,40.757672959990906,41.25771302901244,23113300
2019-08-21,41.36298751831055,41.485803908961586,41.134897067248055,41.32789616484006,15915000
2019-08-22,41.03840255737305,41.60862540854872,40.95944867561789,41.47703449012477,19783000
2019-08-23,39.441768646240234,40.90680052388413,39.30140661124096,40.66116445276423,32814000
2019-08-26,39.968135833740234,40.196222925890225,39.69618287889232,40.196222925890225,22080500
2019-08-27,40.16990661621094,40.45940190416839,39.91549933378175,40.240085973762994,16925500
2019-08-28,40.16990661621094,40.275177325786785,39.80145411295221,40.090952747405176,14888800
2019-08-29,41.11735534667969,41.42439969934567,40.70504361646512,40.75767730523941,17803800
2019-08-30,41.5910758972168,41.924437072409184,41.371759951049974,41.44194266014132,16922600
2019-09-03,41.21384811401367,41.42439287390764,40.792761940721164,41.33666449624539,15003800
2019-09-04,42.915740966796875,42.94206115486675,41.7051194034426,41.72266507999064,23450700
2019-09-05,43.95090866088867,44.8895805228986,43.74913841775989,43.80177544285687,30014200
2019-09-06,44.670265197753906,44.73167673442999,43.92459240470514,44.08250013559706,17067900
2019-09-09,45.25803756713867,45.644032417268285,44.75799749105199,44.793088844653504,20749700
2019-09-10,45.459808349609375,45.47735402661045,44.59131909027847,45.02995097581812,18532000
2019-09-11,46.31074905395508,46.31074905395508,45.07380743684647,45.2668031649269,18968900
2019-09-12,46.503753662109375,46.78448116350514,45.67912687540301,46.49498249636071,23308700
2019-09-13,46.09143829345703,46.49497881586978,45.81948532583333,46.28443404311343,18010800
2019-09-16,45.79316711425781,45.87212098336756,45.35453525175821,45.52998866605716,13354600
2019-09-17,45.5738525390625,45.740531447033504,45.047492280503754,45.661577575574476,19641100
2019-09-18,45.38963317871094,45.73176554558002,44.88081853819056,45.73176554558002,14906800
2019-09-19,45.2404899597168,45.60894246381775,45.17908176678256,45.354535180807034,11428400
2019-09-20,44.49482345581055,45.5124493859594,44.35446137394505,45.266813232822784,37067900
2019-09-23,44.65272521972656,44.9422205106053,44.205318843147296,44.59131702631302,18916600
2019-09-24,43.705284118652344,44.89836347314962,43.547376360175,44.82818075982816,28197400
2019-09-25,44.75798797607422,44.92466685050408,43.35436424886733,43.64386283479258,19486700
2019-09-26,44.670265197753906,44.87203879005665,44.16145400104302,44.72290222354967,11351800
2019-09-27,44.54745101928711,44.93344920121111,44.161456183858654,44.41586346803665,14845700
2019-09-30,45.20539855957031,45.26680675243929,44.68781282932072,44.90712875999435,13652100
2019-10-01,44.529903411865234,45.82825661739581,44.24040813447337,45.59139501962316,18413100
2019-10-02,43.32804870605469,44.18776663321924,42.96837076360325,44.13513295893053,20078700
2019-10-03,43.889503479003906,43.924594831473165,42.57360787986691,43.424554771520754,16320100
2019-10-04,44.670265197753906,44.71413105916473,43.88950105417463,44.17022516542796,12644900
2019-10-07,44.4070930480957,44.94222450670612,44.35445936134442,44.47727575909189,12081400
2019-10-08,43.62632751464844,44.284275351712004,43.52105679773708,44.00355120895121,17409100
2019-10-09,44.284271240234375,44.556224192376895,43.99477595898176,44.27550007567933,11834900
2019-10-10,44.836952209472656,45.424717334158466,44.21409573052317,44.22286689584122,13907900
2019-10-11,45.6966667175293,46.31075198288461,45.459805114613864,45.61771284989082,24072500
2019-10-14,45.3018913269043,45.57384424499119,45.126437939315814,45.52998173471783,15016800
2019-10-15,46.18793869018555,46.556387866159476,45.4685826686687,45.556307706806585,18878100
2019-10-16,46.01248550415039,46.10898505449597,45.72298685311365,45.92475711906545,14769300
2019-10-17,45.49489974975586,46.35461784470608,45.07381354079019,46.17916442101312,16533900
2019-10-18,45.05625915527344,45.45979960922373,44.766760560160144,45.39839142477456,16974100
2019-10-21,45.731754302978516,45.7668423050985,45.03871522705719,45.196622949330276,12189000
2019-10-22,45.62649154663086,45.89844454594581,45.52122082123308,45.52999533380557,13114300
2019-10-23,45.3720817565918,45.5826231803998,44.91590420968033,45.065037439336365,15887500
2019-10-24,45.81948471069336,45.99493812788553,45.117674388420234,45.69666832260751,23413000
2019-10-25,49.53030776977539,49.66189866356202,47.302057165425325,47.538918766344,59767700
2019-10-28,49.793487548828125,49.837353412266,49.179405618644346,49.46012974286994,32307500
2019-10-29,49.425045013427734,50.21458381016619,49.337319967788346,49.45136185782036,18155800
2019-10-30,49.65312194824219,49.67944213372834,48.793403960756194,49.40748919367341,15248000
2019-10-31,49.59171676635742,49.65312495872281,48.79340691911191,49.41626670045375,19249700
2019-11-01,49.57417297363281,49.696992709524615,48.79340877261802,49.074132904522315,17953500
2019-11-04,50.53915786743164,50.70583675109955,49.87243563976974,49.94261833594263,19068000
2019-11-05,50.48651885986328,51.18832906151701,50.18824910584857,50.41633951294541,20865400
2019-11-06,50.8084831237793,50.90551375403467,50.26158718450976,50.711455858436885,17721000
2019-11-07,51.20542526245117,51.646471136141386,51.03782904181756,51.161321348064746,16962800
2019-11-08,51.39949035644531,51.42595203406779,50.55268302339381,51.02901004516451,11888900
2019-11-11,51.47006607055664,51.602381214508114,51.07312736853,51.13487353839698,11228900
2019-11-12,51.33774948120117,51.86700327758851,51.187792107779494,51.51416853496814,11952500
2019-11-13,51.064292907714844,51.13486186569035,50.587962536119555,51.04665066822097,15332700
2019-11-14,50.99372482299805,51.19660551989479,50.78202132432891,50.81730580159259,12119000
2019-11-15,51.126041412353516,51.7787908439635,50.82613005700514,51.31127988817988,16112100
2019-11-18,51.3818473815918,51.584728091926955,50.78202468802995,50.896697564276145,16097500
2019-11-19,51.47006607055664,51.73469635845959,50.94081222457852,51.584738970987,17061900
2019-11-20,51.0731201171875,51.478881565821794,50.605609142539514,51.39067036074037,18542300
2019-11-21,51.35538101196289,51.42594659980379,50.6408855074389,50.71145446019268,16139000
2019-11-22,50.81731033325195,51.734686634437466,50.71146025693463,51.46123695862834,15690200
2019-11-25,51.875823974609375,51.90228565388022,51.16132835007569,51.16132835007569,15011700
2019-11-26,51.95520782470703,52.15808853280388,51.55826584585965,51.99931174126493,22338700
2019-11-27,51.61119842529297,51.681767396330365,51.08194460216749,51.62884066805231,18184200
2019-11-29,51.20542526245117,51.42594819929628,50.976082888693966,51.293636456137,9481100
2019-12-02,50.861419677734375,51.769973273294674,50.69382342527493,51.646480943596806,19154500
2019-12-03,49.45889663696289,50.15575010293107,49.17662747490988,50.15575010293107,25737400
2019-12-04,49.4147834777832,49.979321696400945,49.27364892312877,49.979321696400945,18881400
2019-12-05,49.46771240234375,49.7588009621425,49.18543991554109,49.7588009621425,17673700
2019-12-06,50.111637115478516,50.27041391103559,49.76761848182937,49.97932199754321,16476800
2019-12-09,49.864646911621094,50.24394664366588,49.83818523517106,49.873469713713156,14298600
2019-12-10,49.917579650878906,50.12928318275569,49.78526452284172,50.023429734360555,16157900
2019-12-11,50.34098815917969,50.42919600968932,49.90876498080314,50.199853579415986,20051100
2019-12-12,50.76438903808594,51.205434995610425,49.9352238493088,50.058716179029474,27883300
2019-12-13,50.9760856628418,51.46123547732057,50.614428161330736,50.76438215138776,22795200
2019-12-16,50.89670944213867,51.6641285455289,50.852605514801574,51.346574884839434,19131200
2019-12-17,50.543861389160156,51.249534183013694,50.39390739261585,51.161326345624495,21653100
2019-12-18,50.429195404052734,50.685002878337855,50.22631465838605,50.623256710739895,28261000
2019-12-19,51.126041412353516,51.15250645526677,50.252772389221626,50.42918806243915,18865100
2019-12-20,51.99931335449219,52.087521190344546,51.064294815856236,51.44359456686523,49953000
2019-12-23,52.24629211425781,52.73144188674082,52.078695899011066,52.09633813718118,23593000
2019-12-24,52.40507507324219,52.46682123166315,52.18455211747784,52.26394051614954,6313200
2019-12-26,52.766727447509766,52.79318912285232,52.35214325427406,52.40506996987211,11480300
2019-12-27,52.9960823059082,53.34891704255763,52.83730549669623,52.84612493502422,14085800
2019-12-30,52.590309143066406,52.96960886440058,52.378609007617975,52.91668551299496,12750500
2019-12-31,52.79319763183594,52.86376659734067,52.3609744953166,52.590316903380035,14432900
2020-01-02,53.66646957397461,53.78114245939691,53.11957355605152,53.13721579726368,18056000
2020-01-03,53.01371765136719,53.54297476845825,52.75791357793213,52.75791357793213,15293900
2020-01-06,52.86376953125,53.101934755676304,52.33451572024509,52.56385814103691,17755200
2020-01-07,51.98167419433594,52.74909317944465,51.946389711939034,52.7314509382462,21876100
2020-01-08,52.0169563293457,52.3256871241028,51.620014332577085,51.946387367736484,23133500
2020-01-09,52.30805206298828,52.493290565266555,51.89347113382936,52.087529075062605,18813300
2020-01-10,51.99049377441406,52.99608133599044,51.928747612507635,52.546212596485375,15200600
2020-01-13,52.56385803222656,52.731454286884656,52.11399263029501,52.19337767335911,16453300
2020-01-14,52.4227180480957,52.69616772844413,52.211014527033484,52.475644769589586,17051200
2020-01-15,51.99049377441406,52.61678156147184,51.82289752994139,52.30804738702624,18498800
2020-01-16,52.62560272216797,52.78437953367111,52.10516836555515,52.272764615513545,21365500
2020-01-17,52.57267379760742,52.925511889502815,52.255123552797684,52.9078696484167,21803400
2020-01-21,53.41066360473633,54.02812860462908,52.74027524465309,52.75791748635443,28358500
2020-01-22,55.33363342285156,55.43948352577679,53.781152908596475,53.842899082379034,29475100
2020-01-23,55.85405731201172,56.19807260522174,55.404191935870955,55.44829585668264,42778700
2020-01-24,60.39682388305664,61.12013885705264,58.62381756113223,58.72084819311684,84711000
2020-01-27,57.94461441040039,59.470629506126805,57.86522264626708,58.85316791765251,30764000
2020-01-28,59.37361145019531,59.611780063246194,58.165149695227235,58.65911907069868,30915400
2020-01-29,58.5091552734375,60.03517043777867,58.36801734411073,59.65587066499656,18055800
2020-01-30,58.632633209228516,58.65909488202732,57.274211257013064,57.90049552261057,18522400
2020-01-31,56.392127990722656,58.2004188389043,56.16278224265166,58.04164204867456,25268400
2020-02-03,56.82435989379883,57.37125930715375,56.718513170446265,56.85964437819211,16646600
2020-02-04,57.741729736328125,58.270983482424306,57.26539934589361,58.01517604701541,20970800
2020-02-05,59.40006637573242,59.6294121581769,58.33273596526417,58.82671201436207,23401400
2020-02-06,59.47097396850586,59.74577366251837,59.187314785921096,59.6571314360172,17408000
2020-02-07,58.522491455078125,59.657135016483934,58.51363196597415,59.26710108090791,18134600
2020-02-10,58.85047149658203,58.85933774810406,58.00836020213481,58.114728168525744,22299300
2020-02-11,59.754638671875,60.0205653458504,59.01002910621376,59.24050430070036,17975600
2020-02-12,59.79895782470703,60.35740994000648,59.66599110307333,59.923058294773575,15586600
2020-02-13,59.78124237060547,59.9673931077347,59.16073315053846,59.38234213706892,11602700
2020-02-14,59.63052749633789,60.15352808426452,59.231634130283446,59.85213642480542,13405500
2020-02-18,58.62887191772461,59.11641438481621,58.398396682102266,59.089822388969296,12758400
2020-02-19,59.488704681396484,59.56848065395633,58.66431915010389,58.85046984904504,13551200
2020-02-20,58.01723098754883,59.64827667380621,57.228303522680584,59.42666768338323,26452600
2020-02-21,57.03327178955078,57.83993155244551,56.767345127550186,57.77788132168191,20775900
2020-02-24,54.746273040771484,55.6415750845631,54.35624250952103,54.613309700826285,26903100
2020-02-25,52.94681167602539,55.20722236434595,52.7074735963466,54.95015854378814,34495700
2020-02-26,52.87590026855469,53.91302859903267,52.53905369578657,53.28365995157247,26190100
2020-02-27,49.48971176147461,51.8653565668769,49.46311638837468,51.35122556722879,42226900
2020-02-28,49.21492385864258,49.97725930907249,47.51296509325502,48.1334709283597,60721700
2020-03-02,51.572837829589844,51.60829607501277,48.32848276604894,49.45425669709383,43140300
2020-03-03,49.61381530761719,52.31744395752906,49.10854714668053,51.439870983463905,49740300
2020-03-04,52.01605987548828,52.042651870920835,49.78224095906726,50.535710135856895,29223100
2020-03-05,50.49138259887695,51.99832414240934,50.18113141998098,50.58002820819311,29099200
2020-03-06,49.4365234375,49.6492661292663,48.346207843116396,48.91352619647201,36259200
2020-03-09,45.075252532958984,46.72402342261246,44.321783564948355,46.02373843073018,56197000
2020-03-10,47.849815368652344,47.86754449461373,44.70296821243307,46.76836235540253,36569000
2020-03-11,45.79327392578125,47.45977419963433,45.21708929522246,46.44037166294854,38563500
2020-03-12,40.36827850341797,44.40155985386637,40.21758269130003,42.540046424885105,50661700
2020-03-13,48.24870300292969,48.75397116080473,42.318448455431636,42.77939211615481,48805100
2020-03-16,39.543907165527344,46.31627709324348,38.67520036458056,42.11456931980219,53878900
2020-03-17,44.39271545410156,45.766690545337184,40.06690692950573,40.56330891362523,52085200
2020-03-18,42.20320129394531,44.366103034752264,40.06689154022108,41.40540786662771,49309900
2020-03-19,40.72285842895508,43.639232950487155,40.03143960410563,42.40708775995426,44538000
2020-03-20,40.6253547668457,43.807656076283095,40.306237334432616,41.22812800625633,52344000
2020-03-23,43.949485778808594,44.756142170005134,40.69626484231256,40.793773315119395,46698500
2020-03-24,46.449249267578125,48.434864078709154,45.518488732032544,47.10521003534129,50019800
2020-03-25,45.43870544433594,47.681390703918034,44.24201826086947,46.52015838862861,41106100
2020-03-26,49.23265075683594,49.596089341014164,45.793278513879,45.864195009077,41459800
2020-03-27,46.422645568847656,48.434855399688914,46.156715484123,47.35340255612621,31633500
2020-03-30,49.188323974609375,49.72904697155534,46.83040488451694,46.97223447709828,31628600
2020-03-31,47.97391128540039,49.463123909025654,47.17612098226987,48.807163218550656,48074700
2020-04-01,45.98828887939453,48.479171238963794,45.58939210499322,46.5378781121896,29586600
2020-04-02,48.17778778076172,48.36394188183995,45.40324596543232,45.46529620529691,27810000
2020-04-03,47.982784271240234,48.86922032009345,46.741772450251666,47.734579878151415,23906100
2020-04-06,51.79444122314453,52.095829513870136,49.746773420142546,50.198857546972974,32323400
2020-04-07,51.76785659790039,54.506943594598084,51.599431617027555,53.132965279303875,41410000
2020-04-08,52.281986236572266,52.75179615687849,51.33350014379304,52.29085248873904,26719500
2020-04-09,50.65094757080078,52.93795385139579,49.69359854231971,52.61883638140721,40499700
2020-04-13,52.033782958984375,52.095833195446694,50.145673728316574,50.145673728316574,23251900
2020-04-14,53.77119445800781,53.98394053376695,52.75179195503075,53.22160521939928,25674000
2020-04-15,52.18448257446289,53.035463642445094,51.758993731214154,52.95568427299316,22841600
2020-04-16,53.88643264770508,54.03712510934584,52.13129018400507,52.8404381418408,24433500
2020-04-17,53.50526809692383,55.0742599469352,53.03545818157306,54.97675146303575,27385600
2020-04-20,52.45927810668945,53.22161354024317,52.20221087788931,52.547920346248624,26420300
2020-04-21,49.95952606201172,51.945140512720045,49.578358368249184,51.510788831027064,25248000
2020-04-22,53.27478790283203,53.629363559954285,51.24485257933356,51.6526122179853,23350400
2020-04-23,52.33517837524414,53.274798301498876,52.131298516123124,52.893630579212044,35092000
2020-04-24,52.53018569946289,52.654289555877064,49.72904861717386,49.81769422889827,50187000
2020-04-27,52.716346740722656,53.03546422201771,51.758994296837486,52.93795572701258,25902200
2020-04-28,52.078102111816406,53.38116379141253,51.64374709145632,53.177283967646495,28784700
2020-04-29,54.781742095947266,54.98562196262242,52.58338130309817,52.68975267234502,30451500
2020-04-30,53.16842269897461,54.55126386368171,52.964542856101644,54.40056800848072,26279900
2020-05-01,50.9434700012207,52.583374991073754,50.801640398754955,52.149023312921834,21194800
2020-05-04,51.40441131591797,51.475324418492015,49.915198965538075,50.633209768464184,18957200
2020-05-05,52.078102111816406,52.56564111486424,51.72352644697209,52.11356035459767,17252100
2020-05-06,52.75560760498047,53.442019260877046,52.54165974576385,52.63080610401489,17848700
2020-05-07,52.74668502807617,53.57572735849942,52.52382425969542,53.42418366828152,14733500
2020-05-08,53.19240188598633,53.290461159542154,52.63970818118142,53.19240188598633,20384500
2020-05-11,53.602481842041016,54.23540571294199,53.228073920838426,53.254819529872485,18684400
2020-05-12,52.05135726928711,54.05710405949274,51.935468724800245,53.6826996242686,16754900
2020-05-13,51.471920013427734,52.80016817128542,50.723107761809885,52.10484372356355,21065000
2020-05-14,52.666465759277344,52.72886651107762,50.00996203726869,51.09752382679226,21569400
2020-05-15,51.95330047607422,52.03353048754005,50.77659590829907,51.16883303128105,21373300
2020-05-18,53.41526412963867,53.73618416095346,52.91605821478034,53.25480751456653,20428700
2020-05-19,53.74510192871094,55.06443722551057,53.35286481305069,53.60247117772139,21865000
2020-05-20,56.25007247924805,56.597738232688314,54.395872130498724,54.520673651975855,30584000
2020-05-21,55.25163650512695,56.87406248642023,55.109005761735844,56.2500517088647,20987700
2020-05-22,55.501243591308594,55.55473139928507,54.75243128256505,55.251640621922554,14103000
2020-05-26,55.57256317138672,57.177160076506276,55.376444600559296,56.76709706530855,20933600
2020-05-27,56.66012191772461,56.68686412124284,54.44042720990553,55.554731030970544,19886300
2020-05-28,55.00204086303711,56.5620663139303,54.81483862507048,56.16091623215493,17253500
2020-05-29,56.09851837158203,56.74927147078427,54.93072660692317,55.18033300430275,33393900
2020-06-01,55.144676208496094,55.857830079486604,54.96638689060199,55.70628636965745,14317700
2020-06-02,55.37644577026367,55.4210172462335,54.226486727665424,55.00204129141439,20702400
2020-06-03,55.20707321166992,55.75085406406607,54.850494600089796,55.67062404648983,16737300
2020-06-04,56.13417434692383,56.57989590686298,54.68112110935823,55.0376997175438,22010100
2020-06-05,57.355438232421875,58.041853137637304,56.30353864155637,56.48182791818251,26813100
2020-06-08,56.7581787109375,57.18607437762805,56.10742567703274,57.02561435276546,21546200
2020-06-09,56.19656753540039,56.79383271311164,56.07176605949566,56.15199606551801,23594100
2020-06-10,56.93647766113281,57.3108855828364,55.9380622042333,55.97372074926907,21367800
2020-06-11,53.219146728515625,56.42834010486843,53.058686719639475,56.22330862699004,26998200
2020-06-12,52.88931655883789,54.3423662481257,51.81066790897703,53.58464103348078,30419800
2020-06-15,53.57572555541992,53.80750265106335,52.22073512178204,52.889317404423316,29651700
2020-06-16,53.84316635131836,54.957470262557685,53.03195323995956,54.81483949794248,23226600
2020-06-17,53.923397064208984,54.627634560747175,53.54007624175348,54.14625784933029,20454800
2020-06-18,53.557899475097656,53.941216853756416,52.88040086037472,53.79858610338085,24899700
2020-06-19,53.14783477783203,54.279967882599614,52.684283974263664,54.06602345054371,60336100
2020-06-22,53.56681442260742,53.97687742027667,52.44359764625567,53.24589437205393,22846000
2020-06-23,53.41526412963867,53.90556051113918,53.36177972480971,53.65595415312476,22809600
2020-06-24,52.67536926269531,53.31720933837972,52.30096141835097,53.16566225358298,27764500
2020-06-25,52.1583366394043,52.67537529302682,51.240151293140656,52.57731600350629,21906900
2020-06-26,51.25798416137695,52.35445889275871,50.87466331212326,52.14051442841326,38477500
2020-06-29,51.94439697265625,52.01571066213712,50.59831580262489,51.23124307491746,22150300
2020-06-30,53.33505630493164,53.46877076467835,52.185093587943186,52.33663732244007,31542100
2020-07-01,52.4257698059082,53.513328072827676,52.3811949305497,53.40635585325547,14748100
2020-07-02,52.711029052734375,53.317210605153065,52.568398299258526,52.764513459921936,15578600
2020-07-06,53.07652282714844,53.14783650662495,52.238564139346956,52.345539759440044,20536700
2020-07-07,51.98004150390625,53.103258164953154,51.82849442866411,52.65753667395936,15996500
2020-07-08,52.247474670410156,52.32770467627435,51.64129315956629,52.10484392671661,13277900
2020-07-09,52.078102111816406,52.37227995490795,51.43626541880966,51.881986950340796,20683700
2020-07-10,53.06760787963867,53.210238642907235,51.55215729512978,51.6591295174348,17742300
2020-07-13,52.220726013183594,54.03926692032406,52.05134968808331,53.34394255584637,19082900
2020-07-14,52.57731246948242,52.81800250924036,51.12425929638917,51.58781010622829,24190900
2020-07-15,52.62187957763672,52.89822813382106,52.07809879965942,52.62187957763672,19986300
2020-07-16,52.71995162963867,52.91607022675791,52.06028554937838,52.18508705642297,12425900
2020-07-17,53.48658752441406,53.89665054596068,52.84474738593369,52.969548879396946,16322800
2020-07-20,54.51174545288086,54.716776952272724,52.89823226125079,53.557901633690875,16868700
2020-07-21,54.110599517822266,55.207074176809265,53.87882239606751,54.84158262381359,19803700
2020-07-22,54.42259979248047,55.06443990344048,54.0392789929444,54.654376899476254,18959900
2020-07-23,53.84316635131836,55.03770028019034,53.4687584688374,54.60980458575906,43518600
2020-07-24,45.09811019897461,46.51550497820999,44.126437005654935,46.48876277124251,182269900
2020-07-27,44.18882751464844,45.58839269802046,44.09968457835896,45.49033342775102,107526500
2020-07-28,43.8946647644043,44.777191630089675,43.80551840384935,44.10860922856429,62362600
2020-07-29,42.85167694091797,44.12644106598212,42.70013322004342,44.11752812970144,60500800
2020-07-30,42.78035354614258,43.234988006239284,42.423774965238415,42.637722793897986,39735200
2020-07-31,42.548583984375,43.07453561404065,41.87108864136489,42.90516262843462,46536000
2020-08-03,43.056697845458984,43.35087567884635,42.55749192298632,43.02995564263661,31767100
2020-08-04,43.796607971191406,43.80552090746333,43.23499776964835,43.32414073471214,29045800
2020-08-05,43.60939407348633,44.322551261751414,43.37762036771002,44.322551261751414,29438600
2020-08-06,43.59144592285156,43.81582025987414,43.1696210736713,43.78889643500925,23795500
2020-08-07,43.10679626464844,43.66324708204788,42.81062392193771,43.55554493589793,36765200
2020-08-10,44.174827575683594,44.32740050569365,43.133730623705155,43.2593797245796,37442600
2020-08-11,43.25039291381836,44.632539553832615,43.13372073186631,44.54279119484175,35348100
2020-08-12,44.14788818359375,44.21071271675621,43.29526854105164,43.68118920604381,30659800
2020-08-13,43.58246994018555,44.273543269167625,43.429893619503034,44.21071530864154,24774500
2020-08-14,43.87864303588867,44.16584190183421,43.66324559826979,43.7350436029159,22321200
2020-08-17,43.91454315185547,44.25559308440028,43.73504300716449,44.0760929397093,20018300
2020-08-18,43.66324996948242,44.48894593581774,43.636322719323914,44.21072050871908,19251400
2020-08-19,43.37604904174805,43.95942027139949,43.30424760959855,43.78889700556551,27775000
2020-08-20,44.12994384765625,45.05436846283977,43.97737093878641,44.704345037850594,55081300
2020-08-21,44.22867202758789,44.25559927845262,43.663251114643174,43.9953242034064,34621500
2020-08-24,44.103023529052734,44.33637478005401,43.815824622959646,44.21072226291739,36295300
2020-08-25,44.36330032348633,44.76717487070114,44.165849784029945,44.29149888234541,38384300
2020-08-26,44.47099685668945,44.5786955893801,44.1837979537271,44.32739740520827,28616600
2020-08-27,44.336368560791016,44.81204104034278,44.129941166292156,44.68639196451254,24420600
2020-08-28,45.26079177856445,45.59286484049162,44.39021825071358,44.48894350731696,35384700
2020-08-31,45.72748947143555,46.221112316290885,45.16206519709113,45.77236365302593,46114100
2020-09-01,45.583900451660156,45.77237411161268,45.072327132542526,45.6915991968214,30472800
2020-09-02,46.89424133300781,47.28016550686772,45.853144437490194,45.96084317187311,53000700
2020-09-03,45.22488784790039,47.22630639166058,45.00051352563561,47.11860767560401,47394300
2020-09-04,44.94667053222656,45.97879046727903,44.41714693991936,45.350541615166634,43318400
2020-09-08,43.89659118652344,44.785114987161485,43.84274011798525,44.21071386046194,39752700
2020-09-09,44.53382110595703,44.84794725775943,44.01327438168707,44.45304620105709,33437300
2020-09-10,43.941463470458984,44.95563629694322,43.717089163411686,44.87486140945898,32649100
2020-09-11,44.22867202758789,44.91974545597907,43.93249965752366,44.21072166823839,29333600
2020-09-14,44.34534454345703,44.623569958352576,43.842744787940134,43.842744787940134,27212500
2020-09-15,44.8748664855957,45.41336351395061,44.63254179573182,44.68639286803955,27598300
2020-09-16,45.20693588256836,45.79928393532119,45.02743574640804,45.332584950776486,26531400
2020-09-17,45.16206741333008,45.31464374664146,44.246619684504104,44.30944422654974,26959900
2020-09-18,44.77613830566406,45.32361218880282,44.01326699473062,45.17103929608828,50123500
2020-09-21,44.62356948852539,44.65049331353865,43.8247973921123,44.32739371865679,27377100
2020-09-22,44.82999038696289,45.06333817629081,44.39919209796333,44.776139316957774,22290900
2020-09-23,43.815818786621094,45.00949186281213,43.67221935270223,44.7222929949744,30078800
2020-09-24,44.1209716796875,44.55177001725883,43.45682210279783,43.55554736376475,29343400
2020-09-25,44.821014404296875,45.12616362647677,43.75299383850753,43.94146745182085,26633400
2020-09-28,46.15829086303711,46.18521468905509,45.01846877130466,45.332591487117185,29652200
2020-09-29,45.94288635253906,46.436512615058135,45.72748891405852,46.05058849545989,19558200
2020-09-30,46.472412109375,47.010912578472805,45.90699123879128,45.98776613797191,27711300
2020-10-01,46.88526153564453,47.316059838700795,46.66088720548936,47.028860969996614,22127600
2020-10-02,45.781333923339844,46.651907364866716,45.76338699090126,46.22110908905311,25811800
2020-10-05,46.39163589477539,46.499338039749524,46.014688658407785,46.04161248281101,20883200
2020-10-06,46.104434967041016,47.29810800969016,45.97878589385278,46.409584183504066,25642800
2020-10-07,47.27117919921875,47.4776065825491,46.48138407282233,46.53523171744733,21978700
2020-10-08,47.89942932128906,48.08790635384238,47.27118053469905,47.48658139032551,22369500
2020-10-09,47.40580749511719,48.33022862600822,47.27118152955729,48.06098011856894,24343900
2020-10-12,48.357147216796875,48.64434602981067,47.7558223482693,48.060971515056444,27303500
2020-10-13,48.31229019165039,48.72513820392959,48.12381312197412,48.70718784378513,20005800
2020-10-14,48.060977935791016,48.82385266651554,48.025077223448136,48.47382585669302,21874200
2020-10-15,48.330223083496094,48.44689867868894,47.22630193301643,47.34297752820928,18272900
2020-10-16,48.60845947265625,49.093108894583125,48.3751116530327,48.3751116530327,23414400
2020-10-19,48.985416412353516,50.46628526999571,48.3212667394066,48.88669113710777,43537200
2020-10-20,47.953285217285156,49.09310729906277,47.80968577364204,49.00335550698532,27224900
2020-10-21,48.0161018371582,48.5276749847064,47.405803446455046,47.69300228635297,21866000
2020-10-22,48.3751106262207,48.66230951674478,47.63018615014331,47.67506033484754,41522700
2020-10-23,43.259376525878906,43.681197987098194,42.774727095186826,43.39399908528384,97322500
2020-10-26,41.93107604980469,42.95422245081328,41.50925121217882,42.94524556031709,54161300
2020-10-27,40.96177673339844,41.652850073830685,40.71047858185236,41.2669259561389,50130500
2020-10-28,39.714256286621094,40.64765431820468,39.66938210549662,40.28865402184774,45066000
2020-10-29,39.58860778808594,39.911707374789074,39.41808110417006,39.70528339965776,36796800
2020-10-30,39.74118423461914,40.207883298841665,39.139862613053005,39.57963442686208,46781300
2020-11-02,39.90272903442383,40.441229467257045,39.70528195703075,40.351477683277935,33856700
2020-11-03,40.25275421142578,40.800228135008396,40.11813166502915,40.14505548957236,34349500
2020-11-04,41.01563262939453,41.41950715166018,40.18993322568688,40.486109016575334,34748200
2020-11-05,41.29588317871094,41.92870168874236,41.16027798063869,41.7207762473261,31103200
2020-11-06,41.03371047973633,41.40436073886106,40.59073998517859,41.16931566297494,36233700
2020-11-09,41.223548889160156,42.80559303323994,41.16930958274168,42.16373595101595,48481700
2020-11-10,41.078914642333984,42.019101925081515,40.907151050683005,41.04275624575398,39224500
2020-11-11,41.901573181152344,42.001016520448054,41.45860269521348,41.49476453651791,31496900
2020-11-12,40.63593673706055,41.75692614509129,40.274325248196135,41.70268683576955,42881300
2020-11-13,41.09699249267578,41.20547802005598,40.65402199258086,40.67210291381089,30884700
2020-11-16,41.756919860839844,42.263175179344046,41.395311874978745,41.621318159360264,36306300
2020-11-17,41.16027069091797,41.69364575437707,41.05178862082303,41.35915735991104,31118000
2020-11-18,40.735389709472656,41.30492328363473,40.71730878589208,41.17836026715427,32817900
2020-11-19,41.24163055419922,41.286831126560514,40.409928987287,40.60881219539323,29469100
2020-11-20,41.03371047973633,41.476684422877135,40.97947116530734,41.27779774041599,24199300
2020-11-23,41.639408111572266,41.77500984247703,41.08795210624384,41.1150717627082,35489600
2020-11-24,42.498226165771484,42.76039432013018,41.594200901292695,41.847330320382994,33901200
2020-11-25,42.534385681152344,42.65190992471959,42.10045399173002,42.516304763020266,28126900
2020-11-27,42.89600372314453,43.48361813390467,42.814641303367516,42.814641303367516,15921400
2020-11-30,43.70962142944336,43.84522660249244,42.73327590867154,42.86887763313781,46332700
2020-12-01,44.80349349975586,45.40918877367422,44.03506995321466,44.07123179157529,57768000
2020-12-02,45.11086654663086,45.25551046533587,44.45996718816681,44.49612902998882,33753500
2020-12-03,46.096248626708984,46.204730690192335,45.00237546249746,45.12893844465847,50261200
2020-12-04,47.000274658203125,47.596931190253,46.10528813583697,46.159530892780666,39767700
2020-12-07,45.3820686340332,46.36745630303837,44.803493020779285,46.1052881506006,51040300
2020-12-08,45.82503890991211,45.8521620125838,45.029499168917795,45.04758008783803,28956500
2020-12-09,45.26454544067383,45.96064531928809,44.95717670789068,45.454389921591506,34068400
2020-12-10,45.43630599975586,45.852160221511866,44.83061075820961,44.8938922476672,33706000
2020-12-11,44.957183837890625,45.32783412309641,44.4057277785052,45.32783412309641,29398800
2020-12-14,45.626155853271484,46.412656861757114,44.96621782907289,45.03853805641576,33436400
2020-12-15,45.80696105957031,46.1143298046394,45.39111024229535,46.087210148733654,25465600
2020-12-16,46.21377182006836,46.521140556351426,45.81600193429495,45.84312158942549,28351000
2020-12-17,45.78888702392578,46.3945823751569,45.40015583338697,46.24089971538178,26399000
2020-12-18,42.9050407409668,45.81600336686853,42.588633259274395,45.716560030170086,119298400
2020-12-21,41.91061782836914,41.99198025179335,40.89811035243259,41.87445598493989,53775700
2020-12-22,41.73884963989258,41.89253574591702,41.37724156136895,41.811173324747166,32171200
2020-12-23,42.100460052490234,42.51631088364614,41.64844737986433,41.738848534956304,22564200
2020-12-24,42.55247116088867,42.57055208095902,41.89253309694411,42.127578160692806,11865600
2020-12-28,42.55247116088867,43.06776531285337,42.362626673024394,42.66095323272785,21269200
2020-12-29,44.64980697631836,45.80695820393119,42.02813579518521,42.688073820219564,84531400
2020-12-30,44.07123565673828,44.469005567842544,43.89947208233524,44.39668533336132,37385400
2020-12-31,45.03854751586914,45.37303596582078,44.04412090311199,44.07124056298868,28576800
2021-01-04,44.90293502807617,46.45785964874451,44.658851231652974,45.10182169776617,46102500
2021-01-05,45.75273132324219,45.95161803772993,44.595579781314136,44.70406187622399,24866600
2021-01-06,46.19569396972656,47.14492334535654,45.382073224507614,45.59903737713279,36809600
2021-01-07,47.18107223510742,47.63308481871153,46.37649038806528,46.54825737692753,32092300
2021-01-08,46.69290542602539,47.48844516107108,46.34937486627501,47.41612493451358,34625400
2021-01-11,46.59346008300781,47.22627841880005,46.33129194483092,46.367453780837906,32925000
2021-01-12,48.130306243896484,48.681758754359336,46.611543534866485,46.91891226046976,39883900
2021-01-13,51.4842414855957,54.467524283612256,51.43904091034662,53.789505309127456,124070700
2021-01-14,53.56349563598633,54.3680775503064,52.28882018157958,52.840276131461685,74680900
2021-01-15,52.05378341674805,53.92511569115935,51.981459730498734,53.20189262299892,50265400
2021-01-19,52.4244270324707,52.74083449818821,51.61984164370684,52.37922301001158,35647100
2021-01-20,53.039161682128906,53.53637834649362,52.51482881141172,52.65043398325351,28701300
2021-01-21,56.46541976928711,57.81241899222635,52.63235440412696,53.37365487895273,86519500
2021-01-22,51.22207260131836,53.89798662202091,51.2130338658287,53.2018867375021,85729300
2021-01-25,50.11915969848633,51.077427725625,48.87160730958337,50.968945658890554,61968500
2021-01-26,49.91123580932617,50.806222370546415,49.58578615070063,49.97451730421638,31485900
2021-01-27,48.446720123291016,49.58579058168488,48.184551936128344,49.3688264222685,49722900
2021-01-28,50.68870162963867,51.89105701305465,49.450187852766994,49.531550273062685,49202600
2021-01-29,50.18244171142578,51.67408480095659,50.046839988748374,50.6073346960304,37256200
2021-02-01,51.24919128417969,51.88200966251801,50.36324693393912,50.580214515985844,26926600
2021-02-02,52.433475494384766,52.686601513914425,51.42096796768275,51.70121364685248,23580900
2021-02-03,52.14418411254883,52.73180198806097,51.872977188690584,52.334028614391286,21893200
2021-02-04,53.470252990722656,53.55210927330705,52.015030574724065,52.39702771662312,29853800
2021-02-05,52.915443420410156,53.73400614937411,52.860871415307486,53.66124347590387,23432600
2021-02-08,53.806766510009766,53.86133851628557,52.706257071479165,53.09734777600084,34358300
2021-02-09,53.461158752441406,53.94320287297831,52.69716789769179,53.45206515145731,28754100
2021-02-10,53.533912658691406,54.04323749865014,52.86087180222632,53.93409695716117,16325100
2021-02-11,55.17103958129883,55.47118043406535,53.5339174348435,53.75219853729591,27539100
2021-02-12,56.21697998046875,56.8536360806371,54.96185151103657,55.116467001215874,26214200
2021-02-16,56.817256927490234,57.181059909441885,56.116931763601094,56.3897848674437,26326300
2021-02-17,56.253353118896484,56.5625875427584,55.67126560798352,55.92593149614437,21055400
2021-02-18,56.03507995605469,56.37159869532466,55.15285149604656,55.161948566292516,17846100
2021-02-19,57.30839157104492,57.53576973759639,56.25335701702674,56.30792902602466,28290100
2021-02-22,55.21650695800781,57.02643848794606,55.17103202368592,56.28063846261866,32288200
2021-02-23,55.58941650390625,55.93503230915076,53.81586600507882,55.007328917925406,27374600
2021-02-24,57.47209930419922,57.55395557606719,54.91637114718362,55.052795953953435,24669900
2021-02-25,54.9345703125,57.790439731277125,54.68900145891197,56.76268937430107,36394000
2021-02-26,55.28017807006836,56.10783444747868,54.279715537204176,55.38022501725787,38216800
2021-03-01,57.190155029296875,57.372058248829184,56.071454913018904,56.13512051942791,28495400
2021-03-02,55.69855880737305,57.42663084116816,55.58032118590048,57.11739638698148,23320000
2021-03-03,54.47980880737305,55.95321832037783,54.29790558452317,55.15284622154759,28740400
2021-03-04,53.051876068115234,54.789045140876674,52.669878939963155,54.416145082415284,40210400
2021-03-05,55.243804931640625,55.643989285154035,53.21558848378008,53.897723033562606,39511700
2021-03-08,54.4343376159668,56.11693831349888,54.31610345452798,54.9982380285101,33112400
2021-03-09,56.99915313720703,57.45390943848815,55.334746878666095,55.64398130231786,36387500
2021-03-10,56.61715316772461,58.317944042058755,56.50801263910641,57.49938140363511,27160300
2021-03-11,57.58125305175781,58.29066841207172,56.74449952341891,57.2447308385428,30701800
2021-03-12,57.208343505859375,57.572146461466964,56.6080653330674,56.98096535753643,20173000
2021-03-15,58.01781463623047,58.09967091613539,56.82635177750671,57.854102076420624,21247400
2021-03-16,58.91823196411133,59.78227319793204,58.28157584574345,58.34524145758024,30186600
2021-03-17,59.82773971557617,60.29159309999411,57.945048848268904,58.40890223268684,32394700
2021-03-18,57.96324157714844,59.75497916338515,57.89048236828096,59.69131355455781,30094200
2021-03-19,57.99052810668945,59.10922830905727,57.226537301472945,57.46301254591755,54951700
2021-03-22,59.691314697265625,60.37344920734467,58.7181364071141,58.9546116468702,34380100
2021-03-23,57.735862731933594,60.07331343950007,57.45391256079138,60.02783503128827,35160000
2021-03-24,56.42616271972656,61.33753216346483,56.380687783482095,60.555350769805045,74584700
2021-03-25,56.40797424316406,56.789967885879,55.462080266657495,56.080549138256764,35401400
2021-03-26,59.000083923339844,59.091033794089796,56.18059282639418,56.20787709371613,34705800
2021-03-29,58.66356658935547,59.2365570672934,57.85410087681087,58.217907328737084,26161600
2021-03-30,57.99961853027344,58.208806010531966,57.43572169351067,57.99961853027344,20709500
2021-03-31,58.20880889892578,58.65446814912957,57.82681525589396,58.21790596824485,33013200
2021-04-01,58.709041595458984,59.01827255130448,57.826813255853125,58.86365707338173,31416300
2021-04-05,60.51898193359375,60.70088171614423,58.845474790195354,59.0728529878994,27947500
2021-04-06,59.62764358520508,60.5553503191678,59.38207823740932,60.0823998832961,28771400
2021-04-07,60.25521469116211,60.54625846946761,59.4457489659052,59.727695674536186,17793300
2021-04-08,60.98282241821289,61.201103498613584,60.355256505651646,60.91005974506918,22224200
2021-04-09,62.08332824707031,62.2106594482119,60.60081835816037,60.755440764429466,27177100
2021-04-12,59.4912223815918,62.292515910506864,58.85455939940576,62.0287564243337,51266900
2021-04-13,59.31841278076172,59.691309337827924,58.399803113404765,59.67312213903244,26822000
2021-04-14,58.38162612915039,59.46394159212165,58.06329458229008,59.40027597665276,25768400
2021-04-15,59.13651657104492,59.31842328636863,57.91777280401861,58.18153233696423,24927700
2021-04-16,58.89094161987305,59.59126327785486,58.72722907217164,59.41846060013654,24625500
2021-04-19,57.87229537963867,58.88185158504863,57.362967007108736,58.845470243543126,23997700
2021-04-20,57.02643585205078,57.99051690536724,56.762676387854235,57.881376374136394,19872100
2021-04-21,57.93596267700195,58.00872189261274,56.662643443413245,57.10830621602403,24364200
2021-04-22,56.908206939697266,58.12695404461384,56.644447435237865,57.617625705262796,38257600
2021-04-23,53.87953186035156,54.57075995992379,52.660784749132645,53.80676918170424,77479500
2021-04-26,53.44296646118164,54.13419807856082,53.17011333622279,53.752200928005855,39645900
2021-04-27,52.72444534301758,53.32472350669738,52.54254213321745,53.26105790369461,38167700
2021-04-28,52.4061164855957,52.897254135822116,51.97864791107893,52.31516661089392,30387400
2021-04-29,53.00639343261719,53.02458410103275,52.2696904441207,52.642590472851644,23290600
2021-04-30,52.32426071166992,53.14282346988669,51.905885732810404,52.39702338774046,30731800
2021-05-03,52.078697204589844,52.64259759319878,51.69670352474093,52.62440692232278,22281700
2021-05-04,51.751277923583984,51.82403714092716,50.759908866982656,51.73308725186922,35323600
2021-05-05,51.70579528808594,52.115076694463134,51.351085892397556,51.80584223959098,21001900
2021-05-06,52.335384368896484,52.39029248236478,51.47517820319683,51.81376950904147,25529300
2021-05-07,52.7746467590332,53.08578580048553,52.38115077129017,52.802102565347894,19959000
2021-05-10,51.218955993652344,52.37199864462898,51.13659555494798,52.29879130516095,35046500
2021-05-11,50.36790084838867,50.90781852084092,49.69071461022235,50.377050457023444,35968100
2021-05-12,49.06843185424805,50.01100203514834,48.88540828090633,49.77307034253882,30232300
2021-05-13,49.425331115722656,49.773075592663986,48.92201885410619,49.45278692369479,29192500
2021-05-14,50.651580810546875,51.10913801205456,49.65410597162475,49.96524500828535,28158300
2021-05-17,50.63328170776367,51.14574354043296,50.111663285264065,50.59667629374889,20010200
2021-05-18,50.184871673583984,51.37451964415501,50.14826626134875,51.20064917236403,18703400
2021-05-19,50.660736083984375,50.724793815674246,49.26976171279006,49.48023761561172,23769700
2021-05-20,51.200653076171875,51.46603709878521,50.66073542263092,50.85290861519181,23145200
2021-05-21,51.31962585449219,51.896145509968804,51.22811230457805,51.63076145154529,17723100
2021-05-24,52.12491226196289,52.51841170964836,51.612450462844464,51.8412290491321,19164400
2021-05-25,52.042564392089844,52.673995676809824,51.630762139203995,52.673995676809824,22309900
2021-05-26,52.08830642700195,52.37199312841129,51.78632051081641,52.20727226835221,15173600
2021-05-27,52.829559326171875,52.96682789664256,52.16152616437638,52.26218931727025,32387600
2021-05-28,52.271331787109375,52.756344776548204,52.1066109213957,52.6648312451049,20303900
2021-06-01,52.060855865478516,52.91191250745516,51.786322253105084,52.71973932788218,20326400
2021-06-02,52.600772857666016,52.792946034956096,51.94188940308946,52.07915795308765,18483600
2021-06-03,51.46603775024414,52.25303323796262,51.32876918760052,52.14322048237846,21831300
2021-06-04,52.5001220703125,52.847866585465546,51.740578790058684,51.74972839979834,21493800
2021-06-07,52.24387741088867,52.56416603108675,51.960190710938846,52.53671371817953,17364400
2021-06-08,52.161521911621094,52.74719458156094,51.79547474746646,52.57332409857395,33254500
2021-06-09,52.161521911621094,52.60077641407598,52.13406959611906,52.49096366118337,13904800
2021-06-10,52.50926208496094,53.104084314583154,52.09745993160144,52.29878620455146,26738100
2021-06-11,52.939369201660156,53.021729641275165,52.115768296394656,52.59162822629419,18119700
2021-06-14,53.25050735473633,53.25966045391958,52.371998340907496,53.094939577466114,21784500
2021-06-15,53.06748962402344,53.46098563430737,52.89361564064659,53.26881243351843,20806500
2021-06-16,52.36284637451172,53.41522582570014,51.951044201923054,53.21390303423351,21879700
2021-06-17,52.32624053955078,52.98512401038336,51.88698605595717,52.207274692676165,21498800
2021-06-18,50.944419860839844,51.932745144500764,50.42280490253589,51.86868741213955,55118300
2021-06-21,51.12744140625,51.283012672113614,50.669884198592065,51.01762865385974,19254600
2021-06-22,51.12744140625,51.50263817689412,50.788850050030774,51.19149913605135,18682800
2021-06-23,50.56922149658203,51.21895539021026,50.54176918096552,51.12744185334773,20287900
2021-06-24,51.310462951660156,51.33791526594739,50.642429873891054,50.77969842709585,21209700
2021-06-25,51.1640510559082,51.6216083014416,51.01763287697291,51.26471420846711,21101200
2021-06-28,52.600772857666016,52.82955144707351,51.557543048509295,51.57584575456801,22480900
2021-06-29,51.932743072509766,52.921068316738896,51.136594508581496,52.66483390663257,26360000
2021-06-30,51.37452697753906,51.594155991416834,50.688191109137556,51.55755057395641,29891600
2021-07-01,51.255558013916016,51.83208108592609,51.12744255144368,51.36537425965049,24871600
2021-07-02,51.941898345947266,52.152377756418616,51.53924921598413,51.74972513557064,17219400
2021-07-06,51.328773498535156,52.17067718019671,50.971879394748846,52.088316733870265,26186600
2021-07-07,51.20980453491211,51.65821215797489,50.98102591905827,51.58500132527703,14857400
2021-07-08,50.68818283081055,50.990172239211375,50.13911562211617,50.61497549873058,19162000
2021-07-09,51.237266540527344,51.34707931197298,50.614988350860294,50.79800847297467,18708000
2021-07-12,51.91444396972656,51.9418962870108,51.34707397024933,51.484339047555196,15392800
2021-07-13,52.042564392089844,52.4360639347491,51.55755478918264,51.813785750584934,15716000
2021-07-14,51.72227478027344,52.5824812004778,51.548404272507604,52.31709714318918,16263600
2021-07-15,51.07253646850586,51.612454109932216,50.85290747416106,51.612454109932216,18917000
2021-07-16,50.30384063720703,52.097464057343515,50.23978290726534,51.292162392653566,25263800
2021-07-19,50.001853942871094,50.15742521759744,49.38872892530491,49.791378034263985,27007700
2021-07-20,50.55092239379883,50.84375873064862,49.663260284100375,50.258082566064544,19867000
2021-07-21,51.456886291503906,51.502641316882375,50.34044551966889,50.496016795017304,18497200
2021-07-22,51.20980453491211,51.74057259931766,50.95357360223889,51.30131807578444,36691000
2021-07-23,48.501068115234375,50.0659130600079,47.87878998090021,49.946950689388686,67742300
2021-07-26,49.69986343383789,49.91033932317588,48.28143334644187,48.327191858332846,32881200
2021-07-27,48.66578674316406,48.68408945107506,47.86963814890082,48.61087861943106,39878000
2021-07-28,48.565128326416016,49.3429742885477,48.4461624588469,48.528522907027835,28478800
2021-07-29,49.14165115356445,49.50769487248146,48.793906653341125,48.94032483908491,16886600
2021-07-30,49.15995407104492,49.32467496706391,48.72984912134146,49.09589633269142,16465700
2021-08-02,49.12334060668945,49.846281810721166,48.99522515096421,49.40702732356989,18098100
2021-08-03,49.4710807800293,49.56259081453641,48.73898654043621,49.31550953230634,16375900
2021-08-04,49.324668884277344,49.818828020509,49.141645301173085,49.64495753654643,17612700
2021-08-05,49.635986328125,49.75572526508348,49.350459611584206,49.72809455408135,15310000
2021-08-06,49.66360855102539,49.857034035690226,49.4886082219723,49.608347138465966,19256000
2021-08-09,49.783355712890625,50.114938297441356,49.58072464399704,49.81098993731621,14670100
2021-08-10,49.68203353881836,50.096511728771105,49.28597699214898,49.95835467449965,16215700
2021-08-11,49.866249084472656,50.06888365769298,49.589931447807274,49.97677543642494,18590800
2021-08-12,49.3136100769043,49.903088594104446,49.0557105904524,49.89387601589057,15070100
2021-08-13,49.26755905151367,49.33203304646829,48.87150250332431,49.276768116406096,15281100
2021-08-16,49.2491455078125,49.267567154196236,48.816245601719075,49.02808926477741,17690300
2021-08-17,48.53071212768555,48.982033650167054,48.09781576393299,48.97282107080258,22014900
2021-08-18,48.0701789855957,48.843870473339166,47.996495922442186,48.447813907377075,15061700
2021-08-19,48.300445556640625,48.51228920001898,47.508335917144386,47.94123226945256,22999400
2021-08-20,47.904396057128906,48.24519126356045,47.3609697565048,48.04255665579791,25728300
2021-08-23,49.0280876159668,49.313617854957734,48.337291710871995,48.43860900579038,23976300
2021-08-24,49.56229782104492,49.70966745283045,49.101767282519,49.33203255178196,20348800
2021-08-25,49.56229782104492,49.9491417868935,49.48861124836757,49.81098473347722,15048400
2021-08-26,48.93598556518555,49.5070425606907,48.788615904617444,49.5070425606907,19570000
2021-08-27,49.635986328125,49.68203868431839,48.74255586098097,49.147825028049795,16525000
2021-08-30,49.68203353881836,50.5386206268643,49.51624226283727,49.97677280421382,14581300
2021-08-31,49.79256057739258,50.19782616595767,49.42413475973777,50.14256123923875,22350100
2021-09-01,49.433353424072266,49.88467496266799,49.304405416921966,49.83862260490997,18615000
2021-09-02,49.48861312866211,49.63598276604687,49.1386089222848,49.55308712541986,15869500
2021-09-03,49.28598403930664,49.81099216402788,49.11098367344603,49.221510035380646,13456200
2021-09-07,49.41493225097656,49.69124989409053,49.221506738584274,49.341245672242465,13915000
2021-09-08,49.341243743896484,49.66361372933573,48.80703012323012,49.48861338203576,18235100
2021-09-09,49.18466567993164,49.63598366541345,49.12940074732251,49.424140027432486,13495800
2021-09-10,49.58993148803711,50.63994061635902,49.56230077841897,49.5991405533867,20324700
2021-09-13,50.64915084838867,51.10968139305514,50.11493373006234,50.299146650642776,22639200
2021-09-14,50.21625518798828,51.06362977412809,49.98598989650644,50.99915577359874,22072700
2021-09-15,50.768890380859375,50.796524605009346,50.12414686328225,50.354412154304825,18796200
2021-09-16,50.50178909301758,50.61231545718048,49.9583628249928,50.52941980566586,19863100
2021-09-17,49.976776123046875,50.280727987053304,49.43334990759219,50.280727987053304,35359200
2021-09-20,48.79781723022461,49.276769429485306,48.189917037618585,49.009660864087536,35051900
2021-09-21,48.696502685546875,49.23071984639768,48.65966290935366,49.00045455573499,17968900
2021-09-22,49.27677536010742,49.617567028331074,48.816244749265294,49.184670643366886,18594100
2021-09-23,49.76492691040039,50.01361381304627,49.36887038176834,49.507030943316835,16474300
2021-09-24,49.93994140625,50.12415084283758,49.488619854042945,49.53467221318984,12976200
2021-09-27,50.34520721435547,50.53862923140843,49.57151563257385,49.68204199752271,13899900
2021-09-28,49.7372932434082,50.28071936568449,49.70044996071213,49.90308450197174,24691300
2021-09-29,49.26755905151367,49.783351011150636,48.982028849879484,49.73729865955008,20514300
2021-09-30,49.07414245605469,49.71888603613874,49.05572080935859,49.516251436051505,20534100
2021-10-01,49.60835647583008,49.83862177435245,48.862295643732544,49.414934468328,19895100
2021-10-04,49.2491455078125,50.04125873446439,48.88993218725403,49.672832833929164,27353300
2021-10-05,49.691246032714844,50.05045929220643,49.25834620021514,49.32282019481265,18129400
2021-10-06,49.71887969970703,49.801775342489904,48.880714206488875,49.25834913170652,20059600
2021-10-07,49.903099060058594,50.64915994124068,49.8478341198922,50.03204707354368,20704400
2021-10-08,49.56229782104492,50.27151527200315,49.460980540398154,50.24388105046455,16068000
2021-10-11,49.22150802612305,50.11493849201241,49.20308638095764,49.56230319132862,14398800
2021-10-12,48.051753997802734,49.47940145712821,47.904384368180835,49.34124089217119,32784300
2021-10-13,48.134647369384766,48.42939012833039,47.775434133680015,48.245177221577734,18534000
2021-10-14,49.64519119262695,49.73729589070064,48.567547954605885,48.72413015761398,26586700
2021-10-15,50.160987854003906,50.188622076887285,49.562300232927385,49.92151350828717,25231100
2021-10-18,50.170196533203125,50.25309216827127,49.479400745491624,49.9122970498972,22407600
2021-10-19,50.85178756713867,50.861000146657666,50.078096025314736,50.31757390283408,18392900
2021-10-20,50.99915313720703,51.10968300117454,50.732048083208866,50.88862678680885,16850300
2021-10-21,51.57942199707031,51.64389599348111,50.50178218828764,50.59388689356898,38390900
2021-10-22,45.55569076538086,46.559647716546685,45.260951432338594,46.412278050025556,109971900
2021-10-25,45.5096321105957,46.11753234013492,45.41752739934442,45.89647962770403,43178800
2021-10-26,44.46884536743164,45.53727650133907,44.14647526763781,45.50043671391304,68405400
2021-10-27,44.109615325927734,44.96620242630607,44.09119368237915,44.68988480021579,41081500
2021-10-28,44.28462219238281,44.5425181924508,44.100409257947334,44.33988361321482,31317200
2021-10-29,45.13199234008789,45.38988831483198,44.13724469995644,44.30303597331168,42301000
2021-11-01,45.63858413696289,45.684636496650214,45.132001153262685,45.50042705790092,28013700
2021-11-02,45.924110412597656,45.96095370258553,45.34384089278197,45.693845120527726,27193300
2021-11-03,46.41226577758789,46.467530705508786,45.78594398209403,45.988578537568245,23962100
2021-11-04,46.66083526611328,46.69793123276029,46.12290306269151,46.595912901976654,24806000
2021-11-05,47.22658920288086,47.838720446865196,46.87415450471274,46.8834276123472,36816200
2021-11-08,47.810890197753906,48.21897766088027,47.35643366218569,47.7274180837511,31647800
2021-11-09,47.48628234863281,48.01493793542432,47.08747149712291,47.80162107917544,22508400
2021-11-10,47.07819366455078,47.66249849659056,47.031821051405565,47.282237407994046,25040700
2021-11-11,46.86488342285156,47.36571620665901,46.75358842800683,47.31006694023459,25420000
2021-11-12,46.66083526611328,47.208040576695936,46.540263645000906,46.92979782982067,23884800
2021-11-15,46.670108795166016,46.95762465180126,46.48461480824017,46.753580912382475,24695800
2021-11-16,46.9390754699707,47.43990817935832,46.68865911527689,46.71648197535279,30927800
2021-11-17,46.58663558959961,47.24513586669924,46.35476899586001,46.92979715769325,23546900
2021-11-18,46.0765266418457,46.59590905000614,45.418026409751654,46.59590905000614,30658200
2021-11-19,45.928138732910156,46.122905837035496,45.66844926074303,46.002334208670604,27607600
2021-11-22,46.21565246582031,47.16166508151487,45.82611473759002,45.9559594676656,33389600
2021-11-23,45.538597106933594,46.7906788225031,45.111963428148464,46.52171272752853,44713300
2021-11-24,46.15072250366211,46.16927225461333,45.10268810994258,45.31600493887673,26035800
2021-11-26,45.2418098449707,45.6127978200502,44.62968216269201,45.35310836029668,25269000
2021-11-29,46.37331771850586,46.49388933521492,45.186161917073186,45.7240905628461,31478900
2021-11-30,45.631343841552734,46.744304137786365,45.149060928584724,45.90958303111033,49460800
2021-12-01,45.07486343383789,46.66083358963109,45.00066796520616,46.224923270658316,35093500
2021-12-02,45.909584045410156,46.17855013439296,44.82445012076024,45.08413956501766,37240800
2021-12-03,45.67771911621094,46.42896815606743,45.22325903427229,46.076529941788685,32224900
2021-12-06,47.291507720947266,47.49554789906532,45.61279246104828,45.89103164066608,40336000
2021-12-07,48.75691223144531,51.01065604521037,48.42302373488696,50.695317302683456,91731500
2021-12-08,47.99638748168945,49.04442553231712,47.6532258951667,48.75690966695806,37143400
2021-12-09,46.81850814819336,47.84799652163842,46.77213553113808,47.57903038951236,31694200
2021-12-10,46.920528411865234,47.36571188866405,46.41969567371515,47.15239502715652,23783600
2021-12-13,46.37331771850586,47.31933382452378,46.326945108388024,47.16166270451911,35726900
2021-12-14,46.09508514404297,46.62374075896588,45.74264688809307,46.206380131920454,34120400
2021-12-15,46.99472427368164,47.09674615132553,45.751922602030746,46.252751806276706,32590300
2021-12-16,47.14311981201172,47.67177538820513,46.911253207084656,47.05964769271783,33132300
2021-12-17,46.94834518432617,47.319333135876505,46.3825901503134,46.92052232626106,50102300
2021-12-20,46.00232696533203,46.49388650911132,45.40874910069598,46.28984279139149,30140300
2021-12-21,47.087467193603516,47.15238955531079,46.31766842192668,46.31766842192668,31956300
2021-12-22,47.27296829223633,47.31934090929719,46.56809177609723,46.96690265122764,23307900
2021-12-23,47.588294982910156,47.9778291131208,47.34715177449148,47.37497816808009,25198200
2021-12-27,48.17259979248047,48.28389829917935,47.57902190876616,47.625394517555726,20985400
2021-12-28,48.00566101074219,48.33954949267067,47.88509292182642,48.16333214409893,19290400
2021-12-29,48.070587158203125,48.3580994895317,47.91291602405199,48.05203740489101,14174800
2021-12-30,47.98710632324219,48.35809070810577,47.90363421749735,48.15404699672882,18359400
2021-12-31,47.76451873779297,48.376646409223184,47.72741923334181,48.12623006118308,16319000
2022-01-03,49.35049057006836,49.36904032423573,47.85726897063133,47.90364512505169,33857600
2022-01-04,49.28555679321289,50.02752909817222,48.83110030430163,49.684367570504094,45681400
2022-01-05,49.96261978149414,52.0957920417031,49.92552381006741,50.2594087809317,59109300
2022-01-06,50.09246063232422,50.70458833832805,49.54525529377506,50.64894261651186,35757900
2022-01-07,49.56379699707031,50.44489067542718,49.29483446330076,50.25939671082524,30717200
2022-01-10,51.20542526245117,51.29817403642466,49.44324101300238,50.055368769211576,49260800
2022-01-11,51.854644775390625,52.01231589856995,50.76023417215799,51.47438370396257,39795200
2022-01-12,51.69697189331055,52.19780099455663,50.8344279717158,52.067956281714935,29136800
2022-01-13,50.95499801635742,52.13288065967188,50.797330441222435,51.93811358285694,29605400
2022-01-14,51.659881591796875,51.724803959778015,50.57474401353388,50.871532992305845,30151500
2022-01-18,50.78805923461914,51.61350731436344,50.71386376131842,51.2981685923273,35313800
2022-01-19,49.730751037597656,50.87153436900016,49.67510531382433,50.667494151824975,30595100
2022-01-20,48.26535415649414,50.16665964182413,48.172605390134336,49.95334278620211,28582600
2022-01-21,48.26535415649414,49.27629271279209,48.181882035772155,48.30245366303806,46372400
2022-01-24,48.17259979248047,48.3488206590854,46.262021421525446,47.74596613081122,64198400
2022-01-25,47.300785064697266,47.87581322582321,46.60518528433407,47.310058171713926,44095400
2022-01-26,47.94073486328125,48.896027619695644,47.06891775877047,47.42135596612733,54895400
2022-01-27,44.56475830078125,46.42896768283003,44.31434195671484,46.35476867510513,89642800
2022-01-28,44.267967224121094,44.70387752860311,42.941690097636155,44.24941747307896,61945400
2022-01-31,45.278907775878906,45.32528038665073,43.87843511775059,44.22159668306622,51828400
2022-02-01,45.39947509765625,45.47367056026859,44.852269851128305,45.24180399035002,35386100
2022-02-02,45.91885757446289,45.98378347412771,44.60185705161216,44.750251526553136,37962700
2022-02-03,44.778079986572266,46.08580756620817,44.750257124666334,45.677723593571336,42145800
2022-02-04,44.866859436035156,45.081804835871324,44.044474215173935,44.72668183848054,32431500
2022-02-07,45.02573013305664,45.474304846959285,44.82013205232649,44.9790042687875,27558500
2022-02-08,45.614479064941406,45.73596558056725,44.764055630788555,44.83881628925412,28051200
2022-02-09,46.64247131347656,46.69854449201897,45.63317905439885,46.10044484738698,35217300
2022-02-10,45.66121292114258,46.661161412354325,45.567757625495915,45.96026273730189,32762700
2022-02-11,44.51173782348633,45.89484406168886,44.39024772625868,45.74531915931439,37208200
2022-02-14,44.46501159667969,45.025729084764606,44.0257806398751,44.78274889229425,28456900
2022-02-15,45.26870346069336,45.28739451802717,44.100539114489884,44.57715216411552,35837900
2022-02-16,45.07244873046875,45.315428889421426,44.48369295372657,44.913580104576454,26022900
2022-02-17,44.455665588378906,45.10049107507641,44.278105877102625,44.72668059371241,32030600
2022-02-18,42.0912971496582,43.18469722942275,41.595993059506505,43.16600617272321,76520100
2022-02-22,41.76420974731445,42.43707354064195,40.97920317675059,41.76420974731445,57093300
2022-02-23,41.726837158203125,42.71743836769913,41.633381859695405,42.2127904506228,38176700
2022-02-24,43.661312103271484,43.726729022000065,40.77360967312874,41.025933601776714,72740100
2022-02-25,44.58649826049805,44.6612624937742,43.222083087802005,43.857564810829864,39266300
2022-02-28,44.57715606689453,44.68929885576098,43.7828021029568,43.922983262756105,41946100
2022-03-01,43.7547607421875,44.76405638565044,43.19404331689994,44.42762450449613,53853000
2022-03-02,45.670555114746094,45.78270146570743,44.371556851560456,44.40893896854757,46936500
2022-03-03,44.79209899902344,45.37150758152813,44.50239292529356,45.0257318944638,36389900
2022-03-04,44.92293167114258,45.10983869558079,44.268758868086316,44.268758868086316,38310700
2022-03-07,44.55845642089844,45.36215397696024,44.483692199425576,44.866849922088264,43813700
2022-03-08,44.3902473449707,45.53037694387971,43.8201825455162,44.56780705096684,44813900
2022-03-09,44.51173782348633,45.28739714050547,43.82018292190762,45.240671276942486,36076500
2022-03-10,43.6052360534668,44.21268290438305,43.13797034197875,44.193991848128995,36456000
2022-03-11,42.829586029052734,44.184654031570716,42.773512848242,44.06316748724697,27082100
2022-03-14,41.493194580078125,42.96975230250623,41.3997393033711,42.894991646094894,35993900
2022-03-15,41.8763542175293,41.9604621879354,41.18479939808418,41.5866481939184,34448900
2022-03-16,43.577205657958984,43.577205657958984,42.30624222380277,42.334277028541415,38885500
2022-03-17,44.053810119628906,44.19399125718266,42.736120973450454,43.28749464823176,28555000
2022-03-18,44.34352493286133,44.4837025332556,43.31553803852772,43.754769029331044,46237100
2022-03-21,44.28744888305664,44.754714650660034,43.988399076986866,44.352865805324726,32910900
2022-03-22,45.22197723388672,45.29674146261697,44.296793075555044,44.390244796513215,27923300
2022-03-23,45.10982894897461,46.334066307824166,44.91357821994692,45.287388623101435,37126400
2022-03-24,48.24052047729492,48.26855884962918,45.408890853440674,45.474307780628685,51677900
2022-03-25,48.436771392822266,48.576948984743524,47.14711687040822,47.37140244346419,33239800
2022-03-28,48.13771438598633,48.19378755749413,47.2499123426513,47.99753680464878,22932400
2022-03-29,48.82926940917969,48.866651523646645,47.922772740606554,48.59563654119318,27303700
2022-03-30,48.06295394897461,49.07224608619334,47.866703195203556,48.829269471756035,24623300
2022-03-31,46.31538391113281,47.90408466020147,46.268654482667955,47.84801504997144,43698300
2022-04-01,44.96030807495117,46.63312020539288,44.231374693733805,46.567703289896684,46598600
2022-04-04,45.97895431518555,46.00698912171834,44.782751472097225,45.01638436641732,23784900
2022-04-05,44.979007720947266,45.77335816935425,44.87620867269232,45.63318056578813,25779200
2022-04-06,44.4276237487793,45.016375965830186,44.147265040904436,44.33416846951808,31518700
2022-04-07,44.44631576538086,44.77340033747937,43.7080350855534,44.324825682192355,24117000
2022-04-08,43.94167709350586,44.46501608281909,43.78280486471488,44.18465374553563,22167300
2022-04-11,43.52113342285156,44.20334101753657,43.483751305756655,43.8295305414522,30352500
2022-04-12,43.45571517944336,44.773404464867,43.37160720101399,44.222030731819956,29861400
2022-04-13,43.93231964111328,44.17529980201699,43.50243605176596,43.68934304516395,22171300
2022-04-14,42.6800537109375,43.689349485086844,42.63332784693908,43.689349485086844,36181800
2022-04-18,43.5865478515625,43.82018072260643,42.53987358747302,42.54921733373471,25593100
2022-04-19,44.79209899902344,44.857515924550334,43.30619364142451,43.54917028410226,31483100
2022-04-20,44.96030807495117,45.558407625176145,44.838817989763434,45.193940934567465,22787100
2022-04-21,44.3902473449707,45.69859290322546,44.296795618647444,45.436921652601605,27316900
2022-04-22,43.49309539794922,44.53042589833809,43.455713283621506,44.34351889165416,28219900
2022-04-25,43.97905349731445,44.05381416323868,43.15666478241954,43.18469958652178,35999300
2022-04-26,42.53987503051758,43.77345634627889,42.53052771898411,43.633275192915406,35356600
2022-04-27,42.259517669677734,43.04452431126464,42.063263335564805,42.5024943031655,28320900
2022-04-28,43.77345657348633,44.17530541259565,42.55856630953121,42.79219918971315,41097000
2022-04-29,40.736228942871094,42.39035015470979,40.65212096379609,42.04457449182577,70765900
2022-05-02,42.016536712646484,42.044575082702075,40.66146528181873,40.85771961238838,45446500
2022-05-03,42.1099967956543,42.51184568427452,41.33433382670425,41.857672826174955,40158400
2022-05-04,43.49309539794922,43.58654711881386,41.50254237193151,42.1099892524156,44625600
2022-05-05,42.00957489013672,43.243489748438414,41.56687552015289,42.951493641871934,52996700
2022-05-06,41.72699737548828,42.52763042030808,41.29371563912066,41.905964226739655,40916600
2022-05-09,40.56843566894531,41.63280474167557,40.38005122170734,41.265457045785475,44925800
2022-05-10,41.45384216308594,42.14144600518928,40.97346518670391,41.774094678385566,42770000
2022-05-11,40.34237289428711,41.71757310379089,40.29527409266149,41.463254666175686,40351700
2022-05-12,40.351802825927734,40.417736856585094,39.57000847222593,40.24819117971326,42329600
2022-05-13,41.06765365600586,41.293715723737,40.47424746533912,40.89810800349117,32034100
2022-05-16,40.57786178588867,41.0770775774139,40.30470448394151,40.89811071393511,25071900
2022-05-17,41.821197509765625,41.8400327244159,41.11475838691915,41.27488286339279,28596600
2022-05-18,39.890254974365234,41.425583440913755,39.76780813205948,41.425583440913755,35218400
2022-05-19,39.56999206542969,40.21991808833975,39.29683844873549,39.86198807522506,29181000
2022-05-20,39.230918884277344,39.833746332571295,37.968747566986245,39.79606871876917,44802300
2022-05-23,39.56058883666992,39.79606853212629,38.92950497755165,39.26859272077542,27199500
2022-05-24,39.249752044677734,39.456975316613445,38.712858652057776,39.278012050118406,29837500
2022-05-25,39.74897003173828,40.0503837296002,38.986014587887034,39.033109804465205,26283100
2022-05-26,40.954620361328125,41.143004800251695,39.63593647513176,39.72070569985634,28826700
2022-05-27,41.96247482299805,41.96247482299805,41.0205561800884,41.058233788157054,30553300
2022-05-31,41.84002685546875,42.150861750624934,41.11475261970702,41.67990240145594,41111500
2022-06-01,41.54803466796875,42.32040771890644,41.001720094160056,42.16970086977554,29885500
2022-06-02,42.23563766479492,42.27331527783515,41.38790933706453,41.623389028863535,28727600
2022-06-03,40.86984634399414,41.67989689239758,40.82275113392901,41.54802886696152,33174700
2022-06-06,40.822750091552734,41.4820937950314,40.57785284958677,41.265452959756175,25437100
2022-06-07,41.00171661376953,41.058233024821796,40.182248415750955,40.55901730316389,25168700
2022-06-08,38.83530044555664,39.80547537877666,38.646916021488494,39.79605777448357,59649900
2022-06-09,37.6861686706543,38.948339975019266,37.6861686706543,38.62808744725099,39047200
2022-06-10,36.90437698364258,37.75210529753188,36.90437698364258,37.53546082265525,43066200
2022-06-13,35.576271057128906,36.55586740401901,35.48207702773477,36.310966520729075,50335900
2022-06-14,35.72697830200195,35.98129679444702,35.359630566181806,35.80232993320705,31351700
2022-06-15,36.40515899658203,36.89495355599094,35.71755518731926,36.32038617031228,37652300
2022-06-16,35.171241760253906,35.59510586204731,34.78505526598312,35.510333041688625,45576500
2022-06-17,34.82273483276367,35.90593916147594,34.474222333272465,35.303111779734394,71393200
2022-06-21,35.538597106933594,35.821172037960224,35.161831729943145,35.19008814510526,34004900
2022-06-22,35.20893096923828,35.576278780790105,35.0582240826238,35.16183574088418,32571000
2022-06-23,35.23717498779297,35.43497703315575,34.76621568370959,35.425559428053184,30163000
2022-06-24,36.36748123168945,36.39573764261425,35.54801297665849,35.651621014427626,38159900
2022-06-27,36.38632583618164,36.79135122528777,36.23561896533763,36.61238434588004,29585300
2022-06-28,35.585689544677734,36.75367038614297,35.54801552512201,36.339227425950746,37824200
2022-06-29,35.1241455078125,35.41613797463434,34.86982705426378,35.3596251581575,25437200
2022-06-30,35.23717498779297,35.79290711033673,34.59667004678883,35.04879054753275,35141000
2022-07-01,34.22932815551758,35.0393788704891,33.79604638480931,34.93576723115996,40596300
2022-07-05,34.55900192260742,34.60610074044648,33.47579738188037,33.843145164958905,33215000
2022-07-06,34.84156799316406,35.24658965523526,34.34234872911223,34.681439974691884,26258300
2022-07-07,35.924781799316406,36.10374866764597,35.538595242112876,35.68930210362803,33165400
2022-07-08,35.78349304199219,35.92477869130094,35.21833966535307,35.47265814587047,22566300
2022-07-11,35.03937530517578,35.48207463753453,34.87924726255996,35.472657031796935,25904300
2022-07-12,35.048797607421875,35.51033939937119,34.84157791521622,35.46324417810332,30546300
2022-07-13,35.048797607421875,35.25602089276259,34.49306537293682,34.5495817943393,27059200
2022-07-14,35.51975631713867,35.943620486594924,34.182233374782285,34.84157723914367,36690700
2022-07-15,36.37689971923828,36.42399493629921,35.538592638895636,36.04722960667704,32892300
2022-07-18,36.461673736572266,37.055083551674116,36.2921280751146,36.82902147201894,30814400
2022-07-19,37.88397216796875,38.3643491354545,36.96089225111403,37.03624388048239,53095300
2022-07-20,38.204219818115234,38.3078278461769,37.26230121543804,37.87454615129763,36387900
2022-07-21,38.251319885253906,38.28899749649604,37.507203232328344,38.157125857148586,29661200
2022-07-22,36.923213958740234,38.15712516282148,36.678313083257514,38.025257119008344,41350000
2022-07-25,36.885536193847656,37.121015869138596,36.31096521123621,36.9985654319096,32263400
2022-07-26,36.6971549987793,37.27172603249225,36.621803364414575,36.82902305376882,35925500
2022-07-27,37.846290588378906,38.0723490459156,36.951467177221375,36.98914478452229,42571600
2022-07-28,37.40359115600586,37.78977768383743,36.77250734426379,37.76152127230711,56662300
2022-07-29,34.20106887817383,34.49306137204714,33.19321616877606,33.53230387845462,125292400
2022-08-01,34.813316345214844,35.50091660563833,33.95617042132969,33.95617042132969,52513400
2022-08-02,33.918487548828125,34.53073608228777,33.90906994371176,34.46480206707019,53929400
2022-08-03,34.39887237548828,34.46480639899319,33.21205276613035,33.99384703502396,59513900
2022-08-04,33.92791748046875,34.34654443398472,33.64248984718926,34.26091578105994,54046300
2022-08-05,33.6710319519043,33.956459588830654,33.47123296899678,33.632973965804965,40205100
2022-08-08,33.6615104675293,34.21333660402867,33.490253204275746,33.64248147945575,41534600
2022-08-09,32.843292236328125,33.5854048525713,32.729121902154446,33.50929250625867,48202300
2022-08-10,33.652000427246094,33.68054572937782,32.909887901184135,33.290460474728704,42243300
2022-08-11,33.8613166809082,34.52731688908878,33.76617534948633,33.90888734661914,35569700
2022-08-12,34.356056213378906,34.3845978841193,33.93742568567286,34.061112307895904,37675200
2022-08-15,34.57488250732422,34.660511144866916,33.97548204452533,34.34653826407415,25400600
2022-08-16,34.43217086791992,34.80323075962041,33.96597327713647,34.40362919525413,25000200
2022-08-17,34.042083740234375,34.32751496881716,33.55685718457954,34.070629040737956,29176100
2022-08-18,34.44168472290039,34.565371344649,33.84228423378964,33.94694186531471,24598200
2022-08-19,33.6615104675293,34.279936247581894,33.48073689553479,34.06110832884866,31425500
2022-08-22,32.196311950683594,33.3570548497633,32.09165432805726,33.29996788394663,51006100
2022-08-23,32.30097198486328,32.71959887721433,32.2629140048108,32.32951365519827,30687100
2022-08-24,32.2153434753418,32.33903009631053,31.967970233404333,32.32000110620697,25105700
2022-08-25,33.195308685302734,33.23336666070697,32.17728143439347,32.224852088944616,29799100
2022-08-26,31.73963165283203,33.328514319901906,31.730115342463677,33.25240198400004,44851500
2022-08-29,31.340028762817383,31.787200966505686,31.216345768553293,31.615943681238203,32976800
2022-08-30,30.693056106567383,31.46371385270319,30.588402107924534,31.435172183019567,40182500
2022-08-31,30.36957550048828,30.816745913958847,30.226861693185292,30.816745913958847,44074500
2022-09-01,30.21734619140625,30.2839458449501,29.617945680102665,30.036574406998323,36440700
2022-09-02,29.70357322692871,30.807231068816066,29.551344934538257,30.645486466608773,34893300
2022-09-06,28.885345458984375,29.865314825394012,28.85680197478343,29.865314825394012,46989600
2022-09-07,29.1612606048584,29.2944617258229,28.59040358349403,28.942432654658464,37329500
2022-09-08,29.25640296936035,29.35154610618533,28.45720352355757,28.894861227070713,37359500
2022-09-09,29.931915283203125,29.96997326316683,29.570373547069764,29.675031177265584,34069500
2022-09-12,30.02705955505371,30.312488971473055,29.589403657130262,30.19831684196443,38305500
2022-09-13,27.867319107055664,29.427660004910727,27.82926112676438,29.332516868886895,71417900
2022-09-14,27.762664794921875,28.324007368394877,27.600921988756696,28.11469208117841,40767200
2022-09-15,27.439176559448242,27.981490088656386,27.315489935243747,27.734118654951818,39919100
2022-09-16,27.819747924804688,27.895862074220805,27.039577439613396,27.30597786992203,72748000
2022-09-19,28.010034561157227,28.067119720267634,27.496262685050105,27.610434817975406,33151900
2022-09-20,27.553348541259766,27.75314932525788,27.315491588460063,27.658006181197088,31129000
2022-09-21,27.087142944335938,28.15274264794607,27.07762845063269,27.734113998523792,39977300
2022-09-22,26.706575393676758,27.115689597251134,26.67803372393253,27.020546463793597,36092700
2022-09-23,26.18329429626465,26.54483607290654,25.869323185203022,26.54483607290654,43491100
2022-09-26,25.660003662109375,26.354547241886923,25.555347852181903,26.221346133799905,44786400
2022-09-27,25.583892822265625,26.259407500241064,25.327008696837023,26.06912121539332,44121400
2022-09-28,25.812232971191406,25.95494857944029,25.307977446353732,25.555348868692967,40433400
2022-09-29,25.098663330078125,25.479235883108505,24.917893363563564,25.479235883108505,41831300
2022-09-30,24.518293380737305,25.27943484950694,24.48974989514429,25.022548923283036,43821000
2022-10-03,25.660003662109375,25.926404063579138,24.80371912019807,25.051090532697653,44096200
2022-10-04,26.354549407958984,26.449690731221,25.774177899597717,26.09766347986094,42427500
2022-10-05,26.297462463378906,26.487748739507303,25.58389164995404,26.040578349721315,30120000
2022-10-06,25.859806060791016,26.411634073076065,25.688548778581108,26.107177489015953,33985100
2022-10-07,24.470720291137695,25.003521120620693,24.40412064112841,24.89886349077504,57215500
2022-10-10,23.975982666015625,24.727609727635322,23.871325021285752,24.680039060778807,43409300
2022-10-11,23.82375144958496,24.24237834805178,23.49075137807841,23.795207964128604,48134900
2022-10-12,24.099666595458984,24.2804383892821,23.462209883802835,23.833266152704105,39634100
2022-10-13,25.136720657348633,25.536320375871682,23.395607986934852,23.528807288207744,62447000
2022-10-14,24.6514949798584,25.336522365546806,24.508781168011385,25.174779561532304,48185400
2022-10-17,25.136720657348633,25.45069173513786,24.898863725244542,25.03206302651743,39416500
2022-10-18,24.613435745239258,25.650490283364082,24.299464672391256,25.441176839700198,51126900
2022-10-19,24.73712158203125,24.974978520320015,24.442179486670426,24.489750148446408,33882300
2022-10-20,24.813236236572266,25.64097919719597,24.68955142460546,24.879835890300885,33247700
2022-10-21,25.660003662109375,25.73611780328584,24.53732053343258,24.59440568563886,53058700
2022-10-24,25.859806060791016,26.145233654671273,25.23186390249094,25.450691845446098,43831600
2022-10-25,26.07863426208496,26.221348060438835,25.688549033055654,25.859806316962064,32205300
2022-10-26,25.888351440429688,26.44969402822928,25.679037962575716,25.869324262228158,37111100
2022-10-27,24.994007110595703,26.24989143429279,24.860805993288405,26.116692131689884,56305100
2022-10-28,27.658004760742188,27.800718562151634,26.506778039374286,26.811234632968954,91695700
2022-10-31,27.049089431762695,27.762660197012696,26.687545894468286,27.667517065371836,59507700
2022-11-01,26.92540740966797,27.448693815612724,26.535322136626124,27.401121334324326,44418700
2022-11-02,26.088150024414062,27.448692051860544,26.078635528767748,26.8968640073058,51956100
2022-11-03,26.05960464477539,26.525804009357916,25.850291199872327,26.116691614507065,39678200
2022-11-04,27.1926326751709,27.23120282791374,26.43085238695134,26.585136676350324,43051900
2022-11-07,27.395132064819336,27.452988217657715,26.893707168982882,27.346918910656342,34389800
2022-11-08,27.46263313293457,27.91584490623742,26.932281043272926,27.73263159704661,36258000
2022-11-09,26.536924362182617,27.289059836909928,26.536924362182617,27.211917689778566,30544800
2022-11-10,28.69690704345703,28.764406193994382,27.62655811575354,27.848341564437387,62943900
2022-11-11,29.342971801757812,29.535826245436116,27.83869904852623,27.89655519770834,49826500
2022-11-14,29.265830993652344,29.88296818436314,29.10190369746805,29.256187995145748,39395300
2022-11-15,29.61296844482422,30.22046444959404,29.09225942280677,29.98903801322919,40933200
2022-11-16,28.47512435913086,29.15011772183715,28.388339209192143,29.03440541472817,35582800
2022-11-17,28.822261810302734,28.88011980044275,27.96405518791181,28.03155433719462,31983300
2022-11-18,28.802978515625,29.1790462667312,28.55226606848289,29.1790462667312,27122200
2022-11-21,27.90620231628418,28.65833788435016,27.877273317814684,28.60048172662526,36086800
2022-11-22,28.754762649536133,28.793334642947404,28.021911327646837,28.099053475255506,25584100
2022-11-23,28.61012077331543,29.005474501705663,28.436550484907258,28.667976923046872,23143900
2022-11-25,28.291908264160156,28.619762833921246,28.291908264160156,28.619762833921246,11314900
2022-11-28,27.703702926635742,28.147271705836037,27.52049145449227,28.06048654988846,28267900
2022-11-29,27.867626190185547,28.13762461826266,27.713341899631146,27.819413039092478,24361500
2022-11-30,28.995832443237305,29.005475441707357,27.21191818898294,27.74227206955256,72072500
2022-12-01,28.764404296875,29.3911844466584,28.465478718833158,29.15975801470209,38896300
2022-12-02,28.359411239624023,28.3786972379118,27.684416013264055,28.127984777812785,31546000
2022-12-05,28.12798309326172,28.687264135614384,27.85798465104481,28.36905253977949,34040400
2022-12-06,27.578344345092773,28.262980672894155,27.32763190641211,28.147268371480845,27701200
2022-12-07,27.317989349365234,27.5301297981923,27.144419055227683,27.26977619619987,28239900
2022-12-08,27.424060821533203,27.578345120565167,27.06727723051309,27.30834667765227,28486100
2022-12-09,27.231203079223633,27.751913940161064,27.182989928046684,27.375844371968313,25641300
2022-12-12,27.665128707885742,27.68441286476634,26.864778262105673,27.125131852525012,35117900
2022-12-13,27.703702926635742,29.015121426097725,27.356564142059522,28.725838799081856,58546800
2022-12-14,27.250490188598633,28.079769665058897,27.00942074443822,27.491559632759046,37141100
2022-12-15,26.18014144897461,26.999777932629357,26.151214292572266,26.94192178061076,45682700
2022-12-16,25.958356857299805,26.17049729817023,25.505146981216424,26.035499002999398,81104200
2022-12-19,25.8330020904541,26.00657054243023,25.553360657044916,25.939071393459425,37662500
2022-12-20,25.49550437927246,25.910144108555976,25.476218382744424,25.59193252269879,31863300
2022-12-21,25.87157440185547,26.006572711054257,25.63050494159248,25.640147940708683,28100900
2022-12-22,25.042295455932617,25.50515022826992,24.444444210451955,25.50515022826992,47478300
2022-12-23,25.15800666809082,25.254434811023486,24.762652937359356,24.994079376869443,23600900
2022-12-27,25.013362884521484,25.167647162177246,24.733721481761876,24.92657774843841,29548100
2022-12-28,24.627656936645508,25.186938010736196,24.589084940191103,24.91693955319744,26176900
2022-12-29,25.273719787597656,25.350863775815828,24.830152890626614,24.849438887681156,30944800
2022-12-30,25.485862731933594,25.51478988904513,24.878366683595974,24.974794832133654,31030100
2023-01-03,25.775144577026367,26.102999168842448,25.428005827443503,26.08371317186176,31308000
2023-01-04,26.69120979309082,26.922636244340204,26.18978489577685,26.430854345730037,37665200
2023-01-05,26.57549476623535,26.7876370522534,26.401924473752903,26.459782464056307,33552600
2023-01-06,27.703702926635742,27.800131082045727,26.401927426636167,26.932281361784042,31788600
2023-01-09,28.262983322143555,28.802980243402203,27.80977339390073,27.80977339390073,37493200
2023-01-10,28.388338088989258,28.455837238674977,27.88691320673265,28.195481799132445,23008100
2023-01-11,28.78369140625,28.812618561855047,27.964054945186252,28.61976411403725,30375400
2023-01-12,29.207975387573242,29.294758697326316,28.41726604818337,28.90904794592512,28963900
2023-01-13,29.03440284729004,29.09225899572846,28.74511842667035,28.89940271531533,31361900
2023-01-17,28.542621612548828,29.179044776949084,28.465479466537094,29.101902630937353,34759100
2023-01-18,27.780841827392578,28.754762588389678,27.6072715358387,28.735476591725053,44199600
2023-01-19,27.404775619506836,27.732630224266018,27.231205318256215,27.58798891962849,36886600
2023-01-20,28.17619514465332,28.185838142842474,27.240846390871358,27.404773681659314,35158500
2023-01-23,29.188690185546875,29.400830644794553,28.13762720983005,28.28226851564501,38795800
2023-01-24,28.851192474365234,29.111547927414794,28.66797917341769,28.870478472194236,24855100
2023-01-25,28.639049530029297,28.822260975860168,28.127981667205173,28.46547924306209,28268000
2023-01-26,29.015119552612305,29.034405550291837,28.28226819371583,28.986190556093007,56088100
2023-01-27,27.154062271118164,27.231204420328744,25.82335973743222,26.102999338615348,148548200
2023-01-30,26.95156478881836,27.49155983268477,26.681566347278196,26.729779500775336,55145800
2023-01-31,27.250490188598633,27.279419184014884,26.546567853061564,26.787637297221977,52621600
2023-02-01,28.03155517578125,28.378695770150827,26.691209630742602,26.893707084648902,63330600
2023-02-02,29.111547470092773,29.217616778058037,27.771200069456867,28.2051258177228,62230700
2023-02-03,29.236902236938477,30.056538724554706,28.4751237408344,28.5619088888887,57603100
2023-02-06,28.002225875854492,28.939211261132034,27.924143760414697,28.84160815142617,48726400
2023-02-07,28.353595733642578,28.56832295693167,27.748459777304095,27.963185138968626,50780800
2023-02-08,27.563013076782227,28.421918216464604,27.53373158510289,28.255993486863996,36479100
2023-02-09,27.06524085998535,28.129110934064443,26.909076616232884,27.99246768618719,43906400
2023-02-10,27.133563995361328,27.31900974325662,26.68459223496979,26.967639244428643,31232500
2023-02-13,27.865583419799805,27.865583419799805,27.055480697189722,27.20188630644277,32347500
2023-02-14,27.95342254638672,28.031504659469526,27.319005144885864,27.699655213461494,27928900
2023-02-15,28.15839195251465,28.187671584208548,27.4849324991859,27.680138731393377,23359400
2023-02-16,27.52397346496582,28.138869908751705,27.455649983101143,27.816780940744902,28972500
2023-02-17,26.948116302490234,27.397087999461537,26.723628592380113,27.32876638136803,32086200
2023-02-21,25.43527603149414,26.616270270023502,25.415756896403558,26.46010601955057,63668400
2023-02-22,24.859416961669922,26.255136427710145,24.693492230847845,25.28886953467257,89195300
2023-02-23,24.996061325073242,25.454793514818004,24.71301249664335,25.161986051002106,56473200
2023-02-24,24.53732681274414,24.742293522864312,24.32260146742129,24.615408925736485,44089900
2023-02-27,24.303081512451172,24.966780432064013,24.283560517962677,24.93749894033127,37657000
2023-02-28,24.332361221313477,24.51780693211728,24.13715501398059,24.342121717842556,50255300
2023-03-01,24.722774505615234,25.298630833078455,24.371404038247963,24.42996702389222,47823400
2023-03-02,25.571918487548828,25.669519737725928,24.5178089756653,24.605649728499785,48309300
2023-03-03,25.767122268676758,25.845204384032996,25.386472189018157,25.5719179110984,36744900
2023-03-06,25.366952896118164,25.903769104117636,25.30839177107945,25.8354456196771,37879800
2023-03-07,24.917980194091797,25.366951904546383,24.888698701904726,25.220548166860084,43164600
2023-03-08,25.35719108581543,25.386472577631434,24.839897761770864,24.947259508513874,36071900
2023-03-09,25.80616569519043,26.33321953780848,25.347431612988608,25.35719211065509,54886100
2023-03-10,26.56746482849121,26.860274161836333,25.689040551704853,25.913526404132295,65187000
2023-03-13,26.303939819335938,26.655308426042993,25.97209034627264,26.09897309226763,50977000
2023-03-14,27.33852767944336,27.42637029431564,26.5967466325355,26.694349744796313,47689800
2023-03-15,27.728939056396484,27.816781673769935,26.99691848603412,27.065240108074672,49322800
2023-03-16,29.456506729125977,29.544349342562693,27.709416819245153,27.709416819245153,75779500
2023-03-17,29.095378875732422,30.256852106897263,28.734249747934122,29.202742495057443,80628500
2023-03-20,28.460960388183594,29.18322048020236,27.943665167769986,29.085617362551254,38780100
2023-03-21,27.777738571166992,28.470718984748284,27.309245871678645,28.304794254309765,55650800
2023-03-22,27.455650329589844,28.421919107429034,27.426370698617145,27.797260296726222,37415500
2023-03-23,28.334077835083008,28.460960585773083,27.543494252082628,27.69965849675871,43785500
2023-03-24,28.656166076660156,29.09537730527202,28.236473981906343,28.343837595436273,55912100
2023-03-27,28.48048210144043,29.017296469606507,28.38287898133078,28.665927843486305,34758200
2023-03-28,28.58784294128418,28.626883068558943,27.943663155817884,28.38287622281206,37407900
2023-03-29,30.76438331604004,31.125512402388914,29.046574912128595,29.056335409276464,85556200
2023-03-30,31.320720672607422,31.798975756041244,31.047432319448752,31.086474310596248,70077600
2023-03-31,31.886812210083008,32.11130178037021,30.9693478278506,31.037669445503603,59765000
2023-04-03,32.10154342651367,32.755483778380075,31.759935295631553,32.15034405617549,57038300
2023-04-04,32.30650329589844,33.02876516195409,32.05273782705385,32.06249646217338,55714100
2023-04-05,32.04298782348633,32.19915209020703,31.56473266232617,32.01370446374195,39615700
2023-04-06,32.023460388183594,32.208904254125564,31.6818485636601,31.818491804169874,28551900
2023-04-10,31.74041175842285,31.974656251348996,31.428083285688604,31.81849201498187,30534400
2023-04-11,31.57448387145996,32.31626675629937,31.545204241854094,31.877053695966687,27059100
2023-04-12,31.252399444580078,32.10154228489594,31.193836457118923,31.984420033222882,37070800
2023-04-13,31.359764099121094,31.65257159963099,30.891269492030702,31.057194238752892,29722300
2023-04-14,31.125516891479492,31.467128756050695,30.93031250524205,31.23288051396617,24623600
2023-04-17,31.369518280029297,31.857531952645182,31.008389204803215,31.184074424804844,29601100
2023-04-18,31.066951751708984,31.681848188343167,31.018151126854903,31.65256855808052,26041400
2023-04-19,30.40325355529785,30.76438451737318,30.334931934219302,30.35445292927733,25746600
2023-04-20,30.120206832885742,30.500856931673162,29.973801230314056,30.022603718379475,30255100
2023-04-21,29.573631286621094,30.100687008481,29.505309662296582,30.100687008481,28655800
2023-04-24,28.948972702026367,29.64195312806772,28.900172076394732,29.407704912487166,38732500
2023-04-25,28.187671661376953,28.861131116549412,28.177913025202002,28.734248368404405,38289900
2023-04-26,28.353595733642578,29.095376794335365,28.148630869547965,28.5000013355668,41218800
2023-04-27,29.144182205200195,29.23202483051508,27.82654468710169,28.060791067399798,60186200
2023-04-28,30.31540870666504,31.789210215770176,30.071401871282557,31.21335393533756,80252400
2023-05-01,29.573631286621094,30.491097620067237,29.554112152260263,30.36421486941095,36918500
2023-05-02,29.056333541870117,29.846915143793495,29.036812548828955,29.573626826090337,33463400
2023-05-03,29.915239334106445,30.364212904596823,29.52482874778298,29.905478836745296,45554500
2023-05-04,30.615957260131836,31.086368450197742,29.77313580932783,29.831938610021997,46104000
2023-05-05,30.370954513549805,30.782564817100013,30.11614795713795,30.75316341354353,35024600
2023-05-08,30.155345916748047,30.223947313565983,29.78293566366801,30.08674451993011,30882800
2023-05-09,29.498729705810547,29.969140887733957,29.312524578664576,29.773135293975265,30706500
2023-05-10,29.371326446533203,29.792737178090977,28.90091524959575,29.684935780406107,40526500
2023-05-11,28.28350067138672,29.087120263507554,28.24429880384525,29.008718397672542,47144400
2023-05-12,28.371702194213867,28.51870545480219,28.146295200780703,28.45010405781083,24153800
2023-05-15,29.204721450805664,29.234122850780377,28.303099079974526,28.322700013291,28717500
2023-05-16,28.636310577392578,29.302727428498926,28.62651010967065,29.028321809277315,22812000
2023-05-17,28.29330062866211,28.96951600834132,28.107095499689855,28.930316010753835,41667300
2023-05-18,29.087121963500977,29.165523833918176,28.293302791870843,28.420705130330777,36529200
2023-05-19,29.33212661743164,29.63593361688515,28.910715883440798,29.008718684013914,40683000
2023-05-22,29.67513656616211,29.841740772433006,29.224324414797557,29.25372581681525,28693400
2023-05-23,28.920515060424805,29.59673229804394,28.90091412733489,29.449727169117445,29400900
2023-05-24,28.420705795288086,28.900917496484908,28.244301115410053,28.724512816606875,28045800
2023-05-25,26.852664947509766,27.724887829401666,26.323452807345937,27.724887829401666,78009400
2023-05-26,28.420705795288086,28.508908135227102,26.558659927377448,26.891868351758603,71910600
2023-05-30,29.39093017578125,29.43993251506952,28.42070628885094,29.10672408490176,54874800
2023-05-31,30.81196403503418,31.644985050897073,29.07732060245757,29.106722003928486,136243800
2023-06-01,30.508155822753906,31.30197685645799,30.400354420184527,31.16477218253184,52667400
2023-06-02,30.684560775756836,30.958968256854796,30.21414955323008,30.772763113636607,36521000
2023-06-05,29.263526916503906,30.772763403645975,29.234125513850884,30.684561064934964,48244100
2023-06-06,30.341550827026367,30.82176436940935,29.106721878535176,29.175323279090467,42295300
2023-06-07,30.655162811279297,30.743365153672457,30.312153909666804,30.410156720020105,39098000
2023-06-08,31.184371948242188,31.213773349248747,30.439553279307525,30.802163081396642,35199000
2023-06-09,30.713960647583008,31.35097604666667,30.067144781529084,31.292175114093027,40218000
2023-06-12,32.40940475463867,32.63480990512271,30.73356402375987,30.772764025508007,59881600
2023-06-13,33.23262405395508,33.27182592341884,32.4094034876964,33.09542124932797,51990000
2023-06-14,34.869266510009766,34.88886370620157,33.12482070775246,33.193422109911886,74404300
2023-06-15,35.104469299316406,35.69248237005532,34.51645622857749,34.57525529255383,67676300
2023-06-16,35.64347839355469,36.0648890901967,34.88885932604447,35.63367979668896,110240300
2023-06-20,34.30084991455078,36.36870175041591,34.02644431155308,36.03549334456329,65970200
2023-06-21,32.2427978515625,34.349847649977356,32.17419645626733,34.22244345650248,70973500
2023-06-22,32.05659484863281,32.57601028427737,31.488182682818767,32.03699391346735,45740300
2023-06-23,32.34080123901367,32.781812912699415,31.390176491123963,31.56658116059826,46327100
2023-06-26,32.67401123046875,33.31102853878273,32.43880374691549,32.527006085935945,38952400
2023-06-27,33.41883087158203,33.546235091607585,32.3506041155903,32.55641208286126,33038900
2023-06-28,32.8994140625,33.13462152950488,32.370200065610916,32.93861593008346,33906900
2023-06-29,32.252601623535156,32.67401239853167,31.84099318572252,32.67401239853167,38313000
2023-06-30,32.77200698852539,32.88961258096364,32.49760141649386,32.693606998728754,33811300
2023-07-03,32.94841384887695,33.21302084186965,32.4780026630552,32.87001385382122,15753000
2023-07-05,31.8605899810791,32.66421338768522,31.85079138251512,32.644612452061054,37664700
2023-07-06,31.331377029418945,31.399980302407595,30.753162527536734,31.262775625678355,41693600
2023-07-07,31.213773727416992,31.762586801452922,31.18437232605422,31.360776995734906,28356300
2023-07-10,32.08599853515625,32.1742008752923,31.135373729078424,31.23337653692382,36305700
2023-07-11,32.63480758666992,32.69361038898678,31.850788914924802,32.16439638362285,28148800
2023-07-12,33.30122756958008,33.39923224945889,32.39960694567266,33.017019605675934,37762200
2023-07-13,33.193424224853516,33.61483500125244,32.94841813338885,33.4678335894714,32745800
2023-07-14,32.4878044128418,33.19341930959561,32.34079928433291,33.10521698018942,30438700
2023-07-17,33.683433532714844,33.9088386690032,32.40940271354346,32.49760504848202,34111200
2023-07-18,33.81083679199219,34.00684239065943,33.154222335727155,33.59523025960864,29662200
2023-07-19,33.77163314819336,34.14404339222299,33.64423269348231,33.71283408863307,26486700
2023-07-20,32.703407287597656,33.52662778478136,32.56620449448299,33.02681707579284,37878000
2023-07-21,33.34042739868164,33.56583254084737,32.752410570926834,33.05621945219162,79737000
2023-07-24,32.95821762084961,33.77163583016144,32.88961622025087,33.164021822645815,25225800
2023-07-25,33.41883087158203,33.654038374821795,32.73281677566697,33.026823350844346,31771100
2023-07-26,33.67363739013672,33.84023973578182,33.02682146625675,33.04642240194962,32643200
2023-07-27,33.859840393066406,34.33025163033883,33.428631026857396,34.12444741500018,58890800
2023-07-28,36.094295501708984,36.251099234687665,34.80066003151501,36.0158917659717,90863000
2023-07-31,35.05547332763672,36.44710618477165,34.95746864428442,36.13349867503712,55630700
2023-08-01,35.08486557006836,35.300472090127435,34.575252538062315,35.104466502664245,24702200
2023-08-02,33.703033447265625,34.47725350402442,33.59523018132506,34.44785397276639,39052000
2023-08-03,34.17344665527344,34.33025039539027,33.44823075916909,33.60503449928593,24817900
2023-08-04,34.56195068359375,34.975043685807705,33.91280775321122,33.91280775321122,26674900
2023-08-07,34.65046691894531,34.965202626684565,34.17836335733644,34.82750622354184,22486900
2023-08-08,34.44392395019531,34.52260600489445,33.30300601746458,34.09967917404251,34753600
2023-08-09,33.71609115600586,34.52260181653971,33.666914408791904,34.4242483221118,28720200
2023-08-10,34.10951232910156,34.51276765572121,33.9128015900796,34.12918377819829,30957300
2023-08-11,34.31605529785156,34.37506964235775,33.79477505318806,33.89312854208661,28783700
2023-08-14,35.09306335449219,35.12256865307454,33.90296878702895,34.09967578017183,36896100
2023-08-15,34.198036193847656,35.04388984965245,34.17836474232362,34.82750763483381,27420300
2023-08-16,32.97842788696289,34.060335058987285,32.909579692154864,33.95214396659032,35757300
2023-08-17,32.044063568115234,33.037447503043396,31.817843746867872,33.007942201118006,39906700
2023-08-18,32.21126174926758,32.368629595522066,31.650638562489394,31.699815310954158,23701100
2023-08-21,32.5948486328125,32.6243539342114,31.49327360788662,32.063730695957865,43718200
2023-08-22,32.34896469116211,33.24399520132266,32.28995408184249,32.6735380502047,23425300
2023-08-23,33.42103576660156,33.588241253719055,32.260446215831806,32.33913203375682,32324300
2023-08-24,32.05389404296875,33.52921901502571,31.955540545609786,33.165306572463045,37931000
2023-08-25,32.70304489135742,32.85057892548043,31.817848190512066,31.994887530681137,27324800
2023-08-28,33.066951751708984,33.22431961020821,32.66369637980811,32.94892679582099,22341800
2023-08-29,33.74560546875,33.912807185742764,32.9194232300927,32.93909468243524,29943600
2023-08-30,33.96198272705078,34.089845286735404,33.22432017432113,33.499716745329984,26279200
2023-08-31,34.56195068359375,34.975043685807705,33.73576843111181,33.75543988378352,48157600
2023-09-01,36.00776672363281,36.14546312570516,35.142241658105185,35.20125600982714,43808500
2023-09-05,36.10612106323242,36.794606841531916,35.860233553264436,35.978262259449934,43379400
2023-09-06,36.371681213378906,36.43069556840109,35.437307894562714,35.958591984060924,39643400
2023-09-07,37.551944732666016,37.709312605354064,36.1454677290402,36.22415354135724,67659700
2023-09-08,37.384735107421875,38.19124958635702,37.08967084787984,37.492926211374595,44255200
2023-09-11,37.955196380615234,38.10273038812013,37.217533846982086,37.61095536569803,36349300
2023-09-12,38.22075271606445,39.410847288064396,38.014208121309835,38.014208121309835,55326600
2023-09-13,38.07322311401367,38.50598755520661,37.62079097271727,38.161742772262606,35407800
2023-09-14,38.033878326416016,38.26009813780729,37.66996586139009,38.17157848394199,30616500
2023-09-15,37.25687789916992,37.88634934698742,37.001152778527945,37.78799208829982,68881200
2023-09-18,37.36506652832031,37.758484281127345,36.892959221839014,37.00115032324325,29322200
2023-09-19,35.74220657348633,37.473252894705155,35.42747087871927,37.41424229690223,53288100
2023-09-20,34.119354248046875,35.65369387300653,34.060343638743994,35.624188568355095,57660800
2023-09-21,34.080013275146484,34.67014184838313,33.893136350462974,34.00132746434375,45240600
2023-09-22,33.61773681640625,34.31605636434601,33.57839391884607,34.23737432117086,29232700
2023-09-25,33.72593307495117,33.804615130179045,33.21448658415974,33.44070265186533,21729400
2023-09-26,33.27349853515625,34.20786804017717,33.08662163259565,33.578396636057406,34198300
2023-09-27,34.040672302246094,34.25705454229174,33.32268112166737,33.36202027735607,44369100
2023-09-28,34.60129165649414,35.073395238410804,33.8144523532997,34.080011321617654,32265300
2023-09-29,34.965206146240234,35.319284791074416,34.58162219831852,35.06356340977526,28763700
2023-10-02,34.876686096191406,35.38813260503356,34.404582492324636,35.02422011387612,26086200
2023-10-03,35.10289764404297,35.93891738317694,34.68980845092264,34.68980845092264,45292600
2023-10-04,35.33895492553711,35.919249626936264,34.74882637412426,35.919249626936264,39842200
2023-10-05,35.29961013793945,35.50615474471777,35.01437972746714,35.37829594163346,25771200
2023-10-06,35.59467697143555,35.860235950184574,34.601293015622566,35.27994123779504,33262200
2023-10-09,35.46681594848633,35.57500330172597,34.9160265729728,35.11273733222375,19376100
2023-10-10,35.830726623535156,36.135628472732584,35.220926677085785,35.54549622447423,24044100
2023-10-11,36.27333068847656,36.420860960239764,35.78155561204039,36.01760554763995,19262600
2023-10-12,36.233985900878906,36.6077359901128,35.79138760467375,36.19464299633936,23639200
2023-10-13,35.378299713134766,36.184810527248196,35.27010859749462,36.13563377066977,28390100
2023-10-16,35.95859146118164,36.3323377817168,35.4864878837064,35.54549848592473,29555800
2023-10-17,35.46681594848633,35.75204260985726,34.493099753764234,35.3291157906487,24993600
2023-10-18,35.0537223815918,35.42747244260579,34.8668492270576,34.935697428830494,22086000
2023-10-19,35.083229064941406,35.76188101195215,34.93569880615984,35.36845948464315,29201800
2023-10-20,34.34556579589844,35.68319445840024,34.29638904400115,35.063560630992285,32303300
2023-10-23,33.29316711425781,34.611124308475915,32.84073499957213,34.03082963896319,53924700
2023-10-24,34.020999908447266,34.13902487614475,33.08662651363912,33.08662651363912,52673900
2023-10-25,32.289955139160156,33.88330542604822,32.01455852951492,33.61774641957582,44658500
2023-10-26,31.985048294067383,32.673534084145444,31.62113582363375,32.348960764501015,59142500
2023-10-27,34.95536804199219,35.781550195415,34.03082863700385,34.08984298794316,84128200
2023-10-30,35.10289764404297,35.36845659045408,34.34556370471026,34.886519198480364,36656300
2023-10-31,35.89957809448242,35.96842630026138,35.034052969330894,35.07339587318911,41185200
2023-11-01,36.67658233642578,36.706087637360646,35.68319468290073,35.899576894944936,41710700
2023-11-02,37.079837799072266,37.197862755048476,36.302832355675335,36.961812843096055,35440000
2023-11-03,37.51259994506836,37.68963926195629,37.0503302007559,37.37490353236572,30502700
2023-11-06,37.44845962524414,37.695155665246695,37.34977895067342,37.51753421530223,23877200
2023-11-07,38.257625579833984,38.38590858551384,37.478065123885656,37.73463113524536,32052000
2023-11-08,37.418853759765625,38.37603560514898,37.251102258437705,38.336563335089636,33483400
2023-11-09,37.30044174194336,38.010927565462474,37.270839420724386,37.54713779018939,48955800
2023-11-10,38.346431732177734,38.47471472253525,37.73462662816008,37.73462662816008,38862500
2023-11-13,37.724754333496094,38.06026106599183,37.635943617121264,37.84316736723504,24558300
2023-11-14,38.88916015625,38.96810468892508,37.56686934820241,38.287221269591264,45457400
2023-11-15,40.073307037353516,40.300266952053384,39.05692051407083,39.066786699804304,47392100
2023-11-16,42.777095794677734,42.826438018676825,40.2805328430779,40.45815430948169,86405700
2023-11-17,43.231014251708984,43.231014251708984,41.99753408460766,42.34290702568293,49735000
2023-11-20,44.14872360229492,44.33621123172494,43.20140797728784,43.20140797728784,44564900
2023-11-21,43.063262939453125,44.06978329979618,42.72775615267211,43.911897974504114,37252100
2023-11-22,43.09286117553711,44.04017680174799,42.96458194884538,43.44810406483085,31481200
2023-11-24,43.3790283203125,43.41850058791116,43.0336553895308,43.10272997568714,13037100
2023-11-27,43.49745178222656,43.96123782252361,43.07313425128787,43.07313425128787,33339900
2023-11-28,43.64546585083008,43.793484990397744,43.08299914332588,43.112601465526176,24548900
2023-11-29,44.3460807800293,44.74079596740847,44.010574000041906,44.010574000041906,38982000
2023-11-30,44.1092529296875,44.49409815176386,43.82308461840098,44.05991447429258,46263000
2023-12-01,43.16194152832031,43.77374666363665,42.29357039916354,43.77374666363665,43928400
2023-12-04,41.790306091308594,42.73762170997078,41.13902872088735,42.72775176074531,50417600
2023-12-05,41.365989685058594,41.731102530170645,41.06008900826224,41.35612349986118,31859300
2023-12-06,40.72458267211914,42.027137460168056,40.6259019977016,41.91859060045017,31992300
2023-12-07,41.592952728271484,41.87911726610087,40.6357709143088,41.19823756920078,29118700
2023-12-08,42.135684967041016,42.39224719590146,41.257447654791754,41.28704997543026,42815000
2023-12-11,43.95136642456055,44.138854055701096,42.51066248602941,42.58960325966863,48288200
2023-12-12,43.457977294921875,43.85268871838199,43.05339592141253,43.77374793940317,31452200
2023-12-13,43.9809684753418,44.128987600899464,42.75735825929165,43.497446358514516,35216100
2023-12-14,44.582908630371094,46.44793008966711,44.05991423037119,44.41515336581766,70620800
2023-12-15,45.549957275390625,46.64528830971267,45.06643137433316,45.33286355275876,84583400
2023-12-18,45.08616638183594,45.61903072535941,44.800001839676554,45.540089950920446,27895700
2023-12-19,46.04335021972656,46.06308635526833,44.908546893913886,44.99735762171038,35358800
2023-12-20,45.15523910522461,46.32951460235054,45.09603446791247,46.02361017386815,38159100
2023-12-21,46.457801818847656,46.497270325887236,45.411809214497815,45.865729041858266,28320500
2023-12-22,47.365638732910156,47.52352404478188,46.57621217355154,46.625550627708435,30095700
2023-12-26,49.83259963989258,49.852335774632216,48.06625510566455,48.27347887400653,60287400
2023-12-27,50.08916473388672,50.60229297367966,49.526698036558166,49.96088549715075,52148000
2023-12-28,49.72405242919922,50.19770836675126,49.497092527723204,50.13850372723399,27705200
2023-12-29,49.58590316772461,49.9016737922272,49.11224723097072,49.63524162200012,29288700
