Date,Close,High,Low,Open,Volume
2018-01-02,109.59032440185547,110.15704974673731,109.18889895358721,109.92879104331936,6842100
2018-01-03,110.6371841430664,110.73163435726059,109.33056679792595,109.69264596976113,5350500
2018-01-04,110.6292953491211,111.09369149072322,110.3695453011609,110.55057884593845,4837600
2018-01-05,111.54235076904297,111.62893411590159,110.41676725988103,110.73948809912238,6158800
2018-01-08,111.68407440185547,111.77065778619263,110.92056965191605,111.5345201915952,5129800
2018-01-09,113.45506286621094,114.6672179642516,111.97527881548619,112.06186218037868,8897000
2018-01-10,113.32122039794922,113.47077452975574,112.8095992200907,112.9906327431167,6558600
2018-01-11,113.96670532226562,114.0532887032071,113.10088352330746,113.44721704707332,4962200
2018-01-12,114.73017120361328,115.24967131340006,114.0532500937115,114.12409975264782,5450600
2018-01-16,115.59601593017578,116.54055403291761,114.94270730641216,115.2496824900646,8804000
2018-01-17,115.6904525756836,116.74519847705044,114.50977708304572,116.36737367188073,10619700
2018-01-18,115.64328002929688,116.05258441567102,114.89552094624666,115.65114687905992,5554800
2018-01-19,115.98958587646484,116.21784456963925,115.24969381993672,116.06830239712073,8738800
2018-01-22,116.60353088378906,116.60353088378906,115.48582600306993,115.71408468563371,7010400
2018-01-23,111.6368179321289,116.05254527226506,111.47151805919763,115.67473243329107,17473600
2018-01-24,111.82575988769531,112.99855697078398,111.61323485507556,112.95133185474776,13034400
2018-01-25,113.65974426269531,113.86440246709888,111.93596729845743,112.01467182976357,7938800
2018-01-26,114.39173889160156,114.60426388882047,113.44720069684111,113.73843020419143,8065600
2018-01-29,113.09295654296875,114.0847315772917,112.97489380576431,114.01389393496903,8013400
2018-01-30,112.10907745361328,113.20318170058931,112.10907745361328,112.87258196512055,8376100
2018-01-31,108.77172088623047,112.21929784676793,108.70088322523561,112.21929784676793,13137400
2018-02-01,110.2121353149414,110.72375660538091,107.8350384046992,108.25220949024609,9393600
2018-02-02,108.37029266357422,110.47977305041604,108.13416710685604,109.42503886222292,9262500
2018-02-05,102.6322021484375,107.83504686059688,96.1463586756579,107.50445910709628,19954100
2018-02-06,103.7656478881836,104.67870659924773,100.75098797850968,102.33308901284639,19193500
2018-02-07,103.44291687011719,105.02501774956427,103.38782492439594,103.81286282871892,10550400
2018-02-08,99.46012115478516,103.30912344500369,99.26334187203277,103.04150650296947,11680200
2018-02-09,101.95527648925781,103.04936877233561,98.73597044896206,100.37316944475337,15030900
2018-02-12,102.53776550292969,103.36424100125946,100.49912874282263,102.32524048668355,9963900
2018-02-13,102.29374694824219,102.7975014283098,101.30197168309515,101.70340910392292,6339000
2018-02-14,102.06548309326172,102.33310005143838,101.0579740656337,101.88444950513691,6259700
2018-02-15,103.29338836669922,103.33274662938989,101.85296242750037,102.40395408425873,5606400
2018-02-16,104.80463409423828,105.82788869736498,102.98639556637761,103.08085778281236,7970100
2018-02-20,103.010009765625,105.04077329988122,102.84472190251378,104.58424394624654,6563500
2018-02-21,102.25438690185547,104.23791337655749,102.2150286441649,102.95492065111338,6578000
2018-02-22,102.25438690185547,103.12808737658874,101.9159202982613,102.40394107480726,5732200
2018-02-23,103.91519165039062,103.9624167496033,102.34095762088808,102.39604956648536,5126800
2018-02-26,104.6202392578125,105.68172733004798,103.77262499220134,104.33506209495009,6684400
2018-02-27,104.30335235595703,105.42821429428771,104.24790762926031,104.73112407555517,7158600
2018-02-28,102.8853988647461,104.82618192419196,102.87746955545941,104.5251582679795,7985900
2018-03-01,100.8257827758789,103.07550666490071,100.22374152013023,102.27543212272815,9424000
2018-03-02,102.04572296142578,102.2754432909931,100.53269941324068,100.53269941324068,6910400
2018-03-05,102.81410217285156,103.2181101770474,101.53872829340223,101.89520878824854,5799800
2018-03-06,101.57042694091797,103.13889527247858,101.332777293745,102.98046620348431,5546500
2018-03-07,102.2199935913086,102.44972602424204,100.81787754260658,100.98423592808817,6391700
2018-03-08,104.61228942871094,104.80241152911624,102.44970341880475,102.44970341880475,6423400
2018-03-09,105.99069213867188,106.00653867555907,104.21625471565444,104.96880203835417,7557800
2018-03-12,105.06382751464844,106.33127195366431,104.81826068341117,105.99065011352519,4942000
2018-03-13,106.42635345458984,107.25019184708749,105.71340452924557,105.99066445921771,9152300
2018-03-14,104.81827545166016,107.49575930764688,104.48555869890345,107.13137366394261,6770600
2018-03-15,105.40448760986328,106.33923985697785,104.9371175299888,105.00049158804451,6147200
2018-03-16,105.89559936523438,106.46595368141823,104.6440012636031,105.48368620482846,14233500
2018-03-19,103.17059326171875,105.7292585057901,102.47349082004432,105.6342034773304,6017000
2018-03-20,103.93898010253906,104.3905035452327,102.48933057755737,103.59834612747416,6214300
2018-03-21,103.9231185913086,105.18264580304223,103.50327618739739,104.0894648561392,5158700
2018-03-22,100.90502166748047,103.51913782995526,100.68321853118734,103.35279152141759,7560100
2018-03-23,99.09886169433594,101.23768969974671,98.94043267631127,101.10301838637814,8452500
2018-03-26,100.91291809082031,101.03174289470634,99.18601493289438,100.13660732030202,8358200
2018-03-27,100.77033996582031,102.26752297987156,100.12077115350993,100.69112543625684,7789900
2018-03-28,100.96045684814453,102.2041497512713,100.77034076694454,101.10304541996484,6868500
2018-03-29,101.51496887207031,101.99818538335477,100.4614040932017,101.37238633793541,6119400
2018-04-02,98.67112731933594,101.3010897391253,97.86312940181865,101.25356222741298,8916900
2018-04-03,101.67337799072266,101.78427951144964,98.76615657258102,99.16223515908581,8035000
2018-04-04,103.30526733398438,103.86769241650893,100.1207906497697,100.52479268599923,7717100
2018-04-05,103.54289245605469,103.93104182133986,102.58437674486422,103.30524283376796,5621700
2018-04-06,101.47535705566406,103.48743132068039,100.13660925710376,103.15472669830893,6399300
2018-04-09,102.56853485107422,103.88351901147115,101.14265518392519,101.91104277087575,6395800
2018-04-10,103.17851257324219,103.70133941507972,102.41803606808179,103.17851257324219,6019300
2018-04-11,102.6873779296875,103.2577322818841,102.21207860706905,102.29921641330363,4575400
2018-04-12,103.32108306884766,104.01818544333047,102.86955963982135,103.05175245592933,4559800
2018-04-13,103.4715805053711,104.10530874965892,102.68735253059768,103.84389539561415,4742300
2018-04-16,104.37468719482422,105.26191197868262,103.99445490880859,104.0974392708537,6379600
2018-04-17,103.4082260131836,104.72321025328431,102.03779703818681,104.6519189852623,11008700
2018-04-18,101.17434692382812,102.90124430217817,100.55646510154114,102.73489801245022,9383600
2018-04-19,101.0396728515625,101.61002711304417,100.51684609731065,101.10304084664192,5959500
2018-04-20,100.33465576171875,101.63379336989986,99.94649429751159,101.39614374053554,7743900
2018-04-23,100.46932983398438,100.8416447987677,99.6375621022905,100.50893407988116,7501900
2018-04-24,99.96234130859375,100.96837851787204,99.26523894908014,100.5564593411713,6577500
2018-04-25,100.41387939453125,100.48517066359565,99.24148371701371,99.74054677519125,5859600
2018-04-26,101.404052734375,102.36256839633282,100.30296060246644,100.30296060246644,8211100
2018-04-27,101.61003875732422,102.02195192542821,101.00007414079649,101.18227301219198,4266800
2018-04-30,100.20000457763672,102.17247514101457,100.20000457763672,102.0774201050865,8219400
2018-05-01,99.81975555419922,100.31881253991384,98.9959111338821,100.0653224139456,5122600
2018-05-02,97.83143615722656,99.95441817145452,97.59378652641671,99.4315914011453,7390800
2018-05-03,97.4591293334961,97.98195614731642,96.0728538069916,97.67301522776138,7282900
2018-05-04,98.37802124023438,98.63151134535889,96.4847656955305,97.11848793650137,6127600
2018-05-07,97.9027328491211,99.20979380369157,97.68885300447718,98.33842184853842,6707900
2018-05-08,97.12641906738281,97.82351540200598,96.39763571159297,97.32445841691363,5951800
2018-05-09,97.83935546875,98.26712116070955,97.0630386106721,97.42743026448632,6808600
2018-05-10,99.29692077636719,99.851434537315,98.22750958239183,98.40178516315598,4948000
2018-05-11,100.79410552978516,101.07928267627814,99.62171596636408,99.62963318888572,5716700
2018-05-14,99.8593521118164,101.0871984034041,99.4949604615142,100.88123580325734,6101600
2018-05-15,99.12266540527344,99.67717927927858,98.54439381703398,99.44745287994985,5875700
2018-05-16,99.29692077636719,99.73260972827755,99.0196669177337,99.368218079262,3818100
2018-05-17,98.10869598388672,99.48704821265035,97.87105238233796,99.40783367880077,6473400
2018-05-18,98.41761016845703,98.5760452368103,97.65713997140097,98.05321857676432,5433900
2018-05-21,98.00572204589844,99.0117593621894,97.68885785274918,98.71866496956382,5558700
2018-05-22,97.36408996582031,98.4176549421948,97.24526512141763,98.06910972061159,7172700
2018-05-23,97.79182434082031,98.20374955528828,97.22939333662997,97.33237766208751,4940800
2018-05-24,96.84121704101562,97.74427575937611,96.28670942226086,97.60961048677564,6923600
2018-05-25,96.93699645996094,97.99838101164492,96.66566227833687,97.00881645337364,4594800
2018-05-29,95.28507232666016,96.40231893424829,94.66260801216933,96.16290677244218,9821900
2018-05-30,96.53800201416016,97.02480237422067,95.39681518314207,95.85967554000376,6423700
2018-05-31,95.46064758300781,96.7614383353659,95.39680352327738,96.49808615535636,10337500
2018-06-01,96.7694091796875,96.8172891746987,95.73994666741908,96.06713678083553,5741000
2018-06-04,97.32005310058594,97.65523135085138,96.57788269182667,97.24025107471486,4853000
2018-06-05,96.94497680664062,97.80684715515896,96.48211656210971,97.3998550225406,5125400
2018-06-06,97.99040222167969,97.99040222167969,96.92901763491454,97.33601587655085,6799300
2018-06-07,98.42135620117188,98.5490382436012,97.57543755499364,98.15800399749833,7414100
2018-06-08,99.00391387939453,99.63436030970799,98.4213535411399,98.4452935429168,6208100
2018-06-11,97.88666534423828,99.22735404410149,97.79888128577039,99.17149201494053,5571400
2018-06-12,97.79088592529297,98.30162614756954,97.32004366783268,98.28566817934376,5227300
2018-06-13,97.86273193359375,99.02785875596312,97.72706785784304,98.2777122798381,5836900
2018-06-14,97.6871566772461,98.27769899483658,97.43178044422912,97.92656276294275,5239200
2018-06-15,97.84676361083984,97.9425297010365,96.75345691298722,97.4397653381349,13173500
2018-06-18,96.81729888916016,97.20833309416312,95.96340439092661,97.04872903577547,6787400
2018-06-19,97.81484985351562,98.29366816798587,96.21878474627803,96.29061084212644,8572400
2018-06-20,97.39188385009766,97.8866661758013,97.08863370186262,97.69513399833271,6277200
2018-06-21,96.92102813720703,97.55147443515857,96.64970005602734,97.22428433205931,4417200
2018-06-22,98.03030395507812,98.46124221186182,97.08064947279048,97.1045894723055,9501400
2018-06-25,97.83080291748047,98.50115339491151,96.96893243007611,98.01435307454638,8170500
2018-06-26,97.63927459716797,98.07021287531637,97.04075022560156,97.75099865944665,5496400
2018-06-27,97.04872131347656,98.13404587196466,96.92103320612311,97.46369548536715,5666000
2018-06-28,97.35995483398438,97.6871510473019,96.61778444293925,97.18438672815587,5296800
2018-06-29,96.83328247070312,98.30166576795645,96.7135824395056,97.55151310041909,7308700
2018-07-02,97.02478790283203,97.14449398947716,95.85167921301793,96.83325572879805,5481400
2018-07-03,97.92656707763672,98.5250914510064,96.76942239119059,97.08065457826244,4248100
2018-07-05,99.75405883789062,99.84982492623665,98.3415440436881,98.63681216120534,7319100
2018-07-06,100.35257720947266,100.48824126016494,99.44282073417686,99.88174100230387,7297900
2018-07-09,100.59200286865234,101.15062320439888,100.23288457695382,100.72766693754721,6706100
2018-07-10,101.65338134765625,101.76510541463091,100.63988271481334,100.84737287712555,5075600
2018-07-11,100.74359893798828,101.7012413804703,100.59995287604116,101.67730138489635,4827400
2018-07-12,101.9566421508789,102.31576045802672,101.48579977177539,101.9167380872496,6199000
2018-07-13,100.49624633789062,101.74915728602936,100.00944596104956,100.00944596104956,8250200
2018-07-16,99.50667572021484,100.63189839442303,99.0837194636506,100.55209636104382,7314400
2018-07-17,103.03396606445312,104.17514657821921,101.79701338007827,102.57110580037055,12858700
2018-07-18,101.98856353759766,102.98610423695402,101.48579912847867,102.79457203895382,7152000
2018-07-19,100.50421142578125,101.90874419213203,100.44834939630712,101.77308013319552,5984600
2018-07-20,100.43238067626953,100.66381081292303,99.84982040857648,99.99346649034402,5835500
2018-07-23,101.05484771728516,101.09475177548924,100.1131691756103,100.35258134782599,4631100
2018-07-24,103.23348236083984,103.440966422441,101.46983130620214,101.54165130710146,7158800
2018-07-25,102.64292907714844,103.12972935519453,101.86884272061216,103.05790935769807,6523000
2018-07-26,103.96766662597656,104.71781907739998,103.62451851739414,103.6644103982925,7640600
2018-07-27,104.98115539550781,105.55573964698708,103.69632285775653,103.72823879305783,6620400
2018-07-30,105.47595977783203,105.73133603663142,104.74177129929912,105.16472757305166,11013100
2018-07-31,105.75527954101562,105.85103955273152,105.15675511377002,105.5637473405732,7598900
2018-08-01,105.85102081298828,106.10639703503334,105.4041246014179,105.65151270589375,5770400
2018-08-02,104.74177551269531,106.13833251953125,104.61408737815917,106.05054844916398,6563300
2018-08-03,105.30037689208984,105.89890121566407,104.46244040368423,104.68588851032459,6498700
2018-08-06,105.35623931884766,105.76323145318068,104.55021881333433,105.05298311463409,5840000
2018-08-07,104.90936279296875,105.47595907576691,104.78167466441896,105.24453499765431,4664600
2018-08-08,104.67793273925781,105.18069716457642,104.45448458956308,104.93330901148659,3721500
2018-08-09,104.70184326171875,105.11682349873894,104.27888708481629,104.97317134180572,4057800
2018-08-10,104.34272003173828,105.04499233088832,103.95167983298316,104.69385618131331,4324000
2018-08-13,103.91979217529297,104.46244842537351,103.62452404963207,104.31880842164965,3778000
2018-08-14,103.34522247314453,104.11931507509655,103.22552245305349,103.48088655491813,4542800
2018-08-15,104.08737182617188,104.33477212676084,102.89032309116685,103.54471557793413,5377300
2018-08-16,105.72335052490234,106.04257085627312,104.19911758427011,104.55822980217802,7861500
2018-08-17,107.31143188476562,107.73438813811002,105.49191874814943,105.6994028156549,6700900
2018-08-20,109.23468017578125,109.42620016089307,106.93634293837357,107.67850723469834,7935000
2018-08-21,108.01371002197266,109.67360700265304,107.9738059592521,109.33045885267892,5832100
2018-08-22,107.42316436767578,108.2770528826122,107.27153623157226,108.18129287118285,4688400
2018-08-23,107.82215881347656,108.12541502426342,107.01615046750028,107.42314261065516,5057600
2018-08-24,108.49250030517578,108.65210434677395,107.5987079306197,107.82215602425872,4809400
2018-08-27,108.38809967041016,109.29589009087077,107.8177274080137,108.85404465355978,4325900
2018-08-28,107.90608215332031,108.3720148163796,107.56063494527838,108.27561664583769,6037500
2018-08-29,108.33988952636719,108.40415906143426,107.60080826033652,107.90608548736499,4648700
2018-08-30,108.41217041015625,108.93435570028777,108.13100503069319,108.2113327427576,4821900
2018-08-31,108.20330810546875,108.45234486199458,107.6248946188854,108.13100948418555,6139500
2018-09-04,107.42406463623047,108.25151493859626,107.19912740402383,108.2033158542891,4406800
2018-09-05,109.14324188232422,109.20751141830688,107.21520483548693,107.23126302586215,6174800
2018-09-06,109.95462799072266,110.30810432948054,108.5969630796577,108.85404123808573,6562000
2018-09-07,110.31611633300781,110.6133521487177,109.05484993784033,109.88230012062029,6375200
2018-09-10,110.22777557373047,111.23999323226664,110.10726559127731,110.48484147160708,4892200
2018-09-11,111.27207946777344,111.59342704035764,110.23576265931106,110.57316841690711,7856800
2018-09-12,111.95496368408203,112.46107859128037,111.31228061710128,111.58541693666612,6767700
2018-09-13,112.3807373046875,112.85471131103895,111.68182606623164,112.3807373046875,6456100
2018-09-14,112.05938720703125,112.75026926021457,111.74608094210849,112.4690916278816,4534800
2018-09-17,112.43695068359375,112.7904146360104,111.81032596420461,111.93083590407657,5295500
2018-09-18,112.90287017822266,113.1438777719595,112.33249820647274,112.68597437619938,4581200
2018-09-19,112.83865356445312,113.26442848818989,112.5092768096651,113.07964898682499,5049900
2018-09-20,114.05975341796875,114.18829249949675,112.87882665502345,113.1278757222945,5019300
2018-09-21,114.78274536132812,114.98358302481972,113.82675612180282,114.22039009702512,13283400
2018-09-24,112.84666442871094,114.47746523348978,112.65385586380192,114.15612988346594,6708000
2018-09-25,111.37654876708984,113.2403284123828,111.18374017194098,112.89488121167774,7982800
2018-09-26,110.9909439086914,112.4691063646687,110.83027620837383,111.62558561530173,7133300
2018-09-27,111.03913116455078,112.1316885717495,110.5169581296031,111.2238983873257,6450500
2018-09-28,110.99898529052734,111.31229163118437,110.38844305847189,110.94275710536384,6638500
2018-10-01,112.2200698852539,112.34860894910955,110.86240513640826,111.07127192155382,4871800
2018-10-02,112.85469818115234,113.055535847748,112.18791565707572,112.30038426004296,6439100
2018-10-03,111.68987274169922,113.48938313995045,111.56937501201884,112.90292816707469,5411800
2018-10-04,111.94694519042969,112.09154245865939,110.31614395520208,111.3042620625884,4738700
2018-10-05,111.74607849121094,112.66992682034275,111.31226228273532,112.308421485385,4309300
2018-10-08,111.97905731201172,112.2120236291805,111.360473820126,111.58541104296458,5174100
2018-10-09,111.82642364501953,112.16382949415956,110.70976657590379,111.45688915898229,4475300
2018-10-10,110.64546966552734,112.8386255294967,110.64546966552734,111.94690591379054,7265600
2018-10-11,107.52046966552734,111.3926264607421,106.74925975108361,110.79011335213768,11603200
2018-10-12,107.5445556640625,107.97837191218876,106.2270609895114,107.97033055986407,6998000
2018-10-15,107.60883331298828,108.69336175699311,107.25535701247826,107.55260513326712,6398700
2018-10-16,109.70557403564453,110.85437195701422,108.25151117156574,108.25151117156574,9592800
2018-10-17,112.03529357910156,112.46909756182157,109.42440381427356,109.44046200233662,8261100
2018-10-18,112.06745147705078,112.31648829680498,110.62945874774658,111.82644375342473,7583900
2018-10-19,111.70591735839844,112.46909807225697,110.79009805013641,111.13553296744207,5924800
2018-10-22,111.4086685180664,111.87461339222652,110.9748645362808,111.35244034364919,4864300
2018-10-23,111.60950469970703,112.059391379824,110.42054911908018,110.69368540981795,8282700
2018-10-24,110.43659210205078,112.55743689113456,110.19558450503217,111.28011256253815,8279200
2018-10-25,111.239990234375,111.73806382557379,108.49253187111056,110.42861031029939,9720700
2018-10-26,110.0349349975586,111.90674340625665,108.71744047592809,110.81418607674664,11371400
2018-10-29,110.50084686279297,111.74604239939141,109.4323893898745,110.05097261275445,6783000
2018-10-30,113.07160949707031,113.35278714153434,110.05904441277892,110.80615466976701,9646200
2018-10-31,112.46110534667969,113.61792043266873,112.15582805914994,113.27248540365376,9968900
2018-11-01,113.12782287597656,113.73836484078488,112.34857191320295,112.52531000320248,6913500
2018-11-02,113.01539611816406,114.0758251655928,112.19598704496366,114.0517256198023,7673200
2018-11-05,114.2364501953125,114.6702663737296,111.66573078709708,113.27243194950134,5601400
2018-11-06,114.5337142944336,114.74258106187614,113.32064690162215,113.69822270834585,5798900
2018-11-07,116.28504943847656,116.38144762938865,114.85508573518838,114.95952528078489,7173600
2018-11-08,116.72688293457031,117.12051701251731,115.68252436024142,115.93156116665557,5497100
2018-11-09,116.75901794433594,117.0803656622063,115.98780793777111,116.51801022047366,5343100
2018-11-12,116.98392486572266,117.48201063465048,116.2689432339393,116.47782226090088,7013600
2018-11-13,116.22879791259766,117.89174009634088,115.21658022998969,117.44186557073735,7432300
2018-11-14,115.88335418701172,116.73490408316346,115.32904016754979,116.50193774216667,6433100
2018-11-15,116.0842056274414,116.09223472354306,114.46143336908386,115.2085560840445,6657900
2018-11-16,117.28115844726562,117.88367139695907,116.12433162254904,116.25287066044139,8494300
2018-11-19,118.67903137207031,119.24941593516766,117.58647359931015,117.63467269458211,8714600
2018-11-20,117.6507339477539,119.49844342375351,117.57040621463491,118.4942548235539,8937700
2018-11-21,114.06776428222656,117.47396322512974,113.09570459296935,117.47396322512974,10275400
2018-11-23,114.26060485839844,114.66228034279231,113.75450208361296,113.95533982580992,3404900
2018-11-26,114.29293823242188,114.84270202635125,113.76743978983681,114.80227622240854,7590900
2018-11-27,115.78857421875,115.89367881234051,112.91043542515659,113.64614290785038,5962100
2018-11-28,118.3918228149414,118.48883483635548,115.9017447968273,116.28172499565689,8411400
2018-11-29,117.91486358642578,119.00628614136127,117.09830439032878,117.7289073783951,6900000
2018-11-30,118.76375579833984,118.84460740453284,117.30852557665057,117.50254969355682,12517600
2018-12-03,118.20587921142578,118.54543362321462,117.17912341678102,117.68846120257349,8827200
2018-12-04,118.06037902832031,120.45344564125435,117.89060794712829,118.29484125540473,9803500
2018-12-06,117.96337127685547,118.3999378377515,115.4409469527408,116.82343034531858,11572500
2018-12-07,117.57527923583984,119.11945323861681,116.516190076059,117.62379758911547,9444500
2018-12-10,117.43785858154297,117.93911628226249,115.10948306885865,117.5429631913461,6848100
2018-12-11,118.4403305053711,119.82281351121979,117.86631391935428,118.27054712927023,9857400
2018-12-12,118.92542266845703,120.04919056827961,118.84457108697136,118.84457108697136,8869200
2018-12-13,119.52369689941406,120.13004683782775,118.68289707941769,118.81225469363899,6008300
2018-12-14,107.52605438232422,117.53487451978839,105.2623455070311,116.69406237422936,58140200
2018-12-17,104.40538024902344,106.4346270520877,102.53782430493824,103.74244402634268,36933100
2018-12-18,105.44020080566406,107.36435504799991,104.4538706760818,106.75800516520196,24640100
2018-12-19,103.16842651367188,106.19209613232813,102.7480204145136,104.99555664520243,21232100
2018-12-20,103.70201873779297,104.89854590359163,102.48123239172828,103.25735962124628,16609600
2018-12-21,103.55647277832031,105.58573162287205,102.77226544124991,103.32202291728596,19732900
2018-12-24,99.3120346069336,103.48372524142152,97.82445901728128,102.91780108625177,7531900
2018-12-26,102.4407958984375,102.48122169321638,98.64100557741337,99.7809402064765,9253000
2018-12-27,103.00672912597656,103.00672912597656,99.49798098835483,101.76168986218242,9918700
2018-12-28,102.89353942871094,104.09007268696467,102.47313951901182,103.41096371711754,6537200
2018-12-31,104.3326187133789,104.73685201925312,103.0148141886381,103.62924437252717,7409900
2019-01-02,103.28160095214844,103.79093882224272,102.09315414607539,103.58882218632854,7631700
2019-01-03,101.64041900634766,103.70201124411044,101.3493705452962,103.59690664155212,8654500
2019-01-04,103.3462905883789,104.00922680882941,102.456978530764,102.77228002239009,8831700
2019-01-07,102.6833267211914,103.76667498405381,102.51354950491415,103.1845719783596,8404700
2019-01-08,105.06832122802734,105.504887749398,103.26543805673187,103.62923937913378,9351600
2019-01-09,104.23558807373047,105.29468963396559,103.75051553753482,104.96321538235507,7403500
2019-01-10,104.8662109375,105.01172900803189,103.23310490738604,103.23310490738604,6224400
2019-01-11,104.89854431152344,104.97130334688448,103.73435040086021,104.2921943444048,5300400
2019-01-14,103.7101058959961,104.25986965944716,103.15226190669378,104.08200600093852,7374400
2019-01-15,104.583251953125,104.68835657085974,103.20077464756517,103.90414289135303,5194400
2019-01-16,103.51607513427734,104.6236829478564,103.40289645314262,104.6236829478564,6264200
2019-01-17,104.36492156982422,104.712568526513,103.0471235967983,103.24924019090032,7632000
2019-01-18,105.65850830078125,106.05464906349356,104.65600521527377,105.01981273997322,10593000
2019-01-22,104.13050842285156,104.69643261840932,102.68335235922686,103.64542349167505,10568100
2019-01-23,104.13050842285156,104.53474175342457,103.42714020713453,103.8879659572633,9267800
2019-01-24,102.69951629638672,104.04965410489379,101.0583300040192,103.87988301877131,9917000
2019-01-25,103.6696548461914,103.84751846138245,102.69949752274361,103.58881559869889,7585100
2019-01-28,104.28410339355469,104.41344866437498,102.9097065752432,103.33010646190507,6927700
2019-01-29,105.3674545288086,105.48063936050961,103.88795915543136,104.25176666188314,6669300
2019-01-30,106.42652130126953,106.87118030898044,105.34317923609665,105.39976547186777,7299300
2019-01-31,107.59072875976562,109.29659365477421,105.8040122761665,106.4184547425255,17298100
2019-02-01,108.49620056152344,108.8923535829209,107.90602347757999,108.35068251461395,9575200
2019-02-04,107.42904663085938,108.45579033914532,106.88737548479271,108.3021920463198,7759000
2019-02-05,107.42904663085938,108.23751323744628,107.32394202441222,107.94646476562613,6449800
2019-02-06,107.52605438232422,107.98688625106307,106.96013024755617,107.59073318861498,5066100
2019-02-07,106.75801086425781,107.23500317016266,106.33760480226714,107.0813925511918,6085300
2019-02-08,107.04098510742188,107.08950347137852,106.34570325871584,106.67717756319466,4436700
2019-02-11,106.71759796142578,107.25926913739849,106.11932819848087,106.96822064950935,4962200
2019-02-12,108.46387481689453,108.5770596399325,106.78226292017284,106.78226292017284,6262300
2019-02-13,108.69830322265625,109.12678942070225,107.69581279834547,108.39109438434394,7902200
2019-02-14,108.58513641357422,108.99746223428228,107.80901546204156,108.57705618940703,3910400
2019-02-15,110.2586669921875,110.28292000068026,109.15105948073126,109.29658986790784,6665000
2019-02-19,109.7008285522461,110.25867244762095,109.65232253286055,110.0646360338582,5935500
2019-02-20,110.23440551757812,110.5416143802992,109.7331479293781,109.92718431863801,6089800
2019-02-21,109.4825439453125,109.78167263549676,108.55281230293264,109.12681667254142,6665500
2019-02-22,110.43653869628906,110.46887193123966,108.9974691846801,109.3774371242884,5223900
2019-02-25,110.84343719482422,111.89328289477803,110.56673849019964,110.96551891842013,6846600
2019-02-26,110.77019500732422,111.46195418314983,110.72136728536704,111.0387598961258,5106900
2019-02-27,110.57485961914062,110.8841183817934,110.18422546813001,110.29002713283454,4378100
2019-02-28,111.20153045654297,112.26764384984408,110.42839583238123,110.63998678085602,10133200
2019-03-01,112.59317016601562,112.80476109090871,111.50263061362483,111.67354005075751,5641600
2019-03-04,112.69896697998047,113.4558339408625,111.90955234309929,113.00009196865015,8377700
2019-03-05,112.93498992919922,113.23610251511066,112.60131724759906,112.9675376068499,6568900
2019-03-06,113.19541931152344,113.65116134996924,112.79665123690296,113.50467815962845,6236900
2019-03-07,112.50365447998047,113.21981510406259,112.06418014303007,112.73965927720404,6100400
2019-03-08,112.35716247558594,113.36631430181947,111.02248421149001,112.38157633752373,7046700
2019-03-11,112.76406860351562,113.14656897035267,111.91769247526054,112.39784828280945,6150400
2019-03-12,113.26864624023438,113.93599158014757,112.71524881321741,112.8373181226954,5552900
2019-03-13,113.45585632324219,113.80579668592755,113.13846364297694,113.60233952119238,6446900
2019-03-14,112.32463073730469,112.95941607383544,112.25952295688623,112.58504944093914,8493600
2019-03-15,111.9828109741211,112.51992836755007,111.35615952740974,112.30833741971671,11922500
2019-03-18,111.63284301757812,112.1292788511059,111.26662271173808,112.02347718260509,7369600
2019-03-19,112.66641998291016,112.97567878793387,111.87700534127195,111.99094083501163,5882500
2019-03-20,111.73052978515625,112.7234017306272,111.20967994638785,112.5769185344297,5475700
2019-03-21,112.38971710205078,112.94311450309966,111.45380690716586,111.49450081442816,5765100
2019-03-22,111.42125701904297,112.6257196582537,111.38056311258896,112.10486994253797,6528800
2019-03-25,111.1771240234375,111.50265049177347,110.46909712488547,111.42127508370886,4500300
2019-03-26,112.77220916748047,113.3418865730612,111.43751864863972,111.43751864863972,4758600
2019-03-27,112.87802124023438,113.51280653737959,112.36531768056392,112.78849959996833,6764900
2019-03-28,113.02448272705078,113.49650464979634,112.8861334007687,113.17096586616069,4602100
2019-03-29,113.76510620117188,113.83836022039657,113.02453153690627,113.35005804308629,7168400
2019-04-01,113.10587310791016,114.1719863773655,112.91056222986428,113.92784777980816,5885200
2019-04-02,112.07233428955078,113.13030146261649,111.4212689705609,113.13030146261649,5517800
2019-04-03,111.63284301757812,112.50364538869906,111.38869200767269,112.47108529775902,5947000
2019-04-04,110.33074188232422,111.50264455677963,109.97265533539141,111.38870905712265,5844600
2019-04-05,110.82716369628906,111.15270256040877,110.43652947738335,110.71322819835665,4759700
2019-04-08,110.79461669921875,111.09572928459525,110.43653015550726,110.72137511110631,4329600
2019-04-09,110.33074188232422,110.8922731476091,109.5087671037635,110.68068219625704,5210300
2019-04-10,110.33890533447266,110.7865136383669,110.13544814343358,110.59119026447446,4194100
2019-04-11,110.03778839111328,110.82719083708257,109.39485673830116,110.64815994052073,4485200
2019-04-12,110.66441345214844,110.96553848903034,109.66340771591136,110.0459081648386,5756800
2019-04-15,111.10391235351562,111.32363719070173,110.51795461826846,110.6807178962722,5380900
2019-04-16,112.32463073730469,114.50568550014586,111.9502641044084,112.56878180936407,10745700
2019-04-17,112.7315444946289,114.05807670773044,112.03978519688371,113.122178757171,9543700
2019-04-18,111.9177017211914,114.13131629247084,110.47722176150465,113.40700940526794,10485300
2019-04-22,112.16999053955078,112.70712036289376,111.0550493997943,111.4782313048177,4666500
2019-04-23,113.85460662841797,114.62775366803665,111.6979659864235,111.83631534666108,5790500
2019-04-24,113.28492736816406,114.04992816295717,113.00822865201609,113.65114771812905,5676300
2019-04-25,113.65115356445312,113.7488214360289,112.27579372766033,112.73153573488615,5218100
2019-04-26,114.2533950805664,114.35919677087878,113.37445871453117,113.83834697078814,4613600
2019-04-29,113.80577087402344,114.28592669356632,113.59417994118344,114.22083134349019,4275200
2019-04-30,114.91261291503906,115.11607009527745,113.08964452764911,114.09065037737061,6003700
2019-05-01,115.52295684814453,115.84849570955335,113.73253657352839,114.70912832167922,6656300
2019-05-02,114.9776840209961,115.68571080856746,114.03364002554304,115.49039992539568,8835600
2019-05-03,115.5718002319336,115.63690801303696,114.81494556043104,114.9858426200428,5281600
2019-05-06,115.63687896728516,115.75896068295421,113.87900657315639,114.1394376321546,5818900
2019-05-07,113.9115982055664,115.05909959319105,113.1710111467698,114.60335753179001,6606700
2019-05-08,113.76510620117188,114.68473658728878,113.6918645999874,114.09877894173255,4667300
2019-05-09,112.90245056152344,113.38261892580192,112.01538027073622,113.08149386656824,5604200
2019-05-10,113.1628646850586,113.32562791479351,111.01435776565765,112.65828252943037,4771600
2019-05-13,111.65726470947266,112.3571576973461,111.11200111932104,112.1862606710493,5560000
2019-05-14,111.34806823730469,112.17816471600538,111.27481420373715,111.52709915812909,7179400
2019-05-15,111.42125701904297,111.89327901422858,110.13540656692422,111.4131107869301,6429400
2019-05-16,112.47924041748047,113.2767888560257,111.47008862521301,111.81189509887525,6857200
2019-05-17,112.8047866821289,113.14659321590091,111.3805865823925,111.49452209364983,6915300
2019-05-20,112.65016174316406,113.08963617411942,112.04792406364888,112.80479117560984,4771100
2019-05-21,112.40601348876953,113.58607501110123,112.37346580545481,113.21984217007957,4859000
2019-05-22,112.92686462402344,113.0814940621059,111.89331112807072,112.59320429862692,5456800
2019-05-23,113.76510620117188,113.81394635333507,112.0397933659453,112.71527266340708,6951800
2019-05-24,113.77330017089844,114.30590332137173,113.53566799385032,114.30590332137173,5473300
2019-05-28,112.31476593017578,115.11710249763617,112.29837448741661,113.89619632373076,11919600
2019-05-29,107.61141967773438,111.34786835028166,105.3089158906695,111.34786835028166,23247400
2019-05-30,108.25054168701172,108.8323190772354,107.48030648150703,107.70154717953646,7360600
2019-05-31,107.46392059326172,108.16041310308287,106.20205460838218,107.76710601082272,7811000
2019-06-03,107.7015609741211,108.48817521874439,107.37379461968806,107.75072280153405,8434600
2019-06-04,109.5779800415039,110.04504242984054,108.63567829722241,108.65206974146454,6648900
2019-06-05,110.11061096191406,110.72515892456262,109.68452087363484,110.37281159107876,6860600
2019-06-06,111.99517822265625,112.7981963010544,110.28264145875698,110.53665253341111,9115800
2019-06-07,113.52748107910156,114.37964863964453,112.37212806181013,112.74085428990075,6533900
2019-06-10,113.91260528564453,114.01911842244166,112.74906273094581,113.56845995281894,4994700
2019-06-11,114.53530883789062,115.25638218108706,114.30587868378369,114.45336413870714,8230500
2019-06-12,116.09215545654297,117.10002272094091,114.96139615217768,114.96139615217768,9216500
2019-06-13,115.29737854003906,116.31342300466204,114.88767996481799,116.12496516090266,7500800
2019-06-14,114.78935241699219,115.93651601548413,114.7483800557944,115.72346473845933,6548100
2019-06-17,114.25670623779297,114.91222626127,114.06824845080733,114.71556650332555,5562800
2019-06-18,114.90409088134766,115.47766654567103,114.54355403434104,115.17449351660262,7122700
2019-06-19,115.08431243896484,115.51040240309311,114.64184353610575,114.7237757387799,6393400
2019-06-20,116.52645874023438,116.68213367554999,115.53498281897558,115.73983207929291,7335800
2019-06-21,116.4281234741211,116.70671546953888,115.54317316249397,115.9119118362603,11272200
2019-06-24,117.2229232788086,117.74733681600661,116.42810725325775,116.69850974161056,5894700
2019-06-25,118.18984985351562,118.79619574482935,117.32948034223693,117.39503361483999,7517000
2019-06-26,116.23149108886719,117.87028539394528,115.33833869031331,117.87028539394528,7674100
2019-06-27,115.28099060058594,116.76409748748951,115.20724785552645,116.54285674930237,5233500
2019-06-28,114.1256103515625,115.61691885630995,113.49467117624584,115.32193544344813,12792400
2019-07-01,114.1911849975586,114.92863741633023,113.66677133236347,114.8794755888132,5872300
2019-07-02,114.74015045166016,114.74015045166016,113.64216157245883,114.07644094263556,4501200
2019-07-03,116.46907806396484,116.50184843954271,115.36288721738855,115.53496607243557,3436300
2019-07-05,115.18267822265625,116.23969518106983,115.01878876912617,116.14137151135971,4652400
2019-07-08,115.51042175292969,115.60055594307484,114.42062200045062,114.81392914698911,4078100
2019-07-09,115.87094116210938,116.73950004452956,115.46124263243895,115.9119135156778,4217400
2019-07-10,115.7070541381836,116.34618278836982,115.26457276312803,116.1741039196247,4874400
2019-07-11,114.80571746826172,115.70705919535789,113.91257771332502,115.4858184981604,5817400
2019-07-12,110.04505157470703,114.81393699876595,108.4226485441519,114.81393699876595,17780100
2019-07-15,110.38096618652344,111.73296612282115,110.1679149823276,110.9381500987173,10038200
2019-07-16,108.57012176513672,109.65992146887606,107.95557390608877,108.9224565362136,10214500
2019-07-17,108.04569244384766,109.45505633005216,107.67696628242348,108.56191657164536,8862100
2019-07-18,108.21778869628906,108.5783129434079,107.48032375202654,108.26695052530488,6203100
2019-07-19,106.77565002441406,108.4799977469514,106.67732635871305,108.36528263596375,8340200
2019-07-22,105.40724182128906,106.64452693389829,104.7517216445594,106.52162237082725,12624800
2019-07-23,105.57112884521484,106.07096162122794,105.0139447686146,105.38267099613049,5803600
2019-07-24,106.34133911132812,106.34952858004972,105.34987576677153,105.6038868302033,6838600
2019-07-25,107.4393310546875,107.77528682670865,106.25120790069222,106.57077223180828,8897800
2019-07-26,107.11978912353516,107.586851514453,106.92314180357704,107.586851514453,4894600
2019-07-29,108.9961929321289,109.23381256187731,106.6936893522316,107.34100748382669,7832000
2019-07-30,108.2259521484375,108.56190790329046,107.56224261026799,108.54551646322302,5509600
2019-07-31,106.7018814086914,108.16040711039409,106.66909852606531,107.86542368179094,8559200
2019-08-01,106.75926208496094,107.12800084946738,105.71863658076079,106.73468116772848,7870700
2019-08-02,107.39836883544922,107.72612262827761,106.33315025424832,107.22628996726058,6574900
2019-08-05,106.65270233154297,107.71792079042648,105.71038840510573,107.26724999978296,9480000
2019-08-06,107.15257263183594,107.5212988618983,106.18567745875215,106.80022534319235,7880600
2019-08-07,106.69369506835938,107.26727050107287,105.03850953138038,105.99720257670296,6771700
2019-08-08,107.89818572998047,108.11942641010117,106.71006263815624,107.32461035837622,5260500
2019-08-09,108.19316864013672,108.78313544908549,107.52945910582066,107.99652137249066,4677300
2019-08-12,108.10304260253906,108.73398180735312,107.57862901104596,107.75070788617934,6852100
2019-08-13,109.323974609375,109.88117121553147,108.16043206779467,108.40625373218697,5013200
2019-08-14,106.73464965820312,108.60287383440337,106.62813654930986,108.59468436541346,7736200
2019-08-15,106.9640884399414,107.39838039152723,105.90707171677984,106.66091552380342,7251200
2019-08-16,107.63599395751953,107.89000503538651,107.01325671813575,107.72612813060198,5858900
2019-08-19,108.36528015136719,108.6274932579037,108.01294535534396,108.57012945222043,4958000
2019-08-20,107.01324462890625,108.7012003132116,106.89852955821574,108.12762495975905,7302000
2019-08-21,107.77526092529297,108.49633411575039,107.21807709848716,107.91455688199441,6912800
2019-08-22,107.56227111816406,108.26695319176577,107.17715344404402,107.83267368741912,7213500
2019-08-23,104.66161346435547,107.55407850431368,104.16997011328687,107.39840352938475,15714000
2019-08-26,105.50364685058594,105.73479623731615,104.53776362982269,105.18993871286773,8889500
2019-08-27,107.02263641357422,109.30111442961277,106.57685189182439,107.22076986585044,20183800
2019-08-28,106.23011016845703,106.3869642361575,104.85147099302795,105.55317628280372,9878800
2019-08-29,105.86687469482422,106.6593832002007,104.70286444356348,106.36218936151062,6749900
2019-08-30,105.9659652709961,106.57686739016177,105.35506945018003,105.89166993935004,7371100
2019-09-03,106.27964782714844,106.47776866374171,105.26423445117142,105.66048872105411,5710200
2019-09-04,106.37870788574219,106.9813464228359,105.73478997559907,106.89880027343318,4807200
2019-09-05,106.14755249023438,107.23725481607498,105.92465396577104,107.23725481607498,4754100
2019-09-06,105.84212493896484,106.68416377344026,105.72655024030955,106.39523332515073,6758300
2019-09-09,104.80191802978516,105.80082332707241,104.50472421045707,105.66873438588331,7684700
2019-09-10,106.9483413696289,106.9483413696289,104.2983615491243,105.12389870736659,8239500
2019-09-11,108.28568267822266,108.376492248652,106.56031343675953,107.20423126464236,6203600
2019-09-12,107.67479705810547,108.78102633687767,107.36935236445525,108.4425531053377,5250000
2019-09-13,107.9637451171875,108.61592650562966,107.28681121921761,108.41779305913515,5369800
2019-09-16,106.9400863647461,107.93899194749582,106.76673060200254,107.41064862844676,5101700
2019-09-17,107.04739379882812,107.73259110057327,106.58509504022813,106.98961275235133,4976400
2019-09-18,107.65829467773438,107.78212020226557,106.31266519324598,107.23726270093572,4373600
2019-09-19,107.41064453125,108.3022262100167,106.79149163738683,107.01439020625298,4730100
2019-09-20,108.68194580078125,108.97088880219253,107.55921492743629,108.14535176581228,12053100
2019-09-23,108.75626373291016,109.01217822230745,107.72434234231031,108.16187600418891,5183700
2019-09-24,108.59939575195312,109.61480274313101,108.42602743799834,109.05344362498228,7102600
2019-09-25,108.13709259033203,108.61590554610824,107.50967642918654,108.55811191160504,4522900
2019-09-26,106.37045288085938,108.40126694965718,105.69350646012971,108.21964779271487,7545800
2019-09-27,106.16407012939453,106.82448969490396,104.59554216957022,106.17232096511988,6006500
2019-09-30,106.80797576904297,107.55095399334476,106.49426769373166,106.55206132726556,6552100
2019-10-01,107.31157684326172,107.980259907949,107.12995766560627,107.33634194960591,7673000
2019-10-02,108.97087860107422,111.19982587130278,108.32696078071251,109.59828215517953,12051800
2019-10-03,108.30221557617188,109.27634332045515,107.32807523519196,108.67370475667488,6997600
2019-10-04,110.34130096435547,110.39083117899362,108.35175336507321,108.42604868703042,7233300
2019-10-07,109.92850494384766,110.47336236227527,109.08645371506812,109.87071131006245,5427200
2019-10-08,108.83881378173828,110.0110750118141,108.54988334004682,109.34239194224313,7870400
2019-10-09,106.67591857910156,108.35175809659302,106.09804505525935,108.2609485002251,7787700
2019-10-10,106.5438003540039,107.41886753512074,106.18882549991466,106.45299078256568,5119700
2019-10-11,108.41779327392578,109.48273063378828,107.99677387057493,108.26093920306067,7161400
2019-10-14,107.91419982910156,108.44254301591363,107.66653620475633,108.44254301591363,5700000
2019-10-15,109.6643295288086,110.82833969518259,109.0534402247756,109.79641846897046,10008800
2019-10-16,111.58784484863281,112.76010598282004,110.45686308750984,111.36494631144276,12434200
2019-10-17,112.41336822509766,113.5030830770662,111.98408547159237,112.24001251472646,8434000
2019-10-18,105.42106628417969,110.94391051026578,105.42106628417969,110.05232909022239,25868700
2019-10-21,105.68524932861328,107.04738032783989,104.89272827310491,106.22184333517046,13823600
2019-10-22,106.6594009399414,107.7656177358937,105.74305416796358,106.29616256593972,7613700
2019-10-23,107.23727416992188,107.71608724381188,106.55208939864059,107.039153309483,6693400
2019-10-24,105.2559585571289,107.79861381270045,104.10020559565575,107.66652488071635,12111600
2019-10-25,105.95770263671875,106.57685552490364,105.09913691095163,105.5284197738352,6947300
2019-10-28,106.64288330078125,107.31982981216498,106.08977492027607,106.1805845109081,7876300
2019-10-29,106.59335327148438,107.29506489091813,106.13105448081158,107.072166332309,4506300
2019-10-30,109.6643295288086,110.23395206114884,108.74798297606443,110.04408208260031,9627600
2019-10-31,109.00391387939453,109.66434608320486,108.05455124664607,109.2846060687841,7686700
2019-11-01,108.31047058105469,109.7964399569544,108.26094036797423,109.012182190887,5541800
2019-11-04,107.50968170166016,108.92960637209579,107.39410702368028,108.8057808587942,6140300
2019-11-05,107.66654205322266,108.53335848716901,107.05564009287947,107.75735163385887,6257300
2019-11-06,108.11234283447266,108.54161305159384,107.07215803932627,107.6665457517824,5450000
2019-11-07,108.50032806396484,109.28459833613884,108.15360401575428,108.74799169745687,5873700
2019-11-08,109.79643249511719,109.82944843602802,108.12059321740111,108.39302196752638,5003000
2019-11-11,108.95436096191406,109.40015796017582,108.41776699378877,109.1937737267901,4371400
2019-11-12,108.43431091308594,109.0452003490836,108.16188213891238,108.97090502795373,5228700
2019-11-13,108.36825561523438,108.54987477989393,107.9142077035855,108.17837301792005,5885400
2019-11-14,108.11234283447266,108.44255263174992,107.43539637434905,108.17012388048283,4217500
2019-11-15,111.39794921875,111.42271431755151,107.96371275575083,108.3517160992321,10495100
2019-11-18,111.30714416503906,112.01710641838359,109.51573056459041,110.8035661411936,9291800
2019-11-19,111.29891204833984,111.60435672842458,110.79533393980523,111.4475026721554,5192200
2019-11-20,112.22351837158203,112.5537281816781,110.67976798450289,111.53832104877074,7594400
2019-11-21,112.63626098632812,112.97473415156082,111.44748578910662,112.22349252044253,6424900
2019-11-22,113.98194122314453,114.44424009634479,112.68584161384423,112.80966717034447,9235800
2019-11-25,114.03175354003906,114.4224450856306,113.2503831328228,113.93200682506821,6111900
2019-11-26,114.02346801757812,114.16478011963056,112.34432610877211,113.44159092560652,10636500
2019-11-27,114.50559997558594,114.92122828765703,113.79902677147729,114.01516161149473,5523000
2019-11-29,114.2894515991211,114.93783060248259,113.83225802393886,114.38089031415754,3278900
2019-12-02,114.181396484375,114.58871674679405,113.75746022395613,114.48064933995538,4717100
2019-12-03,114.01514434814453,114.25620315169981,113.1838878498652,113.8073302235747,5741400
2019-12-04,115.86054992675781,116.15980281259584,114.74665643371284,115.12904005382725,7257300
2019-12-05,116.0101547241211,116.16809548802979,114.67183125622051,115.83559796272442,5472900
2019-12-06,116.69180297851562,117.68930833959602,115.92704844555503,115.92704844555503,6640400
2019-12-09,116.79153442382812,117.0492219009513,116.4257795463757,116.70009570446501,4241000
2019-12-10,116.36763000488281,117.20719470569418,116.3011279468031,117.04094590248023,5310300
2019-12-11,117.1905517578125,118.02180835668698,116.89961955858789,117.14898639107496,6631500
2019-12-12,117.48980712890625,118.08831290748824,116.98274008549564,117.47319112903462,5012400
2019-12-13,117.52307891845703,117.87220521814474,116.63362814137069,117.29032805199854,4257200
2019-12-16,117.86385345458984,118.74499599837903,117.61448665197435,117.81398009406674,5353100
2019-12-17,119.335205078125,119.7425254111605,118.47070372544229,118.86970337406737,10722400
2019-12-18,119.02766418457031,119.601233410647,118.65360115833793,119.46822927741745,7849200
2019-12-19,120.8231201171875,121.26368498463816,119.37672944723869,119.60948021932712,9414700
2019-12-20,121.41334533691406,122.892981172204,120.36596651493566,122.09498188421189,14532800
2019-12-23,121.72919464111328,121.99519010524125,120.81480748699641,121.14731767211465,6558700
2019-12-24,121.30525970458984,121.37176174926884,120.74831934986727,121.363453750172,4238900
2019-12-26,121.22212982177734,121.51306196936814,120.66518952145194,121.33850521760704,3019300
2019-12-27,121.15563201904297,121.82063974016052,120.9810625772123,121.52969489843181,3432700
2019-12-30,120.7815933227539,121.52971923132264,120.55715047659535,121.1805929617259,2923300
2019-12-31,121.25538635253906,121.37176175974534,120.34931977614958,120.61532795488856,4435000
2020-01-02,121.33856964111328,121.38013502254265,120.59875151397546,121.25543887825454,5777000
2020-01-03,119.93370056152344,120.8397672062959,118.86969313420057,119.2853214318726,5752400
2020-01-06,119.7840805053711,119.86719855455371,118.74500976082058,119.70094977221945,7731300
2020-01-07,120.51558685302734,120.90627849741892,117.52307049143846,119.70926687919537,7382900
2020-01-08,120.49894714355469,121.34681963633166,119.4515558417034,120.42412441915994,6605800
2020-01-09,120.85639190673828,121.38839560286686,120.52389435314616,121.16395277800943,6112700
2020-01-10,120.58209991455078,121.51310339860889,120.44909579283643,121.15566909096914,5042600
2020-01-13,121.11408996582031,121.18890001930131,120.2994620097645,120.93121249022028,4593200
2020-01-14,121.7956771850586,121.87048720824957,120.30772129822698,120.57372940374768,7037500
2020-01-15,122.2029800415039,122.5271694803872,121.56292184419851,121.69591320797218,4960300
2020-01-16,123.1922607421875,123.72426461066226,121.52974706770732,122.54388142385805,6476000
2020-01-17,123.99855041503906,124.19805657317607,122.9677876239523,123.36679994022631,9083600
2020-01-21,124.0816879272461,124.8298138641635,123.441616733413,123.5081187897566,9543900
2020-01-22,123.23381042480469,124.00687309666763,121.36348277923429,121.9453599543953,10305300
2020-01-23,123.46656036376953,123.6660665440221,121.99523240883798,123.059240002243,8671900
2020-01-24,123.2919692993164,123.81565226552742,122.96776708999256,123.5080914215648,9051900
2020-01-27,123.64942169189453,124.23961947049649,122.19472261316636,122.62697960521416,7587100
2020-01-28,124.27285766601562,125.1623082874486,123.15065621885542,123.40835641102434,7336600
2020-01-29,125.1373519897461,125.6776763426601,123.96528992652819,124.23128541949656,6288600
2020-01-30,124.98772430419922,125.11240770207766,123.89878034950348,124.71340814489945,6470600
2020-01-31,123.74917602539062,124.688500118487,123.55799054338725,124.48068595162286,8651700
2020-02-03,124.82978820800781,125.09579637870978,124.05672574434469,124.20634582738876,5765200
2020-02-04,126.01848602294922,126.97442589060093,125.68597582431204,125.92704730381989,6541400
2020-02-05,128.00518798828125,128.03012466758727,125.77741405986232,126.11823225566741,5979900
2020-02-06,127.62286376953125,128.42918393256357,126.96617643587274,128.22136971908046,6201200
2020-02-07,126.25955963134766,127.56463853167294,125.97693544232375,127.46487911839438,5700300
2020-02-10,126.23465728759766,126.27622266410636,125.42833718242268,126.08502446896074,4835600
2020-02-11,126.34270477294922,126.66689436415362,125.96862912743102,126.59207162466794,3715300
2020-02-12,125.59457397460938,126.47570406271913,125.4532618551928,126.24295319733055,5166800
2020-02-13,124.76327514648438,125.55296622206434,124.58871839834947,124.82146918517374,5480200
2020-02-14,124.79651641845703,125.22045257895576,123.98187608562662,125.15395055072685,5716300
2020-02-18,123.97362518310547,125.30364099227607,123.90712312424985,125.07919812913474,7230700
2020-02-19,123.80732727050781,124.48895090646694,123.5080744663398,124.03177004462523,6115200
2020-02-20,123.33353424072266,124.17311150102915,122.52721434651062,123.53304038538306,7464700
2020-02-21,124.63031005859375,124.88801028830103,122.64360706704582,123.10080078559672,7776800
2020-02-24,122.06208801269531,124.64704720321076,121.50995708903599,122.55565379376091,10588900
2020-02-25,121.00798797607422,122.76476311638812,120.32201774323065,122.12898427072223,10529000
2020-02-26,120.19656372070312,122.32142671126405,120.12127661662934,121.59362584217787,10093800
2020-02-27,116.38184356689453,121.10839981142762,116.23963036247207,119.25960262423378,12566700
2020-02-28,112.50021362304688,114.85093741591878,109.43842383785365,113.2363880761329,19820300
2020-03-02,117.13475036621094,117.22677217481329,112.10703309643341,112.75118575664989,11508200
2020-03-03,113.4288330078125,117.94625135177185,111.34581291699273,117.1180547974989,13662500
2020-03-04,120.02924346923828,120.16309570709146,114.72547300161278,115.1772083483023,10560500
2020-03-05,118.79949188232422,119.3599837146717,116.98416416013444,117.78726474616786,11339200
2020-03-06,118.81623077392578,119.63605334325271,114.95134018224766,115.84644984404466,12239100
2020-03-09,114.1398696899414,116.85030692631612,112.8515644166088,114.04784788470336,13848600
2020-03-10,118.48997497558594,118.74930569514643,112.29108234443764,117.09292582209613,12698100
2020-03-11,110.25825500488281,116.07232570336012,110.00728526120257,115.52019482023385,17763400
2020-03-12,104.91262817382812,111.89787224660493,104.15135815507485,106.50208154575745,21539200
2020-03-13,112.34125518798828,112.86829028254604,104.27685107381652,108.18357785429106,20084200
2020-03-16,106.35150909423828,111.89788074864889,102.41969300847624,103.37336765706405,18877900
2020-03-17,114.2653579711914,114.41594492215998,106.92038593516335,107.53944292940959,18911800
2020-03-18,112.90179443359375,113.4957430503924,107.67331058573798,109.60575617352897,17521100
2020-03-19,106.28459930419922,112.92686579525501,105.5316965158991,112.92686579525501,18482300
2020-03-20,100.29483795166016,106.61084709725675,98.82249555490932,106.10054671626513,19785100
2020-03-23,92.9749526977539,99.18220465531839,91.31857326532028,97.8771776621981,20815200
2020-03-24,99.70088958740234,100.09407250140869,95.25040543888326,99.34953708730414,17604800
2020-03-25,99.88494873046875,103.69964819889782,97.62624005908886,99.47503741660624,13986100
2020-03-26,105.88304901123047,106.32642332472885,100.70475768261117,100.86370559968614,15066800
2020-03-27,103.03040313720703,106.76144803815943,100.87208370846153,101.76719979027717,12133200
2020-03-30,111.2704849243164,112.09032029145706,106.66105867045363,107.46415931697769,21754000
2020-03-31,109.69774627685547,113.52917966435184,108.79426299743783,112.92685747807342,15746100
2020-04-01,107.7569351196289,108.94484485847839,104.98793272130753,106.82835608058348,12606100
2020-04-02,111.38758850097656,112.0986672424095,106.42681032401889,108.01626393271002,11594500
2020-04-03,112.2408676147461,112.75952894604018,110.07418773063512,110.7434359817283,10071200
2020-04-06,116.91722106933594,117.92946082334988,113.38694892404273,114.6166889386986,14994400
2020-04-07,115.00988006591797,118.81621787174177,114.82583646107551,117.00089028293192,11567100
2020-04-08,119.84517669677734,120.57299012156402,114.85930306538447,115.23575124242612,10758200
2020-04-09,118.14698028564453,121.65215730764665,117.35225342795968,120.47260848721544,11125400
2020-04-13,116.92562103271484,118.3645006546665,115.31105875576309,117.11802564354217,8153200
2020-04-14,122.16242980957031,123.32524364434894,120.50605035938413,121.65212947834526,13838000
2020-04-15,123.52606201171875,123.73520135031443,120.07943703156239,121.7609254833771,11962300
2020-04-16,125.20751190185547,126.05243006035457,122.50543577807355,124.06979362370788,12181700
2020-04-17,127.17343139648438,127.40766639549274,125.1489644679978,127.14833570122278,10920000
2020-04-20,126.88064575195312,127.99326850670207,125.55888366957885,126.26158874683559,12226200
2020-04-21,125.21586608886719,126.85552369326379,124.28729992142414,125.58395327137553,9951100
2020-04-22,127.9848861694336,129.6663614875718,126.93081596461164,127.83429924095213,11515600
2020-04-23,130.093017578125,131.339492516462,128.57885094881456,129.03896000423097,10665000
2020-04-24,129.54930114746094,130.7539460473677,128.52869992753187,130.14326261736264,8653400
2020-04-27,129.07240295410156,130.54475177487453,128.8298069860513,129.50741626613447,8924000
2020-04-28,126.64643096923828,128.0769498153829,126.06920429035279,126.5293134376422,8558700
2020-04-29,125.68435668945312,126.84717067174259,124.7808733934164,126.63803137446139,9285200
2020-04-30,125.51705932617188,125.84331618246432,123.10778283541693,124.19530994467581,14829600
2020-05-01,124.05309295654297,125.2075462693683,122.79825683907302,125.16571584581534,7309000
2020-05-04,124.0363540649414,124.71396343348806,123.04920981624466,124.45463271365924,7198400
2020-05-05,125.06532287597656,126.13611525466298,124.34588304984175,124.64704420415056,6562300
2020-05-06,123.87736511230469,125.75125743334097,123.84389568317438,125.48355305968703,6191600
2020-05-07,123.46746826171875,125.09039119555779,123.08265911618223,124.95653898630628,5570500
2020-05-08,124.39607238769531,124.79761633183887,123.71846299293684,124.58011602143857,4712100
2020-05-11,124.73902893066406,125.56722504995733,123.91083281137081,124.18689818446856,5887500
2020-05-12,123.09101104736328,125.76799121143496,122.99898925587105,125.56722567715978,7039200
2020-05-13,123.08268737792969,124.60521512200212,122.14573446287909,122.20429960469258,6970500
2020-05-14,123.50927734375,123.60966010092878,120.68171054464185,121.62702405756554,6871400
2020-05-15,125.85164642333984,125.88510308927984,121.85290468900381,123.70168864732248,10340400
2020-05-18,125.91863250732422,128.51195297552334,125.86844110207932,127.56665172541882,7388400
2020-05-19,124.66378784179688,126.40382877283226,124.14511357153489,125.56727136934522,6107300
2020-05-20,123.54276275634766,125.80983841401262,123.1997840012264,125.27444230972698,5713400
2020-05-21,122.7313232421875,124.22875514558982,121.98678777918171,124.22875514558982,6487300
2020-05-22,121.61096954345703,123.22829202558063,121.34984115853128,121.77945107868084,6140900
2020-05-26,121.77103424072266,123.35466832223885,121.55202621271349,123.14407923068993,7072300
2020-05-27,122.04903411865234,122.35228297613472,120.46539976809544,121.56889759208708,7950000
2020-05-28,123.8011474609375,124.76143344699602,122.82401074436108,123.00091128144562,6189600
2020-05-29,125.30050659179688,125.80592554123336,122.41964942801962,124.63505073326537,8504000
2020-06-01,123.9864501953125,124.95515498915971,122.99246288243154,124.07067812984639,6141800
2020-06-02,124.87930297851562,124.96354373737316,123.08508021219887,123.87689707345294,6078300
2020-06-03,125.21629333496094,125.62905266282543,123.36311153531051,125.10679572607738,6339500
2020-06-04,123.59890747070312,124.9803709663442,122.63020309298761,123.65787856754996,8170500
2020-06-05,124.07906341552734,126.05017372093047,123.48941668143257,124.40758179976119,9725400
2020-06-08,123.6326675415039,124.34024391920657,122.76504137170036,122.88297076798413,7555600
2020-06-09,122.95034790039062,125.78908490382936,122.68920661512391,124.87933843388338,8247200
2020-06-10,124.50027465820312,126.37872577344436,123.48944957998685,123.48944957998685,10137100
2020-06-11,118.66275024414062,125.65431142320519,118.56167158214811,125.15732419728931,11913300
2020-06-12,119.74092864990234,121.05501511827882,118.16572666947965,120.32215648424787,8687400
2020-06-15,118.98280334472656,119.95150775274806,117.41602042902721,118.77221431225801,8649600
2020-06-16,121.68682861328125,122.495483675133,120.26324403702712,121.3751479604084,7579100
2020-06-17,121.31614685058594,122.49544042159926,120.85284835721073,122.05741158665033,5100100
2020-06-18,120.80231475830078,121.40038050714583,119.50507891544808,120.0526181983849,4797400
2020-06-19,121.15613555908203,122.88296893510494,120.66756725223935,122.80714708242901,12206900
2020-06-22,120.78545379638672,121.01289356704699,119.63984886170579,120.85284383411329,5285600
2020-06-23,120.33903503417969,121.36671086375195,120.18740419943141,121.08031277441897,5921600
2020-06-24,117.77827453613281,119.7746550320524,116.85167738218713,119.1850081401498,8211200
2020-06-25,117.65189361572266,118.41002193803655,115.85767072491613,118.41002193803655,7421200
2020-06-26,116.08512878417969,117.59295387773787,115.41967291026624,117.5339827624941,12849700
2020-06-29,117.1212158203125,117.67717407034658,116.22832018722961,116.86851920969453,5309800
2020-06-30,118.4605712890625,118.78908973388968,116.11039000016741,117.42446377947611,7738300
2020-07-01,118.24998474121094,119.10076000027833,117.98042454823664,118.51111314481888,6174800
2020-07-02,118.74695587158203,119.47980166071851,118.2078484116804,118.98281458195551,5152200
2020-07-06,120.44011688232422,121.10558564950576,119.5135325357922,119.75781024120968,6156400
2020-07-07,120.3305892944336,121.27402413307406,118.96596349901644,119.10074357691812,5622600
2020-07-08,120.68440246582031,120.78548111860691,119.36189677628344,120.34745220096777,6257400
2020-07-09,120.02735137939453,121.66151177144171,118.41844779423093,120.25477832137835,5738600
2020-07-10,119.92627716064453,120.34745536277178,119.13446008411111,120.24637670732962,4282400
2020-07-13,122.31855773925781,123.52312101721378,120.6928034794488,120.97078258667013,6951900
2020-07-14,124.60133361816406,124.99724207967505,122.36066293245004,122.41121510370913,7447100
2020-07-15,124.88774871826172,126.53035389519658,124.86247905584777,126.12601358989738,8512800
2020-07-16,125.72166442871094,125.79747340286235,123.55680279792529,125.24151521908054,9304700
2020-07-17,125.8058853149414,126.8419796913246,125.24992721899581,126.3534116239785,7441100
2020-07-20,126.0165023803711,126.62299991941414,125.03093423942374,126.54717808703134,6191500
2020-07-21,126.13444519042969,127.76018678553318,125.93227503808329,126.01651581489544,5575900
2020-07-22,126.36186981201172,126.6988200596832,124.54238988793654,126.29447976247742,5910200
2020-07-23,126.02494812011719,127.069474738038,125.74696895115424,126.53036712792967,6566300
2020-07-24,124.769775390625,126.858827672092,123.85161037078673,126.77458692482853,5405900
2020-07-27,123.97797393798828,125.44367828924926,123.70842664948151,124.13802366553998,5675200
2020-07-28,123.68319702148438,124.66033357189728,123.61580696421392,124.16333350619504,4842200
2020-07-29,123.4388656616211,124.22226357181145,123.04297009267371,123.31251737933309,4489100
2020-07-30,123.69160461425781,124.24756289574498,123.10195773389476,124.19702357076214,5922500
2020-07-31,122.78187561035156,124.20546011475548,121.26564423257064,123.54000415258184,8259600
2020-08-03,124.1211929321289,124.49181886846532,123.11035519544637,123.31252531345002,4078700
2020-08-04,124.01166534423828,124.01166534423828,122.8323719524761,123.81792704130606,4162200
2020-08-05,125.00567626953125,125.77222362713479,124.50027017529051,125.59533599281875,5467500
2020-08-06,124.28965759277344,125.72166053574637,123.40518102838755,125.00565263759223,4837900
2020-08-07,125.17415618896484,125.2162637229326,123.9527292237977,124.25597801772359,3635100
2020-08-10,124.69400787353516,125.51951348708297,124.43287946489619,125.39316517752789,4096600
2020-08-11,123.8011474609375,125.70486870253664,123.29572837213139,125.62905969521813,6388400
2020-08-12,126.06703186035156,126.55559999830054,124.23912045044028,124.28122797773294,5257300
2020-08-13,124.66873931884766,125.67114542801298,124.27283080760861,125.12360609062347,5155500
2020-08-14,124.87091827392578,125.79750260868047,124.31495996106972,124.34022962498693,4240200
2020-08-17,125.50267028808594,126.5471838783103,124.86247127127783,124.93829310713052,4306900
2020-08-18,126.42921447753906,126.43764626404017,125.14884255601274,125.73005742460047,4322600
2020-08-19,126.68197631835938,127.6843824737742,125.78066166948834,125.99966970254616,7816300
2020-08-20,127.5495834350586,127.68436352155261,125.9743813408363,126.14285002228557,4874700
2020-08-21,128.67835998535156,129.42805667274442,126.85044812627774,127.85285430620117,6722800
2020-08-24,129.01756286621094,129.6535351043399,127.49123984581202,129.5178708604275,5387900
2020-08-25,128.9412384033203,129.7976892258251,128.50029406593603,129.55177273542557,3863500
2020-08-26,129.14474487304688,129.4415241077443,127.73712343420434,128.7716391481598,8008300
2020-08-27,129.72132873535156,129.9587572535178,128.79705250828414,129.24647169901908,5575400
2020-08-28,130.28097534179688,130.3318510283549,128.8055157372014,129.51781416566146,5395700
2020-08-31,130.0859832763672,130.92545821280174,129.11081824038905,129.7383154042649,6362700
2020-09-01,128.48329162597656,130.65407372476224,127.25374849302644,130.47599589279037,6307700
2020-09-02,130.44212341308594,130.86610482718078,126.55845210731086,127.86430916961316,6881900
2020-09-03,126.81285095214844,131.83278963563768,125.7528973549872,131.2900939114466,8672800
2020-09-04,125.99879455566406,127.99998736395207,124.76077606225823,127.33857738771914,7200100
2020-09-08,124.87101745605469,127.94912705809057,124.56575028115122,127.40643129591638,8756800
2020-09-09,126.94001770019531,128.12717328185033,125.60023503827736,125.62567288498785,6960700
2020-09-10,124.57421112060547,127.00786008072619,124.24350616456508,126.55844085684782,6191800
2020-09-11,125.31192779541016,125.94789982560971,124.33677585799113,124.69291864223679,3934700
2020-09-14,125.79530334472656,126.7450176670361,125.50698612069355,125.60026255869803,4375800
2020-09-15,126.25320434570312,127.69473878705806,125.93946219157137,126.72806153213648,3658800
2020-09-16,125.8376693725586,127.24529067027554,125.79528158534174,126.67715716938893,4323000
2020-09-17,124.79469299316406,126.03272446623546,123.84497872706204,125.53241654351929,5461400
2020-09-18,126.49908447265625,126.89762802433205,123.97215894796209,124.23502534611305,12174000
2020-09-21,123.03943634033203,125.43916024147275,121.2247960398819,125.14238095513204,7574500
2020-09-22,122.28475189208984,123.25142921009935,121.86924535739965,122.6917705157547,5295900
2020-09-23,122.47977447509766,125.1169398512738,122.42889876669686,125.05757623221407,8784400
2020-09-24,122.67477416992188,123.16659413635116,121.54698211673002,122.58149774630796,5614800
2020-09-25,123.51426696777344,124.01456192422062,122.01336915954614,122.10664558692491,5531200
2020-09-28,124.74381256103516,125.74440249074992,124.15871613754032,124.42158254487605,5843200
2020-09-29,124.7013931274414,125.43064157012931,123.85343042379893,125.1593002331834,6768600
2020-09-30,126.24468994140625,126.96545046750916,124.51483880099154,125.03209656155192,8487700
2020-10-01,124.92186737060547,126.89760901522325,124.19261895325681,126.60930481133471,6457800
2020-10-02,124.00606536865234,125.84614280765837,123.65839756904126,123.98062752369383,5485600
2020-10-05,125.69353485107422,125.82073704718707,124.15872409907475,124.65054412516017,4992800
2020-10-06,124.02303314208984,126.01575087630806,123.69232817118612,125.73592160263793,5118200
2020-10-07,125.39671325683594,125.69349240310034,123.64142446657449,124.21804576200425,5603100
2020-10-08,126.25320434570312,127.06725447879452,125.5324306555817,125.92249930951648,4413500
2020-10-09,128.0169677734375,128.44942422053524,126.72806046476859,126.89765046722528,5054100
2020-10-12,128.75466918945312,129.8570234235897,128.05934641766225,128.55116639716584,7273200
2020-10-13,125.80377197265625,127.2961819665914,125.30347698444285,126.3464676921678,11057600
2020-10-14,125.58331298828125,126.37191228920102,124.98125362503558,126.19384732268436,7706400
2020-10-15,124.81166076660156,125.41370717714955,124.08241215828662,125.05756431339857,5978600
2020-10-16,125.58331298828125,126.14295867907805,124.65902357663192,125.1593315304395,6097000
2020-10-19,122.37799835205078,126.2616566166598,122.21688334871612,125.94791451893585,7250800
2020-10-20,122.57304382324219,123.59059674900712,122.20841303600135,122.6663202628724,5325400
2020-10-21,122.04728698730469,123.2429177130719,122.03033704627538,122.20840199928718,5221300
2020-10-22,123.02244567871094,123.53970350889999,121.97096713929294,122.2423214483888,5279700
2020-10-23,123.15814971923828,125.04910357009341,122.4034631732817,123.70084551701731,4154400
2020-10-26,122.08121490478516,122.75958778564949,121.04669917271652,122.47127057753374,6929500
2020-10-27,121.38587188720703,122.35254897951224,121.19084406249159,121.88617978200385,4890100
2020-10-28,117.3241195678711,120.39374039824452,117.17147955380975,119.92735832595145,8426100
2020-10-29,116.33203125,117.61245055921017,115.36535407045695,117.01887912245337,7205400
2020-10-30,116.26417541503906,116.62879319391492,113.33021855027702,115.89954469727822,7364100
2020-11-02,117.60397338867188,117.87531478087698,116.58642052485112,117.84987692969796,7088000
2020-11-03,117.44285583496094,119.52885015878577,116.83232154207982,118.73176300203065,6363000
2020-11-04,118.20600891113281,120.868611580322,117.61243754008149,118.28233539653515,10263500
2020-11-05,118.51128387451172,120.26657319380837,118.08730244730612,119.18118177527292,8016200
2020-11-06,120.62271881103516,121.41980598271482,118.41801016336316,119.05398231878162,5942500
2020-11-09,123.87043762207031,126.33801307790992,122.88679742856269,125.86314292529721,12351600
2020-11-10,125.7359619140625,126.13450558868075,124.02307290435571,124.86256099450918,7386500
2020-11-11,125.32891845703125,126.5160613343652,124.53183126558405,126.49062348262855,6382400
2020-11-12,125.75289916992188,126.0496784180783,124.43855410269526,125.16780270562258,4710300
2020-11-13,127.1095962524414,127.54206548548329,125.8461401829083,126.42274857511985,5893500
2020-11-16,127.9151840209961,128.29676466477667,127.02482055958502,127.97453468435175,6266400
2020-11-17,126.64319610595703,127.72858699847247,126.44815542796812,127.1943665186525,7297700
2020-11-18,124.96430206298828,126.99093309748677,124.96430206298828,126.23624655172512,6661000
2020-11-19,124.76923370361328,125.04058798380859,123.45488890404623,124.90491084371094,7987700
2020-11-20,124.10784149169922,125.44762432845374,123.91281366184032,124.69293792016204,6354900
2020-11-23,122.84412384033203,124.67137315542429,122.1354225740344,124.67137315542429,7318300
2020-11-24,122.84412384033203,123.6040543258425,122.62212621414497,122.95512916782272,11034800
2020-11-25,122.68194580078125,123.10033966505496,121.98179110105823,123.00641504363843,7594600
2020-11-27,122.95513916015625,123.51868667488452,122.2891331986757,123.38206672668457,3059000
2020-11-30,123.53572845458984,123.68942912123683,122.15248759873005,123.1514963311613,15663200
2020-12-01,125.9009017944336,127.3353847945143,124.54327563686545,124.91042698828164,9738200
2020-12-02,126.4901123046875,127.83067125958033,126.11441392169087,126.24250002251067,7745500
2020-12-03,127.22438049316406,127.71961790014953,126.10583265531409,126.40467405396252,7310500
2020-12-04,128.30882263183594,128.34297110665446,127.45496744461445,127.89896276123636,6747100
2020-12-07,127.19879150390625,128.00141735862752,126.80601243692549,127.5232606014645,6634700
2020-12-08,129.40174865722656,129.90552006129795,127.69403838271033,128.0782705887174,8339800
2020-12-09,130.7252197265625,131.0667565516613,129.58104400201253,130.4946752037837,8440100
2020-12-10,129.99942016601562,130.62273065076928,129.51271657561287,130.48612375641838,7392900
2020-12-11,130.59710693359375,130.98988592803477,129.12847543422805,129.38463451505547,5977400
2020-12-14,127.28416442871094,131.04965487935598,127.21585446883809,130.85327188771694,8547300
2020-12-15,128.56497192382812,128.71865959190723,127.67695530116495,128.07826825065393,7612600
2020-12-16,127.79647064208984,128.863789344949,127.69401221582905,128.2490127297987,8486100
2020-12-17,131.16920471191406,131.39974921662196,128.04410522371182,128.15509751733185,9920300
2020-12-18,131.9291534423828,132.43293787859088,129.50420796339762,131.19483749831878,17137200
2020-12-21,130.6569061279297,130.98990908323293,128.12095553416094,129.79450417098957,7893400
2020-12-22,130.40074157714844,131.40828426145677,129.66642572820749,130.12750171298723,4699500
2020-12-23,129.73472595214844,131.15212832626236,129.70056445729665,130.4690417459478,4607300
2020-12-24,130.18727111816406,130.67396168655912,129.63227058724473,129.65788519459218,2114900
2020-12-28,130.80203247070312,131.38264754113763,130.04210214099228,130.9130377754357,3855500
2020-12-29,131.61322021484375,132.28775998873598,131.32291261741136,131.58760560499937,5212000
2020-12-30,133.24407958984375,133.52585331225285,132.00599240625982,132.12553158890668,5412800
2020-12-31,134.37973022460938,134.61880862883964,132.44147534928928,133.6539481218273,5099900
2021-01-04,133.6283416748047,134.37973843618465,131.60470897648426,134.26019922676483,11765900
2021-01-05,135.19940185546875,135.55801940337258,132.40730529776158,133.41484797585423,9602300
2021-01-06,136.47166442871094,136.8132012627795,133.81617450312353,134.2601828104487,8230100
2021-01-07,136.9327392578125,137.4962867550035,135.2079613234448,135.7629619311422,7747200
2021-01-08,136.65098571777344,137.55608320868535,136.51437878241794,137.05229871947301,8228900
2021-01-11,136.07887268066406,137.7439004209939,135.5665674772343,137.0949622563381,7066200
2021-01-12,135.02012634277344,136.32652375064075,134.337039580062,135.8910492621541,6903200
2021-01-13,134.81520080566406,135.30190453720064,133.84180637138766,135.1055084549332,6643100
2021-01-14,137.1717987060547,138.2818127969851,136.28379525058628,137.00103031409458,10030800
2021-01-15,136.8729705810547,137.82075023166735,135.8568809612598,136.8729705810547,7630800
2021-01-19,138.99053955078125,139.2125371982586,137.55606916007443,138.32453357955373,9057600
2021-01-20,138.64901733398438,140.15179785836062,138.15377973385202,139.34917185224256,6839900
2021-01-21,138.09397888183594,138.73437019388334,136.66804245713243,137.7439081998006,6818000
2021-01-22,139.64797973632812,141.02268672755147,138.2134966447595,138.6318902607988,8137000
2021-01-25,141.72283935546875,141.81676392006176,139.7419026687696,140.89459902100108,9924400
2021-01-26,145.56521606445312,148.2719352101054,144.63451711788528,144.89921011839587,14205700
2021-01-27,143.34521484375,145.9409289136206,142.97805033354805,144.40398695109363,14207300
2021-01-28,144.43814086914062,145.889692024092,143.27689733942037,143.61843418924576,8944400
2021-01-29,139.28936767578125,141.73992731006066,137.08642025413357,140.25421494789092,22505900
2021-02-01,138.9307403564453,141.15075534060705,138.83681579369437,141.15075534060705,9971400
2021-02-02,137.6841278076172,139.74192161990055,137.62435169986398,139.50284324647612,11443300
2021-02-03,137.0437469482422,137.91468281990115,136.24966793937313,137.41944528616548,8601900
2021-02-04,138.31602478027344,138.40140249302118,136.41191807994826,137.47070334264396,7758100
2021-02-05,140.41644287109375,141.26176395563408,139.91267158127337,140.7665265248845,9495300
2021-02-08,140.81777954101562,141.67163462896414,139.9297759822188,140.91170412184175,6035300
2021-02-09,141.97044372558594,142.24367049139076,140.86042986042577,141.0568128197971,5544200
2021-02-10,142.43153381347656,143.39639401988697,141.48375435313136,143.3536986691199,5921300
2021-02-11,141.7911834716797,142.91827851831317,141.39841740061325,142.5938093935922,4871300
2021-02-12,142.2351531982422,142.4656976731823,140.03220595572753,140.3737427099564,4413100
2021-02-16,140.94590759277344,142.63653752228979,140.57874302064698,142.2352244691462,5656100
2021-02-17,141.44961547851562,141.81676685665934,140.33960142728392,140.86045347284997,6676700
2021-02-18,141.51791381835938,141.87653130784125,140.288360695112,140.85190804806567,5189100
2021-02-19,139.16131591796875,141.70581377769813,139.10155282934224,141.39842538660045,8190900
2021-02-22,139.0753631591797,139.65101177518537,137.7178581547036,139.0753631591797,6447100
2021-02-23,137.8467559814453,140.20949951909526,137.81238146109442,138.74029685999426,7042800
2021-02-24,139.6940155029297,141.24054148780652,138.25918706725093,139.5307692725759,10286100
2021-02-25,139.84002685546875,140.64765754536126,139.17846819250278,140.15793213108728,9719700
2021-02-26,136.1455841064453,139.53934037901809,135.72458144801018,139.1870736511461,14417500
2021-03-01,136.8844757080078,138.78325494313503,136.6868549960872,138.71451901421108,10551400
2021-03-02,136.6267547607422,138.13890625995688,136.26590087263554,137.27972659016734,7610900
2021-03-03,134.22100830078125,136.52360282370586,134.08353644895482,135.96514145196235,8499600
2021-03-04,131.5146026611328,134.11791530538522,130.13991031847456,134.023405042952,11033200
2021-03-05,134.11795043945312,134.6248632934616,131.56618579532343,132.29648064176587,8331600
2021-03-08,135.23483276367188,136.89305582838068,134.0147995848375,134.8911662465491,6546700
2021-03-09,135.49258422851562,138.11308393292055,134.79665103538642,134.79665103538642,7461300
2021-03-10,136.73841857910156,137.38280323425292,135.20049297055766,136.4549008676696,6635600
2021-03-11,136.72987365722656,138.0100562864226,136.54085305130383,137.07354033524422,6305600
2021-03-12,137.12506103515625,137.73507117230423,136.7727942742457,136.85011728711697,5474800
2021-03-15,137.82958984375,138.035797667342,136.1799665851349,137.2539410850177,5524100
2021-03-16,138.64578247070312,138.9121260003291,137.67491861529598,137.86393914148948,6369100
2021-03-17,138.1302947998047,138.95509979558304,137.06490747771534,138.18184347328597,6001400
2021-03-18,137.87255859375,138.74892550190083,137.43438169469508,137.64917660580767,4801800
2021-03-19,137.5030517578125,138.75745932570527,137.01332636564632,138.06152617839572,14891500
2021-03-22,137.89833068847656,138.02720238902893,135.75038161233206,136.01672520016746,7544100
2021-03-23,137.76942443847656,138.4997190751999,136.5064296496308,137.64913984477874,7178300
2021-03-24,139.1097412109375,139.5994666566838,137.3140593931388,137.5546285787751,6370100
2021-03-25,139.16131591796875,139.57371844050945,138.01860551735155,139.56513136442894,6269800
2021-03-26,141.70449829101562,141.85057037341238,138.6544209158789,139.26443114688965,7619200
2021-03-29,142.65814208984375,143.50873441714012,140.58752969537517,140.75936295370772,8535100
2021-03-30,141.77320861816406,142.33168317511266,141.10304963785703,141.7818088038341,7236300
2021-03-31,141.20614624023438,142.09968708962163,140.64767173808426,141.7302462231555,8281500
2021-04-01,139.90020751953125,140.76797414429944,139.410468883843,139.7025998940968,7229700
2021-04-05,140.4156951904297,141.54981838931116,139.75413643445384,140.59612864844752,7387100
2021-04-06,140.38134765625,141.3522247533792,140.0462681525565,140.97418364971688,5074200
2021-04-07,140.57034301757812,141.14599164589208,140.32118675847164,140.518794350869,4608000
2021-04-08,140.02047729492188,140.99994135247147,139.91737995519185,140.90543108770623,5039400
2021-04-09,138.54269409179688,139.9861093560277,137.27969918057553,139.2901760600565,8418300
2021-04-12,138.8777313232422,139.2557722850705,137.76079569330443,138.40518012095683,5022800
2021-04-13,137.02194213867188,137.40857028926425,134.48736525141214,134.77089605785687,18424100
2021-04-14,137.40000915527344,137.5632553876875,135.35515737668248,135.60432681880113,7718300
2021-04-15,137.80380249023438,139.52216152776336,137.6663306208227,138.08733330463133,7524600
2021-04-16,139.393310546875,139.6252796121657,137.9498819237501,138.62004099911636,9049400
2021-04-19,139.77992248535156,140.14077632159334,138.19043508067853,139.616676273948,8353500
2021-04-20,143.03619384765625,144.16171685065797,138.32789404416854,138.32789404416854,14050700
2021-04-21,143.13070678710938,143.40565051421999,142.0137708382899,142.94168625223045,6333200
2021-04-22,141.91929626464844,142.86439917674372,141.43815773123333,142.4863580119056,7233000
2021-04-23,142.2113800048828,142.67533111914153,140.9054236272829,141.36078766703147,6015300
2021-04-26,141.00851440429688,142.11686313632308,140.69920930582873,141.94502988384895,6027800
2021-04-27,140.20086669921875,140.82807700426213,139.59085676038532,140.6991922480044,6217700
2021-04-28,139.16989135742188,140.21809139334957,138.886360549995,139.9259735105602,7448000
2021-04-29,141.07725524902344,141.12880391556035,139.0238170017333,139.1011400015387,6394300
2021-04-30,139.81427001953125,141.18896240116433,139.6338496743403,141.0343032809625,9079100
2021-05-03,141.94505310058594,142.03956337141045,140.14935795491994,140.5617735603573,6594100
2021-05-04,144.14453125,144.21326717503337,141.4810698726151,141.61854172268184,10179500
2021-05-05,143.5431365966797,144.68583388431426,143.30255425660738,143.91257751778684,7792300
2021-05-06,144.11878967285156,144.24766136780644,142.83002028314218,143.3025585713368,5529900
2021-05-07,144.771728515625,145.35596421325596,144.19607989235786,144.59989525808868,5316200
2021-05-10,146.29249572753906,147.37505716750394,145.39894171451908,145.974590400773,8357500
2021-05-11,145.09820556640625,146.80796399697266,144.58269273817405,146.61894350062323,8217900
2021-05-12,144.51402282714844,145.88871559030102,144.29922790228346,144.80614077855478,6758300
2021-05-13,146.02613830566406,146.66192267869957,143.4571871499105,143.4571871499105,8018600
2021-05-14,146.2495574951172,147.4438166550087,146.20659589165965,147.33211910802723,5797700
2021-05-17,146.39564514160156,147.68441483758727,146.32690918461046,146.4042322199592,5722600
2021-05-18,146.4471435546875,147.237587123651,145.65669998572403,146.04332813977678,5846000
2021-05-19,146.12924194335938,146.1979778723354,144.3765085295655,145.98318301054954,5533800
2021-05-20,146.97984313964844,147.42660703975736,145.79417123619598,146.00896611087714,4853200
2021-05-21,146.8853302001953,148.41466863132067,146.80799408308653,147.20322241373216,6501800
2021-05-24,147.44728088378906,148.13891543418322,146.77294082490852,147.74986193020214,5195100
2021-05-25,147.0409393310547,147.86224955052379,146.74699894797416,147.55101467672347,7444700
2021-05-26,146.1677703857422,147.04095095456393,145.48477646254756,146.9717861780485,5726400
2021-05-27,145.94296264648438,147.11873731117413,145.57121686171223,146.3320029211017,8114700
2021-05-28,146.3233642578125,147.84494958907104,146.25419948932384,146.55679370248293,6400800
2021-06-01,143.10726928710938,147.14466849246205,142.97759359633483,147.10143886492716,10448400
2021-06-02,143.6865234375,144.14472851223897,142.744178147326,142.90844283295533,6806000
2021-06-03,143.54820251464844,144.5078423535368,143.26291594985636,143.4185268033793,5808800
2021-06-04,143.48770141601562,144.87097065959273,143.40124214135463,144.3868171900575,6510300
2021-06-07,142.51080322265625,143.79033221516872,142.32925716831315,143.51367301943526,5362800
2021-06-08,141.25717163085938,143.2196808683624,140.11598583959736,142.891151489866,7746800
2021-06-09,143.15914916992188,143.32341385047917,141.49059360811586,141.77589333879467,5552600
2021-06-10,144.44729614257812,144.87956599701778,143.47036205015917,143.51359167396896,6463100
2021-06-11,142.614501953125,144.44732224577436,141.9747377038835,144.4386815961826,7389900
2021-06-14,142.96896362304688,143.04678224233288,141.6980888739752,142.21681810733065,4931300
2021-06-15,142.20816040039062,143.39257573789786,142.12170114125735,142.84791142738598,5062900
2021-06-16,142.15625,143.2974486835849,141.33493996114453,142.4761386447294,6988500
2021-06-17,142.83924865722656,143.25422401477286,141.35223933487123,141.94877383174767,5874700
2021-06-18,140.0381317138672,141.94877018434622,139.8738670662723,141.15339527289117,12993000
2021-06-21,141.64622497558594,142.00933017857355,140.27160959459712,140.72117407098642,6592300
2021-06-22,141.45599365234375,141.81909877453722,141.16205329511521,141.53381225782312,5627800
2021-06-23,140.60009765625,141.5165076407486,140.47040878428584,141.5165076407486,4493400
2021-06-24,141.23989868164062,141.95746848042558,140.74711773056768,141.1534525948415,4549200
2021-06-25,141.96612548828125,142.4589064503399,140.82492630568805,140.86815594596823,10963800
2021-06-28,141.8018341064453,142.7096036142993,141.36956416859402,142.1649392712206,5604000
2021-06-29,141.8104705810547,142.33784041738005,141.2744600952861,141.7845354408937,3749500
2021-06-30,142.42428588867188,142.62312634126343,141.4992220063969,141.78452171237433,6151700
2021-07-01,143.47900390625,143.52222033462115,142.3291646064588,142.42426449416567,6320200
2021-07-02,146.0899200439453,146.3665790899307,143.20236050857724,143.53088982772752,9059900
2021-07-06,145.2167510986328,145.98619099209745,144.36950578929466,145.1648808213838,6098500
2021-07-07,146.4617156982422,146.53952112749127,144.79314673951538,144.79314673951538,6293500
2021-07-08,146.17640686035156,146.50493624145733,144.87959701935324,145.8478774792458,5755500
2021-07-09,146.755615234375,147.29162563122424,146.3147047329502,146.42708592439436,6120900
2021-07-12,146.52218627929688,147.99190114715077,145.7095168416357,146.73832120668214,7840500
2021-07-13,146.34066772460938,146.76428381882036,145.82193852504025,146.0813031248248,4691200
2021-07-14,147.3348388671875,147.6893032736004,146.1417699830795,146.97173381372585,6162900
2021-07-15,145.5625762939453,146.8853212633565,145.00063064512736,146.366605247178,6656900
2021-07-16,145.3291473388672,146.1850333080023,145.1994584522678,145.53662845049723,5834900
2021-07-19,144.2744140625,145.40695915274097,142.92573401024873,143.92859020818483,8219700
2021-07-20,145.63174438476562,147.67205908860151,144.23983460979497,144.29170489341107,9902800
2021-07-21,146.53085327148438,146.70375859054639,144.79311985656082,146.36658860123487,7585200
2021-07-22,146.9544677734375,147.89682615726576,145.8046282856567,146.41845733245324,5281900
2021-07-23,148.51930236816406,148.8564723986566,147.300311145203,147.83632165731117,5014900
2021-07-26,148.58847045898438,148.82189992894513,147.71528989689497,148.54525401684865,4484900
2021-07-27,149.27146911621094,149.32333940188636,147.55102988759114,148.52796424058704,7089300
2021-07-28,148.85646057128906,149.89391891360282,148.77001450398345,149.33196011287774,5750700
2021-07-29,148.85646057128906,149.85932993321592,147.91411532912383,149.34061395388986,4214100
2021-07-30,148.8737335205078,149.54807343034105,148.56249870121331,149.16767385211125,5346400
2021-08-02,148.93431091308594,149.42709185802883,148.0957060497472,149.10721627636707,3721500
2021-08-03,150.76712036132812,150.86222028287602,149.08127010828142,149.33198088772627,6033000
2021-08-04,149.8766632080078,150.94004377304373,149.79020392649775,150.6028736820892,4793100
2021-08-05,150.1619415283203,150.3002710822167,149.06397213099515,150.3002710822167,4291000
2021-08-06,149.66050720214844,150.37807692415402,149.08990768462607,150.37807692415402,4581100
2021-08-09,150.17921447753906,150.6460601651807,149.5048612969871,150.18785512648097,3950200
2021-08-10,150.2311248779297,150.52506532242435,149.3752254981946,149.79020101935373,3678300
2021-08-11,150.25701904296875,150.83625912272865,150.04952474306342,150.64605931243966,4221300
2021-08-12,151.46737670898438,151.54518212822612,150.07546704461458,150.27432070511813,4300400
2021-08-13,152.37513732910156,152.40971311614683,151.3982031492371,151.54517332988243,5882100
2021-08-16,153.74978637695312,153.79301601417913,152.11580634774242,152.63453561078808,4782800
2021-08-17,155.15896606445312,155.1935418536306,153.29155684492468,153.29155684492468,6041900
2021-08-18,153.18785095214844,155.18493632282392,153.13598066072842,155.18493632282392,7134100
2021-08-19,154.3809051513672,155.03795076408517,152.21955527709815,152.69504169597116,5615000
2021-08-20,155.133056640625,155.5480321386993,153.9486410854512,154.65755701166842,5428700
2021-08-23,154.46334838867188,155.61131524623667,154.40246462270488,155.1416954568282,6461700
2021-08-24,152.53268432617188,154.11550320765005,152.4370193028933,153.92417316109288,5734800
2021-08-25,151.52386474609375,152.9762241726141,151.22817766361646,152.7935993799989,5700300
2021-08-26,150.715087890625,151.95002813914422,150.4976685524303,151.28037286184198,5031600
2021-08-27,150.39324951171875,151.5673188656048,150.23671400865075,151.5673188656048,7046100
2021-08-30,151.02818298339844,151.56737873390412,150.26286261218456,150.27155460904865,3252700
2021-08-31,150.56724548339844,151.75000722302283,150.00194723763937,150.88032986359968,7106800
2021-09-01,151.0977325439453,151.0977325439453,149.63666784069022,150.3671935572068,5327400
2021-09-02,152.13262939453125,152.3587539641818,151.24556818661685,151.61952302069858,4544300
2021-09-03,152.22833251953125,152.38488135848792,151.15863298918825,152.2805243126665,4096900
2021-09-07,149.86279296875,152.21961093020315,149.29749478325692,151.62823675854855,6859900
2021-09-08,149.4975128173828,150.43676583258724,148.78438437838156,149.25400425087295,4661700
2021-09-09,146.1666717529297,149.1322612924596,145.84488212471712,148.88006071164472,7114600
2021-09-10,145.2100372314453,147.05374908175767,145.12306418294136,146.5841291224188,6699300
2021-09-13,144.1925048828125,146.21014940069665,143.60982266044266,146.0362165876378,6273500
2021-09-14,143.3227996826172,144.8360294592739,143.07058587302745,144.71427518678175,5259600
2021-09-15,143.86199951171875,144.33163262673386,142.89665729776638,143.49673668349635,7935300
2021-09-16,143.6880645751953,144.7664690544287,142.79229814244798,144.06201939245733,5665400
2021-09-17,143.27932739257812,143.4184789378733,142.24440933855558,142.88797528287947,13419800
2021-09-20,142.46180725097656,143.64456866786634,141.0355373015112,142.17481220825113,7270800
2021-09-21,143.08802795410156,144.34905758640437,142.83582733573084,143.15760374163736,6663600
2021-09-22,142.566162109375,144.32291358522522,142.30526959284936,143.80111528195437,5657100
2021-09-23,143.375,144.1664095267008,142.7575232790014,142.97494260368475,4697900
2021-09-24,142.94017028808594,144.0620482347005,142.53142087050605,143.2793439249902,4399300
2021-09-27,141.90524291992188,142.940161026302,141.6269530854743,142.62707666865947,5775500
2021-09-28,141.5921630859375,142.54881345102615,140.68770450730875,141.84437694138035,7610400
2021-09-29,142.6444854736328,143.20107845779216,141.56608076110126,141.7574108434895,5124100
2021-09-30,140.452880859375,143.84461694665185,140.37461308895067,143.18366699047596,6972300
2021-10-01,139.55712890625,140.80076117814437,137.9482204604241,140.47898479706862,8568300
2021-10-04,138.47003173828125,140.0180563933099,137.1220291624376,139.1396870279988,8620700
2021-10-05,138.78311157226562,140.11371684144834,138.40914341538084,139.0266201659577,5129000
2021-10-06,139.07008361816406,139.10486486711213,137.26984545246683,139.03528909899512,7312600
2021-10-07,140.313720703125,141.4182144977366,139.16575366331452,139.16575366331452,5309200
2021-10-08,139.95716857910156,140.5485560734484,139.36579435497788,140.29635548262462,4343200
2021-10-11,139.36578369140625,140.75727264321586,139.0961858586709,139.89628736138368,4101600
2021-10-12,137.139404296875,139.3048921030795,136.83501195878597,139.14835657164267,6686400
2021-10-13,138.45262145996094,139.21794171912254,137.1915920476404,137.25247582744746,6901100
2021-10-14,139.2440185546875,140.1397850189245,138.8004879550876,138.89615297894886,4579200
2021-10-15,140.2789306640625,140.72246124502928,139.50491851087307,140.04411411168218,6918400
2021-10-18,139.25271606445312,139.9223712580031,138.45261459239026,139.36577835264538,7465500
2021-10-19,142.51400756835938,143.6271933934383,139.7832215177405,139.93106505870327,10081300
2021-10-20,142.4357452392578,143.27933327066341,141.98350933360624,142.60967804290158,6003200
2021-10-21,142.1052703857422,142.96625571955178,141.1312360228066,142.88798794472078,4524100
2021-10-22,142.38356018066406,142.67924726028969,141.7226102491088,141.80957001182253,4304300
2021-10-25,142.6966552734375,142.896677339995,140.63552428573033,142.38357090958883,6715400
2021-10-26,144.1490020751953,144.3925106400093,142.6705534259043,143.11408403962514,6939100
2021-10-27,142.4009552001953,144.15769365989192,142.02698708872464,144.08811788868292,7018800
2021-10-28,141.62693786621094,143.6706713318437,141.1660100100773,142.42703930082448,6278800
2021-10-29,141.65301513671875,141.9747914282481,139.6788443365725,141.19208731958,8526800
2021-11-01,141.7747802734375,142.6096629506616,138.6265397987049,141.8965345501252,5846400
2021-11-02,144.0098419189453,145.2186926756193,141.73998393466155,142.3661525696516,8450600
2021-11-03,143.54888916015625,144.16636569341324,142.13131134775924,143.53149190380887,6717800
2021-11-04,143.1488800048828,143.48805360002623,141.47039601952665,143.44456708368034,8224400
2021-11-05,142.13134765625,143.14888172412273,141.061648346446,141.3051569166417,6215900
2021-11-08,141.64434814453125,142.77493137270443,140.8964250800681,142.348784686714,5578800
2021-11-09,141.33123779296875,142.27049076670022,140.90510445550333,141.41821082154837,6112800
2021-11-10,142.8618621826172,143.35757123344024,141.19208372843397,141.34861923809822,6225100
2021-11-11,141.80953979492188,142.4617975922886,141.31383076943698,142.1835078325926,4118800
2021-11-12,143.50543212890625,145.775290185472,143.15756655182125,145.61004939177923,18995200
2021-11-15,142.20962524414062,143.89680120400305,141.9487194194839,143.49674383683322,7496200
2021-11-16,141.47039794921875,142.9314626429963,141.42691143227967,141.91392857346491,7594700
2021-11-17,142.0009002685547,142.5053146658043,140.70507638922956,141.6443294113266,5414500
2021-11-18,141.23556518554688,143.03580327275154,141.00076190738824,142.14872885571359,6358700
2021-11-19,141.66171264648438,141.92261844960566,140.69637046408985,141.79215891293484,7620700
2021-11-22,139.7971649169922,142.3707655056687,139.75339356441538,140.9614134384002,7634500
2021-11-23,140.66378784179688,140.93515152435955,138.9918210372536,139.63960231866935,7734000
2021-11-24,140.26992797851562,140.602561000028,139.51710583959826,140.18238523976962,5230900
2021-11-26,139.3594970703125,141.07523548196443,138.88680112672353,140.58502832353338,8523100
2021-11-29,139.8409423828125,140.42744113298508,138.67669381050857,139.62209896750292,9188500
2021-11-30,136.49700927734375,139.18441284239557,136.42699113837477,138.75547493764344,14981700
2021-12-01,138.37905883789062,140.12980601950795,136.77712356385385,137.32861320034843,9835800
2021-12-02,137.51242065429688,139.4382396933026,137.2147968683979,137.66123254724636,11334700
2021-12-03,139.51708984375,139.77094238557433,137.9501631570143,138.23028920316742,8750500
2021-12-06,142.6333770751953,143.14109536802445,139.91096463433456,140.22609966584434,9692000
2021-12-07,143.0010528564453,143.7976461552863,142.1694504855989,143.56129150853437,8311300
2021-12-08,143.85888671875,144.0602322533952,142.37075434775633,143.09731600073675,6216400
2021-12-09,145.22447204589844,145.29450353538041,143.11483186274504,143.718828414888,8574200
2021-12-10,144.8656005859375,145.91604637020316,144.13027651552298,144.93563208584092,6572200
2021-12-13,147.4567108154297,148.11324115152433,143.38622807450042,144.2178304954582,11142300
2021-12-14,149.06736755371094,149.66262855975083,146.32745721182945,147.35164274218113,10482400
2021-12-15,149.8114471435547,149.9515101344064,148.30580338475377,148.682221003025,8552200
2021-12-16,151.4483642578125,151.8860510073252,149.54880536778415,149.91646063451805,8998600
2021-12-17,147.26409912109375,149.49630450485506,146.76514310757983,148.49837912068594,16726200
2021-12-20,146.8439483642578,147.50922761384908,145.79350252279764,146.8964686527593,7954500
2021-12-21,146.37124633789062,147.15032841834125,145.29452703970753,147.11530598936426,7954200
2021-12-22,147.00152587890625,147.21162041385065,145.41710132965926,146.23995489509352,4178200
2021-12-23,147.28164672851562,147.89440573738364,146.5025645549953,146.95776268607352,3501500
2021-12-27,148.52468872070312,148.68226296917274,147.6755749650692,148.06074162005518,3704800
2021-12-28,149.11990356445312,149.37375604060853,148.45461105551612,148.6296831105,3187000
2021-12-29,150.1703643798828,150.55553095393455,148.73475201296267,148.81353244207062,3662000
2021-12-30,150.83566284179688,151.3346323374234,150.34545563306222,150.66933967658804,4231800
2021-12-31,149.75015258789062,151.15949111444962,149.71513016753428,151.02819043096267,4409500
2022-01-03,150.16162109375,150.21415474361189,148.02572016609508,148.99738565279833,6012200
2022-01-04,149.75892639160156,150.8181210333836,149.33875077750616,149.74141517851453,6748400
2022-01-05,150.7568359375,151.8510528901545,150.23160645736962,150.56425268526155,7016100
2022-01-06,150.24041748046875,151.0019884522896,149.51385558534818,150.69560226329656,7301600
2022-01-07,152.271240234375,152.57762634766584,149.8026935440187,150.09156844471366,6986000
2022-01-10,151.51841735839844,152.04364687560633,150.70432629958182,152.04364687560633,7698400
2022-01-11,149.90774536132812,151.78104453549932,148.90981988269755,151.4309004001401,8341100
2022-01-12,148.6296844482422,148.8835502838241,147.36039534175777,148.47212360448103,8116200
2022-01-13,147.72805786132812,149.18118138010246,147.4654564422721,147.9381523537153,6159400
2022-01-14,146.92269897460938,147.63174943974317,146.31868906515734,147.61425158522346,5847700
2022-01-18,146.2749786376953,146.81770616139087,145.3208109704578,146.2749786376953,7815600
2022-01-19,145.8197479248047,147.69304704911528,145.59215557859315,146.36247532730874,5926500
2022-01-20,144.65550231933594,146.94022818526136,144.37537632701685,146.44125877037143,6011300
2022-01-21,144.3228759765625,147.05405135033257,143.97273179494434,145.4783758187622,10550300
2022-01-24,142.65968322753906,143.71012921899737,138.53666634856197,143.56131726127913,14054600
2022-01-25,146.73892211914062,147.4217126506346,141.44290767797253,142.1256982094665,14081200
2022-01-26,147.39541625976562,148.13072690408018,145.51335493886003,146.6600922583095,9963200
2022-01-27,149.3300018310547,150.48550156945763,147.9381608020046,148.2795560234158,9066700
2022-01-28,150.38043212890625,150.42420348244823,148.20076030821764,149.56634105302058,9783100
2022-01-31,150.818115234375,151.1069901320651,149.5313283005066,150.1265759511591,8054800
2022-02-01,149.5838623046875,150.54676536152456,148.3145597524935,150.33668422185093,8154700
2022-02-02,151.2383270263672,151.4309103205739,148.50715183450075,148.50715183450075,7382800
2022-02-03,151.22955322265625,151.98237512709045,149.72390941378785,150.79186637954666,6240400
2022-02-04,150.24041748046875,151.42216415841713,148.9185944242847,149.68892768313924,6392200
2022-02-07,149.7414093017578,150.3366703090781,148.8222643293191,150.04779541161784,6065700
2022-02-08,150.13531494140625,150.60802414529854,149.23368124032865,149.70639044422092,6296100
2022-02-09,150.11785888671875,150.77438924160015,149.90776436458475,150.625577297351,5387500
2022-02-10,148.3057861328125,149.88146120374597,148.20074558046375,149.87271227676374,10355300
2022-02-11,146.80889892578125,148.94479909472108,146.6600736730886,148.04316543763431,13125300
2022-02-14,144.9618682861328,147.03649936918816,143.39494211852255,146.8089070499493,8967600
2022-02-15,146.45880126953125,147.15035411257892,145.32081255764626,145.42586650577798,6631400
2022-02-16,146.37124633789062,146.9227227014198,145.05818575125633,145.74097618773473,8482400
2022-02-17,145.47833251953125,146.5812983847787,144.36660437020748,146.3712172811927,6227600
2022-02-18,143.91900634765625,145.6809922170238,143.5489909282353,145.34621060012066,6423200
2022-02-22,141.96319580078125,144.25378272491355,141.34650345747943,144.10401554460344,6868900
2022-02-23,142.03367614746094,143.28468444997213,141.70771307679448,142.2891581731132,8016900
2022-02-24,139.32022094726562,141.0734017115501,137.18821967693106,140.76504880992564,12883400
2022-02-25,146.2448272705078,147.1170151159574,140.69456908913435,140.95886965832076,11340400
2022-02-28,144.98501586914062,145.52240866211778,143.0556391626354,143.48731710360204,9373500
2022-03-01,144.4828338623047,145.1435785293579,143.08205839444418,143.6370747736073,8737800
2022-03-02,146.28005981445312,147.68084878622312,144.51807395888432,144.84405048332653,6793300
2022-03-03,148.42967224121094,149.18732663317897,146.5267378936334,146.86150603690942,7333700
2022-03-04,149.31065368652344,149.6454352471037,146.99365179927412,147.68963018571498,6302500
2022-03-07,151.71580505371094,152.51749843862947,147.44298377838936,148.27111931982373,11663400
2022-03-08,148.64109802246094,152.51746074966385,148.45608362988472,151.56598696544876,11100300
2022-03-09,149.20497131347656,149.9714309027244,147.9099105601975,149.77761137210535,7248200
2022-03-10,149.46925354003906,149.90093144286288,148.0772831923903,148.50015600595307,6171400
2022-03-11,149.1961212158203,151.05501637662144,148.9053920075947,149.0023017436699,5188000
2022-03-14,151.25765991210938,153.39846601913752,150.0771327557346,150.36784855754928,7729500
2022-03-15,155.17807006835938,155.51285163152352,152.0153091668223,152.70248247014,10554400
2022-03-16,153.75091552734375,155.89172225138452,152.024163181943,154.57905117039883,9603300
2022-03-17,155.75958251953125,155.79481632860424,153.46899508603855,154.35880671906406,7472100
2022-03-18,154.03280639648438,155.9357544225093,152.9932411529195,155.9357544225093,13809500
2022-03-21,154.90496826171875,156.07669031871737,153.5746739506174,153.87420828140046,7574900
2022-03-22,154.17376708984375,155.38072313619512,153.21348799540527,154.9049928554733,8442100
2022-03-23,153.59231567382812,154.64950458029585,153.3720674248604,154.37639890243773,5254200
2022-03-24,154.3852081298828,154.64949525840444,153.35444799999198,154.17376498418002,5012300
2022-03-25,155.86526489257812,156.55243829077645,154.36757962580958,154.7816473712477,4809500
2022-03-28,156.6669921875,156.97533168236524,155.36312626669672,155.62741342147072,5604200
2022-03-29,156.58770751953125,158.0501457470069,155.75957191238888,157.3629722523328,5933400
2022-03-30,158.21749877929688,158.45537060690202,156.53479925125816,157.20436240408984,6277600
2022-03-31,156.1383819580078,158.76375071521113,155.91813371318187,158.21752592688028,11490400
2022-04-01,156.98414611816406,157.19557583646403,154.70237745560047,155.97981462757983,6525600
2022-04-04,155.4688262939453,156.98413523686548,154.6318856836184,156.98413523686548,6860600
2022-04-05,156.47312927246094,158.27034864118497,155.3102123422583,155.468798034051,7446100
2022-04-06,160.54331970214844,160.8692961905216,157.36293504703846,158.0413032903794,10330900
2022-04-07,160.12925720214844,161.17764085515276,158.78133920339548,160.0499710711357,7385200
2022-04-08,160.4464111328125,161.3890799207523,158.95753108779138,159.75043270662448,7144500
2022-04-11,158.43777465820312,162.27890459747775,158.22634494596807,161.22171570764417,5932000
2022-04-12,158.49057006835938,159.2922765945697,156.99288527357052,157.87387791084407,5957500
2022-04-13,159.16015625,159.3187284952147,157.9091481360693,158.49059314473934,5643100
2022-04-14,158.49057006835938,159.8120590242697,158.3408029331686,158.57867470923907,6188200
2022-04-18,156.5172119140625,158.9223189218524,155.70670000704246,158.34086034413616,6318700
2022-04-19,161.29217529296875,163.8118154238909,158.5346633245545,159.21303159442544,14380800
2022-04-20,162.00576782226562,162.38460172210222,160.252587285202,160.5521350581717,8044900
2022-04-21,161.53887939453125,162.86917400466555,160.8340822955839,162.0410384216189,6969200
2022-04-22,159.93545532226562,161.35385451918447,159.79450666589443,160.75478576167126,8003600
2022-04-25,163.8734588623047,164.4725409309177,160.42878737859013,160.64021703807953,11176500
2022-04-26,162.70175170898438,164.3668410865667,162.2612552877109,163.07178053259196,10190000
2022-04-27,160.42877197265625,162.82507313122665,160.111614070996,162.3140957650584,11090100
2022-04-28,161.62692260742188,162.54314907759849,160.27018635540014,160.56091555226192,9403900
2022-04-29,158.98397827148438,160.82525013233237,158.75491152322672,160.7811978005225,8463100
2022-05-02,157.38055419921875,159.82090803387828,155.96215524498714,158.99277264604473,7145400
2022-05-03,157.0721893310547,159.1337225544065,156.53478322320078,157.52150423084478,5898700
2022-05-04,158.7549285888672,159.01922916525362,156.06789737422898,156.94889033359325,5923000
2022-05-05,155.72427368164062,158.32321304896533,154.41160308732347,158.0677176234001,7089200
2022-05-06,155.38070678710938,155.8212032181601,153.90064523136337,154.29708933073218,6434000
2022-05-09,156.22650146484375,157.3101191682553,153.81257563294028,154.5702302047868,7855200
2022-05-10,156.01502990722656,157.85630184751082,155.49524732094466,157.01936127855296,8186700
2022-05-11,155.16929626464844,157.09867302176016,154.94904802192585,155.01952907274338,6138900
2022-05-12,156.70220947265625,156.77269052079407,153.91828200708218,155.46882473745796,6898600
2022-05-13,155.80360412597656,157.60082377767534,154.87855886637175,157.4334329711039,7732200
2022-05-16,156.88722229003906,157.81226755336195,155.20452257063752,155.8036047522018,5516700
2022-05-17,157.5391387939453,158.3144033160237,155.5745151729978,157.45103413687846,5751100
2022-05-18,154.61427307128906,158.02371171421433,154.32354376518813,157.55678649490005,8608800
2022-05-19,153.2399139404297,153.99756840558578,152.13867276682407,153.92708735732876,6874500
2022-05-20,155.91810607910156,156.07669177757012,153.33680355982273,154.0416005069286,7522100
2022-05-23,159.1011962890625,159.53564809132703,157.3456251532364,157.46975617235003,7040800
2022-05-24,160.8390350341797,161.14050768550513,158.79974159615134,158.93273428845168,6419800
2022-05-25,159.26080322265625,160.97205265056783,158.76427909723145,160.0676616911054,6558900
2022-05-26,159.11895751953125,160.48439893883995,158.3564344198666,160.48439893883995,6897600
2022-05-27,160.5641632080078,160.62623547957958,158.02833232799247,159.38491181153665,5853600
2022-05-31,159.18099975585938,159.74845780398547,155.17331968075618,157.82442014816317,16391400
2022-06-01,157.56732177734375,159.44702432743213,155.96246633171387,158.8440924440852,5175400
2022-06-02,157.0707550048828,157.65594990798897,154.80092286718633,157.59389116150197,8666500
2022-06-03,156.42349243164062,158.4184638726569,156.1840920705242,156.99982563216045,4234200
2022-06-06,156.40579223632812,158.26777142956,156.05113597536447,157.12399348807352,5386500
2022-06-07,158.12586975097656,158.97706353652208,156.40575884110993,156.92001978019235,5447800
2022-06-08,157.18603515625,159.11007289779735,156.76044498351013,157.91309800022879,4333100
2022-06-09,154.0206756591797,158.40073515032728,153.95860338377517,157.1239647270057,5509600
2022-06-10,152.99215698242188,154.2512040930317,151.28090765364306,152.65522411857313,6647300
2022-06-13,151.4493865966797,152.72617068172065,150.80213288358212,150.80213288358212,7997000
2022-06-14,149.1263427734375,151.7153709054256,148.30174749417253,151.67103549827945,7116800
2022-06-15,150.72235107421875,152.00799694766565,149.52536250247238,150.4120166950936,7796100
2022-06-16,150.8021240234375,150.91739338050758,148.4347593087099,149.312538168652,7056700
2022-06-17,150.25241088867188,152.6818344825314,150.05734590283774,151.28979457009822,12486600
2022-06-21,153.40000915527344,154.15367049393203,150.34105545173404,151.39617591414932,8219700
2022-06-22,155.820556640625,157.75345559131915,152.22960574614766,152.50446628232302,10593100
2022-06-23,159.29627990722656,159.4381478111897,156.5121865559725,156.937776738594,10223500
2022-06-24,161.62815856933594,161.8409604089067,159.57998990705988,160.28931584302885,9374400
2022-06-27,161.47743225097656,162.56802648026454,160.927711065957,161.0518420925507,5908600
2022-06-28,156.8845977783203,162.2311215719267,156.32600129773562,161.5217954994462,9245700
2022-06-29,156.9289093017578,158.09042397308212,156.43237165613192,157.13283595041912,7097900
2022-06-30,157.3899688720703,158.08155800728974,155.19107043007185,156.8136491024769,10777200
2022-07-01,159.17213439941406,159.34946249860886,156.66290188447073,157.33675407311767,5498400
2022-07-05,157.9485626220703,158.8263550615504,154.8186746959564,158.56035612268357,5676400
2022-07-06,158.0904083251953,159.10119332752467,157.30128681924754,157.8864816967188,5335600
2022-07-07,158.2677459716797,158.81746714652962,157.38995360247714,157.70028792785388,5725800
2022-07-08,158.07269287109375,159.58887734461544,157.62050414775402,158.11702828222934,3828300
2022-07-11,158.134765625,158.7288222540413,157.3988410916082,157.55843233705153,3645200
2022-07-12,155.91812133789062,158.2234137685707,155.3417880832702,157.806685279432,4708800
2022-07-13,155.5545654296875,156.34368687498437,154.72110858266865,155.74963037385214,5291700
2022-07-14,155.76739501953125,156.05999251337298,152.77051318393816,152.97443985082106,5359600
2022-07-15,158.02835083007812,158.27661288690027,156.53877848914527,157.56730045556122,5691100
2022-07-18,154.48171997070312,157.99287570309716,154.19799773080902,157.59388411582344,7605700
2022-07-19,152.22962951660156,156.71609665357136,150.62478791923067,156.34370359196595,13256400
2022-07-20,151.36074829101562,152.9921888135543,150.51841595614044,152.6818544239403,7455800
2022-07-21,151.89268493652344,151.96361887553408,150.5272438160487,150.7755058379532,5729200
2022-07-22,152.61090087890625,152.93897209906797,151.67104968825117,152.14985048339835,4257000
2022-07-25,152.91233825683594,153.37338854590587,152.25620949725425,152.61086564719494,4437300
2022-07-26,153.99404907226562,155.14670189463303,152.93894225327006,153.00100099355666,4525500
2022-07-27,153.56849670410156,154.3664935599362,151.73312964129238,153.0631108717481,4648500
2022-07-28,154.45510864257812,156.13088399376423,152.00794871792598,153.74578280768526,5513000
2022-07-29,154.7388458251953,155.03144324215322,153.31133247357565,154.0915787228649,6451400
2022-08-01,154.197998046875,155.3063155300549,153.86992687195277,154.4285232128406,5461400
2022-08-02,153.32020568847656,155.59891292733008,153.125140729148,155.1733092728317,5794200
2022-08-03,154.8009490966797,155.39500577015053,152.30059135952288,152.99218053337066,5010000
2022-08-04,152.3183135986328,155.24427505947807,152.14986067126463,154.9960129747294,5651600
2022-08-05,151.71536254882812,152.08775559566402,150.54497280511583,151.88382896914422,5235500
2022-08-08,150.90853881835938,152.04345508708124,150.23468651170234,151.88386382863715,4629800
2022-08-09,150.8907928466797,151.72424989078607,150.49180119536254,151.20998887358706,5532500
2022-08-10,151.3252410888672,151.83064037805238,150.31445603976357,151.63557540986864,5603400
2022-08-11,148.19534301757812,150.68683849200104,148.05347513629923,149.41892981739355,9328700
2022-08-12,146.56393432617188,148.90470075098804,146.4309280855432,148.55003097191366,14606900
2022-08-15,147.26437377929688,147.84956872261452,146.41319343380545,147.18457815864474,10072000
2022-08-16,148.57662963867188,149.17954791479917,146.82992003096848,147.060445219617,7453600
2022-08-17,148.58547973632812,149.45439687276988,147.54809617430487,147.54809617430487,7406600
2022-08-18,147.86729431152344,149.2238738761851,147.1224946544556,148.67413918534143,8312100
2022-08-19,150.11941528320312,150.83760299586217,148.07124631620687,148.15991714487026,8128500
2022-08-22,149.59274291992188,150.77991772953794,149.21784776217513,150.76206168769212,5462600
2022-08-23,148.28955078125,149.7534330759868,147.99498735594577,149.06611841694362,5566300
2022-08-24,147.79861450195312,148.70014721794647,147.3433875380661,148.67336996243375,5684300
2022-08-25,149.1822052001953,149.2803930368864,147.01315157881024,148.1289162593115,5678700
2022-08-26,146.62928771972656,149.51241890952838,146.56679838011266,149.47672044415611,5667100
2022-08-29,145.4956512451172,146.24544151643565,144.62089592857896,145.9151796726767,5259200
2022-08-30,144.9868621826172,145.97766137471527,144.6298230731023,145.76344335707392,6973300
2022-08-31,144.01393127441406,145.9866086156253,143.95145555401405,145.7009664075963,8741700
2022-09-01,147.58438110351562,147.72720221135242,144.13890019293345,144.14783502477982,7509600
2022-09-02,145.26358032226562,148.35200805781835,144.61196421086598,148.0485234586334,5803700
2022-09-06,145.6563262939453,148.36987266255747,145.33499925520468,146.3347196961831,7394600
2022-09-07,146.45079040527344,146.7631962903023,144.74589899608293,145.41535768993734,4590600
2022-09-08,147.6290283203125,147.65580557803506,145.56709775464353,146.28118974097967,5838400
2022-09-09,147.91465759277344,148.35202851067177,146.73640387561014,147.27197622344266,5500600
2022-09-12,147.8521728515625,148.68230865452128,147.47727764448052,148.27170135904805,6365300
2022-09-13,144.00503540039062,146.7810581048217,143.54087354076015,146.00449034788366,6726400
2022-09-14,146.9774169921875,147.60224233572492,144.94226380456792,144.94226380456792,9555700
2022-09-15,147.35232543945312,148.23601583197475,146.47756987989484,146.789975769651,7174500
2022-09-16,149.60166931152344,149.62844656269698,147.05772148868965,147.56651650132378,20201500
2022-09-19,148.4234619140625,148.5573482115464,146.45971903665315,148.44131796045124,7380900
2022-09-20,147.25411987304688,148.08424202827035,146.6739278475791,147.4772727474838,7143400
2022-09-21,145.74562072753906,148.88761736821064,145.70992225647134,147.298769812341,8071200
2022-09-22,148.3341827392578,149.2089518759739,145.3439421806004,145.62957079776595,7401100
2022-09-23,148.8162078857422,149.4945878023282,146.97743015853965,147.94145232642853,9598600
2022-09-26,147.90570068359375,148.92327709644962,146.72746076247205,147.99496726829824,8735500
2022-09-27,147.22731018066406,149.6641352189871,146.74529245078276,148.49481659378876,8686700
2022-09-28,148.49484252929688,149.405310029072,147.37015699675342,148.3966547242214,8660900
2022-09-29,146.86138916015625,149.21788329874687,146.29011826656375,148.60197909999494,7008100
2022-09-30,145.8170166015625,147.9414363506579,145.78131813409072,147.28089893097874,8985200
2022-10-03,145.67422485351562,146.72751372853958,144.33530732063372,146.64716832523482,8657000
2022-10-04,147.83433532714844,148.17353210850268,145.4242866253218,146.2544225322749,6236100
2022-10-05,147.3790740966797,148.20919619083915,146.57572925586928,147.29874233663256,4539400
2022-10-06,144.5227508544922,147.28091749510457,144.32637520821825,147.0934630617804,5890700
2022-10-07,142.99635314941406,144.79943211202772,142.07696443534692,144.39775967911385,6363500
2022-10-10,143.183837890625,143.96040566683055,142.08591575578689,143.38021354302663,5315600
2022-10-11,145.2546844482422,146.4864928366943,143.14812048981727,143.14812048981727,6212200
2022-10-12,145.21896362304688,147.1737849402787,145.04936526289686,145.4421164926821,4341700
2022-10-13,147.41477966308594,148.16458365349112,143.48729462075696,143.61225968246276,6465100
2022-10-14,146.7989044189453,147.8878780009972,146.03125792590532,146.78104837394298,5684600
2022-10-17,148.70013427734375,149.25356262350965,147.28980658900076,147.637924500542,6710800
2022-10-18,148.18243408203125,149.21786671791608,145.5403116003187,147.28090134674605,10883600
2022-10-19,147.0042266845703,148.39669879174926,146.290134582891,148.17354586123534,10044600
2022-10-20,147.3790740966797,147.9414236573487,146.68283826926546,147.28088629434336,5659900
2022-10-21,150.59251403808594,151.181627362351,146.77212373244865,147.02206751932096,8487600
2022-10-24,152.6187286376953,153.6006068527339,151.0745143723821,151.57437469270278,6855500
2022-10-25,152.37771606445312,152.73475521850912,150.42289468859553,151.89569822428982,5661900
2022-10-26,153.71664428710938,154.03798499674943,152.20812855630385,152.92222053552305,6123800
2022-10-27,153.80587768554688,154.8055981570417,153.2792401957537,153.8415897710545,5390900
2022-10-28,156.09092712402344,156.55508879419725,154.05577453501812,154.42174842150453,6073900
2022-10-31,155.2876434326172,156.3498534315158,154.7967043213398,155.77858254389457,7810000
2022-11-01,154.5021514892578,155.87678109545294,152.11887995247216,155.36798590324256,6985000
2022-11-02,152.12777709960938,155.26085229875142,152.00281202974026,154.32360746464764,6877300
2022-11-03,152.3866424560547,153.05610110779338,150.79779501220852,151.57436268977065,4819900
2022-11-04,153.06500244140625,153.97546990317682,151.06556157812267,153.13641298940485,5300900
2022-11-07,154.40391540527344,155.18049658120077,153.0292998488523,153.23459665620365,6621000
2022-11-08,155.17156982421875,155.9302949980638,153.68983156150733,154.53782332762935,5148400
2022-11-09,153.9308319091797,156.20699368403805,153.83264411120012,155.5553911811748,6150000
2022-11-10,155.73391723632812,156.001703389284,153.5648643795721,155.6268082232136,7877500
2022-11-11,151.07449340820312,154.5199742753477,148.90545404348055,154.18077755355424,11074700
2022-11-14,153.44883728027344,154.6538545628597,151.96709900789025,151.96709900789025,6581500
2022-11-15,153.87728881835938,154.42178235296564,152.20810974906783,153.69876925065583,9351000
2022-11-16,154.8324432373047,156.19813815244095,154.53787971950624,154.99310681782677,5500900
2022-11-17,156.08201599121094,156.19805982128784,154.40390235082174,154.4217583908723,4464100
2022-11-18,157.27813720703125,157.67088843035418,155.8678094597216,156.20700617444052,6555700
2022-11-21,158.086669921875,158.60772781460653,157.06252543149418,158.01479844962773,5706600
2022-11-22,158.85028076171875,159.18267430210545,158.41007316676502,158.47295213285517,4707900
2022-11-23,159.02099609375,159.37136100727162,158.12262311466034,158.50893062387246,5389200
2022-11-25,159.22763061523438,160.01818950970838,158.88624449902377,159.3534022830882,3058600
2022-11-28,159.30848693847656,159.70377325475624,158.61673588498712,158.78742894957009,6183100
2022-11-29,158.1945037841797,159.24559858578073,156.90983692936217,159.02100532796635,6700500
2022-11-30,159.91038513183594,159.9193639264277,157.01762313561335,158.44603283645773,13288000
2022-12-01,160.57516479492188,161.6711807457097,159.7037420519499,160.808736796141,6282600
2022-12-02,160.7009735107422,160.77284499879113,158.9760989218216,159.4612143310461,5823900
2022-12-05,160.61111450195312,161.13217245661764,159.9103846993554,160.23379950886846,5120600
2022-12-06,158.2034912109375,161.70714043717598,158.05075573741055,161.6352689520116,7943500
2022-12-07,159.1647491455078,159.8026000326345,158.32027629836176,158.62573354875062,5702600
2022-12-08,159.19168090820312,159.43424543825788,158.41907963787727,158.85030851532642,4798500
2022-12-09,157.8800506591797,159.81154681647942,157.80817918572492,159.11979587904904,4561000
2022-12-12,159.7666473388672,159.79359743159782,157.75430063853358,158.0687229564188,4882400
2022-12-13,160.9974365234375,161.88681704877888,160.18889257266358,160.8986149419457,9177500
2022-12-14,161.49148559570312,162.64140165459284,160.43141229782196,160.43141229782196,9533600
2022-12-15,159.45220947265625,161.56337754316823,158.47297260262252,160.9884194408399,7602400
2022-12-16,157.81716918945312,159.0120068178567,157.08948931764772,159.0120068178567,18841800
2022-12-19,157.64646911621094,158.2663485965943,156.37977377377786,157.52968996332757,5736000
2022-12-20,157.81716918945312,158.50892017602,157.3679827295157,158.1136338979818,6174700
2022-12-21,159.6228790283203,160.07206544662344,157.79918326665614,158.3561837468475,5472000
2022-12-22,159.03895568847656,159.47017084844452,157.5207032722445,158.80538366601115,5709100
2022-12-23,159.44325256347656,159.47919516369203,157.94297114449085,158.71557255209697,3683400
2022-12-27,159.39828491210938,160.22479998019563,159.00301238104046,160.0091855657277,3067300
2022-12-28,158.70657348632812,160.3146550844075,158.69758098338002,159.69477553667332,2645400
2022-12-29,159.5150909423828,160.17989182750884,159.07489699176386,159.5061121482356,2828800
2022-12-30,158.69757080078125,159.70375779246214,157.57460465102173,159.45221447156263,4216600
2023-01-03,160.08108520507812,160.2517782663902,158.12262495960812,158.25738913289425,6344900
2023-01-04,161.8239288330078,161.87782901836752,160.34160519519696,160.70994140593334,9788800
2023-01-05,160.62908935546875,161.69815538025253,160.2787244464129,160.82673250499602,6255300
2023-01-06,161.93170166015625,162.5425886011033,161.15910048255293,161.823901307773,5706000
2023-01-09,157.736328125,161.49152056941944,157.3769707112216,161.07827667867886,7925300
2023-01-10,157.35897827148438,158.23937975111352,156.60434843180226,157.8440935375427,5047500
2023-01-11,157.1074676513672,157.86209764792312,154.61897071358734,157.7273471871394,6494800
2023-01-12,156.31689453125,156.95474536233078,155.2388497243753,156.55046656517976,4269400
2023-01-13,155.8048095703125,156.3258675110047,154.86152896693682,155.5892088418074,6088000
2023-01-17,154.8435516357422,156.83794054518796,154.60098711754407,156.31688262480208,6053300
2023-01-18,152.50778198242188,154.52014225837095,152.46287430288285,154.20570625310043,7047800
2023-01-19,152.30116271972656,153.87331535748183,151.56450404052444,151.8519762517965,6939500
2023-01-20,151.5914764404297,152.82224315709337,150.45951760149157,152.81326436132335,8620600
2023-01-23,151.20516967773438,152.39102871361763,150.8817548232285,151.91489208171805,8425400
2023-01-24,151.20516967773438,153.61281664085257,149.1389088688405,151.8430205909295,10541800
2023-01-25,152.28318786621094,152.28318786621094,150.10014826293497,150.1809985353342,7099800
2023-01-26,151.72622680664062,152.64257117366319,151.51061233555143,152.319156321072,6946100
2023-01-27,151.13327026367188,151.70822837566624,150.72002640309486,151.41176367147003,6058100
2023-01-30,145.5364227294922,151.41177598590372,144.7099212330355,150.86376791989522,23259100
2023-01-31,146.8120880126953,146.82106680619478,144.68294876638055,145.26688562972407,11612500
2023-02-01,148.15968322753906,149.11195647667122,145.8957792808668,146.42582980375784,9865300
2023-02-02,148.7166748046875,149.32757563211052,146.2731126192517,146.43481319504622,10099000
2023-02-03,147.8811798095703,149.43536125848226,147.2343501540991,149.15686782228184,6868500
2023-02-06,146.75820922851562,148.0967898914711,146.5246371907467,147.8272752583016,7021000
2023-02-07,146.7941131591797,147.22534198217056,145.0153388156066,145.17705305124855,7310800
2023-02-08,146.9827880859375,147.83623958404192,146.3449373068004,146.7042946852165,6054700
2023-02-09,144.9973907470703,148.05186704616474,144.70093973238954,147.00077232440952,7949500
2023-02-10,145.67115783691406,146.24611593505944,144.9524704952941,145.32978546206928,7028000
2023-02-13,146.21017456054688,146.27306723701102,144.77277258393883,144.9344868176458,6414700
2023-02-14,145.5723419189453,146.40783586271226,145.32079859800282,146.2012139293844,6316000
2023-02-15,143.1737060546875,145.51846022195878,143.10183456699096,145.49151012758315,12621800
2023-02-16,142.15855407714844,143.42524963910114,141.87106812589826,142.90420534160836,11177000
2023-02-17,145.1263885498047,145.77787042092962,141.71515900331403,142.07710104653742,12401900
2023-02-21,142.96383666992188,145.0902030544556,142.86430433263143,144.45680792260137,9423900
2023-02-22,142.76478576660156,143.732965305153,142.39380030939896,143.41626770867686,9820200
2023-02-23,142.7195281982422,143.49768634624337,141.76040592884766,142.70144145077708,9385100
2023-02-24,141.12701416015625,141.92327280339336,140.43934502706375,141.74229488871114,8689700
2023-02-27,140.81936645507812,141.9684960746836,140.32170482899764,141.56132340122707,7267100
2023-02-28,138.67491149902344,140.49363743110473,138.47584683176402,140.23122773031872,9062300
2023-03-01,138.0505828857422,138.65682024115324,137.45338890339346,138.44869840063157,6767000
2023-03-02,137.94203186035156,138.22252837698113,136.83813254500402,137.3086504023686,8762500
2023-03-03,139.36260986328125,139.45308502687675,138.29489800209868,138.77445916985778,5747200
2023-03-06,140.75604248046875,140.90986267759658,139.86026522621384,139.94169701175014,8148200
2023-03-07,139.42591857910156,141.3803640452656,138.75635001125593,141.23558723888095,7457700
2023-03-08,138.40347290039062,139.52545869580908,137.9691424569929,139.32639402758767,6230500
2023-03-09,136.84715270996094,138.9825623383015,136.3675916067328,138.85588608097098,7439400
2023-03-10,137.18194580078125,138.88303891403845,136.7204852209131,137.40815440385578,8504300
2023-03-13,138.49395751953125,141.0727412025742,137.14576303687386,137.61626700602835,10799600
2023-03-14,139.27212524414062,139.37165759188014,137.44435567959655,138.6930317136596,8421200
2023-03-15,139.66116333007812,140.14976771977385,138.01435847022483,138.29485486122368,7757700
2023-03-16,139.37164306640625,139.67928345220068,138.07773648732402,138.84683745181007,7605500
2023-03-17,137.87867736816406,140.20409471606763,137.80628895564672,139.77882142170196,20540700
2023-03-20,139.24496459960938,139.4078419703047,137.87866963252966,137.96010141453874,7129000
2023-03-21,139.24496459960938,139.4621298249774,137.68864833449797,139.34449693540174,8376800
2023-03-22,136.67523193359375,139.39877836874132,136.65713138064424,139.2087708861394,7943500
2023-03-23,136.74761962890625,137.25432465544995,135.82468472674367,136.79285030103043,9051500
2023-03-24,138.1229705810547,138.22250292088427,136.47617909358456,137.06431595196437,5696200
2023-03-27,138.7111053466797,139.83309107795964,138.53918461516392,139.5254507198136,6772300
2023-03-28,137.37196350097656,138.8468341658168,137.29051791293006,137.88771192299342,6115300
2023-03-29,138.7201690673828,138.78351410688597,137.59818317152718,137.75200337316292,6012000
2023-03-30,138.82872009277344,139.1635181724841,138.26772724462285,138.96445352184827,4555700
2023-03-31,140.2493438720703,140.42126463169174,138.6568401636691,139.15448808045306,9890000
2023-04-03,141.9232940673828,142.06805709147102,139.290222410362,140.20410026705468,6841900
2023-04-04,143.4071807861328,143.84149734673596,141.68798748067636,142.03182890310256,8314500
2023-04-05,149.84963989257812,149.8948843782482,147.27085608284744,148.7276401586814,16704200
2023-04-06,149.4333953857422,151.31545259137482,149.11671163028169,150.19346677353724,9615400
2023-04-10,148.68240356445312,149.15290753800335,148.0671089585119,148.9629000350983,5354000
2023-04-11,148.6371612548828,149.55103909304324,148.42903938737166,148.77288090180033,5903800
2023-04-12,148.32044982910156,149.1528958014306,147.57849281739226,148.3385503825609,5764100
2023-04-13,150.3020477294922,150.50111240863956,148.2209257790192,148.55571010000446,5640600
2023-04-14,150.05772399902344,150.31107651030902,148.44711997441817,150.1753568816476,7225100
2023-04-17,149.90391540527344,150.41967764740818,149.2433901502684,149.9672604413296,8046400
2023-04-18,145.6873779296875,149.01717561330415,144.45680262588868,148.61904627874029,14571500
2023-04-19,147.06271362304688,147.19843324163767,145.83213845668087,146.57410918944473,6752000
2023-04-20,148.0128173828125,148.22998261592733,145.64215559968912,146.9722495066497,9498800
2023-04-21,147.20751953125,149.27054098184868,146.55603761983167,148.7909798257599,7014200
2023-04-24,148.103271484375,148.22090436142196,146.46552361168628,147.20749436432743,5278900
2023-04-25,149.46054077148438,149.61437477060235,148.53761961684066,148.67333925526552,6263100
2023-04-26,147.14413452148438,148.74569493589044,146.80030691090192,148.47424191209163,5518200
2023-04-27,147.4879913330078,147.85897671069915,146.70078990783293,147.39750238007187,5739700
2023-04-28,148.12136840820312,148.1756562557641,147.08985788451855,147.3160664538062,6024900
2023-05-01,148.03091430664062,148.66429562934414,146.80033896252635,148.03091430664062,4893400
2023-05-02,149.32481384277344,149.7319865448465,147.99470622443852,148.7004759231456,7541700
2023-05-03,147.37039184570312,150.36539185701463,147.04465087067558,149.7953555057256,5937200
2023-05-04,146.7008056640625,147.39751821113106,145.9045469740673,147.19845353863226,5128000
2023-05-05,147.19847106933594,147.60565764309953,146.30269374308537,147.34324790415505,5194500
2023-05-08,146.8636474609375,147.09891320629842,145.98595711864917,146.57410767537624,4994900
2023-05-09,145.7235870361328,146.70080987279616,145.4883212491516,146.35696837285602,5520500
2023-05-10,146.26649475097656,146.55604842481148,144.82781117664203,145.85932197799045,6756600
2023-05-11,145.66928100585938,146.75507942001676,144.22154058253227,146.42933851510196,5867600
2023-05-12,145.47927856445312,146.18504831538482,144.7825521874183,146.00408419070348,3904200
2023-05-15,144.36634826660156,145.70549947028832,143.81439866539546,145.49739139967323,5104500
2023-05-16,144.17633056640625,144.99973330156573,143.44341680683675,143.92297800276936,5599200
2023-05-17,143.85963439941406,144.8278000829457,142.75573526416474,144.58349091519628,6840700
2023-05-18,143.39816284179688,143.80533559168313,142.56571678676679,143.56104022575835,5173000
2023-05-19,143.78724670410156,144.71016790833335,143.09052030717208,143.49769305100116,6527100
2023-05-22,143.01229858398438,145.08177355628604,142.93025240851108,144.04248026775008,5675900
2023-05-23,142.95762634277344,144.28865814883525,142.55649308859455,143.22201594705018,5793000
2023-05-24,142.8208465576172,143.25844003743754,142.1462122634745,143.20374259131572,5015100
2023-05-25,140.76963806152344,142.48355200917356,140.14058947895313,142.2647621793048,6886100
2023-05-26,140.7149200439453,141.5627583325052,140.57816250941042,141.02488153153624,6845400
2023-05-30,140.733154296875,141.6539411381206,139.77592103424823,140.36849533119317,5593100
2023-05-31,141.3622283935547,141.93657958364508,140.2591257808878,141.03402970076735,11324600
2023-06-01,140.8881378173828,141.3439684888535,139.62092910712826,140.8881378173828,7901300
2023-06-02,143.10350036621094,143.41346192374084,140.4779109121931,141.05226208297196,7659700
2023-06-05,144.33424377441406,144.62596819736098,142.90292865706857,142.90292865706857,6430500
2023-06-06,144.20660400390625,145.51028713383093,143.49550917334733,145.48293840272098,5073600
2023-06-07,144.51657104492188,144.77183512762525,143.53197504984482,144.13367492086678,6504300
2023-06-08,146.1028594970703,146.24872866820138,143.8784172361456,144.49834034717793,5818400
2023-06-09,145.87493896484375,146.53133630082513,145.38264791828237,146.24872348605385,6264400
2023-06-12,145.77467346191406,146.0937605625846,144.70803113834114,145.86584517949166,6510600
2023-06-13,146.5404510498047,146.63160883869566,145.09089892470058,145.61966417932214,6066800
2023-06-14,147.2880096435547,147.76207745399233,146.75924437630664,147.3244838886607,6699100
2023-06-15,149.2662811279297,149.43038737399314,147.1694576314576,147.7346970225143,7138300
2023-06-16,149.72213745117188,150.41500897009902,149.39393881348218,149.95005278537727,13426600
2023-06-20,149.63099670410156,150.70675052685172,149.33925836588818,149.74950323200733,7995800
2023-06-21,149.403076171875,150.35119791654694,148.31819686933125,149.1295749669805,7177500
2023-06-22,150.98936462402344,151.08053633319818,149.32102250424353,149.42130581999587,5485900
2023-06-23,150.8616943359375,151.581914487641,150.45144957034304,151.4360453542775,9450700
2023-06-26,149.17515563964844,150.405890152664,147.07833168939945,150.405890152664,6978800
2023-06-27,148.86517333984375,149.4030640999856,148.09026955124617,149.22072070422334,4927500
2023-06-28,148.56436157226562,148.7831514255092,147.60711423177412,148.7831514255092,6780400
2023-06-29,149.60362243652344,149.80418903209616,147.89880637415533,148.27259083961786,4547500
2023-06-30,150.898193359375,151.28108946420937,149.83155122929745,150.29649351855736,7580000
2023-07-03,148.91990661621094,149.86802842377452,148.56435919951835,149.82244256812672,4033700
2023-07-05,148.4276123046875,149.43955716508796,148.35467771257697,148.59171861464893,7224600
2023-07-06,147.32447814941406,148.02644736559915,146.77747578092232,147.91705245624004,6332500
2023-07-07,145.18209838867188,146.81396640363198,145.13651253008453,146.2943265661188,7022200
2023-07-10,145.4190673828125,146.13928749304557,144.95412519668972,145.34613282033033,5739200
2023-07-11,144.6168670654297,146.1393400892204,143.67785684064168,145.07269781186466,6606700
2023-07-12,144.11544799804688,144.89947742494343,143.9331184847605,144.89947742494343,6940400
2023-07-13,144.78094482421875,145.07268314965992,143.50462442753616,144.04250131536318,6401700
2023-07-14,145.7472686767578,146.07546725862582,144.9358907814238,145.118220235607,5362200
2023-07-17,145.01800537109375,145.74732346197115,144.17926452705314,145.63792853050973,5486800
2023-07-18,145.00885009765625,146.67719201436032,144.21570918560852,145.0179756139728,6332500
2023-07-19,144.71713256835938,146.23960540470173,143.43168668307408,143.96045195313857,7522600
2023-07-20,153.5055389404297,154.19839654216696,147.05097506551073,147.6344377593021,21892900
2023-07-21,155.15565490722656,155.7300060370538,153.32320660191064,153.32320660191064,12080000
2023-07-24,155.967041015625,158.46499837219187,155.88499482452838,156.34993715159226,15155400
2023-07-25,157.16128540039062,157.42566104728127,154.75450020982052,155.3926603151143,13790100
2023-07-26,157.46212768554688,158.49230931989825,156.25872819294037,156.80573049155174,14288200
2023-07-27,158.3464813232422,158.89346985311258,156.84223156668625,156.969863614741,12446400
2023-07-28,159.06671142578125,159.8689780819898,157.92713443041774,158.62911775460023,14138800
2023-07-31,152.73062133789062,155.1829925386907,151.98306628173495,154.69981314717782,22632700
2023-08-01,153.97052001953125,154.15284954901466,151.39051614032925,151.67312899765625,15810300
2023-08-02,154.90037536621094,156.11288656877565,153.93401661054895,153.93401661054895,14595600
2023-08-03,155.56590270996094,156.18583970345452,154.68159002789233,154.9368541102576,17424800
2023-08-04,154.10720825195312,157.42565457387187,153.05880340142755,155.29237063353403,23415100
2023-08-07,157.80859375,158.02738358284265,154.39897510942902,154.5174955427848,17736400
2023-08-08,157.88150024414062,158.21882439089956,156.2496326070362,157.70829627897524,27378700
2023-08-09,157.78125,158.85700380768796,156.8513514485269,157.71742702284084,42974400
2023-08-10,156.96070861816406,160.42502399307514,156.47752929046513,158.6290502992334,48213800
2023-08-11,158.4923553466797,158.58351314902328,156.4593402114276,157.24336964800432,45905600
2023-08-14,158.11856079101562,160.08775282023876,156.5778507471563,158.19149537478495,64036900
2023-08-15,157.66270446777344,159.1395912943878,156.93337265938894,157.5350724446197,88958100
2023-08-16,157.16128540039062,159.29456942844996,156.92425847866636,157.28891742144938,85832700
2023-08-17,158.63819885253906,159.89629606492926,157.49862207634484,157.5897937827801,70904200
2023-08-18,157.25245666503906,158.6199485630372,156.17668913830678,157.87237964825835,49631700
2023-08-21,152.56654357910156,154.8456971198061,151.2993347669038,154.6998279545972,151319500
2023-08-22,151.35400390625,153.01322013978483,150.79788998993877,152.1197960140353,56834800
2023-08-23,149.99563598632812,151.79160990102793,149.02927721209326,151.24460754425266,119011400
2023-08-24,150.50619506835938,151.94662192079187,149.38485530817576,149.53983609528646,70755100
2023-08-25,152.6641387939453,154.06910689016874,150.65310218237283,150.87349455482223,18185500
2023-08-28,150.86427307128906,152.6273836799661,149.83580355943263,151.51625828731346,18458000
2023-08-29,150.8826446533203,152.14068427059723,149.46849905528867,151.39687941624092,12208600
2023-08-30,150.35006713867188,152.2784618549376,150.30415030983718,151.617298752895,9939100
2023-08-31,148.46759033203125,150.20315399641402,148.10028372237767,150.0194866797382,15333000
2023-09-01,147.3656463623047,149.20220730803774,146.93405341910957,148.2288322486949,8610100
2023-09-05,147.54928588867188,148.7338754347865,147.1819793385329,147.43909672599952,9019800
2023-09-06,145.0974884033203,146.92487153733103,144.49143395723303,146.77794330295026,9753800
2023-09-07,146.9524383544922,147.89826621973248,145.98824095455177,146.13516920845402,9931800
2023-09-08,147.4390869140625,147.54927606940186,146.18104735111882,146.5483538768139,6957000
2023-09-11,149.3675079345703,149.39505522833505,147.33810188552874,147.8982535451589,6309300
2023-09-12,150.21231079101562,150.53370052664096,148.32983315263527,148.96344887591985,6045800
2023-09-13,150.5888214111328,151.4703628279419,149.67971868894077,150.37760681156865,7397500
2023-09-14,150.35928344726562,151.7642517654075,150.08379644115226,151.22245551570578,7758400
2023-09-15,148.25637817382812,151.35099286688802,148.03599982995655,150.57962662779377,13392100
2023-09-18,149.19302368164062,149.81744765295187,147.6135802094625,148.871619924035,5789000
2023-09-19,148.94509887695312,149.54198962741364,148.19211612996384,148.99101570573453,5550800
2023-09-20,149.59707641601562,150.17558359057688,148.44922581558308,148.93591334921862,3837400
2023-09-21,148.44923400878906,150.13886682303638,148.38494764592963,149.28487265486805,4526700
2023-09-22,147.38401794433594,148.2104647766677,147.15444782292732,148.11864513521317,4976700
2023-09-25,147.16363525390625,147.25546891324356,145.75866713951035,146.98917372012403,6722500
2023-09-26,146.0249481201172,146.99832306881797,145.87801989831613,146.75038344600947,4904800
2023-09-27,144.27105712890625,145.78621442492346,142.57223251422707,145.6209306523467,10211600
2023-09-28,144.0598602294922,145.05160492599163,143.45379169076762,144.6291896988004,7861900
2023-09-29,143.02218627929688,144.72101079008243,142.65487968813432,144.50979618890807,7680700
2023-10-02,142.47122192382812,142.71916159598712,140.7907808454428,142.71916159598712,7259700
2023-10-03,142.6456756591797,142.79260388775958,141.31417186581115,142.03960722517292,5740800
2023-10-04,142.8109893798828,143.18747374140506,141.9386256944456,142.8569062079266,4955200
2023-10-05,144.29859924316406,145.125046100072,143.31604638047787,143.49969968069647,5993300
2023-10-06,144.7577362060547,145.3638046936503,143.7935388870341,144.24350137240324,5802200
2023-10-09,145.58416748046875,145.8963934633914,144.2526637117126,144.33530558431852,4414100
2023-10-10,145.4188995361328,146.25453814820506,144.99648434383693,145.4372690693235,5273500
2023-10-11,143.4170379638672,146.052512457086,143.28847925774784,145.51073033928645,6922900
2023-10-12,143.5547637939453,143.7659643437679,142.39773563753312,143.17826550072346,5792400
2023-10-13,144.03228759765625,144.5006055614652,143.29766046889645,143.9220844206417,5359800
2023-10-16,144.65672302246094,145.31788608959843,144.02310724880016,144.92303220853339,6408100
2023-10-17,143.3343963623047,145.9606790882852,141.97534517899635,143.23338494931127,12244400
2023-10-18,140.2489776611328,143.20584200935713,139.62455364317165,142.70997670167318,9097300
2023-10-19,139.87245178222656,140.5978870009086,137.87977134667815,139.27556122381512,7733800
2023-10-20,140.49691772460938,141.29581728278131,139.88167146566855,140.25816983679383,7207000
2023-10-23,139.01849365234375,140.95606619768492,138.85320987695275,140.36836719876788,5874000
2023-10-24,138.87158203125,139.54193700999525,137.86148169968428,138.4308112322368,6155300
2023-10-25,139.1837921142578,139.73475204674793,137.95328550681265,138.88075784605599,5880800
2023-10-26,136.8237762451172,139.55107008719241,136.71358708361,139.55107008719241,7612500
2023-10-27,133.70164489746094,136.51158095388752,133.10475417208087,136.3554749520692,11385800
2023-10-30,135.01480102539062,135.20764612450088,134.0689730896106,134.15161498415048,8205300
2023-10-31,136.2177276611328,136.40138096099307,134.65665359454772,135.48310044984316,7576900
2023-11-01,136.5391387939453,137.52169170759998,136.32793818833065,136.99827907423332,5733000
2023-11-02,137.9624786376953,138.1093928806954,135.48310987561806,135.63922990380186,5349100
2023-11-03,138.9725799560547,139.82658818371632,137.87982382127194,138.85321300841898,4926800
2023-11-06,139.3031463623047,139.97348719106506,139.0001121217244,139.37661048231033,4851400
2023-11-07,138.5685272216797,139.80821154951846,138.3665043828934,139.51435505242966,4840400
2023-11-08,138.06346130371094,139.42251234836513,138.0542695322914,138.9817416874753,5460000
2023-11-09,135.37290954589844,138.20121516559286,135.22598130314455,138.20121516559286,6973600
2023-11-10,135.21682739257812,136.36467821934025,133.73839496723448,136.13510805398784,6930700
2023-11-13,135.56576538085938,135.81369104686408,134.6658403314178,135.21681427957185,5889300
2023-11-14,135.5933074951172,136.4013848398514,134.9596916825098,135.57493796105422,6713600
2023-11-15,136.64016723632812,137.20949677101058,135.23519892458833,135.30866306000723,6729100
2023-11-16,137.83389282226562,137.8981651637217,136.49319728105309,137.2829189808146,6875600
2023-11-17,137.5492401123047,138.46752068028331,136.8880909942616,138.2471423115521,7023300
2023-11-20,138.76182556152344,139.21537727767472,136.5680629150258,136.9105571715328,8851700
2023-11-21,139.8818359375,140.03919205678548,138.48413337862976,138.93769922178703,5916300
2023-11-22,139.60414123535156,140.7334018391259,139.20611122928594,140.3539025937841,4633500
2023-11-24,141.15924072265625,141.32584812887868,139.6412009283717,139.6412009283717,3351400
2023-11-27,140.02993774414062,140.99260520166254,139.7429934079363,140.96482318210585,6449700
2023-11-28,140.35391235351562,140.5205197229502,139.62265345684682,140.1410063271629,5909000
2023-11-29,140.79820251464844,140.8815061932827,139.83554927207896,140.07620905170748,5190000
2023-11-30,143.1585693359375,143.6028697369124,140.62232688743123,140.93703908295282,12481900
2023-12-01,146.60194396972656,146.67599639801404,143.90834515250268,144.80621142491063,10342900
2023-12-04,147.0647735595703,148.11999603530197,146.2502109031958,146.2502109031958,8920300
2023-12-05,146.75929260253906,147.7589791473781,146.4538316479447,146.99070113262064,7268200
2023-12-06,144.97279357910156,146.86109486184185,144.55626110098518,146.73150666589333,6642900
2023-12-07,143.84353637695312,144.93579198138076,143.20486069934313,144.93579198138076,6532400
2023-12-08,142.93643188476562,144.2600961391244,142.3995623523176,143.86206608745732,6254700
2023-12-11,143.52882385253906,143.91758848660376,142.8716315392591,143.01047100711946,6090400
2023-12-12,143.5380859375,143.76949446132465,142.22367309300722,143.4732847712825,5324400
2023-12-13,144.2045440673828,144.3433976701454,140.48350479750025,142.23295284947693,10764600
2023-12-14,145.2042236328125,145.47266544401293,143.51957683543625,144.83397562487772,9240700
2023-12-15,143.62139892578125,145.03761805346238,142.32550263393054,143.92685989191628,21727800
2023-12-18,143.8805694580078,144.80620357534028,143.25113091371276,143.66767756575695,7231400
2023-12-19,144.82473754882812,144.86175670336831,143.4177695673245,143.75099845441596,6651500
2023-12-20,141.8719482421875,145.0098474040763,141.72384339037978,144.8987617031925,7008300
2023-12-21,143.32516479492188,143.59360656368918,141.8996946532383,142.26069134733086,4598600
2023-12-22,143.8990936279297,144.88951484081306,143.49181233513409,143.70470423852942,3798900
2023-12-26,144.5285186767578,144.72290806695918,143.33445681255557,143.47329628837332,4170000
2023-12-27,144.72293090820312,144.88028704698385,143.8620836500982,143.9361360902407,5288100
2023-12-28,144.93580627441406,145.54672824269392,144.38968548037172,144.39893673780972,4377500
2023-12-29,145.08389282226562,145.23198354286433,144.38040187218635,144.8709868115546,4313700
