Date,Close,High,Low,Open,Volume
2018-01-02,85.51600646972656,85.57145894332263,84.61291987466717,85.26250858416368,13578800
2018-01-03,85.60316467285156,85.9438030937749,85.14370381521928,85.44473072799458,11901000
2018-01-04,86.8294906616211,87.61783447623455,86.16058827698507,86.28800056943098,12953700
2018-01-05,86.27206420898438,87.23560288759464,85.82613337120587,87.00467268221591,14155000
2018-01-08,86.39947509765625,86.54281087539455,85.76242584651894,86.12076832854065,12466500
2018-01-09,86.83744812011719,87.29930245287431,86.39151120954371,86.57466484563938,13292300
2018-01-10,87.79300689697266,88.15134327049323,87.10818114172554,87.17188727601628,15834500
2018-01-11,88.26282501220703,88.33449593134598,87.63374668778884,88.12745403481837,13676800
2018-01-12,89.72008514404297,89.86342092968938,88.2628390025299,88.90785307561484,18884200
2018-01-16,89.40154266357422,90.32526333685152,88.44597500015381,88.79635264523844,22703300
2018-01-17,89.97491455078125,90.22177436870226,88.63711574768962,89.09897623246776,14940300
2018-01-18,90.1899185180664,90.55621976444175,89.4015685880222,89.79176419696024,14572900
2018-01-19,89.9908218383789,91.04990748553601,89.82359778882778,90.73138895802043,18785500
2018-01-22,91.04196166992188,91.0897382407458,89.58471550626868,89.71212779560227,12475700
2018-01-23,90.94639587402344,91.28880878264751,90.26157005677528,90.51638854165702,12320800
2018-01-24,92.1090087890625,92.37179206941344,91.30474152547028,91.46400080579393,15904500
2018-01-25,92.13288879394531,92.50715475195939,91.6391814240983,92.40363683658698,13510000
2018-01-26,92.62662506103516,92.62662506103516,91.54364477434058,92.13291149419251,13883900
2018-01-29,92.53107452392578,93.44683080351611,92.38773870559552,92.38773870559552,11679900
2018-01-30,91.66307067871094,92.84956862653175,91.55955276224054,91.99751878609372,14279100
2018-01-31,92.1090087890625,92.89735863011533,91.70289580163154,92.09308529117098,13141400
2018-02-01,93.0645980834961,93.1601512373473,91.95772949879658,92.18865367083912,13800600
2018-02-02,91.00213623046875,93.10439022654303,90.85083566832607,92.76197732167137,16477300
2018-02-05,86.63836669921875,91.24898753965525,82.80015999575345,89.98285994858294,30097600
2018-02-06,89.2741470336914,89.56878336784003,84.89445025363479,85.08556259384785,33114800
2018-02-07,89.87935638427734,91.13751939021743,88.50970458189313,88.8282292458771,21878300
2018-02-08,85.90576934814453,90.07046598801698,85.87391627518852,90.07046598801698,27425800
2018-02-09,87.62579345703125,88.43006679258339,84.59185982959141,86.8772614768925,28188000
2018-02-12,88.97952270507812,89.76787260610946,87.64968877960882,88.52562703873551,18043300
2018-02-13,89.52898406982422,90.02269763267506,88.23100312400013,88.64508095951635,16358200
2018-02-14,91.5993881225586,91.79050050806934,89.60861638704145,89.6882460413915,15186900
2018-02-15,91.98160552978516,92.36383024496098,90.9543667353026,92.16475310049582,12130200
2018-02-16,91.3206558227539,92.42752411293644,91.17732005476293,91.21713790850822,13214300
2018-02-20,91.34457397460938,91.88606415571508,90.75530721366754,91.29679739477324,13461500
2018-02-21,91.726806640625,93.52646003713276,91.31272268940201,91.5755060343681,14212500
2018-02-22,91.5595703125,92.71421541303421,91.38438143923764,91.9736481331042,17070400
2018-02-23,93.41497802734375,93.47868418577572,91.82236051866663,91.82236051866663,12162500
2018-02-26,94.57755279541016,94.68107678307862,93.42290796252622,94.07588065446394,16511200
2018-02-27,93.45476531982422,95.02349402469045,93.44680053378762,94.68904591537374,17563300
2018-02-28,91.97364807128906,94.35460920770677,91.84623577251014,93.82108387611383,17735600
2018-03-01,90.3252944946289,92.88144464760789,89.7041746916148,91.95772973104549,18690000
2018-03-02,90.2376708984375,90.42878322022963,88.4857947854153,89.49710381672287,18353700
2018-03-05,91.62326049804688,92.31605112880897,89.09896383391998,89.22637611903343,13933000
2018-03-06,91.7029037475586,92.22846427844745,91.03400134646512,92.08512848359545,10674400
2018-03-07,91.3604736328125,91.65510387912143,90.07045172151054,90.58008865737888,13006500
2018-03-08,91.36846160888672,91.75865725926019,90.15011022897988,91.66309802492013,11173700
2018-03-09,93.99624633789062,94.02809940363518,92.10899320114571,92.80974849682369,15366600
2018-03-12,93.69364929199219,94.56162253211853,93.36715993171283,93.96439123191568,12339300
2018-03-13,92.57086181640625,94.33866763347258,92.23641370921845,94.12366093931499,13312300
2018-03-14,91.53565979003906,92.84160524608222,91.25695302966737,92.81771696310061,12905100
2018-03-15,91.76660919189453,92.37180548062506,91.44012579722416,92.2682875409204,8748000
2018-03-16,91.9258804321289,92.8495953866501,91.84624469997509,91.84624469997509,19888900
2018-03-19,91.20121765136719,91.93382006243094,90.2217615328553,91.65511328380366,13214900
2018-03-20,91.28880310058594,91.93381102131256,91.13750254620254,91.47195672301591,9921200
2018-03-21,91.36846160888672,92.87348461646026,90.94641895575333,91.42420297674671,13633000
2018-03-22,87.55412292480469,90.46065035675143,87.22763957743456,90.14212572065347,22550400
2018-03-23,85.2129898071289,88.32655345006279,85.0139126458682,87.8089516157144,23081500
2018-03-26,87.84078979492188,88.5176568887105,86.51892082749075,86.94892815193754,20217500
2018-03-27,86.13670349121094,88.93971328539813,85.44391886778016,88.4459997451366,18039900
2018-03-28,86.00133514404297,86.9330148166854,84.92631966981303,86.22430059643402,19189300
2018-03-29,87.57003021240234,88.21503803172273,85.82611298197244,86.39945596596861,13274600
2018-04-02,85.88185119628906,88.17522304876654,84.47238814141257,87.56206223946097,18822500
2018-04-03,87.0604248046875,87.1957958149914,85.41206616791136,86.28800445417862,14050700
2018-04-04,88.38227844238281,88.55746728390089,85.22093273503849,85.28463887292719,15302600
2018-04-05,89.54278564453125,90.30311866513337,89.15061747543119,89.34269897166132,16627000
2018-04-06,87.30982208251953,89.2786804171031,86.29338441936221,88.47833368492347,18906000
2018-04-09,88.35826110839844,90.4231566908051,87.95008265462975,88.0461264396811,15974300
2018-04-10,90.0470199584961,90.33514529428754,89.17463877341602,89.74288426729319,13951400
2018-04-11,88.53435516357422,89.48676359526458,88.4543156077313,89.36671647382184,14503300
2018-04-12,90.73529052734375,91.5516413212343,89.23864028135823,89.28665912036368,16435500
2018-04-13,88.27822875976562,92.15990838748121,87.27779555127398,92.05585942585586,39152800
2018-04-16,88.20622253417969,89.21466123978844,87.870078334364,88.79047840104553,16580500
2018-04-17,88.20622253417969,89.57481486728216,88.03014525632528,89.1346277788078,15501400
2018-04-18,87.493896484375,88.89450313709258,87.14974717688939,88.46231520865763,16081400
2018-04-19,89.41472625732422,89.5347794727565,87.63795576617504,87.66196518802946,17911000
2018-04-20,89.21467590332031,90.23111384777806,88.7424680254465,89.87896534035096,15584400
2018-04-23,88.78245544433594,89.59880635272216,88.54234900331387,89.29467681943326,11285800
2018-04-24,88.36629486083984,90.35915672239805,87.71000460998796,89.43875666302276,16453100
2018-04-25,88.03016662597656,88.4623547475813,86.91768476165002,88.2542628135872,13548200
2018-04-26,88.1181640625,88.69441462172259,87.50989890485835,88.01412119725826,10299500
2018-04-27,87.55792999267578,88.16619519295195,87.34183296474049,87.67798321862196,9384000
2018-04-30,87.06172943115234,88.27826006351319,87.03772000262028,87.83806685321909,13744900
2018-05-01,87.06172943115234,87.21379728673791,86.06930104613515,86.79761350497589,10503400
2018-05-02,86.37342071533203,87.62996488198137,86.22135898340049,86.52548855342475,12162100
2018-05-03,85.82918548583984,86.25336829488211,84.18047310166463,86.10930563273934,15379100
2018-05-04,86.7815933227539,87.02969884691893,84.82074634123644,85.18089991542185,11967900
2018-05-07,87.53392791748047,87.78203346074734,86.72557597481708,87.04571590216348,9356700
2018-05-08,88.83047485351562,89.11059496571117,87.46188278579412,87.66196945252814,12543200
2018-05-09,90.76731872558594,90.9513950401345,88.86248974409399,89.19063480957001,11368100
2018-05-10,91.47162628173828,91.59167950955326,90.23909161474876,90.59124612136314,9159700
2018-05-11,91.1274642944336,91.82376803411586,90.97539648657931,91.63168045382835,10253000
2018-05-14,91.15949249267578,91.79976620402012,91.03143408671039,91.3275645708847,8710700
2018-05-15,90.46318054199219,91.16748949936151,90.09502181707656,91.16748949936151,11536200
2018-05-16,90.71129608154297,90.99142232393054,90.14305063200882,90.35114249298898,7571100
2018-05-17,90.40715026855469,90.76730989852703,89.79888514911866,90.59923174084399,8617200
2018-05-18,88.94253540039062,90.27911916272966,88.71043410161512,90.23909938129337,11806300
2018-05-21,89.75889587402344,90.07103064112202,89.57481342119428,89.67886241433484,9441900
2018-05-22,90.4471664428711,91.47160906254449,89.87091594276488,89.91893478238718,11507600
2018-05-23,90.03099822998047,90.25509432814026,88.93452716310426,90.04700858336943,11453900
2018-05-24,89.02256774902344,89.75888526095495,88.13418240735096,89.75088008408416,14084800
2018-05-25,88.56636047363281,88.90250459073094,88.19819565262799,88.40628748490025,8283500
2018-05-29,84.78072357177734,87.39785451369907,84.0043863196316,87.38185026690125,30643800
2018-05-30,86.71754455566406,86.91763118643678,85.35695790887334,86.14929925700866,17490800
2018-05-31,85.64511108398438,86.58952053355394,85.17290330611891,86.39743290891644,19808200
2018-06-01,86.7575912475586,87.18977923688666,86.2773844059145,86.7095662890813,13594200
2018-06-04,86.797607421875,87.44589247761587,86.65354475461719,87.22979542364843,9415400
2018-06-05,86.30939483642578,86.68555880442301,85.6931304953096,86.62953477341246,10415200
2018-06-06,88.32625579833984,88.63038532373342,86.82160631132274,86.96566895096397,15453600
2018-06-07,88.67842864990234,89.23866897228615,88.06215818911859,88.98255823831619,13444400
2018-06-08,88.92652893066406,88.95053835646168,88.08616239078009,88.5343607282601,10383200
2018-06-11,88.70243835449219,89.56681437415425,88.65441339373658,88.93453966196597,12642900
2018-06-12,88.1902084350586,89.26267012597859,87.6539714834376,88.95053538870123,15294100
2018-06-13,88.01412200927734,89.19863163090959,87.70198730451207,88.40629015774853,14979700
2018-06-14,86.46147918701172,88.32628902777645,86.26139245146605,88.26225980692281,20487300
2018-06-15,86.35740661621094,86.74156959703531,85.0528376406703,86.27737317071924,26028600
2018-06-18,86.58150482177734,86.75758206985805,85.38898996817711,85.84518733540409,9786800
2018-06-19,86.07731628417969,86.34142613506064,85.31698302355392,85.55708954925944,12707200
2018-06-20,86.06929016113281,86.94967036421929,85.98925670742696,86.58151159224353,8876900
2018-06-21,86.04528045654297,86.60552073682778,85.26093795798313,85.71713535940394,11048700
2018-06-22,84.63668060302734,86.73359157836084,84.44459906599405,86.56551947018647,19478900
2018-06-25,83.86833953857422,84.59665193082247,83.20405024783696,84.56464343314764,16907600
2018-06-26,83.92435455322266,84.20447467399562,82.52374784319713,83.80430132827405,17086800
2018-06-27,82.62779998779297,84.77272960582235,82.61980091641652,83.78030130678229,16276800
2018-06-28,83.98038482666016,84.4045676277043,82.84389390571904,82.97995138791035,14491300
2018-06-29,83.39612579345703,85.55706560146247,83.35611212114785,85.38098834605155,18972400
2018-07-02,84.10041809082031,84.10841715999491,82.73982527349793,83.01194627942627,11130000
2018-07-03,82.92393493652344,84.66068607940508,82.85190054714774,84.36456166242074,8311700
2018-07-05,83.46308898925781,83.99418527698174,83.31019475006934,83.79301123145783,10723400
2018-07-06,83.73668670654297,84.09075500800918,82.23995124587483,82.98027643433554,12173700
2018-07-09,86.32778930664062,86.47263483793405,84.25972075054989,84.25972075054989,13900800
2018-07-10,85.79669189453125,87.22904982837,85.72426606024568,86.92326141147628,14575900
2018-07-11,85.61161804199219,86.1507629584096,85.46677249765007,85.54724088020812,10186500
2018-07-12,85.98177337646484,86.5531068462862,85.273643048942,86.44044988825628,12456800
2018-07-13,85.58747100830078,86.74623526646631,84.60574086061538,86.34388724786368,21289100
2018-07-16,88.98329162597656,89.13617970234402,86.08638704312797,86.1427155216515,24662600
2018-07-17,88.91889953613281,89.2649190287702,88.31537759357987,89.0717937261692,14821900
2018-07-18,89.7477035522461,90.2224771712734,88.6774568799257,88.8544909026362,14244900
2018-07-19,88.42803192138672,89.39366454522967,88.29928376990082,89.36952465053497,16775300
2018-07-20,89.54657745361328,89.91673690812601,88.33953335176334,88.51656746899633,13578100
2018-07-23,91.21227264404297,91.92845145369843,89.26491017597624,89.36951842548092,18140000
2018-07-24,91.85604095458984,92.36299717655818,91.26861022874549,91.37322462804723,14000400
2018-07-25,92.68485260009766,92.95844619602117,91.23639785891112,91.63874571598059,13329100
2018-07-26,92.41934967041016,93.01482308996343,92.20208441575703,92.87802622076167,11897800
2018-07-27,93.36886596679688,93.58613730171967,92.38713596892082,92.68487566741616,12802700
2018-07-30,93.93215942382812,94.6402896381984,93.39300848015766,93.57004256858592,13411600
2018-07-31,92.49980926513672,94.21381579514716,92.39520098792582,94.21381579514716,15843800
2018-08-01,93.07112121582031,93.89995692570099,92.76533287593604,93.14354089252436,13531600
2018-08-02,93.46546173095703,93.54593012039598,92.00091494152763,92.19404030405002,11058100
2018-08-03,94.22186279296875,94.25405137348193,93.29646719542667,93.34474699652445,11016100
2018-08-06,94.24597930908203,94.57590141213778,93.48956325233935,93.9804282075436,9857400
2018-08-07,94.59203338623047,95.18750680875864,94.41499925374646,94.7449214775486,10562100
2018-08-08,94.78516387939453,95.17141460817096,94.374767108143,94.4150043729235,8997100
2018-08-09,94.05284118652344,94.72878883871087,93.9079956995791,94.55980346049941,9694200
2018-08-10,93.12747955322266,93.30450753284902,92.28254621789895,92.9423967544782,12630600
2018-08-13,91.6468276977539,93.24817103182333,91.59049922286734,92.99066855529286,10336300
2018-08-14,92.25840759277344,92.57223857552312,91.45371150585757,91.9526191505653,10597600
2018-08-15,91.49392700195312,92.00088937931501,90.90650239685309,91.59049272605607,10152100
2018-08-16,92.35496520996094,92.78950182428161,91.97676321428429,92.01699433415943,10118600
2018-08-17,92.35496520996094,92.59637648658702,91.97676321428429,92.25035693107299,8505100
2018-08-20,92.23426055908203,92.58028009526853,91.82386386747864,92.21011452129311,8618700
2018-08-21,92.79754638671875,93.65857089744533,92.44347816720159,92.83778364415244,10976700
2018-08-22,92.51589965820312,92.86996786109339,92.3630054543472,92.78949335000506,8314700
2018-08-23,92.32276916503906,92.6607399910369,92.08135792398754,92.50784579574807,9265400
2018-08-24,92.28253173828125,92.71706828775146,92.09744896857727,92.52394297887899,8845700
2018-08-27,93.91606903076172,94.37474550327099,92.67683645921984,92.71707371478898,13768000
2018-08-28,93.4573974609375,94.17357644436687,93.32060060777539,94.14943654549633,8302600
2018-08-29,93.15159606933594,93.64246104349728,92.82971649195012,93.62636368798972,7221700
2018-08-30,92.69293975830078,93.37693017141352,92.52395432489719,93.01481326611128,8991800
2018-08-31,92.20206451416016,92.41128104330598,91.59049386591612,92.40323850403779,13065700
2018-09-04,92.66072845458984,92.73314813428318,91.43758732324852,92.00892064063925,10174200
2018-09-05,92.21012115478516,93.1033342975851,91.9365274335965,92.54004949552383,11462400
2018-09-06,91.81582641601562,92.2986428619972,91.33300997003407,92.13770609311807,9877600
2018-09-07,91.99284362792969,92.35495436098773,91.43760144052047,92.13768914902153,10955600
2018-09-10,91.5019760131836,92.51589463225132,91.46174489916824,92.41932890779724,8276900
2018-09-11,92.08139038085938,92.2020960439315,91.07552008750005,91.36521122313515,9333800
2018-09-12,90.9950180053711,92.4434670079829,90.80993523859915,91.93651077797018,10800800
2018-09-13,91.34909057617188,91.83995564536079,90.66510017890086,91.22839108321024,12470800
2018-09-14,91.33300018310547,92.12964754057627,91.11573495446562,91.58245398994076,10337900
2018-09-17,91.60658264160156,92.08135643751385,91.17205223767208,91.56635152830435,9561300
2018-09-18,91.97675323486328,92.26644427964578,91.38127378761976,92.00089313203797,7944200
2018-09-19,94.6483383178711,95.00240035538965,92.08940499269774,92.08940499269774,16052800
2018-09-20,95.4610824584961,95.95194750032957,95.01850335049984,95.35647419064458,15590000
2018-09-21,94.8333969116211,95.94388102266223,94.74487988423836,95.8634065327931,24788200
2018-09-24,93.92412567138672,95.32429510520647,93.69076307585946,94.76101031555018,12492500
2018-09-25,93.65856170654297,94.92998278882067,93.60223323526955,94.18161530513497,9308300
2018-09-26,92.55613708496094,94.04482969078992,92.26645215479631,93.94826395450595,14023600
2018-09-27,92.1537857055664,93.15161319282109,91.86410078594471,92.87801335297918,13283000
2018-09-28,90.80188751220703,91.92846306338939,90.54438505530902,91.45369540259172,15815100
2018-10-01,91.33300018310547,92.22621327516262,90.96284074287314,91.22839190847792,10146300
2018-10-02,91.711181640625,91.83188723893073,90.77773156235845,91.22031670969893,13753100
2018-10-03,92.57223510742188,93.07114887278236,92.12160728022124,92.49176672961372,17142000
2018-10-04,93.40686798095703,94.65477868102096,92.54791894912621,92.82343475211134,16357400
2018-10-05,92.88014221191406,94.0794286397008,92.3939386620349,93.86064198812312,13777600
2018-10-08,93.44738006591797,93.82013162150629,91.851026846281,92.58032605605621,14370900
2018-10-09,92.79911804199219,93.21238864825347,92.11033781978065,92.92066894763796,14069500
2018-10-10,90.32762145996094,93.14757062401503,90.32762145996094,92.9449878204114,23086400
2018-10-11,87.62112426757812,90.32763411780792,87.01337577160184,89.92246845382374,33705600
2018-10-12,86.66490173339844,89.80899010636756,85.57095607245033,89.43623857209151,32075700
2018-10-15,86.17060852050781,88.20454136718111,86.15440461830036,86.86749377980885,18903200
2018-10-16,88.0181655883789,88.1478153485049,86.486640316481,86.83508293392704,19302800
2018-10-17,88.99866485595703,89.78468700028897,87.70213635195694,87.82368106925728,18794500
2018-10-18,87.58866882324219,89.00674797611326,87.36177714795633,88.34227684891847,17582500
2018-10-19,87.44284057617188,88.50437244331896,86.92422293337167,87.23215273837832,15234500
2018-10-22,86.18684387207031,87.7912965014187,85.98426103223981,87.63733774713712,16199100
2018-10-23,85.28734588623047,86.02475013409801,84.03133024347531,84.43649578212722,21407500
2018-10-24,83.69908905029297,85.10906324775735,83.39116549844105,84.89027659976635,23168900
2018-10-25,84.9713134765625,85.81405850130803,84.04753658416236,84.42028812124178,17464700
2018-10-26,83.80443572998047,84.72821263264431,83.24531150931674,84.27442922286848,19174900
2018-10-29,84.96322631835938,86.40561488614873,84.03134418834843,84.64719764035323,18445200
2018-10-30,86.46231079101562,86.68920865253568,84.97130479503419,85.66008487322854,18019700
2018-10-31,88.34228515625,89.52537388692369,87.3455814628993,87.58057820078189,20860000
2018-11-01,88.30989074707031,89.31469963404967,87.77506922478929,88.82850218437166,13065000
2018-11-02,87.82369232177734,89.7927973646994,87.1024980558254,89.0553991951431,19009200
2018-11-05,88.39899444580078,88.56106433434383,87.85607422943332,88.01003907796569,10276400
2018-11-06,88.81227111816406,88.86899403752054,87.32126513374558,88.05866308537975,10825000
2018-11-07,90.33570861816406,90.53829138165962,88.60969951648737,89.436240653657,12679600
2018-11-08,91.06501770019531,91.51070233151401,89.94676287389075,89.95486791691556,11662500
2018-11-09,90.18177032470703,91.04882456077794,89.80901867187008,90.94348371834701,10432200
2018-11-12,88.28556060791016,90.70845476650406,88.00194599235057,90.28707918138558,13279700
2018-11-13,88.80419158935547,90.04400349546643,88.40713103979216,88.40713103979216,13746100
2018-11-14,86.97285461425781,89.71177201575789,85.8789086623699,89.32281647756241,18361400
2018-11-15,89.19316864013672,89.20127368443615,86.55148679122068,87.71026083254547,19100000
2018-11-16,89.12833404541016,89.7522925811426,87.96146122859638,88.69075442072865,13798600
2018-11-19,89.80899810791016,90.10881666092327,88.75556519546134,89.10400781890188,13987000
2018-11-20,87.88040161132812,89.5334777274075,87.49955120357143,88.95814341258118,18936200
2018-11-21,87.2240219116211,88.82037485304497,87.2240219116211,88.35038142395211,10619600
2018-11-23,86.42179870605469,87.02144188946413,85.94370022160113,86.49472552542822,6488400
2018-11-26,88.53678131103516,89.12022071589247,87.07007775650888,87.28887062449833,13948300
2018-11-27,88.90953826904297,89.16073895708944,88.0262740659392,88.13162107628357,9238200
2018-11-28,89.89813995361328,90.27089154153846,88.22075471678197,88.97436293520393,13977300
2018-11-29,89.18502044677734,89.78466978806894,88.84468293890983,89.35518920071111,11144300
2018-11-30,90.1007080078125,90.20604881467328,88.79607457224684,89.01486122721462,18652700
2018-12-03,90.9515380859375,91.4782544050936,90.54637263771498,91.06498391685308,16034500
2018-12-04,86.89180755615234,90.43295054651512,86.4866420015691,90.43295054651512,23555900
2018-12-06,85.23871612548828,85.37647090567906,83.3668473936949,85.09285630459964,27213900
2018-12-07,83.69908905029297,86.68921239429065,83.39116549844105,85.21441023359381,19248600
2018-12-10,82.13516235351562,83.86116540371846,80.44967214968231,83.35876406885322,23636400
2018-12-11,81.33293151855469,83.99892147408131,81.20327558015727,83.56944081489142,16860700
2018-12-12,81.8596420288086,83.3830683981759,81.08172494294112,82.37825960172235,22621500
2018-12-13,81.94068145751953,82.62946164260204,81.576028760239,82.28912407100864,17250900
2018-12-14,81.26811218261719,82.60515982328438,80.91966953907769,81.02501036346457,19879500
2018-12-17,80.23087310791016,81.48688243390092,79.76898469057565,80.84672020946628,25113500
2018-12-18,79.85001373291016,81.75429025703711,79.50967621264942,80.56310275378995,20837200
2018-12-19,78.83711242675781,81.50310245266776,78.27798199674463,79.74468547249383,28767900
2018-12-20,78.15643310546875,79.63934052088798,77.54058591300154,78.28608905062126,31825200
2018-12-21,76.30886840820312,79.76088018215552,75.91991299223757,78.34280093918073,41313900
2018-12-24,74.66390991210938,76.34940014826773,74.66390991210938,75.27165826032972,17009300
2018-12-26,77.75939178466797,77.75939178466797,73.82928616667773,75.10961112055067,22542900
2018-12-27,78.6345443725586,78.7236813036601,75.80649007237764,76.83560802827233,20304700
2018-12-28,78.46436309814453,79.67175472457717,78.1483344588926,79.37192998734565,17963300
2018-12-31,79.10453033447266,80.06882021417093,78.41574390025599,79.08021520642744,13237200
2019-01-02,80.47400665283203,80.85486338721456,77.74319388324608,77.75129274569073,15670900
2019-01-03,79.33030700683594,80.78440904314425,78.9872055396819,80.58018108899887,16286400
2019-01-04,82.25484466552734,82.45090173699191,80.28608439078691,80.96412262725666,16935200
2019-01-07,82.31201934814453,82.89202586997115,81.4542596252433,82.04243700865656,15430700
2019-01-08,82.15682220458984,83.17796198849523,81.32357488324182,83.02274674692798,13578800
2019-01-09,82.0179443359375,82.90837518861478,81.6339948003639,82.3528749263568,14230300
2019-01-10,82.0097885131836,82.28754181152233,81.09484490386181,81.7075288540445,14376100
2019-01-11,81.6176528930664,81.83004545272244,80.83341215765003,81.60131116845174,15439900
2019-01-14,82.45909881591797,82.80220035819967,80.59654046348135,80.7680912346222,21258500
2019-01-15,83.0635757446289,83.70893668766867,80.54748639943263,80.78439152276681,26504900
2019-01-16,83.73345947265625,84.50952318938585,83.16162370585995,83.52923152272294,18533000
2019-01-17,84.07654571533203,84.55035596923038,83.25963406345541,83.41484927172519,14247600
2019-01-18,85.4407958984375,85.69404277597629,84.00303572340952,84.77092852091207,16428700
2019-01-22,84.09288024902344,84.62386779131313,83.43117762944794,84.20724737190498,17083700
2019-01-23,83.88050842285156,84.71375576172696,83.30050176129798,84.50136316963764,12146700
2019-01-24,83.92951202392578,84.21542989187292,83.2759863589812,83.43119535441417,11296800
2019-01-25,84.46049499511719,85.21205221730925,83.92950117610755,84.5585266368323,14369400
2019-01-28,84.86080169677734,85.15489046471632,83.80698465041979,84.05206070121658,12283100
2019-01-29,85.09770202636719,85.8656011246576,84.73826506693675,84.86079685279796,9743300
2019-01-30,85.29374694824219,85.97177886972368,84.77908862848324,85.07317731619088,12526300
2019-01-31,84.55036163330078,84.79543763829804,83.92134236153564,84.47684257132663,17520600
2019-02-01,84.86080169677734,85.65320719747166,84.56671292883836,84.95883336360463,13000800
2019-02-04,85.1630630493164,85.1630630493164,84.15009406847014,84.78728433436606,9871500
2019-02-05,84.78727722167969,85.40813194029643,84.37882131805807,85.38361935074346,12763000
2019-02-06,84.74642181396484,85.46530813103524,84.52585838739039,84.72191545907235,8745000
2019-02-07,83.63542175292969,84.55036514605135,82.86752895494917,84.34613721091596,13177500
2019-02-08,82.80217742919922,83.60274747283495,81.74018963616484,83.39035490026181,12892600
2019-02-11,82.4100570678711,83.33317135628268,82.32019627461789,83.1289434138967,10978500
2019-02-12,83.81515502929688,84.07656657344796,83.2351483604786,83.2841610773373,12852300
2019-02-13,84.21542358398438,84.83627821683935,84.06021460017683,84.06021460017683,10754100
2019-02-14,83.6680908203125,84.22359099907094,82.7939955923807,83.70893889637733,11518500
2019-02-15,86.22502899169922,86.34756075578265,84.68106643883394,84.87712349390883,14716900
2019-02-19,85.92278289794922,86.0779981335041,84.80361149442557,85.7022194554881,12764900
2019-02-20,86.33941650390625,86.42927730713683,85.67771365897711,85.94729606866888,10030300
2019-02-21,86.1596908569336,86.58448226202225,85.74306408263365,86.143349130271,8400100
2019-02-22,85.77574157714844,86.66617247428124,85.59601997854188,86.34757736131237,10647300
2019-02-25,86.6743392944336,87.63012458875447,86.33940870291653,86.3884214156892,11230700
2019-02-26,86.01264190673828,86.15968627617094,84.90981225226444,85.36728085381395,15465400
2019-02-27,85.90644836425781,86.08616372593603,85.37545444475376,85.92278385803131,9968800
2019-02-28,85.25291442871094,85.94728819983942,85.1058700580273,85.78390833576529,15156900
2019-03-01,85.31009674072266,86.51912890760605,85.12220429053252,85.8574261330601,13813300
2019-03-04,85.1140365600586,86.52729038626244,84.36247301921502,85.7103786426628,12466300
2019-03-05,85.0486831665039,85.40812633250391,84.35430942244737,85.0650186592575,10856600
2019-03-06,84.73008728027344,85.42446101776625,84.59121377928327,84.8444544260938,9070800
2019-03-07,84.1174087524414,84.52586465102952,83.45571219114224,84.34614305844397,12705700
2019-03-08,84.15011596679688,84.32983762344263,83.31686214644746,83.31686214644746,10582400
2019-03-11,85.24474334716797,85.40812944336547,84.68107845477793,84.94248997615162,9763200
2019-03-12,84.99152374267578,85.60420773196911,84.75461851891043,85.44082159529792,10219100
2019-03-13,85.27741241455078,85.75939356158187,84.91796926981857,85.11403256651343,13022200
2019-03-14,86.05348205566406,86.48645052505167,85.33460194850007,85.36727916689964,10926500
2019-03-15,87.04198455810547,87.24621257796724,85.9636608625371,86.11070528613935,24811700
2019-03-18,87.56478118896484,88.05492704122234,87.00111003097027,87.04195811555115,12935500
2019-03-19,87.24617767333984,88.55323523103102,87.04194973518365,88.38984914098084,12889300
2019-03-20,85.38361358642578,87.12363960721045,85.29375902763425,86.9439180245433,14920700
2019-03-21,84.0357437133789,84.54222518883746,83.5537623693442,84.54222518883746,19751000
2019-03-22,81.49513244628906,83.58642490451172,81.29906910392333,83.17796895673116,31115200
2019-03-25,80.81708526611328,82.15682013016601,80.13087610773319,81.35624381747964,21032300
2019-03-26,81.6258316040039,82.0179520393563,80.7272298039773,81.54414166446382,15987100
2019-03-27,81.34807586669922,82.05878512051805,80.93961998012115,81.59314565912074,12753200
2019-03-28,82.27118682861328,82.34471213171275,81.47878138349444,81.69118019711883,12454100
2019-03-29,82.69599151611328,83.31684005118638,82.17316218427561,82.94923220193144,14523400
2019-04-01,85.48165130615234,85.51432852645986,83.42303628711798,83.447542644213,17499300
2019-04-02,85.89012145996094,86.13519753665317,85.22842477845289,85.44898826144106,10295400
2019-04-03,86.06165313720703,86.88673576440287,85.60418454353433,86.43743180094421,11499200
2019-04-04,86.89306640625,87.0330088604585,85.97935516167823,86.06167646894228,11952100
2019-04-05,86.687255859375,87.34578848537211,86.42384406502268,87.0906100759087,9933700
2019-04-08,86.9671401977539,86.9671401977539,86.35800156041353,86.52263158772725,8056300
2019-04-09,86.32506561279297,86.59670450250476,85.81470253110086,86.4979290081486,9092200
2019-04-10,86.71195983886719,87.02476569877358,85.99581227588841,86.53909641745047,10882300
2019-04-11,87.44458770751953,87.85616911081529,86.89306385412551,87.016539531161,11183800
2019-04-12,91.5439224243164,92.07074604593234,89.62595184049714,90.0869272195858,25834100
2019-04-15,90.49850463867188,91.37105504655916,89.82351151025796,91.30520052665715,15163800
2019-04-16,91.45335388183594,91.69207176408646,90.43263412481046,90.46556137893795,11583200
2019-04-17,94.0875015258789,94.38384060786855,91.3792954200606,91.94727342701309,17791900
2019-04-18,93.39603424072266,94.62254484028308,93.28902535627533,94.27681803185386,12501900
2019-04-22,93.51127624511719,93.78292142821267,92.73750762085943,92.87744376479371,7975900
2019-04-23,93.62651062011719,94.14510706779797,92.89389642219341,93.01737206593799,9193100
2019-04-24,93.47013092041016,93.96402730456597,92.86098597572584,93.23141297401764,9245700
2019-04-25,93.51951599121094,93.96402460826596,92.60580488063667,93.02561962122749,9311800
2019-04-26,94.2274398803711,94.31798828421641,93.51128603547632,93.79939173851446,7889300
2019-04-29,95.58565521240234,96.44174517606803,94.21096872715316,94.33444438849367,14242200
2019-04-30,95.52804565429688,96.07956322420817,94.87774628729234,95.84084525807482,11389100
2019-05-01,94.79541015625,96.31002635970302,94.7542495132341,95.25637921291268,10412900
2019-05-02,95.00120544433594,95.30577160867158,94.31797893043635,94.80364188450274,8613300
2019-05-03,95.58565521240234,96.04662431582501,95.21522822838084,95.48687342728334,8185400
2019-05-06,94.73780822753906,95.05061412604412,93.61007915625014,93.98873330896791,9387000
2019-05-07,93.19024658203125,93.8652397308329,92.43293842098217,93.8652397308329,15017700
2019-05-08,92.69633483886719,93.56888512824847,92.57285920087901,92.73749547827386,9575800
2019-05-09,92.62226104736328,92.8033578399569,91.02532973497907,91.4862988214117,12205900
2019-05-10,92.61402893066406,92.88566782462213,90.99239755048929,91.98842357562204,13189000
2019-05-13,90.09516143798828,90.918324196783,89.70828021675086,90.61375799537836,13783700
2019-05-14,90.81129455566406,91.96372341078246,90.13630149884546,90.17746213947656,10503600
2019-05-15,90.46559143066406,91.28875421660234,89.40371068317565,89.89760709869188,10142000
2019-05-16,91.62625122070312,92.3341717462835,91.0335729871722,91.05827314709758,9672700
2019-05-17,91.18171691894531,91.98841901680196,90.40794835839986,90.54788449081177,9570100
2019-05-20,91.6591796875,92.03783383494091,90.85248363258842,91.0253470729266,8518200
2019-05-21,91.97196197509766,92.1283586017941,91.55214728189694,91.73324406250244,7967900
2019-05-22,91.22288513183594,92.02135391163755,91.16526399722306,91.7003209787612,7918900
2019-05-23,89.42839813232422,90.37503652413996,88.48999312624134,90.25156085907996,14558000
2019-05-24,90.3091812133789,90.5149718932782,89.88113936249096,90.15277828698083,8537300
2019-05-28,89.3296127319336,90.40796013093615,89.26376448943313,89.88936361470171,11665500
2019-05-29,89.0826644897461,89.23083402045349,88.12779278513555,88.44882572162948,9966400
2019-05-30,88.12779998779297,89.8729072387258,87.69975813089493,89.4366319960509,10367800
2019-05-31,87.22232818603516,87.7409184811343,86.30038360340299,86.8930618150784,10952800
2019-06-03,87.63391876220703,87.96318516766527,86.67905309463592,87.09063453140013,11680700
2019-06-04,90.33387756347656,90.46558661673022,88.18542230408443,88.77810048325927,12858600
2019-06-05,90.65489959716797,90.8606902578827,89.42838901777331,90.43264844689838,8340500
2019-06-06,90.85246276855469,91.26404408824152,89.6671065581822,90.67136598305528,8726700
2019-06-07,89.85643768310547,90.56435178267321,89.69180138534225,90.30093998648466,10618900
2019-06-10,90.82775115966797,91.54390482649245,90.72897567474855,91.16525081376062,11380600
2019-06-11,91.1076431274414,91.84025738974854,90.85246471344735,91.22288539700213,9847700
2019-06-12,89.94699096679688,91.28875026920713,89.63419138255014,91.12411395099828,9670500
2019-06-13,90.16925048828125,90.67961366604942,89.76590248985435,90.10339595949176,8406900
2019-06-14,90.39971923828125,90.79484006163592,89.42015370472694,90.19392858200395,9077400
2019-06-17,89.90584564208984,90.85248415626556,89.77413657427262,90.30096028507347,8128600
2019-06-18,91.13235473632812,91.7085724764942,89.70828657953835,89.73298045921632,11057300
2019-06-19,90.47382354736328,91.85673097930885,90.30095383813652,91.2228984063338,13126500
2019-06-20,90.70429229736328,91.44513364089596,89.7494206311254,91.27227024205618,13638000
2019-06-21,90.0869140625,91.92256308465817,89.79880213756064,90.70428599268658,27089500
2019-06-24,89.44486236572266,90.35856718867988,89.34608058043102,89.9552192224802,13039600
2019-06-25,88.70401000976562,89.70826945991269,88.62992210463652,89.4613181497926,18660100
2019-06-26,89.29669189453125,89.97991215823303,89.03328008340657,89.14852235825906,10324600
2019-06-27,89.59302520751953,90.17747625082471,89.26376515187488,89.59302520751953,10906600
2019-06-28,92.02960205078125,92.54819234543714,91.28875428682022,91.40399657452153,21634700
2019-07-01,93.57713317871094,94.26858681144674,93.08323682958067,93.20671248692145,12724500
2019-07-02,93.67591857910156,94.0051786377517,93.19848270173257,93.43720064041707,10174900
2019-07-03,93.5267105102539,94.39715308889488,93.06247784148313,93.95778279915595,6849400
2019-07-05,94.08211517333984,94.7287266489781,93.60959091616617,94.0986985225429,7929400
2019-07-08,93.56816101074219,94.07384572711608,93.26143224557741,93.64276712068472,6917200
2019-07-09,93.966064453125,94.08212260793924,92.97127846194721,93.07904494150469,8947300
2019-07-10,93.69248962402344,94.36397613017397,93.46037333041868,93.98264131572404,9242300
2019-07-11,94.58779907226562,94.80333833737531,93.77539205905109,93.98263964962341,11595200
2019-07-12,95.58260345458984,95.62404918315715,94.44688423696357,94.61267980062352,10783400
2019-07-15,94.42200469970703,95.80641710395822,94.11527598496917,95.78154840473252,12946600
2019-07-16,95.43338012695312,95.74839421197244,93.60959739476522,94.07383633416133,16945000
2019-07-17,94.49662017822266,95.28416490515386,94.28108721374043,94.86137800226217,13120900
2019-07-18,95.06034088134766,95.39193835244107,94.13187555192096,94.44688967087707,9397200
2019-07-19,94.12358856201172,95.43339515945978,94.00753039005517,95.242724548562,10402800
2019-07-22,94.72872924804688,94.87794777149554,93.48524366087291,93.601308134395,9061100
2019-07-23,96.46131896972656,96.53592506640788,95.18467305405836,95.23441045184592,12752200
2019-07-24,96.85096740722656,96.89241313988022,95.76498548668681,95.81472922044556,10011000
2019-07-25,95.92249298095703,97.19084747347446,95.59918718187204,96.90070205438481,10138400
2019-07-26,96.34526824951172,96.58567623183507,95.77326283209773,95.97221876327411,12800400
2019-07-29,96.03854370117188,97.14110253290907,95.98880629738368,96.54422838866952,8500400
2019-07-30,95.82300567626953,96.22921556155761,95.13494839089283,95.4914145470402,7121100
2019-07-31,96.16288757324219,96.31210610005053,95.21783901168763,96.24578534931462,13648000
2019-08-01,93.62617492675781,96.82607827853666,93.34431491056606,95.60746141598167,15664500
2019-08-02,93.61788940429688,94.03238461881608,92.3495350598193,93.17852548885772,11025500
2019-08-05,90.83247375488281,92.00135320171637,89.75478375388853,91.84384300895863,15855300
2019-08-06,91.54541778564453,91.6034468655127,89.81282441581723,91.23040368417382,10203500
2019-08-07,89.55583190917969,89.76307950920082,87.82324500885656,89.53096320912833,17320900
2019-08-08,91.07289123535156,91.25527014608727,90.12784262944398,90.40141099554754,10903300
2019-08-09,90.9734115600586,91.56199402931632,89.77137791962588,90.65010578574372,9980800
2019-08-12,89.26568603515625,89.95374958130736,88.8760595373431,89.89572050661359,9393700
2019-08-13,90.64180755615234,91.46251260825059,88.72684175064612,89.48951140287342,12124700
2019-08-14,86.87818908691406,88.62735918864674,86.58803741174869,88.12167458152814,19491800
2019-08-15,87.20980072021484,88.18800979292806,86.49686836257493,86.89478659753274,13365600
2019-08-16,89.29884338378906,89.5143826502167,87.76521246911508,88.17970765279425,11830600
2019-08-19,90.10295867919922,90.98168638254536,89.87912775401482,90.8822052686085,8265400
2019-08-20,88.95894622802734,89.89570930597483,88.90091716056375,89.40660174475823,8374000
2019-08-21,89.20765686035156,89.88742873087077,89.07501536137475,89.70504983212504,8189300
2019-08-22,90.12784576416016,90.58378673216221,89.47294252769261,89.8377003618506,9343400
2019-08-23,87.88955688476562,90.17757209354716,87.13517893141155,89.53096061218805,14762300
2019-08-26,88.5942153930664,88.6936902034436,87.8812830701177,88.3869677718533,8209500
2019-08-27,87.65744018554688,89.16620240996367,86.91134758562767,88.99211519076495,14331800
2019-08-28,88.53617858886719,88.87606136916615,87.07715369188688,87.11031406735177,10585500
2019-08-29,90.54231262207031,91.09773455020486,89.5475205656525,89.64700166870232,10002200
2019-08-30,91.07289123535156,91.65318201978774,90.74958546620924,91.05630788454184,10170300
2019-09-03,89.99520111083984,90.35166725686321,88.96725472509385,90.34338190615455,9868800
2019-09-04,91.08116912841797,91.37131447673146,89.99518750373855,90.73298838574753,6929200
2019-09-05,93.15365600585938,94.27279181072645,92.18373240525925,92.22518445624117,13224700
2019-09-06,93.35260009765625,93.65932879181747,92.81375512670026,93.3940521433814,7836600
2019-09-09,95.6655044555664,96.2126348938115,94.17331903363335,94.26450849412345,13985100
2019-09-10,96.88411712646484,97.21570824998774,95.939068510095,96.41159281827991,14333100
2019-09-11,97.1493911743164,97.15767652489215,95.6489141850499,96.9006915137521,9919200
2019-09-12,97.74624633789062,98.21047886787835,96.0965511372528,96.61881905818285,12283500
2019-09-13,99.66952514648438,99.8104520058495,98.44261649072355,98.64986410438824,16257200
2019-09-16,98.78251647949219,99.37109900808308,98.1358985409836,98.56697716665599,11993900
2019-09-17,98.29338073730469,98.32654110864557,97.19082210782298,98.16903092594987,10735400
2019-09-18,99.27989959716797,99.54517629227969,97.61362699600303,98.08615130681753,10665600
2019-09-19,98.96487426757812,99.76070431346218,98.72446628631705,99.23015094953948,9382600
2019-09-20,98.56696319580078,99.76070511183272,98.54209449490148,99.2633121197615,21862800
2019-09-23,98.55036163330078,98.74932385311709,97.5555758329947,97.63847359557124,9135100
2019-09-24,97.26545715332031,98.86540907575592,97.02504914868852,98.44262214866583,11696500
2019-09-25,97.82087707519531,98.11931415529867,97.09136772644015,97.21571123923701,9389400
2019-09-26,97.0167465209961,97.86232027972352,96.95042577037142,97.72138710347235,9899200
2019-09-27,97.5887680053711,98.35143778912557,97.22401014153377,97.78772396532968,10207800
2019-09-30,97.56388854980469,98.45919343330715,97.17426202449485,98.11931063602734,9755000
2019-10-01,95.78984832763672,98.64986282936634,95.67379017146014,98.15246982793882,11250300
2019-10-02,93.88314819335938,95.25098340548615,93.61787155961974,95.17637099225328,12548700
2019-10-03,93.74948120117188,94.35113678042353,92.35397203110054,93.81632686247453,12735200
2019-10-04,95.78005981445312,96.04746156961305,93.81632120194669,93.8748151366579,9453100
2019-10-07,95.57115173339844,96.51541278412189,95.32045979939929,95.42073784807108,6771600
2019-10-08,93.44026947021484,94.47645025048074,93.30657180922537,94.47645025048074,10806300
2019-10-09,94.11712646484375,94.56001629357873,93.64917509906698,94.15055247316484,7273700
2019-10-10,95.43744659423828,96.43184984578477,94.42633352244826,94.54332139023484,10994100
2019-10-11,97.05022430419922,98.59614102384303,96.82460664526448,96.95830434583586,15076500
2019-10-14,97.30924224853516,97.66021216736311,96.64909926811771,96.80786484710035,8779000
2019-10-15,100.24231719970703,101.60439374988037,98.4958510655957,99.31476606496271,23379000
2019-10-16,100.00833892822266,100.7938342700826,99.75764702645802,100.24231463634436,11087700
2019-10-17,100.56822967529297,101.58770092185216,100.17548192863218,100.90248348364435,10818500
2019-10-18,100.7436752319336,101.12806474181707,100.15873605936285,100.275723893877,10417400
2019-10-21,103.24223327636719,103.42606677788214,101.93864432005483,101.9887865253406,12714600
2019-10-22,104.27842712402344,104.53747077804445,102.88292443085895,103.15867790514943,12549100
2019-10-23,104.5541763305664,104.57924424609915,103.76032287832304,103.78539079385577,8828300
2019-10-24,104.47895812988281,105.005409816803,103.67675301806486,104.69622400663336,8020500
2019-10-25,105.31460571289062,105.83269938447386,104.24499872994765,104.45390654303371,9055700
2019-10-28,105.71571350097656,106.30065283843892,105.62379355146668,105.76584933694173,9522200
2019-10-29,105.64885711669922,106.47613025284382,105.23939959734528,105.3396712651444,9797300
2019-10-30,105.06390380859375,105.50678728334114,104.38703826430783,105.33130551270686,8513700
2019-10-31,104.38704681396484,105.06391241368839,103.50127979192271,104.86335633765768,11589100
2019-11-01,106.79367065429688,106.95243624815829,105.30624175262977,105.45665562469227,11682600
2019-11-04,107.6460189819336,108.14739005931499,107.42874670608661,107.86327850706016,9159900
2019-11-05,107.87995910644531,108.88271368106884,107.66268690228746,108.12228646794881,13747600
2019-11-06,108.04711151123047,108.49834672720145,107.44545605612277,107.53737599372866,11231100
2019-11-07,108.63207244873047,109.71003124963474,108.56522041252151,108.99138779879117,13528900
2019-11-08,108.9496078491211,108.96631129381569,108.00534044430951,108.53179221877559,9293400
2019-11-11,108.56519317626953,108.71561340768359,108.08889007001605,108.29779784923856,8679000
2019-11-12,107.93011474609375,109.15012899823894,107.80476243204473,108.32286237882066,9099000
2019-11-13,107.36190795898438,107.6460322971041,106.47614080373145,107.0694446486827,8023300
2019-11-14,107.46219635009766,107.66273971296307,106.61820052896417,106.72683668433123,8483400
2019-11-15,108.23931884765625,108.23931884765625,107.29505141954832,107.98862691311982,10163600
2019-11-18,109.15015411376953,109.17522203220378,107.78808379286356,108.26438699383566,8749300
2019-11-19,109.11671447753906,109.67658580451199,108.78245437513192,109.4593263009867,8824500
2019-11-20,108.32286834716797,109.15013501216679,107.74628082264196,108.88273967875602,11782800
2019-11-21,108.57355499267578,109.23371077680481,108.12231975791428,108.63205529664272,7705500
2019-11-22,109.29220581054688,109.65153387918903,108.71563095742138,108.7574023194338,8167900
2019-11-25,109.87714385986328,110.3618114541094,109.3590438794102,109.67658779477958,10068500
2019-11-26,110.02758026123047,110.15293261637055,108.93290521357649,110.15293261637055,10490700
2019-11-27,110.35344696044922,110.66262640384623,110.01083513085183,110.54563855358363,6607900
2019-11-29,110.1027603149414,110.64592823547342,109.84371668777813,110.19468025529483,5712000
2019-12-02,109.86042785644531,110.92168298276002,109.76015619909002,110.5623549593712,8615600
2019-12-03,108.44820404052734,108.59862427015297,107.4538009831362,108.43985231971655,10361300
2019-12-04,110.5874252319336,110.69606136353138,108.6236996461069,108.9495952901806,10318200
2019-12-05,111.18909454345703,111.39800236057631,110.4537349469663,110.8715505812049,9587400
2019-12-06,112.84361267089844,113.46198424522166,112.51771706770387,112.55114945048787,10170600
2019-12-09,112.31716918945312,113.19458431630778,112.31716918945312,112.50100903510715,8498200
2019-12-10,112.39237976074219,112.61800372154109,111.03866149738542,111.34784091538214,7532900
2019-12-11,112.12499237060547,112.82693229466338,111.98293659152917,112.21691231597491,9011900
2019-12-12,115.33384704589844,115.70987861808439,112.15009351694876,112.38406928411881,13717400
2019-12-13,114.32270050048828,116.01067906617281,113.82968116099033,115.2753195423657,10592100
2019-12-16,114.76557159423828,116.01901823747124,114.74886815284592,115.6346350739489,11372000
2019-12-17,115.46752166748047,115.87698557613663,114.67367451869261,115.0914901497095,11546800
2019-12-18,115.35051727294922,116.16944497292238,115.08312193778687,115.44243720863113,10381500
2019-12-19,114.77395629882812,115.50095139983318,114.5650484881282,115.11655541782814,9350400
2019-12-20,114.68204498291016,116.05247981420996,114.39792064842759,115.33383638128922,29992600
2019-12-23,114.64860534667969,115.24190914655047,114.38120997612909,114.98286549826922,9738400
2019-12-24,114.96615600585938,115.00794012108433,114.53162415881907,114.75724818045639,3324300
2019-12-26,116.18616485595703,116.23631344219552,115.13327405792906,115.22519400661793,6770900
2019-12-27,116.26972198486328,116.79617370899032,115.87697430983516,116.4034260339622,7868200
2019-12-30,115.84355926513672,117.05522197516802,115.70985521073757,116.90480172628888,6963000
2019-12-31,116.48697662353516,116.5538286452851,115.55942554167395,115.74326541380638,7201600
2020-01-02,117.89920043945312,117.9075649117361,116.36999384590145,116.81287735242124,10803700
2020-01-03,116.34335327148438,117.09183900332123,115.28370320708147,115.63691989521577,10386800
2020-01-06,116.25086975097656,116.28451677614038,114.7959503108552,114.84640801602077,10259000
2020-01-07,114.27452087402344,115.93968907365868,114.2240631759403,115.45190993789112,10531300
2020-01-08,115.16595458984375,115.70419133098385,114.0390234181717,114.12311528963275,9695300
2020-01-09,115.58647918701172,116.25086030534295,115.25007312560803,116.09948720214562,9469000
2020-01-10,114.4343032836914,115.42667215607003,114.2156361654825,115.39303797081031,10190900
2020-01-13,115.3846206665039,115.3846206665039,114.1735846668225,114.53521953211117,12355200
2020-01-14,116.73021697998047,118.37856152464782,115.7967111496821,116.0069600949513,24906000
2020-01-15,114.98094177246094,116.56201791371738,114.5015680277952,115.93127109131107,16293400
2020-01-16,115.42670440673828,115.97334668983981,115.08189295674208,115.59490104518638,10783800
2020-01-17,116.22563171386719,116.30131826563455,115.48556404228775,115.67057133574825,14697700
2020-01-21,115.08187866210938,116.1163128836081,114.95573440708726,115.37623236726678,8474200
2020-01-22,114.94729614257812,115.55281412600017,114.69500767663318,115.4182645550219,7549100
2020-01-23,114.8295669555664,114.99777639051999,113.29896119159876,114.13155169733747,9345700
2020-01-24,111.97859954833984,114.73706508842444,111.28058424029193,114.68660738736837,15166400
2020-01-27,111.03667449951172,111.80198375768954,109.08557091553622,109.55652651054487,12860500
2020-01-28,113.05509185791016,113.50923690720315,111.41515214119929,111.71791122986754,13062800
2020-01-29,112.88684844970703,113.98855075599802,112.43271642113075,113.37462749229692,9326000
2020-01-30,114.28292846679688,114.48477209568864,111.59174424446631,111.59174424446631,9048900
2020-01-31,111.31420135498047,113.39146194700628,110.5657156281121,113.10552646316378,12785200
2020-02-03,112.16361236572266,112.89528748109961,111.56651249869195,111.56651249869195,10021100
2020-02-04,113.77831268310547,114.88002792703945,113.6017107567078,113.99697979731971,9157100
2020-02-05,115.7126235961914,115.83036250969718,114.3838485251525,114.8548170117547,10150700
2020-02-06,115.72944641113281,116.30131746398324,115.30894846077372,116.25927793501056,8992300
2020-02-07,115.3593978881836,115.77989580838515,114.6277356134579,114.98935766519374,6379800
2020-02-10,115.83879852294922,115.93130860013625,115.00620782826584,115.17440446881108,5960700
2020-02-11,116.05740356445312,116.74702618005213,115.87238348868635,116.27605782100675,6578600
2020-02-12,116.05740356445312,117.14228234274408,115.8892069953676,116.56200610428536,7958000
2020-02-13,115.95649719238281,116.34334804805707,114.71181425284627,115.84716363932952,7447500
2020-02-14,115.60327911376953,116.21720240578726,115.16595773945309,115.9228487661831,6627600
2020-02-18,114.07269287109375,115.8135606888397,113.57650832855383,115.50238345374814,8996400
2020-02-19,115.62852478027344,116.38541591711255,114.66137184700304,115.14074564422529,7071200
2020-02-20,115.62852478027344,116.36018706805648,114.82116311274379,115.3593999469041,7422800
2020-02-21,114.21564483642578,115.14915074732481,113.46715903994483,114.83798638788458,9772800
2020-02-24,111.1460189819336,112.02064905395697,110.00226406770068,110.54050091954095,13618400
2020-02-25,106.18415069580078,111.20489113954399,105.62067853158193,110.17046971170907,20797200
2020-02-26,106.50371551513672,108.44641390432542,106.25141418986762,106.74760508521973,24825600
2020-02-27,102.0716781616211,105.64591085808617,102.01280870327209,103.3668126615891,23005500
2020-02-28,97.64802551269531,99.649593261384,94.7465924901324,98.83382628654411,45931400
2020-03-02,102.19779968261719,102.24826379018259,96.26037180091474,98.0853310200374,27355400
2020-03-03,98.36288452148438,103.40044841315613,97.75736641716053,101.73528004255537,32547700
2020-03-04,100.7933578491211,101.0792997930594,96.46222765863122,99.51504689772683,25795900
2020-03-05,95.84830474853516,97.91715391414192,94.6793209486552,97.27799522691956,25025600
2020-03-06,90.89482116699219,92.77864982902386,88.32136983816046,89.3642091760374,38159400
2020-03-09,78.5826416015625,83.45200755757173,78.21260143403872,81.21495587759706,40352000
2020-03-10,84.68828582763672,85.17606499682735,79.54139494923373,83.25859534281136,31102700
2020-03-11,80.70195007324219,84.14162597066118,79.51614942170762,82.16528085762313,38127000
2020-03-12,74.0496826171875,81.5429518446184,72.59475706275796,75.34481050041656,49725200
2020-03-13,87.38786315917969,87.45513793640842,77.37160164855416,80.72717257566458,38543300
2020-03-16,74.31039428710938,79.03679330372756,71.10620213165055,71.65284430456052,38589700
2020-03-17,78.8517837524414,81.94664917118386,73.5871471964539,76.4381230145333,35239800
2020-03-18,70.5511474609375,76.35402061238307,67.58243287961596,73.73011102299046,41525600
2020-03-19,71.73693084716797,74.10012654857067,64.68097792231531,68.5916025255694,32175100
2020-03-20,70.22315216064453,75.23548656287478,69.3653392328673,72.57794306308594,30150800
2020-03-23,66.46390533447266,70.43340703201778,65.67336713069169,69.53354167046926,32536600
2020-03-24,74.3692626953125,75.77372421400952,69.71855670749157,71.40054839444535,34363200
2020-03-25,77.14454650878906,80.02075056579275,71.09778473575086,75.05046237551932,38111700
2020-03-26,82.51851654052734,82.89696211306381,78.66675394093144,79.12089247774875,29826300
2020-03-27,76.63995361328125,79.76004761425672,76.15218087048619,78.37240952032474,30041500
2020-03-30,78.63311004638672,79.12929450589814,75.10093012953521,76.23627321593112,21656900
2020-03-31,75.7148666381836,79.19658946301469,75.13457736194839,77.41368210160346,23379300
2020-04-01,70.9464111328125,72.79659945490423,70.01290521662108,71.56874627151038,28029600
2020-04-02,73.59553527832031,73.93193484054835,69.76900228851628,70.23155248861583,24018000
2020-04-03,71.42021942138672,74.33481032580613,70.33255332679745,73.0771998480112,21199400
2020-04-06,76.01728057861328,77.31737389049589,74.5217453944193,75.61790415303626,26820800
2020-04-07,77.01997375488281,80.29995111261724,76.79904085722691,80.2574617728116,22563800
2020-04-08,80.13001251220703,80.60586203420857,76.94350628531062,78.26059163598303,22903300
2020-04-09,87.31875610351562,88.7038215926338,82.3308101371828,82.3563011457306,42055900
2020-04-13,83.43547058105469,87.61616466677734,82.67920705069699,87.61616466677734,26911900
2020-04-14,81.14967346191406,86.6729496661281,79.56916621407123,85.84020670898946,46151300
2020-04-15,77.1474380493164,78.20110758794159,76.58660986205513,77.4533431545565,30118600
2020-04-16,74.20734405517578,76.96048308155426,73.96941934070584,76.67157635197283,32449600
2020-04-17,80.87776947021484,81.3196287735177,77.29188709158774,78.17561218115637,30191900
2020-04-20,77.92918395996094,80.47838856375277,76.86701537504767,78.57498427481771,23679400
2020-04-21,75.66891479492188,77.64879269133935,75.05710447314166,75.3035284351345,23035000
2020-04-22,75.91531372070312,78.06514848793088,75.77935950629195,77.06246103516733,16662400
2020-04-23,75.95779418945312,77.56379246260819,75.84733099795812,76.2552000765259,16638800
2020-04-24,77.07945251464844,77.41084860921961,75.19303998680465,77.01997133057061,15809200
2020-04-27,80.40193939208984,81.26016719559622,77.78475366645394,78.124649011063,22870200
2020-04-28,80.97125244140625,83.57993874528208,80.75031951658987,83.11258188181742,20238900
2020-04-29,83.15506744384766,84.50614297918523,82.65372042376042,84.19174517894275,20462600
2020-04-30,81.37060546875,82.2883141167386,80.34242714874429,81.2346447902557,19127600
2020-05-01,79.23778533935547,79.65415365620386,78.03965592910423,79.45021908021165,18547700
2020-05-04,78.29459381103516,78.74495238950564,77.1559518566354,78.19262326228231,15725900
2020-05-05,78.17561340332031,80.05352681690104,78.09064120708322,79.5776773316029,18064100
2020-05-06,76.70558166503906,78.82142665013978,76.41667485400855,78.3115869064033,20978000
2020-05-07,77.50431060791016,78.94886366286633,76.96898001585724,77.61477379843984,16771900
2020-05-08,78.77043151855469,79.94306996187143,78.26909098284831,78.85541020450668,20487800
2020-05-11,76.45065307617188,77.4193503826359,75.90682323685743,77.4193503826359,31907600
2020-05-12,73.95243072509766,77.14743591188332,73.84196751686271,76.60360606940445,27962900
2020-05-13,71.40322875976562,73.80798028980062,70.8678980605236,73.40010465016621,35451600
2020-05-14,74.36878967285156,74.87013659506553,70.01815148042758,70.29006636745407,35152500
2020-05-15,72.99224090576172,74.16487292184414,72.48240118063737,73.79948659696164,26099000
2020-05-18,76.85851287841797,77.45333114995455,74.67469462184901,75.36298424344189,30504400
2020-05-19,75.34599304199219,77.49582133067612,75.27801269316544,76.5186313688837,19597300
2020-05-20,77.60629272460938,78.50700967599815,76.79054796964093,77.0794547340626,20552400
2020-05-21,76.62057495117188,77.9716564707675,76.19570760889017,76.70554712303598,14621400
2020-05-22,76.0257797241211,76.7820432384705,75.38847857272805,76.48463733107958,13557900
2020-05-26,81.42159271240234,82.84914751349177,78.69394463375978,78.93186935344762,41233900
2020-05-27,86.13764953613281,87.16582823055295,83.95383058552909,86.73246151374303,39402000
2020-05-28,84.85452270507812,87.48020028178112,84.46364545173216,87.47170760100751,24713900
2020-05-29,82.68770599365234,84.27671268562756,82.23734750697058,83.83485336368409,26526400
2020-06-01,83.78385162353516,84.55711341849408,82.74717410996755,83.06157832598856,15176800
2020-06-02,84.06428527832031,85.33038863521534,83.21455026347141,85.21142625177359,21195000
2020-06-03,88.60184478759766,89.15417370446498,85.87419685619543,86.31606258287411,25941100
2020-06-04,90.44578552246094,90.59023890065494,87.34425181714155,88.21947773356301,26784700
2020-06-05,94.5160140991211,98.37380477152689,93.07146090502586,97.66003058003909,42231000
2020-06-08,96.40243530273438,97.03124388446543,95.11934009190641,96.36845160698583,24881800
2020-06-09,93.92970275878906,94.85591074846037,92.62960931415007,94.02317412253099,17031100
2020-06-10,90.1229019165039,93.90422697128514,89.94445832487521,93.86173762343648,24913300
2020-06-11,82.60274505615234,86.31608963150744,82.03342411737333,84.99899768493361,36259200
2020-06-12,84.8630142211914,85.93367536879913,82.70468711707392,85.57678831959655,24856800
2020-06-15,86.03567504882812,86.1886276193446,81.46410274800189,81.93145314243932,22153600
2020-06-16,86.72393035888672,89.79997262425442,84.3871596926909,89.5365569146129,22193600
2020-06-17,84.5316390991211,87.13182607679082,84.30220702287762,87.1233269117172,15639800
2020-06-18,84.0727767944336,85.41535306868971,83.38448708661393,83.84334473083935,16591900
2020-06-19,83.11257934570312,85.48334080418736,82.19487046093798,85.42385961273996,40371200
2020-06-22,82.21184539794922,83.23152460814971,82.03340186031224,82.63671281602647,16216900
2020-06-23,83.21453857421875,84.94799853896481,83.14655822666884,84.09826364347926,15381400
2020-06-24,80.4359359741211,82.2883524595367,80.138523472074,82.21187940447201,22919800
2020-06-25,83.24002838134766,83.45246210215028,80.09601190665377,80.17248493432064,25743600
2020-06-26,78.67695617675781,81.03922479149597,78.1756156663719,80.81829188851349,41896300
2020-06-29,79.02535247802734,80.29145577239181,78.32857005958263,79.36524776377283,18499700
2020-06-30,79.92606353759766,80.43590966982472,78.65996033728295,78.88089322905049,19137000
2020-07-01,79.24628448486328,81.32813255156005,79.05084259081949,80.6313501410405,18755700
2020-07-02,79.5036849975586,81.47711586663345,78.87733107307088,81.28835149086632,27845600
2020-07-06,81.51143646240234,81.68303686807937,80.20725635930368,81.02236810547336,18625300
2020-07-07,79.21195983886719,80.7392257864948,78.93739524767723,80.49898258747062,25757200
2020-07-08,80.05281066894531,80.08712551201175,78.76578803147761,79.18621359346575,18762200
2020-07-09,78.31963348388672,80.75640027601123,77.89062584513087,80.24158587259457,25600800
2020-07-10,82.60111999511719,83.09018839473416,78.82585837161463,78.93739799042676,28954200
2020-07-13,83.78517150878906,85.1751517096699,82.56679170061548,84.7118293401332,32079200
2020-07-14,84.26567840576172,85.7586231342206,82.91859470130704,84.40296399033295,42731700
2020-07-15,85.56985473632812,86.90835629037036,84.64319679300526,86.56514891734678,22508400
2020-07-16,85.81009674072266,86.84829428373791,84.55739541081658,84.75473522891994,16886900
2020-07-17,84.2227783203125,85.8701659947784,84.20561434983492,85.80152320514148,16137700
2020-07-20,83.48487854003906,84.42011193185591,83.45055714775181,83.59641815537047,14458100
2020-07-21,85.29529571533203,85.84442492956325,83.77660511805465,83.83666592129441,17798100
2020-07-22,84.6775131225586,85.91305042698751,83.68221245490686,85.5012068408898,14271200
2020-07-23,84.92634582519531,85.24380725386982,84.05974865610473,84.51449565641734,12870200
2020-07-24,84.32572174072266,85.62990833938235,84.03399975315718,85.45830139422418,12744200
2020-07-27,83.14168548583984,83.76803300110639,82.51533142443593,83.66507535264469,11959100
2020-07-28,83.50204467773438,83.99111311313058,82.79847242775848,82.79847242775848,11754300
2020-07-29,85.5269546508789,85.55269405927227,83.22747367311642,83.28753447474641,12743500
2020-07-30,83.24463653564453,83.86240856199447,82.41236724328975,83.69080813073586,14834800
2020-07-31,82.91859436035156,83.16741957176106,81.7259536703751,82.78131532248177,14535000
2020-08-03,82.45523834228516,83.71652141139121,82.24073459709392,83.24461055351657,12962800
2020-08-04,81.9833755493164,82.3265764785215,81.53720386752879,82.29226162251148,13366200
2020-08-05,83.40767669677734,84.48877793950687,82.1292355768244,82.25793919674378,15260900
2020-08-06,83.43338775634766,84.17128127722866,82.83277979569374,83.72511629876229,10482100
2020-08-07,85.2695541381836,85.36393634042584,82.84995136807781,83.16741937072327,14743700
2020-08-10,86.35065460205078,87.55187726636599,85.827264773643,85.89590756500658,14989900
2020-08-11,89.07914733886719,91.08690652580658,88.81316469315506,89.11346873607798,31518600
2020-08-12,88.3240737915039,91.31854456614012,87.26871237043305,91.08688337651435,19240800
2020-08-13,87.83503723144531,88.6844706288294,87.20868312071941,87.51756918270235,13598600
2020-08-14,87.86934661865234,88.64155512189367,87.0199067912677,87.08854958368732,12134400
2020-08-17,85.55268096923828,87.51753624498046,85.39823799637232,87.08852871436781,14988000
2020-08-18,84.36003875732422,85.72428607954564,84.1884383671958,85.72428607954564,13246500
2020-08-19,84.55738830566406,86.30773329901618,84.37719937921688,84.87484969405989,13533000
2020-08-20,83.54492950439453,84.11121604512566,83.05586117761678,83.4505473232501,13672600
2020-08-21,83.50204467773438,84.5745637506328,83.17600123618254,83.45914129636367,12228300
2020-08-24,85.85298156738281,85.98168513075058,83.5878224181967,84.47157684924811,17898300
2020-08-25,86.23052215576172,87.50038745188773,85.62991417213621,86.89119093774978,13648900
2020-08-26,85.02072143554688,86.03317961445435,84.98640658878882,85.7500395788142,12052400
2020-08-27,87.81786346435547,88.07527066934745,84.94351355725165,84.94351355725165,22163900
2020-08-28,88.17822265625,88.59007284858231,87.35452881772211,88.49569064921734,13756700
2020-08-31,85.96454620361328,87.67199464294387,85.81867864247798,87.62051582497645,14219400
2020-09-01,85.9216537475586,86.54800781238085,84.97783820339707,85.41542785015953,11595600
2020-09-02,87.21724700927734,87.46607220458269,85.42399182453767,85.75861723122568,14475700
2020-09-03,86.94269561767578,90.08302834524025,86.3506629407332,88.65014430437378,23281200
2020-09-04,88.82172393798828,90.27177161160523,86.97699663375218,89.27647745851311,26325500
2020-09-08,85.73287200927734,88.86462860841927,85.35534979556427,88.35840281329071,22108600
2020-09-09,86.5479965209961,87.2515687307953,85.42399214541042,86.48793571818896,13434000
2020-09-10,85.6556396484375,87.87789537256913,85.49261470248028,87.0027229464585,15922800
2020-09-11,86.71957397460938,86.96839910494195,85.44970892086637,85.77575880357415,13784300
2020-09-14,87.92082977294922,88.77026309605998,86.97701424214425,87.09713586173012,19017400
2020-09-15,85.18374633789062,88.24686027996765,85.06362473593752,88.14390264751432,23683000
2020-09-16,85.54410552978516,86.77106742304466,84.73757576190637,85.31244432583196,19270600
2020-09-17,84.56597900390625,85.23522983616077,83.83666736737598,84.68610061245774,18290100
2020-09-18,84.38580322265625,85.36394013837908,83.60501270571203,83.99111697123628,20121600
2020-09-21,81.77742767333984,82.4123636427579,80.49898684174781,81.68304547643004,28378800
2020-09-22,80.88507080078125,82.0777176677857,80.3702631123563,81.47710324284415,19257000
2020-09-23,79.57233428955078,81.811754667454,79.50369804302986,81.32268622550599,19952700
2020-09-24,79.5036849975586,80.91082928546795,78.40542013365301,79.21195644969957,18366500
2020-09-25,80.19867706298828,80.41318085034146,78.82585413315516,78.98029712189489,13293100
2020-09-28,82.50674438476562,83.16741320534763,80.95373242872206,81.56292243231069,20894100
2020-09-29,81.81173706054688,82.39518758029944,80.93656455398582,82.39518758029944,12848200
2020-09-30,82.60111999511719,83.3990743888224,81.73452936083183,81.81174758628566,16400600
2020-10-01,83.20172882080078,83.88813700221205,82.39519249785315,83.33043240048289,15778700
2020-10-02,83.99109649658203,84.5917044401279,81.58865163012733,81.72593718644389,15149600
2020-10-05,85.766357421875,85.94821178749147,84.45873038505584,85.1428529644015,13871900
2020-10-06,84.883056640625,87.3424345825821,84.4414131587567,86.65831200805233,19220400
2020-10-07,86.36389923095703,86.90080080542934,85.44595901078009,85.6970931630156,16358500
2020-10-08,88.13914489746094,88.26038115839405,86.51111038858707,87.03935692845884,15659000
2020-10-09,87.63687133789062,88.42491359340647,86.69295956216847,88.32965559313796,13689100
2020-10-12,88.71070098876953,89.19564607653705,87.33379389045636,87.55028817704991,16058000
2020-10-13,87.27315521240234,89.38614106640925,86.82285010930697,89.19562508194899,21697300
2020-10-14,86.7882308959961,88.26905102738218,86.68431125967939,87.4896702722102,15204100
2020-10-15,88.08719635009766,88.13915286465674,85.76637733449296,85.81833384905205,17171200
2020-10-16,87.90531921386719,88.61542002572669,87.22119665257043,87.81872284303157,13275000
2020-10-19,86.42449951171875,88.21707147709047,86.2166602933571,87.98325400815352,11725700
2020-10-20,86.9181137084961,88.13047622076049,86.70161945889457,86.86615059591321,11257100
2020-10-21,86.0521240234375,87.4550023256259,86.01748415578258,86.90943927553921,10730500
2020-10-22,89.09171295166016,89.40346520570483,86.00017527145063,86.00883689152974,14837200
2020-10-23,89.8970718383789,90.45129659958526,89.13501444344024,89.62862107785466,15087600
2020-10-26,87.67151641845703,88.93584214352782,86.81420097200176,88.89254725430362,12410700
2020-10-27,86.01748657226562,87.3943866641138,85.87027208575596,87.03933957271522,10391700
2020-10-28,83.6014404296875,85.12556216526673,83.19443008494062,84.43277775630841,16389500
2020-10-29,84.14698028564453,84.84842612149207,82.47564447529956,83.23770843455318,14208800
2020-10-30,84.900390625,85.22945952494229,83.33297428146784,84.78781598717568,15194500
2020-11-02,86.81420135498047,87.35976453115316,84.74451668414535,86.06946054547956,15011600
2020-11-03,89.5506820678711,90.70242642225817,88.92717758938427,89.21294496962408,17482600
2020-11-04,86.81420135498047,88.39027935969341,85.67111188570384,87.46368415813494,18886500
2020-11-05,90.36470794677734,91.01419076375018,87.4636860190082,87.51564253016414,17837400
2020-11-06,89.16097259521484,91.014162461482,88.66736607208534,90.95354434835659,12552800
2020-11-09,101.23272705078125,102.96468129764874,95.56057424953775,97.99397445906575,47792400
2020-11-10,100.90365600585938,101.70901503076787,99.31892282068192,101.62241863594703,20539300
2020-11-11,99.39684295654297,101.28467315590918,98.68674205257295,101.2240550277732,14443400
2020-11-12,98.1758041381836,98.68672734103887,97.04136989949501,97.44838010211096,22063000
2020-11-13,98.79066467285156,99.46612572311406,98.3490145219566,99.32756622209577,11847900
2020-11-16,101.57910919189453,102.71353699738056,100.21952550662027,102.0034360905535,19858600
2020-11-17,100.5486068725586,100.83438091616827,99.2236628973081,99.92510227082158,14553200
2020-11-18,99.80384063720703,102.71352363465994,99.76053914819175,101.6137292397162,12571200
2020-11-19,100.0722885131836,100.29744435725245,98.34033471208659,98.87724276890326,10202500
2020-11-20,99.21498107910156,100.15023779132032,98.79930922693323,99.09374483198579,12718900
2020-11-23,102.07270812988281,102.33249725751203,100.08095845032558,100.4966303041643,13209200
2020-11-24,106.79227447509766,106.94815058638133,103.66609723709921,103.97784945966657,20121600
2020-11-25,105.6751937866211,105.97828447700667,104.32427150554163,105.10365228573421,11715600
2020-11-27,104.9737319946289,105.95228361680714,104.8524957443371,105.64919299107761,5983600
2020-11-30,102.08135223388672,104.54073000861487,101.98609424853828,103.91722559792663,14411800
2020-12-01,103.69207763671875,105.28547865251527,103.59681964413353,104.21166248280552,12668900
2020-12-02,105.683837890625,105.91764878248655,103.28507780957806,103.65744819800972,10811300
2020-12-03,104.99105834960938,105.55394476773328,104.22900090479718,105.51930489203082,12904400
2020-12-04,105.94363403320312,106.76631623293964,105.38075421013394,106.06487690414944,13583700
2020-12-07,105.5452880859375,105.79642224137136,104.09910789381104,104.91312849370831,9724300
2020-12-08,105.64920043945312,105.93497445252267,104.57539074392952,104.81786326160768,9592100
2020-12-09,104.82650756835938,106.77495561530375,104.29826112485965,106.66237438863297,13073900
2020-12-10,104.15103149414062,104.5926815318492,103.53618873142582,103.90855903638031,13668400
2020-12-11,103.53620910644531,103.93455773785435,102.50570095816896,102.99930758914107,9981600
2020-12-14,102.445068359375,105.14691201800404,102.28053063666847,105.07763228140348,12112400
2020-12-15,104.19436645507812,104.6966347685988,102.72220799890351,103.30241108165272,12590200
2020-12-16,104.49744415283203,104.85249789803675,103.7960048893245,104.1770368877139,11169400
2020-12-17,103.63146209716797,105.17290004195084,103.5535273414088,105.00836891083263,11618000
2020-12-18,103.12054443359375,103.81332208080546,102.41909855943351,103.17250094024254,28954800
2020-12-21,106.99147033691406,108.24713445382613,104.86116091680769,106.66239481977074,28323600
2020-12-22,105.36341857910156,106.96547468605456,105.31146207400603,106.85290005605422,11788200
2020-12-23,108.30774688720703,109.56341093806364,105.95228830830213,106.3246586955096,14973200
2020-12-24,107.83145904541016,108.7234209540961,107.00878349305464,108.32506569819958,4164900
2020-12-28,108.54155731201172,109.67599170921521,108.0652739116448,108.95722919168941,8072600
2020-12-29,108.25579071044922,109.35557863497822,108.15187108804568,109.28629888670919,8389200
2020-12-30,108.55887603759766,108.98320291293793,108.16052741486679,108.67145066786505,7398000
2020-12-31,110.03968811035156,110.26484396183136,108.09124001998475,108.32505088380172,8580200
2021-01-04,109.00054168701172,110.72383429346053,108.05662319743895,110.41208200395768,16819900
2021-01-05,109.59361267089844,110.16055269953021,107.95384725550434,109.01794864520646,13731200
2021-01-06,114.73969268798828,115.8037942607368,111.53866397118186,113.28309768799502,24909100
2021-01-07,118.50762939453125,120.53117085365899,117.67902933333953,118.35063737214384,21940400
2021-01-08,118.63847351074219,118.92630553737303,116.98126002186044,118.59486017781255,12035100
2021-01-11,120.4090805053711,120.53990721133162,116.97255706697047,117.38249849087647,15937900
2021-01-12,122.3017807006836,123.55777029748951,121.08940444161274,121.62145522056741,18033500
2021-01-13,122.4151611328125,122.79892386536793,120.4526809007441,120.88005696690743,14816800
2021-01-14,123.13038635253906,124.50848537087764,122.10989808702536,122.53728752154211,18565600
2021-01-15,120.92369842529297,123.54905668848403,119.50198593431837,119.86831406576894,27881000
2021-01-19,120.4003677368164,122.72045926590967,120.20849297588036,121.98780298585629,19843800
2021-01-20,118.59488677978516,120.51375407882382,118.1326146266643,120.20848729768336,16028800
2021-01-21,117.6005630493164,118.76060875179023,117.15573889785554,118.35066728892642,13411700
2021-01-22,116.69343566894531,117.22548642426482,115.30661942946256,115.73400882600495,12933200
2021-01-25,115.23683166503906,116.15265840887045,113.4400741668307,115.25427965976627,14212800
2021-01-26,114.765869140625,116.15268559532247,114.55653308166322,115.78635747383201,11307800
2021-01-27,111.52120971679688,113.25691923409184,111.07637900414969,113.03013522453246,17603900
2021-01-28,113.48371887207031,115.2804768669973,112.50684384001467,113.3005481490978,13761800
2021-01-29,112.22770690917969,114.88796068578534,111.80904816514845,114.42568860595634,14808100
2021-02-01,113.05630493164062,113.44881163753186,112.06198211515344,112.8644169048693,11080700
2021-02-02,116.53642272949219,117.21674805736727,114.4518334178915,115.07982807576376,12253600
2021-02-03,117.87095642089844,118.41172464473472,116.44924386077125,116.57135324386088,10600800
2021-02-04,120.58351135253906,120.94112206678534,118.15875898824692,118.15875898824692,12419500
2021-02-05,120.34803009033203,121.66508115814752,119.8247099100817,121.57785447364405,10051300
2021-02-08,122.23200988769531,122.37156725385914,120.52246542449575,120.53991342249697,10136400
2021-02-09,121.74354553222656,122.0924255616752,120.8364361613881,121.61270553949332,8614800
2021-02-10,121.81333923339844,122.86871010352633,121.27255781941692,122.10988862592018,10323200
2021-02-11,121.47314453125,122.58957644011365,120.55731794582888,121.81330717053004,9201000
2021-02-12,123.20016479492188,123.51416220746407,121.23768429376382,121.28129763335187,8324600
2021-02-16,126.1656723022461,126.75006703524645,124.20319200734058,125.20624547675615,12130600
2021-02-17,126.55818176269531,126.80240047332931,124.83118948316998,125.55512827144992,10810100
2021-02-18,126.98554229736328,127.15998231088874,125.07539287329777,125.59872622279406,10587800
2021-02-19,129.10504150390625,129.82024962837912,127.22105721532382,127.22105721532382,11969800
2021-02-22,130.3174285888672,130.99775408735456,128.03222005727807,128.101998737754,11488400
2021-02-23,131.3640899658203,132.84685041429984,130.47442837316328,132.14907687709675,16234400
2021-02-24,133.6754913330078,134.1115982628141,130.92802299879915,130.92802299879915,15061400
2021-02-25,131.86123657226562,135.1058720053697,131.346633777872,134.55638652530632,18127700
2021-02-26,128.3636474609375,131.59083445407373,127.78798340943239,131.09367972517066,19829200
2021-03-01,131.26815795898438,132.03571025108874,129.50628261071046,130.41339228482008,14845500
2021-03-02,130.8407745361328,132.3845965374762,130.6924998017216,130.90183588443895,14221700
2021-03-03,133.37017822265625,135.1756533653807,131.54725508228984,131.90485252595272,14324100
2021-03-04,131.32046508789062,134.65232711359457,129.62836873422293,133.10850546085663,20093900
2021-03-05,131.625732421875,133.87604467700362,129.06142279838141,133.6405433234997,18465100
2021-03-08,133.37017822265625,135.5943254552518,131.4861937450043,132.98640212806907,17133300
2021-03-09,132.4281768798828,134.538931946083,130.67503254168378,132.1403448287298,16238800
2021-03-10,135.30650329589844,136.20488226088966,132.14908093754636,132.49797437132972,14342200
2021-03-11,134.60000610351562,136.19614524365193,133.76267521048072,134.41683539572196,11771500
2021-03-12,136.19615173339844,137.48703747620974,135.25417273361805,136.8154292608615,12849500
2021-03-15,135.51580810546875,136.86774170092568,134.2859971773602,136.3705869233758,12101100
2021-03-16,133.89352416992188,134.8442472452134,132.74220897325014,134.39940972763037,12805600
2021-03-17,135.2716064453125,136.8328762701881,133.49229652546683,135.48965984920613,13952400
2021-03-18,137.50445556640625,141.02820562641497,137.03346612337486,137.46085553771454,21898500
2021-03-19,135.31520080566406,136.01297426202373,131.8699601692327,135.6379155393002,54418800
2021-03-22,131.67808532714844,134.29472606893358,131.3640879057773,133.27423777670813,19944800
2021-03-23,130.36105346679688,132.68113158060393,129.92494665691171,131.11987505714148,17076300
2021-03-24,131.37281799316406,133.60568284664132,130.70994039882686,130.83204977959753,13079800
2021-03-25,133.05618286132812,133.4225109639218,130.24765409918703,130.8320355944381,15608300
2021-03-26,135.2716064453125,135.58560387927628,133.05618971767956,134.582563544935,16754400
2021-03-29,133.1695098876953,134.08533644317663,131.73908071941932,132.68107260715,17570300
2021-03-30,134.7395782470703,135.9519548440715,134.21625797514886,134.72214355425433,13184300
2021-03-31,132.7770538330078,134.7482648080813,132.6811098182129,133.69288064533723,16736700
2021-04-01,134.06797790527344,134.13774329161674,132.18399305979713,132.4892598790563,16561500
2021-04-05,134.77859497070312,135.93670418932095,133.883706997016,135.4629273681381,13508000
2021-04-06,133.83102416992188,135.3576186858573,133.2344323236305,134.05036176999454,13071600
2021-04-07,135.9279022216797,136.19111004078079,133.9275442162006,134.32236263850515,16903500
2021-04-08,136.09466552734375,136.436831838334,133.62931167286123,135.11203681625634,12335500
2021-04-09,137.11236572265625,137.77914743229562,135.96303845267494,136.70000982448306,12122400
2021-04-12,136.82281494140625,137.96337332841895,136.48943083736765,136.49819952339524,12273400
2021-04-13,135.19093322753906,136.16479280287132,133.73452820725734,135.76998776147846,16113600
2021-04-14,132.66419982910156,134.9628542854535,132.41852932679228,132.89230618237104,19939600
2021-04-15,133.50643920898438,133.53275865600241,131.0059980311169,132.6992782633799,17694100
2021-04-16,134.49783325195312,135.5594198515727,133.96264891574046,134.99791607155498,13773400
2021-04-19,133.92755126953125,135.00670204594894,133.5502969725526,134.6031149170981,11900200
2021-04-20,130.9621124267578,133.1379379107246,130.4181460152865,133.1291692251854,13716700
2021-04-21,132.0763702392578,132.13779121498087,128.78630507062303,129.66365578225899,12236700
2021-04-22,129.295166015625,131.86581048111555,129.19865690489377,131.80438950732793,15256100
2021-04-23,131.76930236816406,132.5940141593287,128.698574950948,129.1284682214804,14041900
2021-04-26,132.09390258789062,133.7608767400064,131.93598590771848,132.28692078852833,10799100
2021-04-27,132.69931030273438,132.9800689884577,131.69913091263928,132.0412971937952,12821200
2021-04-28,133.55906677246094,134.13812133234876,132.83086422968807,133.7345342001312,8943700
2021-04-29,136.15602111816406,136.23497944724213,134.4100888693724,134.70838481520443,12976900
2021-04-30,134.94529724121094,135.54190262651443,134.2434140650396,135.19973641888575,11705100
2021-05-03,134.5504913330078,136.41047035952002,134.3487044392825,135.85774857346306,11801100
2021-05-04,136.41046142578125,136.55084072844346,133.4801137660702,134.12057592691917,12977700
2021-05-05,138.20030212402344,138.8670839143264,135.66475884091875,136.86672515610664,10506700
2021-05-06,140.98147583007812,141.09553569668807,137.88442915621852,138.68282144787173,13542400
2021-05-07,141.4639892578125,141.6920955519647,137.76156934330305,137.93703675321285,14257800
2021-05-10,141.4464874267578,143.64863296555097,141.358746997801,141.69214456306503,14014300
2021-05-11,139.0951690673828,142.4729744953953,138.65649373321543,141.32364726184613,15451700
2021-05-12,138.1388397216797,141.06041862373695,137.7703541016869,140.03392009933415,14381700
2021-05-13,141.69210815429688,142.5255884659785,138.34062276152034,138.77929801896397,15395000
2021-05-14,143.8942413330078,144.28027766988598,142.12200307705683,142.47293789932496,10584000
2021-05-17,144.47337341308594,144.63130353902068,143.03451844950706,143.33281454733515,9886800
2021-05-18,142.43788146972656,145.20153062519208,142.34137236403018,144.48209667594477,11098100
2021-05-19,141.3499755859375,141.41138317517598,139.1829182281015,141.25346647086874,13278900
2021-05-20,141.10433959960938,142.00800990916866,139.95501212166377,141.10433959960938,10426000
2021-05-21,142.7098388671875,143.201153016663,141.20079490105186,141.55172975430392,10249000
2021-05-24,143.48191833496094,144.08729242089208,142.23608202777748,143.32400164505287,9440300
2021-05-25,141.99925231933594,145.37704534232665,141.7448130546331,143.75395416628572,12609100
2021-05-26,141.98165893554688,143.657401909352,141.5254328438321,143.5082539036067,13058300
2021-05-27,144.19259643554688,144.54353136922816,142.63091322223892,143.84164811455602,15707500
2021-05-28,144.09605407714844,144.71019676306028,143.23624092956538,144.48207706021694,10291300
2021-06-01,145.68408203125,146.43860414605135,145.18398572138113,145.52615194859865,9445400
2021-06-02,145.69284057617188,146.90358870541354,145.2278458225111,146.74565863375648,10498600
2021-06-03,145.7893524169922,146.73689270280568,144.46455778661007,145.12257075837152,13354400
2021-06-04,146.0262451171875,146.2280320193317,144.78917748104757,145.8244582150433,8510800
2021-06-07,145.3418731689453,146.60525991031423,144.88564720404986,146.51751951376727,7267200
2021-06-08,144.7628936767578,145.4296755191094,143.14857128749912,144.3154495520983,10370700
2021-06-09,142.9554901123047,144.0784976616837,142.37643557947632,144.00830801643428,12377400
2021-06-10,140.72702026367188,144.97340702152871,140.64806192858512,144.20133426786262,12119400
2021-06-11,140.63052368164062,141.4289159513702,139.55138617752195,140.7533522318061,13683800
2021-06-14,138.244140625,140.66562346432084,137.44574836513888,140.50769339474135,19917900
2021-06-15,136.14724731445312,137.67384203920778,135.22603997798194,137.48082385375696,24485500
2021-06-16,137.1035614013672,138.2879765009441,134.33113070915846,135.75243418357306,25321200
2021-06-17,133.14671325683594,138.14762204940885,132.6992693004434,137.831775319218,29722400
2021-06-18,129.7776641845703,131.33934676088225,129.46181751816428,130.98841197034406,43595700
2021-06-21,131.97984313964844,132.65540684399085,130.74278897917915,130.79542787273434,18664800
2021-06-22,131.786865234375,132.45364700106543,130.42696886153223,132.12903149965578,14251200
2021-06-23,132.585205078125,133.39236594261897,131.68153512182707,131.77804421363103,12733300
2021-06-24,133.8047332763672,134.33991767021917,132.67295690893988,133.2870996427108,13733200
2021-06-25,135.15582275390625,135.5506277300281,133.0677246576877,133.87488536520235,15484900
2021-06-28,135.40150451660156,135.53310173691733,133.46255401767664,134.84876941666292,14125800
2021-06-29,135.2348175048828,137.1386666519262,134.76982276970807,135.98933953716195,14528700
2021-06-30,136.46311950683594,136.93689637311638,134.85757953585502,134.89266767280108,12531000
2021-07-01,137.81422424316406,137.86686313352374,136.35781913578148,137.09479037543045,10479400
2021-07-02,137.681884765625,137.93779019006493,136.8788916212101,137.61129063007104,11424000
2021-07-06,135.36996459960938,137.46126339014685,134.43461600070995,137.46126339014685,15083400
2021-07-07,135.52879333496094,136.13765589444844,133.7286902353244,134.13458963201415,12271800
2021-07-08,133.19041442871094,134.59343727062452,132.39624064812526,133.78162505773517,17834600
2021-07-09,137.4524383544922,137.7877436054317,134.6375599960046,135.05229204995146,13694500
2021-07-12,139.4202117919922,140.44380645180723,135.83764394709274,136.1994338040977,19940400
2021-07-13,137.3465576171875,138.88194967688793,135.4493891484468,137.6995282734453,22671700
2021-07-14,136.87890625,138.78490772029508,134.96408556098862,137.61130533713532,14622800
2021-07-15,137.1789093017578,138.12307717875615,135.62586537031598,135.80234396312886,11539300
2021-07-16,134.04637145996094,137.90248346466916,133.26103023220801,137.62012039289783,14002700
2021-07-19,129.68727111816406,132.20213477173385,128.5754438890818,131.081474861304,22172900
2021-07-20,132.10508728027344,133.3492702522294,129.1225489059008,129.29020830059582,15385200
2021-07-21,134.88461303710938,135.58170801471283,133.56100372958747,134.16986616535957,12356700
2021-07-22,133.1815643310547,135.39641256065912,132.33446189988717,134.90226723173632,9913300
2021-07-23,132.92568969726562,134.86698094037396,132.5815517653712,133.66690778681482,9666100
2021-07-26,133.81692504882812,134.09048234271242,132.51096734809872,132.52861924612907,8208000
2021-07-27,133.64044189453125,134.55815205840102,132.18447677143647,132.71391251417427,11218700
2021-07-28,133.86102294921875,134.8052040821422,133.13745683915408,134.38163939559402,9217300
2021-07-29,135.00819396972656,135.7758833130858,134.04637411997345,135.13173034066318,9063500
2021-07-30,133.93162536621094,135.59937271258454,133.4198281032429,134.6375530897686,9805200
2021-08-02,133.3933563232422,136.2876478573174,133.30512377352179,134.15222626598455,10203200
2021-08-03,134.9111328125,135.29057461904614,131.93742713752215,134.0816685262622,10394800
2021-08-04,133.45513916015625,135.3346555008019,133.1639434534191,133.4639583763172,10155000
2021-08-05,135.14048767089844,135.61699450090538,134.13454526409856,134.37279867910203,9151500
2021-08-06,138.97898864746094,139.2613651190781,136.8700381837061,136.94063230161038,13328800
2021-08-09,138.82899475097656,139.90553159133748,137.56714664996719,138.99665411431266,9516900
2021-08-10,140.5320281982422,141.1673618372012,137.92893220041265,138.3083739263378,8667000
2021-08-11,142.2086639404297,142.5086789804978,140.3732564282277,141.1850689590071,9156500
2021-08-12,142.76454162597656,143.2763390114076,141.6703661838764,142.843968443915,8844200
2021-08-13,141.1673583984375,143.0910111652187,140.80558204254052,142.7645116730848,8980900
2021-08-16,140.2408447265625,140.32909075362585,138.3436763247806,140.24967740794082,8755800
2021-08-17,138.546630859375,140.17908816578048,137.0112522647953,139.04078977792128,9347200
2021-08-18,137.2847900390625,139.42903113923518,137.07300765476205,137.92894294435325,8065500
2021-08-19,136.1376495361328,137.26712857814314,135.01698971035066,135.14935874048683,9517700
2021-08-20,136.5259246826172,136.6847513779588,135.14937279850864,136.1994386103348,6974100
2021-08-23,138.27305603027344,138.61719392757308,136.98475045143914,137.06416378209656,7934600
2021-08-24,139.1290283203125,139.9055503326464,138.42310044223206,138.53781759345077,7670900
2021-08-25,141.99688720703125,142.75575752181874,139.24378256010826,139.87028378874263,11335000
2021-08-26,142.729248046875,144.564655139812,142.19979877343872,143.17927050417782,11027500
2021-08-27,143.8763427734375,143.97340800020234,142.29682803466864,142.7292119474304,8780200
2021-08-30,141.57327270507812,144.2646146848037,141.07912731820102,144.01754199136514,7937600
2021-08-31,141.14088439941406,142.39389972441805,140.61144870030827,141.5732683318009,12340800
2021-09-01,140.9379425048828,141.85563917935198,140.27613774611248,141.37914567739637,8729900
2021-09-02,141.59095764160156,142.60571976469916,140.6820665289585,141.2026966143261,8813300
2021-09-03,140.73501586914062,141.9703795687605,140.43498742970053,141.52917632397418,7959700
2021-09-07,140.48793029785156,142.40275058960086,140.2673286956069,141.17620621969866,9285600
2021-09-08,139.86138916015625,140.81438951590906,139.45547636504924,140.20552705547388,7852700
2021-09-09,140.47030639648438,141.9174526570591,139.4908345487233,139.65849395415765,7904300
2021-09-10,138.85549926757812,141.820385900014,138.73196288557895,141.67919761645615,8311600
2021-09-13,141.06149291992188,141.22915229650678,139.48199132918947,139.8878907482811,10052800
2021-09-14,138.59957885742188,142.3674444678126,137.88481836768284,141.58210331522693,11685600
2021-09-15,139.56143188476562,140.0291063082809,138.0701625679332,138.29076421919348,11691500
2021-09-16,139.49960327148438,141.93505318133947,138.73191412917842,140.66438600479788,10880900
2021-09-17,139.13783264160156,140.311434752066,138.5378027613687,138.87312149705937,25581600
2021-09-20,134.97291564941406,136.3847580908771,132.7933703317968,135.79354730130464,15819900
2021-09-21,134.99050903320312,136.3758933566516,134.63755190675133,135.47583518041282,8999900
2021-09-22,137.57598876953125,138.75841014598367,136.86124172054812,136.9494742842582,11236200
2021-09-23,142.2262420654297,142.6939297953238,139.1290007758004,139.42019647277522,12336100
2021-09-24,143.86752319335938,144.3528493713746,141.90859351342442,142.45568113348585,10102400
2021-09-27,147.34422302246094,147.71483211012122,145.2529240762158,145.59706204793278,13220900
2021-09-28,146.55006408691406,149.3914139186296,146.1794549955321,147.97955822002362,13387900
2021-09-29,146.43531799316406,147.27360125780172,145.63232505501117,146.6647522408941,7777100
2021-09-30,144.44110107421875,147.35304479243578,143.64692726136718,147.29126988350671,13161200
2021-10-01,147.47659301757812,148.50900693938615,144.36169935326012,144.71465654441621,11285000
2021-10-04,147.31771850585938,150.3973211187617,146.24118182006316,147.33537040063734,14120000
2021-10-05,149.72349548339844,151.0373228806252,147.95692029071319,148.43629871583514,12292900
2021-10-06,150.0430450439453,150.11406455664857,147.36211600814127,149.12869082946946,8692600
2021-10-07,150.99293518066406,152.25350132856548,150.50468439031033,151.97830912279974,10195400
2021-10-08,151.1083221435547,152.1025683058946,150.2916180036915,150.93078012107802,8190100
2021-10-11,147.93023681640625,152.05814548672103,147.77045309550454,151.623169660543,12154700
2021-10-12,146.79397583007812,147.97464984992072,146.2702221541923,147.14018749412315,13032600
2021-10-13,142.92349243164062,146.83835656223067,142.5684084276848,145.64881024883354,22753500
2021-10-14,145.11614990234375,145.59551459355038,142.08900976101526,143.5892645220789,15176800
2021-10-15,147.9036407470703,148.4007638334521,145.71096220524572,146.78511380271135,14267400
2021-10-18,147.8503875732422,149.6790962604667,147.28224493696283,147.7882404112545,12672900
2021-10-19,149.6436004638672,149.7146064444244,147.87702530813863,148.6049517463614,8053900
2021-10-20,151.65872192382812,151.68535255263262,148.65822486527424,149.40390956297952,8185600
2021-10-21,150.46917724609375,152.09371335156658,149.7412372613683,151.58770430673212,8415200
2021-10-22,152.49319458007812,152.7683867931292,150.64672743486955,150.93967791683724,8817900
2021-10-25,151.7474822998047,153.54068785849694,151.33912346235658,153.31875694687224,10159200
2021-10-26,152.1558380126953,153.12346714829795,151.39239508259521,151.8007539480115,8015100
2021-10-27,148.9866943359375,151.5344574331487,148.55170477604668,151.197131583494,9847000
2021-10-28,151.2325897216797,151.36574284052512,149.10205854663167,149.40388131307253,7212900
2021-10-29,150.81536865234375,152.9015246245037,150.37150683235976,151.9605261878439,8140100
2021-11-01,150.73548889160156,152.98142879759922,150.03417957412736,152.72398133578608,7435500
2021-11-02,151.3302459716797,152.413269867337,149.95427165713926,150.73547277416088,7173800
2021-11-03,151.3834991455078,151.91613870516917,150.1584362856387,151.0284151361247,8402700
2021-11-04,149.39500427246094,151.09055966282864,147.79711256915726,150.91301764530465,9574200
2021-11-05,149.18197631835938,150.992926777002,148.61383367000195,149.93653336546495,7975600
2021-11-08,150.0785675048828,151.72973413916023,149.79450296279046,150.06969514423858,6413700
2021-11-09,148.94227600097656,149.5548074994686,147.89476857414357,148.5605613254457,7990300
2021-11-10,148.80023193359375,149.9809059981329,148.3297394888901,148.6493205405367,6999200
2021-11-11,148.79136657714844,149.74122387123737,148.16107680416025,148.71147469687327,5815300
2021-11-12,148.12557983398438,148.90678103886592,147.1135753392919,148.82687560975654,8113400
2021-11-15,147.85923767089844,148.95113388414381,147.3621146322042,148.4362661266297,6492500
2021-11-16,146.79397583007812,148.31198915432927,146.58091728851684,148.30310324910553,9706100
2021-11-17,146.00390625,146.97152175403755,145.04516310583514,146.66082661144287,9909600
2021-11-18,144.7433319091797,146.34123705656822,144.30834248012798,145.93287825117406,8122500
2021-11-19,142.8525390625,143.9089327499209,141.54758374810862,143.1898785043568,12193600
2021-11-22,145.89739990234375,147.34438036587372,144.6900950922002,145.7287302269754,14549900
2021-11-23,149.3861083984375,149.63466989296384,146.80282978148279,146.918238170222,12354400
2021-11-24,148.21435546875,150.41590646025415,147.75273535025133,149.54594102375142,9629800
2021-11-26,143.7490997314453,144.38826191240608,140.98829188431475,143.93552767822112,13619300
2021-11-29,143.12771606445312,146.27913851861342,141.87603569980413,144.97418334335717,12104400
2021-11-30,140.9971466064453,142.5950518589473,140.51776825790085,141.2900970315363,18922600
2021-12-01,140.1626739501953,144.93863109222534,140.08278207982204,142.92349479520567,12253400
2021-12-02,143.1099395751953,144.9208899117364,140.97052226797672,141.88487656937767,12969900
2021-12-03,140.517822265625,143.66037272764277,139.5413340189315,143.36742218995684,12681800
2021-12-06,142.17782592773438,144.35274620536836,141.55642206920868,142.93238291823405,11186500
2021-12-07,144.31724548339844,145.0451718589263,143.06555184084783,143.7047139755295,9851600
2021-12-08,142.6660919189453,144.93866258504497,142.18671350137106,144.3971505477642,11705700
2021-12-09,142.4441680908203,142.8613858183416,140.8373766211828,141.72510042855387,11189600
2021-12-10,141.87599182128906,143.54490297320115,141.26346037186278,143.20757721722893,10405400
2021-12-13,140.18934631347656,141.84938554933984,139.62120360124163,141.5919515974045,12069000
2021-12-14,141.2635040283203,142.82589316599007,139.63896771775208,139.77212088026124,12563600
2021-12-15,140.20709228515625,141.90264791120927,139.68333851970203,141.90264791120927,14014200
2021-12-16,142.3997802734375,143.65147410228406,140.88176659123778,142.38202200438985,19542800
2021-12-17,139.15960693359375,141.48545298398346,137.75700141261473,141.4321917122084,28082000
2021-12-20,136.6561737060547,137.33083876838214,134.79194872025192,137.16216911640348,15148000
2021-12-21,138.5647735595703,139.5323890332335,137.67704995901607,137.96112801307527,11291300
2021-12-22,139.1062774658203,139.4258584853909,137.81020866937416,138.26294280310483,7273000
2021-12-23,139.6034393310547,141.25460613401202,139.5590639777114,139.9141480779987,8055200
2021-12-27,140.4024200439453,140.43792304109087,138.78675598918255,139.90529681035437,6188100
2021-12-28,140.82847595214844,142.1689337554261,140.33135288723983,140.43787538812379,6342300
2021-12-29,140.75746154785156,141.70733236718596,140.39349159583065,141.01490899512024,6398900
2021-12-30,140.6864471435547,142.2488495131852,140.58879699545278,141.24571740501003,6948200
2021-12-31,140.571044921875,141.40549377176825,140.2248332413656,140.65980915922302,5805900
2022-01-03,143.54490661621094,144.37936898613825,141.60078972150527,141.9114984066782,13120900
2022-01-04,148.9866943359375,149.65248721881213,145.7908830799029,145.86190261288044,20195800
2022-01-05,146.2628631591797,150.35300961220935,146.21820819782113,149.87077145916754,17539400
2022-01-06,147.8167724609375,149.4688970905359,146.3432404311652,149.0581041320163,14047500
2022-01-07,149.2813720703125,149.61179428581275,147.40597253919904,147.9507304123867,13913300
2022-01-10,149.42428588867188,151.20143659797546,147.82572781521154,150.98711453353607,12922500
2022-01-11,149.57608032226562,150.49591538758978,148.52228035920214,150.2637150155545,11854100
2022-01-12,150.42449951171875,151.45149579415093,149.2992541090422,150.44236422692546,12568000
2022-01-13,150.2369384765625,151.6479510421781,149.93330648348643,150.33517395982636,13623400
2022-01-14,141.00283813476562,143.80699816639134,140.11871890717197,143.5658722630873,40158400
2022-01-18,135.0908966064453,139.11852392455683,134.4389640627138,139.11852392455683,32324800
2022-01-19,133.0011749267578,135.9482259220611,132.6618271194621,135.35882662442782,22380000
2022-01-20,131.86700439453125,134.50148394816767,131.5990882170737,133.05475566739287,14860800
2022-01-21,129.5629425048828,131.73303484956145,128.83957838998995,131.72410930711447,20705400
2022-01-24,129.44686889648438,129.92018165221654,124.6422961045713,127.06244040247945,28471400
2022-01-25,130.8578643798828,131.14364528059966,125.73178189423707,128.2858907805646,18915900
2022-01-26,132.0991668701172,134.4657434381481,130.34880693573797,132.81360533644312,20709100
2022-01-27,129.76832580566406,134.29606906724538,128.71453957917038,133.43874014209345,17536800
2022-01-28,130.92933654785156,131.06328785588764,126.96421430854971,128.7681691418905,14117000
2022-01-31,132.70645141601562,132.87611846705255,129.1967785653274,130.06303303761217,13985700
2022-02-01,134.98373413085938,135.2695150459539,132.43856428637088,132.7868512599023,14584900
2022-02-02,133.9031524658203,134.79619735234516,132.2331628885896,134.40325542198886,12441100
2022-02-03,132.79576110839844,135.43024058418234,132.42960946425285,133.9567220918846,12474900
2022-02-04,136.242919921875,137.0823842598427,132.85828594147185,133.15299237672326,16654400
2022-02-07,136.69834899902344,137.1895126474918,134.71578881658905,136.876955200901,12572300
2022-02-08,139.2703399658203,141.52974231914467,138.24334385132119,138.4219500938276,20411400
2022-02-09,139.85084533691406,140.59206065763956,139.15427136248954,139.84190616622618,9131100
2022-02-10,139.2703399658203,142.02091970612452,138.61842104861955,139.90440779751842,16455600
2022-02-11,137.45745849609375,141.27076373285513,136.60906863358164,138.96670643795582,16830000
2022-02-14,136.180419921875,137.24313189244884,134.24251414948705,136.3947419739245,17026500
2022-02-15,138.17190551757812,139.26142136600333,137.39496082920968,137.98436009618737,9500000
2022-02-16,138.42196655273438,139.4043214434998,137.29673482704487,137.29673482704487,9076500
2022-02-17,135.23377990722656,137.28778586067935,134.5550707027151,136.63586691247866,11367500
2022-02-18,135.8678436279297,137.65393333705288,134.96587323046438,135.85891808502598,11733300
2022-02-22,135.626708984375,136.8501896226984,134.32287121151697,134.49255190326284,11333500
2022-02-23,132.78680419921875,136.9037403640847,132.14381099492192,136.7429852496209,11799000
2022-02-24,129.0896453857422,129.4825873292277,124.8298173191874,127.65184252532512,25655100
2022-02-25,132.1438446044922,134.07282470800104,129.41112960457934,129.71476157639572,18367700
2022-02-28,126.63372039794922,129.54504073640388,125.81212104403157,128.19654836640507,31315300
2022-03-01,121.85596466064453,125.4549342452222,119.29293035212139,125.06199233866478,36840400
2022-03-02,124.3832778930664,125.06198703127347,121.99884992686464,122.60611384629483,19405600
2022-03-03,123.49918365478516,125.90147681894545,122.40074215052066,124.8834060920402,16640800
2022-03-04,120.02520751953125,120.9361169691792,118.23911804080738,120.50745930978422,21016000
2022-03-07,115.39031982421875,118.49811178399233,115.15811946469606,118.03372469172861,27560100
2022-03-08,114.57766723632812,117.69438532066783,113.65782523524322,115.77434417201607,19207800
2022-03-09,119.16790008544922,120.7753834480156,118.27485528699926,118.6856482632882,17536200
2022-03-10,117.75689697265625,119.17683504395328,116.38161387016636,117.75689697265625,15604200
2022-03-11,115.10455322265625,119.73945829730503,114.68482104188722,118.3195202185928,20061800
2022-03-14,116.24763488769531,118.70350798009756,115.40817063218913,115.6135807384728,15786900
2022-03-15,118.31059265136719,119.2661573007651,117.10499012974574,117.70332861857143,15096600
2022-03-16,123.59737396240234,123.67775833715956,120.05198561597335,120.44492744179117,20354900
2022-03-17,125.16024017333984,125.19596960116348,121.38266397464211,122.22212838030474,17050500
2022-03-18,125.11560821533203,125.78539195604198,123.65101498071768,125.1959789937888,23656500
2022-03-21,124.71370697021484,125.70498729177903,123.8921073492365,125.33884926222225,12676100
2022-03-22,127.36602783203125,128.5359141819126,126.56229307117881,127.05347037026881,13548600
2022-03-23,124.82981872558594,126.44622786213026,124.31185103304516,125.90146991193946,12093200
2022-03-24,125.6424789428711,125.66034365491761,124.23146648041369,125.29419200526837,10017600
2022-03-25,126.74092864990234,127.86616030118844,125.74072273764804,125.99969975893404,8383500
2022-03-28,125.80319213867188,125.89250205200828,123.15084850857957,125.02624767440751,10818100
2022-03-29,126.08006286621094,128.2412433516535,125.24061217045993,128.0179821436087,11316500
2022-03-30,125.508544921875,126.91955773148739,124.94593580842442,126.72308673098527,8771000
2022-03-31,121.7398681640625,125.33883745494641,121.68627403199235,124.87445036447642,17353900
2022-04-01,120.83789825439453,122.71329791775158,119.4894054166593,122.70435874797869,15721300
2022-04-04,121.37369537353516,122.29353022531174,118.67669685454652,119.77513790172821,17416400
2022-04-05,119.96124267578125,121.81454906414928,119.6643517891317,120.61800754372815,12110300
2022-04-06,118.296875,119.25950875410467,117.82005397387346,118.37784150003151,12914700
2022-04-07,117.9369888305664,118.6837118408115,115.81378055076945,117.81103637870505,12994200
2022-04-08,120.09619903564453,120.46505098606252,118.29687033546263,118.45880332914051,13126900
2022-04-11,119.65535736083984,121.36471411773648,119.26850828352293,119.65535736083984,10466400
2022-04-12,118.34185028076172,121.07683777078546,117.58613547211941,118.8816544171002,12989900
2022-04-13,114.52727508544922,116.28161783135096,113.36670724435488,114.20339536868362,30838000
2022-04-14,113.4656753540039,115.42694399903974,112.47603903374693,113.80754535125067,18835200
2022-04-18,115.57088470458984,116.27262177667819,112.94385967096716,113.06081356168386,11834400
2022-04-19,117.96399688720703,118.14394075729756,115.36396720676183,115.56189448162948,15015400
2022-04-20,118.37785339355469,120.1141992428093,118.16192897732081,119.2235401973993,13430200
2022-04-21,117.46016693115234,119.48441157374653,116.92037659646643,118.95361293991306,12174200
2022-04-22,114.08642578125,117.42418631873424,113.978470459945,117.2082619483367,14318800
2022-04-25,114.05046844482422,114.36535651867105,110.7576998632124,113.3667283500431,17149000
2022-04-26,110.67671966552734,113.72658852220916,110.54177548664798,112.13417857248098,17209500
2022-04-27,109.23724365234375,111.16252481086943,109.05731352802881,110.0559415049335,17215200
2022-04-28,110.9646224975586,111.24352317599842,108.98536322963464,110.48780138344301,13015600
2022-04-29,107.38394165039062,111.2075152904747,106.970096856543,110.70370543081577,14874800
2022-05-02,108.36457061767578,108.59848527575916,106.35832291641712,107.85176220134701,18545000
2022-05-03,110.68572235107422,111.71133933209506,108.66147722581275,109.3362256008999,15720900
2022-05-04,114.34735870361328,114.61726080419052,110.42482086155852,110.47880540001128,17128500
2022-05-05,111.48639678955078,113.44766520962307,109.90299258655013,112.68295193850777,15055400
2022-05-06,111.30647277832031,111.81928117542357,109.02132454059345,111.37844757255442,14417900
2022-05-09,109.63309478759766,110.95560243867295,108.40955076101739,109.8580108680147,14312300
2022-05-10,106.96109771728516,111.36045599164639,105.76454244311635,110.75768250365861,16382400
2022-05-11,106.28633117675781,110.55973625292066,106.10640107700303,107.32994497423691,14630300
2022-05-12,106.19638061523438,106.44828553481575,103.79427844993359,105.26072886829334,16318800
2022-05-13,107.14104461669922,108.18465875675652,106.12442617797078,107.42894385304241,10443200
2022-05-16,106.39433288574219,107.4739276131808,105.4676794863098,106.64623786455148,10269000
2022-05-17,109.92097473144531,110.63171028928294,108.68843227840135,108.89535806922224,11160200
2022-05-18,108.0406723022461,109.73204541961275,107.53686253821002,109.12927204279913,12664900
2022-05-19,106.43928527832031,107.64483905645565,105.82751325595927,106.33132995101164,12765800
2022-05-20,105.56660461425781,107.66282405968164,103.4793837336345,107.47389538223355,13150100
2022-05-23,112.09818267822266,113.87052264145763,108.36457405173863,108.37357261761396,24376700
2022-05-24,113.68159484863281,114.69821315602941,110.7576855302295,111.88226603730769,19324900
2022-05-25,114.4732894897461,115.03108385539763,112.61098456764918,113.60961254105274,12780400
2022-05-26,116.45254516601562,117.12729336770889,115.34596195901909,115.48989780892865,15990900
2022-05-27,118.09894561767578,118.09894561767578,116.18265611791662,117.10031761850692,11177800
2022-05-31,118.96263122558594,119.79032090596654,116.69548660324409,117.11831628240093,17015000
2022-06-01,116.87541961669922,119.53841887481565,115.7598306839369,119.53841887481565,10768000
2022-06-02,118.75569915771484,118.76469085958635,115.75981509981052,116.86639845272646,8374800
2022-06-03,117.1003189086914,118.54877910852959,116.94737761153944,118.04496925254918,8596000
2022-06-06,116.71345520019531,119.10656572570545,116.47055570362924,117.93699929590217,11323500
2022-06-07,117.01935577392578,117.24427187522622,115.7148314041518,115.90376696947148,6722200
2022-06-08,115.15703582763672,116.46154637856398,114.16740642377181,116.05670017004013,8422100
2022-06-09,112.73695373535156,115.24702532084513,112.70096633250233,114.59026723066327,13560100
2022-06-10,107.55487060546875,111.01857681328936,107.3479447948261,110.28984405745564,12945200
2022-06-13,104.35206604003906,106.11540734246348,103.51537791993975,105.13477649558172,16805600
2022-06-14,102.61572265625,105.54863061899442,101.86000782996334,103.95622759852188,13357900
2022-06-15,103.83026123046875,105.21573822655722,101.81500823564306,104.01918991175354,14083500
2022-06-16,102.04893493652344,102.79565804880956,100.64546064462745,102.43579090978898,16724900
2022-06-17,101.68905639648438,103.12851792728455,100.90635283555547,102.1478871188905,30919900
2022-06-21,104.20811462402344,105.28770900850158,103.49737902308273,104.24410201869186,11680500
2022-06-22,103.62335205078125,104.54100677343308,102.91261630869728,103.35344996911567,9842700
2022-06-23,102.48975372314453,103.62333264439226,100.2945775346937,103.47039136324203,11851500
2022-06-24,105.54862213134766,105.99845431002949,101.50913108867529,101.8689982043996,14841100
2022-06-27,104.70295715332031,106.61024845748625,104.03720731269179,106.21439386170378,11280500
2022-06-28,104.19914245605469,107.32097937948275,104.00121516718443,105.86352041371619,11590900
2022-06-29,103.73129272460938,105.09877939025644,103.21848436700502,104.3610549659152,9338400
2022-06-30,101.31120300292969,102.63371069565692,99.79976662036917,101.8150128424851,15172600
2022-07-01,102.60672760009766,102.93959903531713,100.006698032334,101.34719606689474,10573600
2022-07-05,102.21644592285156,102.29812862202492,99.20313957412496,100.53733879955958,12514200
2022-07-06,101.55388641357422,102.55226983215822,100.55550299499022,101.40867040658897,10656200
2022-07-07,104.12244415283203,104.28581646388267,102.92438284666386,103.01514370288989,10347400
2022-07-08,103.79571533203125,104.966549252034,103.11499841979317,104.52181614159608,8807800
2022-07-11,102.43426513671875,103.67771032387522,101.85338735174581,103.06052681176529,7939500
2022-07-12,102.53410339355469,104.5399480618599,101.88969232203115,102.1801312123602,11250900
2022-07-13,101.5720443725586,102.08938895660343,100.18337603417554,101.42682143863202,12979900
2022-07-14,98.02322387695312,98.23198008574157,96.26243412106608,98.01414571362936,26204800
2022-07-15,102.5159683227539,103.36005760475044,97.7237221764294,99.07608481534061,18863900
2022-07-18,101.4631118774414,105.13897854956785,101.00930066424485,104.16782283031158,13977900
2022-07-19,103.97722625732422,104.32212722206869,102.26182037087447,102.67932586933533,11862300
2022-07-20,103.9590835571289,104.140605290037,102.99700590841762,103.55972743519882,11667500
2022-07-21,104.6670150756836,104.85761494906674,102.8971541624047,103.86830985513377,11595900
2022-07-22,104.15877532958984,105.51113111422731,103.16946305855971,104.59443031576312,7645500
2022-07-25,104.57625579833984,105.7017056544162,104.16782155669097,105.13897726407328,9394000
2022-07-26,102.94254302978516,104.903010967723,102.58857080620362,103.99538846118368,10675100
2022-07-27,104.59441375732422,105.04822500210126,102.83363083632409,103.4780419729543,9337400
2022-07-28,104.20413970947266,105.26606332469507,103.04238398730452,104.60349583569682,10384800
2022-07-29,104.70332336425781,105.73801237342818,104.18597885967264,104.9120726439519,12944500
2022-08-01,103.65955352783203,104.47641507318562,102.62486454525394,103.92276485492427,14740400
2022-08-02,102.04398345947266,103.83200063847214,101.89876055628467,103.39633885351732,14942900
2022-08-03,103.11499786376953,103.55973097180934,101.39051364380984,102.96977493279545,14394500
2022-08-04,101.98046875,102.8517855540431,100.76425095035351,102.42520185397181,18033900
2022-08-05,105.0663833618164,105.45666131685763,101.69910469139563,102.13475961702619,14174600
2022-08-08,103.78662872314453,105.91954015635945,103.63233456416441,105.51111281209211,10332500
2022-08-09,104.72147369384766,105.27512393124417,103.80478002339936,104.14967405464242,10233800
2022-08-10,107.45342254638672,108.34289560451963,106.64563911049727,107.06314461138093,12847300
2022-08-11,109.04176330566406,110.00384091075784,108.28843499148952,108.8239358511279,11684900
2022-08-12,110.84794616699219,110.95686337236488,108.40644607023346,109.52281799570703,9906700
2022-08-15,111.14745330810547,111.38343710291792,109.45927486177466,109.94939185502653,8456200
2022-08-16,112.20938110351562,112.76303145117365,110.61197029105047,110.99317012643799,9555000
2022-08-17,111.26543426513672,111.7827857159737,110.44857958922745,111.00222984487874,8149300
2022-08-18,110.40320587158203,111.15653424619167,109.41390062088134,110.9477780139152,9531800
2022-08-19,107.6712646484375,109.81325450067376,107.1993039515802,109.47743857634038,13464500
2022-08-22,105.89232635498047,106.3370664116549,104.83040958215871,105.96493782438986,8967600
2022-08-23,104.84855651855469,106.45505234951126,104.72148991238544,105.91048019098439,7607000
2022-08-24,105.1026840209961,105.65633427758321,103.87738815584142,104.63979462581788,9771300
2022-08-25,107.59864807128906,107.77109163423097,104.99376905362855,105.42943089206129,10758900
2022-08-26,104.07707214355469,108.9056236468533,104.01353884448274,108.42458482179282,11276200
2022-08-29,103.82293701171875,104.24952069379636,102.97884781143607,103.46896479140118,8117300
2022-08-30,103.8410873413086,104.90300394092198,102.8880810034342,104.3765812604845,10745400
2022-08-31,103.22391510009766,104.40382025395047,102.86993593687029,103.90463200891637,10738300
2022-09-01,103.9318618774414,104.04077215351198,101.57204459290033,102.82456123998635,9979800
2022-09-02,103.20574188232422,106.60024770658246,102.73378128293912,105.16620958271466,10666600
2022-09-06,103.23299407958984,104.14969485775177,101.7172659775536,103.76849502213983,9751900
2022-09-07,105.19344329833984,105.38404318181134,102.34350936043518,102.67932523505219,10647900
2022-09-08,107.64402770996094,107.81647820178921,104.04076525711028,104.63072127029264,11435000
2022-09-09,108.16136932373047,108.96008153820604,107.70755808354569,108.13414175725697,9299700
2022-09-12,109.44112396240234,110.32151890539954,108.72410134825628,109.4774296937704,8614600
2022-09-13,105.63817596435547,107.9344596454149,105.08452571817793,107.16298195102956,12904600
2022-09-14,105.39313507080078,106.95424007081796,104.26767810095566,105.91955089744567,9345700
2022-09-15,106.98148345947266,108.35198866514635,105.0663991281257,105.39314383368516,10821400
2022-09-16,106.26445770263672,106.55489666320808,104.7124238579012,106.54581849814338,14844100
2022-09-19,107.24468994140625,107.7620345473943,104.83948866196289,105.28422179790783,8201300
2022-09-20,105.12991333007812,106.81809169379223,104.04984036495728,106.56395850778968,9619000
2022-09-21,102.09844207763672,105.8287707043935,102.03490878647142,105.77431557614022,12606300
2022-09-22,100.93669128417969,103.10590837390453,100.80962469584004,102.90623032805375,11684500
2022-09-23,99.05791473388672,100.14705891608078,97.26082614080553,99.88385449632825,18138600
2022-09-26,96.92501068115234,99.48450593537461,96.2624431883022,98.0232331100431,15753600
2022-09-27,96.07183837890625,98.17752226112906,94.98269416984998,97.79632248042036,12793600
2022-09-28,98.01416015625,98.68580584898338,95.88124848511528,96.16260926812394,12762600
2022-09-29,96.35320281982422,97.36973553422631,94.75578536555122,97.07021846318578,12713900
2022-09-30,94.84654998779297,97.67833464296756,94.75578912392284,96.26243885307524,15973400
2022-10-03,97.7781753540039,98.3499750383792,94.8102458896218,95.8630913175498,12248100
2022-10-04,102.35258483886719,102.5522628939969,99.71140700180528,100.3921238672329,16013600
2022-10-05,101.0888671875,101.60168102153392,99.66031037179722,100.5027922381571,10943500
2022-10-06,99.02843475341797,100.90571045714559,98.8452889715457,100.23721507884069,11521400
2022-10-07,97.05044555664062,98.63467702343239,96.40026188286828,98.46068361891038,11681100
2022-10-10,96.14385223388672,98.26837563973788,95.71345192116682,97.73725002819839,8931700
2022-10-11,93.369140625,95.73175886685507,93.26840835205988,95.57608425833438,12739700
2022-10-12,94.88011932373047,95.90575385333776,92.74643675976287,93.22262696465911,13181000
2022-10-13,100.1548080444336,100.64015068566272,93.18600369948167,93.38746826449699,22398700
2022-10-14,101.82147216796875,105.53022733591538,101.39107181576125,102.52659124378432,33387100
2022-10-17,106.09798431396484,107.15109015904487,104.68773925856723,105.68590275946444,22276300
2022-10-18,108.82688903808594,110.01735767004864,107.10529480386943,109.57780496566174,21539700
2022-10-19,106.6932144165039,108.81773780803796,105.92398669571581,108.04851008724987,17072000
2022-10-20,106.3452377319336,108.70785647438998,105.90568498102753,107.28845894082309,12207400
2022-10-21,111.93126678466797,112.07778202749257,106.52838184082461,106.64742591227989,20593300
2022-10-24,112.06861877441406,112.72795481078448,111.10709287684404,111.78474069797399,12624200
2022-10-25,112.36166381835938,112.88363705127985,110.7041712164928,111.58328366211862,11289100
2022-10-26,113.65287017822266,114.6510267463944,112.5265031557678,112.63639483662547,11667000
2022-10-27,114.1015625,115.56674972416157,113.74442333244073,114.6510068357401,10727600
2022-10-28,115.45685577392578,115.64000154227186,113.59789897761651,114.73341811180129,11859500
2022-10-31,115.27373504638672,116.69313959840397,115.00816871790636,115.10890101445287,13295200
2022-11-01,117.35247039794922,117.4715214700403,115.68582525432663,116.18032735711625,13386900
2022-11-02,116.27188873291016,119.37625691475094,115.96969186898045,116.89459424650867,16546100
2022-11-03,116.48250579833984,117.37993001810507,115.3012034867295,115.66749509431108,12474400
2022-11-04,119.66928100585938,119.80665083109656,117.6363445290073,118.57955864183005,14953200
2022-11-07,120.30115509033203,121.14363698512378,119.4861443680671,119.96233464708139,12011200
2022-11-08,120.3744125366211,120.93301631617813,119.17479146244015,120.18211433479844,9884100
2022-11-09,118.80850219726562,120.35609613435625,118.33231192339889,120.25537781826624,9494000
2022-11-10,123.69857025146484,123.85424488989284,121.36342272878547,121.45500262109827,16351600
2022-11-11,123.90001678466797,124.69670863382392,122.50808366846077,123.79928450705177,10704700
2022-11-14,122.62714385986328,124.2937887909948,122.62714385986328,123.44215454020792,11085600
2022-11-15,121.7388687133789,124.27548057036492,120.51177652698621,123.33225248662279,14038300
2022-11-16,121.9037094116211,122.30663858623812,120.90555284831159,121.7938247178637,7893400
2022-11-17,121.37256622314453,121.69308184959206,120.21873511956515,120.87807117107586,8820200
2022-11-18,122.56301879882812,123.32308703557402,121.13446219892091,123.23152113511634,9468500
2022-11-21,121.839599609375,123.222366403102,121.5648739357984,122.47146446666271,7800500
2022-11-22,123.66194915771484,123.87258014343146,122.42570428579585,122.7095824273521,9185700
2022-11-23,124.98060607910156,124.99892485236217,123.49710682698058,123.57036794689309,7316200
2022-11-25,125.21871185302734,125.58500349011048,124.5959993022297,124.98060971310606,3220500
2022-11-28,123.03006744384766,125.19122130367973,122.88354522243881,124.60514639117245,9906900
2022-11-29,125.05388641357422,125.12714754474331,123.08504416600847,123.31397996098738,7925300
2022-11-30,126.53733825683594,126.53733825683594,121.96779045213349,124.62343908487885,14761200
2022-12-01,124.76082611083984,126.9769224009966,124.01906257456254,126.53735571880368,8858500
2022-12-02,123.7718276977539,123.94582110410714,122.1051687244011,123.15828156222832,8931900
2022-12-05,120.30115509033203,123.23154390906964,119.59604303130392,122.92934703814497,10154500
2022-12-06,120.50262451171875,123.72604395794203,118.92754534896932,122.15096479519259,13966700
2022-12-07,120.42019653320312,121.8670720542558,119.34877897086182,120.24620313901356,11739400
2022-12-08,121.68394470214844,121.77551062608981,120.3561060602592,121.18028321451429,8907300
2022-12-09,121.02459716796875,122.48977757119074,120.8780749357078,121.0612207394694,7957800
2022-12-12,122.90185546875,123.3047705899854,120.51176604366965,121.24434915364465,8841600
2022-12-13,122.7828140258789,125.53919522146862,121.86707109368093,125.35604942965468,10025400
2022-12-14,122.16927337646484,124.27548500890414,121.57403206016197,122.5080938050597,9966100
2022-12-15,119.1381607055664,120.95132779332344,118.17662783505968,120.09967960294495,12087800
2022-12-16,118.39639282226562,118.9549965474988,117.6088533731357,118.26818937580855,21133700
2022-12-19,119.10154724121094,120.26454490915187,118.21327530225786,118.7260892106986,9017200
2022-12-20,119.67843627929688,120.92384712438992,119.22971724880766,119.93484316154012,8549900
2022-12-21,121.02459716796875,121.77549915533008,120.66745796003842,121.0429019671545,8051700
2022-12-22,119.65098571777344,120.2370606885674,117.5905639336046,120.05391488015606,8648200
2022-12-23,120.21874237060547,120.36526460714066,118.7169243789436,119.57772505217594,5091900
2022-12-27,120.63998413085938,121.07953684483128,119.5502477587565,120.48430950243451,5411000
2022-12-28,121.29932403564453,122.16927709178944,119.9714855059647,120.74072024622446,8827700
2022-12-29,121.99526977539062,122.04105971483582,121.1619403861219,121.729696510485,6585200
2022-12-30,122.80113983154297,123.01175680553759,121.281003123464,121.61982355638521,9292500
2023-01-03,123.73516845703125,125.21868136420498,122.60880867277817,123.84506709990178,11054800
2023-01-04,124.88903045654297,126.0794851365286,124.14728088810833,124.53189125792152,11687600
2023-01-05,124.86134338378906,125.19344650754586,123.3391982014281,125.14731833662435,8381300
2023-01-06,127.25065612792969,127.65656158230011,124.06800883538918,125.58092020764187,10029100
2023-01-09,126.7248306274414,128.11782573988478,126.272811033153,127.85952480704994,8482300
2023-01-10,127.8595199584961,127.97021633227186,126.66947763502837,127.11227720647598,9048700
2023-01-11,128.8096923828125,128.92038874886458,127.3982574102741,128.13625195241275,8703700
2023-01-12,128.6805419921875,129.94437242636852,128.43146109210693,129.15101562447867,11001700
2023-01-13,131.927734375,132.37054791484914,124.35395902005588,125.09196751012998,20200000
2023-01-17,129.88902282714844,130.5716691791465,128.44067969679156,130.23034600314747,14292900
2023-01-18,125.98683166503906,129.82445142479642,125.8392271152633,128.15471542494893,13392600
2023-01-19,124.30785369873047,125.36873142072389,123.23774189524636,124.83368959532557,13303400
2023-01-20,124.6123046875,124.99053611016214,123.20086945302539,124.68610697067892,13092500
2023-01-23,126.63259887695312,127.26913125596643,124.37245848837478,124.64919945634031,10487100
2023-01-24,127.7210922241211,129.41850173761952,124.5384458672266,125.84840412718776,6945000
2023-01-25,128.33920288085938,128.33920288085938,126.61411884438579,127.35212745255436,8967000
2023-01-26,129.132568359375,129.20637063279165,127.63811103263491,128.61596652180285,7487600
2023-01-27,129.4462127685547,130.31335768367455,128.92037692534547,129.7137336540936,7489900
2023-01-30,128.34841918945312,129.23401813554992,128.14546649840148,128.44066145498658,6729300
2023-01-31,129.11410522460938,129.21558157284034,127.53661182508125,129.04030296441033,9188700
2023-02-01,128.7727813720703,129.962823586279,127.4166946124427,127.49973096149544,8841800
2023-02-02,128.17315673828125,129.5753716687089,127.30599769020552,129.15101214948385,11822100
2023-02-03,130.15655517578125,131.30046932687927,127.42594137506877,127.47205548026778,11501200
2023-02-06,130.92221069335938,131.21741973271486,129.17867277414865,129.36317138557496,8406200
2023-02-07,132.5181427001953,133.15467486781688,130.23954897835594,130.42406166418485,10447900
2023-02-08,131.58644104003906,132.877945632751,131.25433784814967,131.5956610455783,6958000
2023-02-09,129.53843688964844,132.23215575774526,129.03105520229417,132.02920308280358,6443100
2023-02-10,130.1103973388672,130.33180411400602,127.85025772181471,128.94804344115659,6582900
2023-02-13,131.5218505859375,131.66944103130464,129.83366081928747,130.35026256892732,7134600
2023-02-14,132.10304260253906,132.6657726188391,130.62703936769975,131.45729030752534,9249400
2023-02-15,132.65652465820312,132.7395469194213,130.35025689320076,130.63623184384645,6728300
2023-02-16,130.82997131347656,132.27830022529912,130.70080679865134,131.83550073283425,8165300
2023-02-17,131.21743774414062,131.76171364927728,129.21559867888436,130.05506958755439,7948800
2023-02-21,128.8096923828125,130.387171904429,127.99788149484765,129.78754781985546,9996300
2023-02-22,127.82259368896484,128.62517043791877,126.78939014306161,128.15469683962553,11107500
2023-02-23,128.84657287597656,129.30782645428664,127.25063943639948,127.97941389653887,8068000
2023-02-24,130.00894165039062,130.40562709266814,128.16392712676847,128.3299857535932,9126900
2023-02-27,131.1436004638672,132.20447789923145,130.73769512556922,131.0974722979079,10014700
2023-02-28,132.24139404296875,132.61961124344361,130.90374753112508,131.86316276615307,11019800
2023-03-01,131.50340270996094,132.34288763092906,130.81152231767038,131.0882772898551,7139200
2023-03-02,130.1381072998047,131.39270367337005,128.726658226856,131.217439116247,11106800
2023-03-03,132.52737426757812,132.6011765252421,130.1473042441955,130.54397554325527,9513100
2023-03-06,131.7524871826172,132.87793303450798,131.60488264991764,132.3244371513992,9261300
2023-03-07,127.87794494628906,131.28199880341774,127.1307163584009,131.00524382514803,11747600
2023-03-08,127.12149810791016,127.85027262027845,126.28201315690055,127.30599673718818,10002500
2023-03-09,120.23958587646484,126.70637040071524,119.20638230996192,126.16208045104264,25888100
2023-03-10,123.2930679321289,124.77830492193819,117.91485690350788,118.96652146961952,37599700
2023-03-13,121.0790786743164,123.50527728856319,119.38166868303325,121.04218457726407,42901100
2023-03-14,124.18793487548828,125.02741994179004,121.11598371273358,124.79679310443318,29648100
2023-03-15,118.32076263427734,120.83921730242474,116.90933485138834,120.82998322201568,34280600
2023-03-16,120.6177978515625,121.72480350606014,116.25433636977414,118.09012344478136,24558500
2023-03-17,116.06061553955078,118.52370779764375,115.72851242181122,118.43146553381348,38396000
2023-03-20,117.28756713867188,119.43701064586844,116.24513651602736,117.14918964833143,22875500
2023-03-21,120.43330383300781,121.52185544634439,120.10120071640084,120.47019792314585,17807800
2023-03-22,117.32447052001953,120.53479879711034,117.23222120408215,120.44254244300132,17250200
2023-03-23,117.01081085205078,119.49235749309963,116.25435522322675,117.98867327821704,16677600
2023-03-24,115.23038482666016,115.9407123176095,113.56986894913054,115.89458413950018,22311100
2023-03-27,118.53295135498047,119.35398217332511,116.50343135783469,116.96468494288993,18853900
2023-03-28,118.89273071289062,119.31707613597284,117.84106604505389,118.73590618033046,10820500
2023-03-29,119.13257598876953,120.12888542669916,117.86873862557152,120.01818907015445,14595300
2023-03-30,118.77281188964844,120.03664235445191,117.75805529278875,119.87981780655501,12134700
2023-03-31,120.2119140625,120.23958815310226,118.86506139871327,119.61228999766035,13105200
2023-04-03,120.07354736328125,121.25435552036943,119.3816669239088,119.84292055015709,11775400
2023-04-04,118.4683837890625,120.4702229073124,117.53665649917986,120.38720063002806,11579900
2023-04-05,118.64501953125,119.14707668722164,117.57580902387382,117.89192670388562,9614700
2023-04-06,118.5148696899414,119.08201601577716,117.94772336410566,118.0778873969131,8760200
2023-04-10,118.90535736083984,119.22146797348508,117.35268138916051,117.65020018070031,9477300
2023-04-11,119.4911117553711,119.88160386923768,118.57995639627434,119.28656624046724,10516300
2023-04-12,119.47248840332031,121.26689328717843,119.06339745718537,120.10470954784653,11821000
2023-04-13,119.92808532714844,119.97456133339055,117.9198281563234,119.43532049173513,12450200
2023-04-14,128.98382568359375,129.34642652580754,125.42289218861391,125.65532898969498,43931300
2023-04-17,130.0065460205078,130.22038389324814,127.98899640224877,130.11811113901308,16050500
2023-04-18,131.4662322998047,131.81954073230335,129.26273624552854,130.41562773954573,13760100
2023-04-19,131.2988739013672,131.55920192925032,130.53647454341413,131.30816626421534,9158100
2023-04-20,130.9176788330078,131.49411745979074,130.01582306650377,130.0809121691736,10586200
2023-04-21,130.66665649414062,131.19661917231718,129.03030663899233,129.92287013341033,11842500
2023-04-24,130.84332275390625,131.18733887353952,130.20179489998168,130.5923012181402,7567500
2023-04-25,127.99828338623047,130.1274122203145,127.96109974389691,129.79270269205225,10629300
2023-04-26,125.72969055175781,128.12843966134915,124.58610564390162,127.95178545062049,14416100
2023-04-27,127.42180633544922,128.22138917952404,126.12945880469225,126.44556932316556,9041100
2023-04-28,128.5282440185547,128.60262548886095,126.13878716546598,126.96626151575278,9887300
2023-05-01,131.28028869628906,133.29783821644935,130.93628680641368,132.26581836000824,20415800
2023-05-02,129.1604461669922,132.4052681693228,128.7048650486828,131.4662146588088,14113400
2023-05-03,126.427001953125,128.92802382839415,126.22245646383661,128.71418597570693,12930900
2023-05-04,124.69768524169922,126.18528638056492,122.54997156023859,125.47868364235244,17089200
2023-05-05,127.13363647460938,128.19354770879522,126.36194460080846,126.85470947891491,11261400
2023-05-08,127.44044494628906,128.27721168217766,126.89188336179542,127.83093703549143,7484900
2023-05-09,126.82679748535156,127.32885464615522,125.7111038715992,126.38050869039941,7343600
2023-05-10,126.89188385009766,128.36088601235872,125.39499040898734,128.25861326097296,8133400
2023-05-11,126.4920654296875,127.19866794882395,125.42284800924946,125.51582837165677,7057300
2023-05-12,124.67909240722656,127.36606097216954,123.77723658077858,127.20800566679817,9988600
2023-05-15,125.72969055175781,126.13878152674747,124.54892200381812,124.8371413216115,7639500
2023-05-16,124.88365173339844,126.3898376699158,124.54894217119273,125.94356298258039,6477200
2023-05-17,128.72344970703125,128.8536136997337,125.94351567999787,126.35259238076902,12711500
2023-05-18,129.69970703125,129.91354486981814,128.08194213737082,128.55612218887362,10999600
2023-05-19,129.4021759033203,130.62015634556295,128.4259529385829,129.96932211998757,13492200
2023-05-22,128.33299255371094,131.68938019077746,127.98899066253614,131.09434260740792,11402500
2023-05-23,126.994140625,129.26272559811,126.87328316079605,127.8773974466778,9514900
2023-05-24,125.83195495605469,126.77100850099497,125.59022584449683,125.88773750589009,8578000
2023-05-25,126.13880157470703,126.69665557232207,125.12538052629566,125.34852496270497,8472500
2023-05-26,127.3195571899414,127.9331936183434,126.10159088275205,126.5478654730383,8579900
2023-05-30,127.80302429199219,128.0447533960952,126.46418638997858,127.18938788910047,7399900
2023-05-31,126.17598724365234,127.2265918367746,124.95800660583822,127.1243190866319,14219900
2023-06-01,127.91461181640625,128.5189417760317,125.93424589021166,126.92908212873873,12248100
2023-06-02,130.6015625,131.54060186472486,129.55094384800705,129.7554893233829,12922500
2023-06-05,129.31854248046875,130.26688865425152,128.4259930589933,130.26688865425152,8511900
2023-06-06,129.5509490966797,130.25756592635653,128.50034458893558,128.93731264569107,9329500
2023-06-07,130.80612182617188,131.34537684682581,129.076791651942,129.74621069918032,9281400
2023-06-08,130.84332275390625,130.99208571446027,129.68113872485935,130.78754019040267,7368100
2023-06-09,131.10362243652344,131.83813052835976,130.35983616853576,130.49000018411496,7249100
2023-06-12,131.0943603515625,131.39188627692613,129.9414686710039,131.15944946779217,7596600
2023-06-13,132.04266357421875,132.8329399562422,130.29473479805242,130.6108453508618,7701600
2023-06-14,131.54994201660156,133.52100162444762,130.81543375282095,132.9538552409123,9068700
2023-06-15,133.03749084472656,133.325710136213,130.19246737973887,130.71312341427088,9343100
2023-06-16,133.195556640625,133.8556832851755,132.4889539932474,133.00031770567188,13813500
2023-06-20,132.51683044433594,132.95381264180995,131.1315023941723,132.59121190207753,8428600
2023-06-21,132.3216094970703,133.90217667494477,131.7358643045841,132.8608503119899,9926500
2023-06-22,129.77410888671875,132.58194925175235,129.18836364249506,132.312314633662,10075200
2023-06-23,129.0953826904297,129.4021867304495,127.95178361219067,128.80714918996347,9919500
2023-06-26,129.41151428222656,130.1738996046303,128.01689349037008,129.11398837029202,8429700
2023-06-27,129.42079162597656,130.0158291939676,128.80715514394416,129.2348450460071,8154000
2023-06-28,128.8536376953125,129.43009050189633,128.26790671248017,129.3836003129569,7558600
2023-06-29,133.3536376953125,133.47450937436494,130.02515511363134,130.22970063811232,15423200
2023-06-30,135.222412109375,135.74306818320116,133.5674635089359,134.4414279986358,14212800
2023-07-03,136.31024169921875,137.11911724800308,135.74309532252184,135.91974956577747,8021600
2023-07-05,135.4021759033203,136.14171413854416,135.14006000089324,135.68301845141943,8934900
2023-07-06,134.06349182128906,134.2319887522731,132.40653391206402,133.8856244268661,9709500
2023-07-07,135.121337890625,136.52553639400776,133.86692398915542,134.71880784275996,8981500
2023-07-10,135.8795928955078,136.66595485612726,135.2711126354132,135.2711126354132,9100100
2023-07-11,138.00457763671875,138.37903900702122,136.4037999169279,136.99355336326315,11260900
2023-07-12,138.68800354003906,140.29815234336888,137.6114570388081,138.03271374432256,11323200
2023-07-13,139.36199951171875,139.83006562336877,138.31353599258082,139.20285874786703,11234900
2023-07-14,140.2045135498047,143.1252412336155,138.93137327763844,141.870827603696,27028400
2023-07-17,143.58396911621094,143.93033347784979,140.74748954065532,140.74748954065532,17262400
2023-07-18,143.84609985351562,144.53882864830726,143.05975211033515,143.58398393912213,13491700
2023-07-19,144.39842224121094,145.29711562742418,142.49807461798855,142.99422364567243,12510000
2023-07-20,146.1770477294922,146.58894821231368,144.5481867273733,144.6605180284174,9935900
2023-07-21,145.0537109375,146.16771076680183,144.81032165848947,145.84942918250036,10636400
2023-07-24,147.90887451171875,148.64841259921064,144.84771848900857,145.07239533945494,14381400
2023-07-25,146.8042755126953,147.64678887686114,145.99920115581102,147.25361502130073,9944700
2023-07-26,147.6842498779297,148.14295991985267,146.29877785425592,146.70132223476946,8728600
2023-07-27,146.0553436279297,148.6390632476469,145.6153603699145,147.69357490821167,10778400
2023-07-28,146.88853454589844,147.53446817081576,146.44855118644014,147.23489895405842,9103800
2023-07-31,147.87147521972656,149.2007814689445,147.1131960024418,147.14127883075832,8892700
2023-08-01,147.14126586914062,147.90890120016138,146.17705075722094,147.37529894065986,6853900
2023-08-02,145.47494506835938,145.74643141841656,144.1081999906907,145.6247296556844,8299400
2023-08-03,146.36428833007812,146.897876304198,144.4920237619121,145.10050403286803,6084000
2023-08-04,146.0553436279297,147.72165773027706,145.7557744802414,146.41106413550557,6209400
2023-08-07,146.74810791015625,147.62807463981366,146.59833758419595,146.59833758419595,7251800
2023-08-08,145.92428588867188,146.01789053426512,142.8444030785175,144.46392200237997,8623400
2023-08-09,143.96775817871094,145.58727709541188,143.66820331619675,145.4000535208101,6277800
2023-08-10,143.75245666503906,145.51238975141104,143.31247339344608,144.520091916497,5995100
2023-08-11,144.5856170654297,144.65115317660656,142.88186387000218,143.25631104053193,5180700
2023-08-14,144.88522338867188,145.02563754257224,143.15337264124665,143.7993063176836,5044300
2023-08-15,141.19679260253906,143.4809569895078,140.63510768355823,143.0877832599176,10300300
2023-08-16,140.59771728515625,141.31854318067522,140.12028065372675,140.98153496964974,6978200
2023-08-17,139.13729858398438,141.59931593962565,138.9219779472962,141.24359550606815,9953900
2023-08-18,139.45559692382812,139.95174578286077,138.02331598598033,138.21989572335605,8517500
2023-08-21,139.93304443359375,140.5134561406489,138.56629935066977,140.09218520164686,8327000
2023-08-22,137.0310516357422,140.0828378134794,136.53490265589448,139.7271029659488,9673300
2023-08-23,137.9578094482422,138.16375969245578,136.16980765056223,137.00296480788273,7858000
2023-08-24,137.82675170898438,139.86752750903037,137.60208910349877,138.0795114244007,6534000
2023-08-25,137.6582489013672,139.1279690919885,136.53489306897146,137.8735553172173,6695500
2023-08-28,138.13568115234375,139.11862293308627,137.73315111613948,138.14505161734553,5094100
2023-08-29,139.259033203125,139.3432959645767,137.7799424826576,138.27610573389072,6337000
2023-08-30,138.69735717773438,139.62411896057506,137.78930775518225,139.127970012283,6277300
2023-08-31,136.98423767089844,138.87522886814105,136.63787329971225,138.79096610726893,10933900
2023-09-01,137.44293212890625,138.62245352140573,136.3944543846634,136.75954535978775,7903500
2023-09-05,135.92640686035156,138.7441742202353,135.74853943819002,137.76123245014202,7854700
2023-09-06,135.7017364501953,136.24468058187983,134.9060183286584,135.45833292470454,8629200
2023-09-07,134.54092407226562,135.9919318730385,134.2319987249338,134.92474171145767,8373700
2023-09-08,134.6439208984375,134.91539300149014,133.53927727068842,134.21329372186668,7107900
2023-09-11,135.23367309570312,135.78598770305322,134.5128472530841,135.5051451671015,6854200
2023-09-12,136.99359130859375,137.9110112067669,134.84985472125945,135.2711113808214,8363200
2023-09-13,137.0591278076172,138.26673213964824,136.50681320165899,137.92972395420438,8325900
2023-09-14,139.71775817871094,140.32623851403181,138.09825315552496,138.39780809031097,10034900
2023-09-15,139.30581665039062,140.16705647529773,138.83775059657748,139.40879175359922,19863400
2023-09-18,139.5960235595703,139.61475020241627,138.31352706736544,138.69734468236973,6512400
2023-09-19,139.41818237304688,140.15773491994022,137.80804789167848,139.95178466264682,7943400
2023-09-20,138.8284149169922,140.65386993955852,138.67863032943688,140.09218487834835,7332000
2023-09-21,137.7424774169922,139.34326960229055,137.2650551855661,138.15437782884638,8052400
2023-09-22,136.4225616455078,138.0888760647545,135.9170564679509,137.88292580761203,7071700
2023-09-25,137.09657287597656,137.16210899360448,134.52220904350628,136.06683591353567,7044700
2023-09-26,135.67364501953125,136.52552882591283,135.0183552777935,135.36473393604743,7468400
2023-09-27,136.46934509277344,136.7595437767897,135.28045325041472,135.91703054679127,6717800
2023-09-28,138.16375732421875,139.36200547860716,136.68466663396703,136.9374263446685,8868100
2023-09-29,135.75791931152344,139.2590452079911,135.6081347051916,139.10927488590553,11917800
2023-10-02,134.58775329589844,136.3195895900525,133.52056297766828,135.58005131127518,9170600
2023-10-03,133.59542846679688,134.41921506435102,133.25842031372002,134.0541240888714,9431100
2023-10-04,134.19456481933594,134.3068961192718,132.86524444361987,134.044780229925,8128700
2023-10-05,134.76039123535156,134.94901072046437,132.80830619332247,133.9493763741643,8576200
2023-10-06,136.8350830078125,137.57065291285397,134.04367882202118,134.7698235091785,10270600
2023-10-09,136.52386474609375,137.11796998670525,135.32620026862298,135.4770900778378,6964900
2023-10-10,137.35374450683594,138.40995889388373,137.004824376904,137.13684937657925,11288800
2023-10-11,137.82525634765625,138.84374102392985,136.75963119469503,138.16475123974746,8698200
2023-10-12,137.50462341308594,138.58912775754237,136.86336329119763,137.96671807007812,10484400
2023-10-13,139.56988525390625,144.38881902981274,139.41899543795483,140.0414051365208,29427000
2023-10-16,139.4284210205078,141.00329554327354,138.3627815883004,140.9372758593186,12663500
2023-10-17,139.12667846679688,140.80528837588392,138.4288237446185,139.16440812185908,11482700
2023-10-18,137.59896850585938,139.07953380874142,137.0897188526439,138.24022879254755,9620300
2023-10-19,137.01426696777344,138.64573642948045,136.62763152732992,137.19344685926188,11143600
2023-10-20,134.80747985839844,136.87273845449766,134.02475542670186,136.3352134770912,13332900
2023-10-23,132.9686279296875,135.49596799323533,132.71400312369968,134.79812766595725,10133400
2023-10-24,133.12890625,133.6570061539827,132.36504643247912,133.14777107218316,8881400
2023-10-25,132.40277099609375,133.1383408268775,131.56346622047414,132.56310041145807,8242600
2023-10-26,132.7422637939453,133.60043337964612,131.48801925860812,131.79922408824612,9109400
2023-10-27,127.96105194091797,131.1768205891227,127.48953211764959,131.03535600835636,17434700
2023-10-30,129.59251403808594,130.17719404826093,128.29111464548342,128.66833915982525,9855500
2023-10-31,131.13909912109375,131.3088537506683,129.63966944313077,129.86600415268222,9672500
2023-11-01,131.02593994140625,132.52536963058716,130.5827101254128,131.3182799499032,9432000
2023-11-02,133.36468505859375,133.42126514351625,131.29942562105097,132.1104404141124,10186200
2023-11-03,134.85470581054688,135.58085056324327,133.77021568051663,134.0908457932642,9538700
2023-11-06,135.8731689453125,135.9769038934277,134.6566396092663,135.01499931905428,7625100
2023-11-07,135.80715942382812,136.04291937904668,134.68495412429016,135.33563951339102,6297900
2023-11-08,136.47671508789062,136.58987525429612,135.4393655970245,135.90146025925483,7618200
2023-11-09,136.0712127685547,137.35374753206762,135.51482271407195,137.15571722301596,7992500
2023-11-10,138.08929443359375,138.13644929586334,135.87315980335984,136.68417450960825,7983300
2023-11-13,137.47633361816406,137.91956345188186,136.89165357778936,137.40088871139884,6676300
2023-11-14,139.98484802246094,140.74870805529184,138.17421310287918,138.32508855394224,9927700
2023-11-15,141.2108154296875,141.6068905047512,140.0037253753081,140.0037253753081,8365300
2023-11-16,142.82337951660156,142.89882442983355,141.5408447709493,141.5408447709493,8126200
2023-11-17,144.1153564453125,144.15307170777956,142.90825220167514,143.53066195472735,7812400
2023-11-20,144.55856323242188,144.99236786773022,143.26660332342516,143.41749314350156,7019000
2023-11-21,144.25677490234375,144.87918451834597,143.87956480214766,144.47366999047435,7083500
2023-11-22,144.59628295898438,145.11495768637337,144.19076839406415,144.67172786384498,5174500
2023-11-24,144.7943115234375,145.64305590080474,144.54912637778605,144.84146638712082,3496900
2023-11-27,144.46424865722656,144.78487868997536,144.01159364689627,144.69056896757002,6259100
2023-11-28,144.7943115234375,145.1055163561744,144.02102643967882,144.4925462972237,6582700
2023-11-29,145.5299072265625,146.76528704849733,145.22812758688474,145.3884426243466,9126100
2023-11-30,147.18966674804688,147.23682162015268,145.586501823976,146.08631181107492,9869800
2023-12-01,147.90634155273438,148.86824606580794,146.94445142930454,146.94445142930454,8916000
2023-12-04,148.99085998535156,149.04744006979425,147.0010454744615,147.1330704680428,9607500
2023-12-05,148.97198486328125,149.47179476083681,148.02894514870184,148.30242033448647,9135600
2023-12-06,147.4065399169922,150.1507890224694,147.11419989902313,149.79242931546503,9366000
2023-12-07,147.8592071533203,148.34959188917585,147.25566224366952,147.7649118050395,8130900
2023-12-08,149.49066162109375,149.73584676995327,148.0383723826528,148.3024223551613,7369400
2023-12-11,150.03765869140625,150.22626379956796,149.14175924575517,149.4906938049841,8093900
2023-12-12,151.37677001953125,151.49935542257748,149.83018514642347,150.16024048034427,10223000
2023-12-13,151.885986328125,152.80073607591623,150.66947133004385,151.376751172791,12379100
2023-12-14,154.6491241455078,155.45069945659677,152.49899424453778,152.6121544320686,13643000
2023-12-15,155.81846618652344,155.8656210556817,153.14023653822656,153.79093631953123,20309300
2023-12-18,156.76150512695312,157.61024959807705,156.19568986918287,156.46916508532496,8469600
2023-12-19,158.8550567626953,158.87392158842906,156.12024700678276,156.54461205309389,10345700
2023-12-20,157.06329345703125,159.760388064777,156.9689837140342,158.42127317416848,10734700
2023-12-21,157.95916748046875,158.5155575124074,156.24282812678547,157.3367577550905,7601700
2023-12-22,157.86485290527344,158.64757764689784,157.70453786994963,157.95916263882626,6576300
2023-12-26,158.79844665527344,159.15680632823958,157.6573623432536,157.9214266846687,4683600
2023-12-27,159.75094604492188,159.8169657419524,158.03462098752954,158.27980617011522,6428600
2023-12-28,160.5996856689453,160.93918058278578,159.3737310139855,159.7038007098136,6320100
2023-12-29,160.41107177734375,160.96746179209865,159.96784193110983,160.3167620438129,6435100
