Date,Close,High,Low,Open,Volume
2018-01-02,34.81647491455078,35.12228321488581,34.79353717761252,35.09934839437946,10872200
2018-01-03,34.740020751953125,34.931152033873616,34.6635694057577,34.778249341482756,12635600
2018-01-04,35.22931671142578,35.33634975485781,34.74766509954996,34.831763324084186,12709400
2018-01-05,35.2216682434082,35.3210573148815,35.00760216617179,35.183442574820496,13113100
2018-01-08,35.168155670166016,35.244607015919705,35.07641347197521,35.129929997289175,7068600
2018-01-09,35.3439826965332,35.44337174147139,35.122269794913706,35.16814233483074,9962400
2018-01-10,35.2216682434082,35.366926950614115,35.11463520479,35.34399213274781,10700700
2018-01-11,35.198726654052734,35.34398533331395,35.061111940465885,35.34398533331395,7583200
2018-01-12,35.282833099365234,35.46631748271539,35.19108799125846,35.38221925850003,14570100
2018-01-16,35.573360443115234,35.64216783516204,35.27519604972325,35.28284293574651,16459300
2018-01-17,35.79506301879883,35.93267776269389,35.588640902956236,35.61157863789318,12143100
2018-01-18,35.840938568115234,35.986197291510074,35.63451643501822,35.74154948556514,11952900
2018-01-19,36.05500411987305,36.1238114965237,35.833291137728516,35.925036250883956,16187400
2018-01-22,36.22319412231445,36.31493630268889,36.00148117968083,36.03970684513424,9577400
2018-01-23,36.276729583740234,36.46786092726212,36.032081697346854,36.093242210728775,11463700
2018-01-24,36.56724166870117,36.658983875981775,36.299656099187146,36.337881775851386,15964500
2018-01-25,36.574867248535156,36.69719110221865,36.46783424111593,36.46783424111593,11755000
2018-01-26,37.10239791870117,37.17120528647478,36.49842537539004,36.529004159398276,16671200
2018-01-29,36.46784973144531,37.048887554139796,36.37610753132133,36.857756269296196,11662600
2018-01-30,36.24612808227539,36.81952179982864,36.23848411593777,36.49077583511694,12404800
2018-01-31,36.38373947143555,36.62074323620637,36.215543063118766,36.276706453936136,10960100
2018-02-01,36.276729583740234,36.49079575522623,36.01679083989316,36.24614786883285,10279400
2018-02-02,35.72626876831055,36.24614623253533,35.64981740092626,36.200273662245124,12912300
2018-02-05,34.31951904296875,35.87150350967711,33.95254747570705,35.66508437269241,23261500
2018-02-06,34.151329040527344,34.20484847159197,33.210963676558876,33.539709647267124,25184300
2018-02-07,34.06724166870117,34.78589425840995,33.8531726439372,34.08253252164374,18041600
2018-02-08,32.9510383605957,34.11311713472761,32.92810353548252,34.11311713472761,23295300
2018-02-09,32.973968505859375,33.22626027328087,32.25531304259126,33.14980892956086,22853100
2018-02-12,33.61616897583008,33.814944215026046,33.15745217421885,33.30271380712336,14689000
2018-02-13,33.78436279296875,33.95255924660336,33.40210024665868,33.5779406679895,13163200
2018-02-14,33.71554946899414,33.784356831846424,33.35622472203778,33.65438898892059,13457900
2018-02-15,34.23543930053711,34.27366789566802,33.73085275899197,33.830241856754114,13467300
2018-02-16,34.388336181640625,34.89292259479359,34.189560953127106,34.839406074946424,17202300
2018-02-20,33.63145446777344,34.27365555453791,33.59322588640774,34.21249215749782,14137300
2018-02-21,33.13451385498047,33.83787546015238,33.12686988815532,33.72319845918641,12792900
2018-02-22,33.272132873535156,33.50148982143145,33.04277592563887,33.20332549752309,12377800
2018-02-23,33.66968536376953,33.6849762154052,33.19567771235893,33.3180045254443,8277200
2018-02-26,33.66203689575195,33.9372663793795,33.493843368537476,33.81494248848188,12713300
2018-02-27,33.34858703613281,33.876111268958056,33.34858703613281,33.7537873586452,12774400
2018-02-28,33.04277420043945,33.570295444701635,33.04277420043945,33.509134956124065,11929400
2018-03-01,33.203330993652344,33.36388059211225,32.73697013642207,32.951036267701944,17746800
2018-03-02,33.4250373840332,33.48619787380302,33.0580656961191,33.065709663678426,14050100
2018-03-05,33.55500793457031,33.59323360829144,33.25684359654078,33.31036012303675,11992700
2018-03-06,33.5855827331543,33.67732491450437,33.325644122302975,33.60087358278454,10010500
2018-03-07,33.50149154663086,33.5779428943893,33.23390891304434,33.325651113640866,10881700
2018-03-08,33.983131408691406,33.9907753742414,33.4861890714438,33.56264330909857,12361100
2018-03-09,34.266014099121094,34.266014099121094,33.93726807903843,34.074882827744275,9778600
2018-03-12,34.04429244995117,34.472427438662585,33.891389804954464,34.36539442059249,11857700
2018-03-13,34.07487106323242,34.27364915003701,33.94490324345544,34.151322378815266,11342100
2018-03-14,33.76636505126953,34.267694183720046,33.72780195081395,34.229131083264456,15321200
2018-03-15,33.6815299987793,33.9360517995204,33.58897795404456,33.843499754785654,12456700
2018-03-16,33.51955795288086,33.95147233118621,33.511846509596836,33.70466495563344,26603300
2018-03-19,33.36531066894531,33.71238454410225,33.3036102812378,33.51956605147914,12380300
2018-03-20,33.28818893432617,33.534996402766744,33.172496646292174,33.41159266854646,13559800
2018-03-21,33.1647834777832,33.51185738168377,33.00281663668859,33.26504992606046,13054000
2018-03-22,32.979671478271484,33.45014903955821,32.93339692612952,33.07222646690844,12274100
2018-03-23,32.64802932739258,33.28818520756159,32.61717766174721,33.025951933929555,13475200
2018-03-26,32.925682067871094,33.01823705518279,32.58632260759095,32.8639816851731,11276100
2018-03-27,33.07994079589844,33.40387740001995,32.802281690130506,32.93339979771059,11627000
2018-03-28,33.41157913208008,33.704663985428404,33.16477176363178,33.16477176363178,16277400
2018-03-29,33.496437072753906,33.874359764308295,33.388459160881226,33.581277701275994,10450500
2018-04-02,32.91025924682617,33.55041806115746,32.75600680488408,33.50414056326879,14207900
2018-04-03,33.457862854003906,33.581266561232276,33.041374238792,33.14935211484476,15484600
2018-04-04,34.12115478515625,34.24455847756179,33.24961455256808,33.272751825464084,13563300
2018-04-05,34.24456787109375,34.406534710146666,33.88977958370275,34.15201286976901,11707800
2018-04-06,33.874351501464844,34.337117650837946,33.71238467316378,34.15201060265336,11495100
2018-04-09,33.804935455322266,34.17514656337626,33.76636940771502,33.959187877045835,11913400
2018-04-10,33.9283332824707,34.07487423460142,33.72008901859495,33.990033652039905,10379500
2018-04-11,33.9283332824707,34.04402257872889,33.75093773229163,33.789503773220204,8424300
2018-04-12,33.95919418334961,34.2522791349684,33.897493791637544,33.997760238118666,8476400
2018-04-13,34.329402923583984,34.46823247280367,34.04403238004427,34.08259548989936,10774200
2018-04-16,34.46051788330078,34.62248469521928,34.24456213407612,34.43738060793426,8962100
2018-04-17,34.614776611328125,34.730465941568625,34.437383951218,34.6687655538757,8406400
2018-04-18,34.329402923583984,34.68419118391024,34.190576316540984,34.630202241677765,7429000
2018-04-19,34.17514419555664,34.2985478896913,33.95147408050752,34.19828146877684,10370400
2018-04-20,33.73551940917969,34.252271475142614,33.61211571117539,34.17514526720601,14690700
2018-04-23,33.920623779296875,33.92833816546319,33.596690172542154,33.735519701773114,11878500
2018-04-24,33.21875,34.013160777622545,32.95651688765251,33.920608779786654,18523900
2018-04-25,32.72515106201172,33.079936341754426,32.324088290146605,32.964247024712954,20774700
2018-04-26,32.97195816040039,33.24190283981383,32.59403266704523,32.70201348098695,13561000
2018-04-27,33.40387725830078,33.427014536291026,32.941111103258635,32.95653693597772,9777900
2018-04-30,33.32673263549805,33.696943622496654,33.14162861308644,33.55040269290618,16037700
2018-05-01,32.84854507446289,33.15705571324224,32.53232299369304,33.133915502919706,11514200
2018-05-02,32.439781188964844,32.848555413155125,32.34722620289516,32.70201443180943,13736400
2018-05-03,32.308658599853516,32.702009880463415,32.02328812129654,32.563180362857096,18352200
2018-05-04,32.671165466308594,32.779143350125445,32.216113711525665,32.231539543810456,10946200
2018-05-07,32.50148391723633,32.77143156616344,32.36265437028561,32.655739296312305,9336000
2018-05-08,32.24696350097656,32.46291925605272,32.15440851264978,32.37036720990244,15062200
2018-05-09,32.22382354736328,32.570897400996934,32.13898294512211,32.37036747566223,9295200
2018-05-10,32.53233337402344,32.67116291155395,32.347226343257276,32.38579239204187,7924200
2018-05-11,32.50148391723633,32.75600573403818,32.42435769878666,32.578613077862634,6331900
2018-05-14,32.42435073852539,32.640306457568386,32.31637287900389,32.58631752780764,10715500
2018-05-15,32.17755126953125,32.33180371122627,31.969306942630894,32.223825825169065,16449700
2018-05-16,32.04643630981445,32.34723271969952,32.03872486384328,32.19298026285991,11590500
2018-05-17,32.62488555908203,32.66344866585657,32.29323754490336,32.40121542074266,14857400
2018-05-18,32.53233337402344,32.6865887426325,32.45520716080713,32.6248854183183,11950200
2018-05-21,32.709720611572266,32.794561197392774,32.60174275404652,32.632594411104144,9110200
2018-05-22,32.586326599121094,32.85627132307148,32.55547493290481,32.779145099707605,8222900
2018-05-23,32.70201110839844,32.7405742109202,32.33951147190636,32.586318858657016,8971400
2018-05-24,32.64031219482422,32.75600446017616,32.54004576099764,32.702015520925656,9269600
2018-05-25,32.70201110839844,32.840840631217695,32.547755756135246,32.65573362006664,8806500
2018-05-29,32.917972564697266,33.04908772452335,32.47063225950479,32.48605809163315,14826900
2018-05-30,33.26504135131836,33.38073066134597,32.933393366655395,32.98738229977019,10114200
2018-05-31,33.1647834777832,33.326750318877814,32.917976022159905,33.319038873092005,15571300
2018-06-01,33.25733184814453,33.411587226338455,33.19563146217293,33.24190601610748,10664700
2018-06-04,33.54270553588867,33.61983175437633,33.38845015673672,33.442439098113404,11727600
2018-06-05,33.24961853027344,33.58126654494693,33.24190414360115,33.55041488261068,9975900
2018-06-06,33.51955795288086,33.51955795288086,33.195624375783844,33.21105020452789,9202900
2018-06-07,33.50413513183594,33.727805255439726,33.41929747939171,33.41929747939171,11948100
2018-06-08,33.897491455078125,33.936054565012114,33.59669507854561,33.60440652366172,12078800
2018-06-11,34.036312103271484,34.12886413134383,33.85120510495086,33.89748259007499,7526100
2018-06-12,34.25226593017578,34.25997737285057,33.997747131447085,34.03631022917255,8243300
2018-06-13,34.07487869262695,34.33711191749974,34.05174141878343,34.205993833975235,16745000
2018-06-14,33.91147232055664,34.12156831191259,33.864782673377604,34.04375520166075,12696200
2018-06-15,34.33165740966797,34.35500371074106,33.810303190307096,33.89589936802402,21562500
2018-06-18,33.888118743896484,34.207157176904246,33.771399103554664,34.14490729573112,12161900
2018-06-19,33.92702865600586,34.04375127630501,33.61577328250737,33.69358638378711,12936400
2018-06-20,33.66246795654297,34.06710270980287,33.6391246142869,33.94259993713676,10893700
2018-06-21,33.530181884765625,33.69359120184774,33.4290224639329,33.67024786180171,10465200
2018-06-22,33.65468215942383,33.779184911105006,33.522399284428715,33.576869052765495,14924400
2018-06-25,33.91147232055664,34.04375520166075,33.584650727063156,33.584650727063156,12092400
2018-06-26,33.71693420410156,34.11378578786986,33.67802468333357,33.895906719791554,13974700
2018-06-27,33.51460266113281,33.934800391543334,33.452352794615635,33.71692140616538,15332600
2018-06-28,33.82588195800781,33.98929129877587,33.59243665019014,33.64690939882655,12668900
2018-06-29,34.12935256958008,34.31610522791459,33.70137451181851,33.903690386410894,11485600
2018-07-02,34.04375457763672,34.36279307322909,33.911471698957364,34.06709791660841,9232500
2018-07-03,34.230499267578125,34.49506790886175,34.230499267578125,34.284969020044265,8214300
2018-07-05,34.751853942871094,34.7596340640261,34.33943924894018,34.36278258078414,11653000
2018-07-06,34.736297607421875,34.96973987720271,34.689610934493416,34.759640943886104,8733900
2018-07-09,34.549556732177734,34.80634242577735,34.50286707498666,34.658496297243055,7373100
2018-07-10,34.99308395385742,35.01642728883527,34.627355874514876,34.63513599671438,10606100
2018-07-11,34.853023529052734,35.01643283654546,34.73630089891233,35.00865271311334,7715600
2018-07-12,34.759647369384766,34.985309558185506,34.6195843563285,34.884153102554876,6331600
2018-07-13,34.814117431640625,34.84524089415702,34.60401847566081,34.782991000744396,5585900
2018-07-16,34.80633544921875,34.86080522083353,34.65070625815656,34.80633544921875,5831400
2018-07-17,35.210968017578125,35.31990755418346,34.76742677946796,34.82189654777063,11592200
2018-07-18,35.10979461669922,35.24208040728918,34.89191563029054,35.16426436330139,7351600
2018-07-19,35.102027893066406,35.35103339210235,34.95417883725277,35.00865157302285,10097500
2018-07-20,35.23431396484375,35.23431396484375,34.93862176312866,35.031998091650266,8588400
2018-07-23,34.97752380371094,35.29656227265349,34.837457844821074,35.234309416089296,9055700
2018-07-24,35.218746185302734,35.22652927655937,34.712955083665804,34.845237951232825,13786100
2018-07-25,35.8646125793457,36.24590397234333,35.60004382887677,35.794579587504515,21330600
2018-07-26,35.98133087158203,36.25367971338072,35.95020444155368,36.07470719328733,12673100
2018-07-27,35.95798110961914,36.18364325307087,35.8412614607982,36.04357729978217,10516900
2018-07-30,35.973548889160156,36.13695819927823,35.833482918093274,35.87238947263856,8967900
2018-07-31,36.28480529785156,36.31592875877488,36.03579980018692,36.10583278192883,12438800
2018-08-01,36.09804916381836,36.175865235940684,35.926856773528876,36.144738807091755,9904100
2018-08-02,35.93464660644531,36.28481157573934,35.93464660644531,36.16808892984793,12009700
2018-08-03,36.27702713012695,36.38596667909387,35.90351883293464,35.97355182418195,11462800
2018-08-06,36.30036544799805,36.471554857953244,36.22254938130984,36.26145593046423,10056100
2018-08-07,36.183650970458984,36.2692471788783,35.89573887990498,36.19921418729705,8632900
2018-08-08,35.91130828857422,36.23034686781301,35.887961975101696,36.17587708367814,6810000
2018-08-09,36.066925048828125,36.12139481861842,35.85682906156831,35.989111940093366,8924100
2018-08-10,35.85683059692383,36.121396365302395,35.77123439262255,35.95798704893448,7535400
2018-08-13,35.66230392456055,35.89574628855234,35.56114447842451,35.83349340835148,8143400
2018-08-14,35.708980560302734,35.87238987224112,35.693417344635286,35.72454377597018,6846100
2018-08-15,35.85683059692383,35.91130036904647,35.52222887195335,35.615605200109314,9686400
2018-08-16,35.96576690673828,36.09026965587625,35.77123117568648,35.88017071013474,10600700
2018-08-17,36.26146697998047,36.36262641331051,35.98133795968089,36.02024452069081,8885700
2018-08-20,36.36262893676758,36.471568502507544,36.25368937102761,36.32372237305766,6392000
2018-08-21,35.96576690673828,36.3781817066866,35.95798381520359,36.36261849199689,13986300
2018-08-22,35.740108489990234,36.09027343623828,35.73232539764028,36.059147003598454,7159100
2018-08-23,35.56113052368164,35.8568256518389,35.55334743252039,35.7089766035705,13144900
2018-08-24,35.506656646728516,35.638939497353554,35.46775010056699,35.522219858868965,10952900
2018-08-27,35.55335235595703,35.83348430896407,35.4521959038889,35.83348430896407,9581200
2018-08-28,35.304344177246094,35.5844761091633,35.234311194266795,35.5222262178371,8476800
2018-08-29,35.273216247558594,35.34324625328715,35.18762006049566,35.21096339573851,12410900
2018-08-30,34.97752380371094,35.26543584437139,34.93083416128779,35.234309416089296,9716500
2018-08-31,34.68183517456055,35.07090669589812,34.54176918940861,35.01643692038127,19834100
2018-09-04,34.829673767089844,34.938616262991644,34.635138048405885,34.70517102586729,11138500
2018-09-05,35.31212615966797,35.34324962016354,34.75186231343268,34.75186231343268,10554900
2018-09-06,35.61560821533203,35.79458076294111,35.249880027220314,35.32769611425483,11439400
2018-09-07,35.57670211791992,35.65451523758453,35.23431726728306,35.4833228122661,10208100
2018-09-10,35.84125900268555,36.035794705758,35.63894020919781,35.724536393490375,8568900
2018-09-11,35.81013488769531,35.91129429096441,35.70119536188834,35.87238477313668,9278300
2018-09-12,35.98133087158203,36.028017548244804,35.81013847480585,35.91907801152533,13216400
2018-09-13,35.96564483642578,36.193223547212135,35.8714712385526,36.106899245976486,8294800
2018-09-14,36.091190338134766,36.122578529618735,35.79298006682567,36.0362542673744,7612900
2018-09-17,36.35017395019531,36.35802324627145,36.02842166454819,36.099050361086796,8527300
2018-09-18,36.04411315917969,36.514969086740365,36.04411315917969,36.405102903218136,9847400
2018-09-19,36.067649841308594,36.185365302989055,35.99702116302602,36.09904103024052,7119000
2018-09-20,36.60129165649414,36.632682848494625,36.2167600321891,36.271693121375534,9736700
2018-09-21,36.5542106628418,36.64053195701367,36.397257684442735,36.60129446082117,19240300
2018-09-24,36.15397644042969,36.514966155489574,35.973481582899744,36.48357795816648,10778900
2018-09-25,35.84792709350586,36.240308079210934,35.792993994997495,36.14613748085793,7919100
2018-09-26,35.98133087158203,36.153979442524495,35.761598503930884,35.91855147809413,10162600
2018-09-27,36.10688400268555,36.24029504653547,35.847914201937755,35.88715168767187,10826900
2018-09-28,36.24814987182617,36.24814987182617,36.07550429526402,36.09904619351591,9071900
2018-10-01,36.27954864501953,36.37371925133083,36.13829123873777,36.23246184504908,9364700
2018-10-02,36.49927520751953,36.53851569802024,36.14613474204608,36.31878032700691,7462700
2018-10-03,35.99702072143555,36.530658952217806,35.942087638292826,36.46003027480167,10542300
2018-10-04,35.98133087158203,36.02057136034458,35.65173232010532,35.832227192622895,9582300
2018-10-05,36.00487518310547,36.224607547214156,35.8557685129212,36.05195897905508,8734100
2018-10-08,36.47572708129883,36.554205055274046,36.07549989172536,36.0911954865204,9808100
2018-10-09,36.40510177612305,36.53066355249379,36.271693698441766,36.39725547481251,10824500
2018-10-10,35.84792709350586,36.64838466357973,35.84007779735932,36.334478677563936,13917000
2018-10-11,35.03175735473633,36.07549171996723,34.92189120968632,35.94208069124371,17677900
2018-10-12,35.06315994262695,35.220112912450034,34.72571210527745,34.90620697280387,12420100
2018-10-15,35.24365234375,35.52616707093496,34.99252880705863,35.031766298361276,11608500
2018-10-16,35.698822021484375,35.78514332036564,35.20442116032466,35.329982951168326,10442500
2018-10-17,35.98917770385742,36.09119757912612,35.59679679211651,35.636034284564836,11055800
2018-10-18,35.79298782348633,36.1618268444144,35.67527235061985,36.02056947442615,12716900
2018-10-19,36.358009338378906,36.4835710849025,35.96562850628914,35.96562850628914,13989200
2018-10-22,36.075504302978516,36.46003594477684,35.949942522893295,36.38940725637709,14283600
2018-10-23,36.38154602050781,36.46002097823689,35.66741312811337,35.80082115497834,17483900
2018-10-24,36.671913146972656,37.18985573884955,36.28738159810934,36.35801026943929,21626000
2018-10-25,36.49927520751953,36.67977308166127,36.19321854084035,36.60914438984076,14220200
2018-10-26,36.0362663269043,36.47573408465771,35.651734658295595,36.38940979352497,21458000
2018-10-29,36.46002960205078,36.53850757196983,36.13827740945382,36.21675537937287,20932200
2018-10-30,37.37820053100586,37.46452479680576,36.13042931087156,36.585589539232465,20895400
2018-10-31,37.57439041137695,37.73134334750094,37.056447817707586,37.27618013210421,25309400
2018-11-01,37.464534759521484,37.78628702166474,37.1192376044991,37.519467853524304,16494500
2018-11-02,37.6685676574707,37.6685676574707,37.229099957093844,37.52731028926488,17584900
2018-11-05,38.210044860839844,38.28067353130317,37.60577801212653,37.668560383039804,16543500
2018-11-06,38.539649963378906,38.55534555759066,38.13941979505032,38.178660277393966,14373400
2018-11-07,38.74368667602539,38.88494403021211,38.47686756185364,38.75938227022708,12239700
2018-11-08,38.71229553222656,38.743683724610364,38.53179770947132,38.547493302477356,9762800
2018-11-09,38.986968994140625,39.151768264366886,38.73584544133045,38.759387338897376,12398100
2018-11-12,39.136077880859375,39.42644195979478,38.87710799224291,38.93204108963517,13918300
2018-11-13,39.12822341918945,39.23808959106385,38.908491075440665,39.08898592832412,13872900
2018-11-14,39.049739837646484,39.19099717938497,38.91633178913138,39.120368508515725,12106800
2018-11-15,39.0340576171875,39.04190391886889,38.66521857195247,38.971275229220254,12080100
2018-11-16,39.37150573730469,39.434288130474364,38.9477365579265,38.971278458550486,13405800
2018-11-19,39.6383171081543,39.83450755769573,39.43428035782783,39.4813671434241,13575800
2018-11-20,38.75153732299805,39.89728879707035,38.61812626443971,39.88159320232063,16255300
2018-11-21,38.2414436340332,38.79862381511535,38.131577456763914,38.63382454921142,13559200
2018-11-23,38.46902084350586,38.633820090389925,38.10018186784571,38.25713481452844,4792500
2018-11-26,38.35131072998047,38.63382547465683,38.194357761423724,38.46117690988152,9341900
2018-11-27,38.74368667602539,38.77507786442877,38.24143963608526,38.35915509578369,9180700
2018-11-28,39.010501861572266,39.01835115469688,38.618121026930915,38.618121026930915,11368700
2018-11-29,38.7415885925293,39.09752457838187,38.733680244977734,38.97887824399714,11564300
2018-11-30,39.86476135253906,39.935948544919725,38.74949735010965,38.757405697129094,25538200
2018-12-03,39.30316925048828,39.516730811818064,38.67039593023402,39.44554362470814,14877200
2018-12-04,39.21617126464844,39.951768285608686,39.15289241446169,39.52464811605472,19059900
2018-12-06,39.0579719543457,39.25571380888955,38.488474447723014,39.160795546251606,17674900
2018-12-07,38.828590393066406,39.29526128704631,38.662487960624716,39.20825438891936,15565700
2018-12-10,38.947235107421875,39.11333753302103,38.33818986292386,39.11333753302103,12331100
2018-12-11,39.18452453613281,39.55627715113495,38.899775797968736,39.224072301477584,18083600
2018-12-12,38.9314079284668,39.56418110741922,38.90767685986197,39.50881364284216,12316900
2018-12-13,39.129154205322266,39.23988914712599,38.41728241186852,38.53592871654443,13766200
2018-12-14,39.026329040527344,39.16870340444021,38.77321973074913,38.93932214954715,13835900
2018-12-17,38.22747039794922,39.176629224321985,37.98226932466494,39.02634644751684,18482700
2018-12-18,38.21955108642578,38.622946219351135,37.84779537908314,38.44893239594791,14765700
2018-12-19,37.8873405456543,38.5675699908981,37.6658676167528,38.156269588583704,17903800
2018-12-20,37.60258865356445,38.06925951212678,37.25456108746992,37.81615020076765,21130000
2018-12-21,37.626319885253906,38.559661681177275,37.357390842067495,37.38111889910412,32477700
2018-12-24,36.352848052978516,37.86359512907327,36.250024499998844,37.66585334938914,10733700
2018-12-26,37.12800598144531,37.143825690376,36.1155687482892,36.28958252922577,14342600
2018-12-27,37.59468078613281,37.610500496726395,36.40822964732566,36.96981881284335,16966500
2018-12-28,37.33366012573242,37.97434175849536,37.19919410506668,37.879426519808455,13218200
2018-12-31,37.45229721069336,37.60258291577513,37.1438204731263,37.56303515765381,10576300
2019-01-02,37.12010192871094,37.349483208783234,36.82744482289878,37.12801027544043,11603700
2019-01-03,36.89071273803711,37.46811847911686,36.80370585616333,37.03308708704863,14714400
2019-01-04,37.626319885253906,37.626319885253906,36.89071994410581,36.97772684297513,13013700
2019-01-07,37.13591003417969,37.76868318033784,37.09636227828862,37.626308845289714,13135500
2019-01-08,37.55513000488281,37.626317188191244,37.20710545165327,37.373207873605935,15420700
2019-01-09,36.83534622192383,37.396932270134734,36.72461128478937,37.23874122697164,18032500
2019-01-10,37.23082733154297,37.24664703824318,36.65342161483771,36.906530887440006,15976600
2019-01-11,37.44439697265625,37.460216682789834,37.151739878437915,37.40484920597289,11088600
2019-01-14,37.294105529785156,37.49184733425422,37.16755089561698,37.37320104465259,11514300
2019-01-15,37.626319885253906,37.65004794229054,37.02518597434964,37.08846179888108,11342900
2019-01-16,37.11219024658203,37.547224745508046,37.06473413200922,37.49185726697224,16907800
2019-01-17,37.22292709350586,37.286202916786806,37.08055271949724,37.112189122487116,12044600
2019-01-18,37.657962799072266,37.721238629472744,37.27038740015128,37.37321401901628,12760700
2019-01-22,37.744964599609375,37.80033207520737,37.34156954333698,37.72914488982408,11700400
2019-01-23,38.179988861083984,38.19580856788721,37.68959001938609,37.824053001262705,12058300
2019-01-24,37.721229553222656,38.05343738912135,37.47603162062921,38.05343738912135,10272000
2019-01-25,37.46813201904297,37.990170481634955,37.36530840994428,37.871527159451446,12066500
2019-01-28,37.309940338134766,37.412766971239584,37.12801815175052,37.34949113207643,9966900
2019-01-29,37.491859436035156,37.67378159279224,37.2782978561982,37.33366533793725,11998600
2019-01-30,37.85570526123047,37.87943332083717,37.32575546403537,37.37321460055035,12952500
2019-01-31,38.06925582885742,38.58338274774375,37.54721754752475,37.84778293987034,32181500
2019-02-01,38.520111083984375,38.58338690386755,38.28282147914567,38.34609729902884,19130100
2019-02-04,38.955142974853516,39.11333705232329,38.393556866271844,38.520111524787445,15105700
2019-02-05,38.96305465698242,39.12916011206332,38.83649998763113,39.0184251535436,12651900
2019-02-06,38.96305465698242,39.0421532111403,38.773224161606144,38.92350688855414,8689100
2019-02-07,39.089603424072266,39.12124284095808,38.75739859867377,38.891861594487196,10047800
2019-02-08,39.15288162231445,39.15288162231445,38.84440485593708,39.05005502775506,9813300
2019-02-11,39.23989486694336,39.45345643610936,39.1370682557224,39.2082554454444,9369300
2019-02-12,39.27943420410156,39.390169138278104,39.12124014786337,39.30316225648206,10983300
2019-02-13,39.382259368896484,39.500902643808615,39.200337266857446,39.23988502516149,12748800
2019-02-14,36.060203552246094,37.14382803535152,35.98901636621428,36.93817784087137,58905400
2019-02-15,35.78336715698242,36.59015126448849,35.751727736252434,36.305405529822295,35701600
2019-02-19,35.45907974243164,36.06021380414591,35.41162059915077,35.846652185335024,25511300
2019-02-20,35.67262649536133,35.78336445956866,35.43533689237619,35.52234378417431,27464000
2019-02-21,36.27376174926758,36.31330951177611,35.56188995491048,35.593529371837654,23121200
2019-02-22,35.815006256103516,36.3449560326643,35.75173042718219,36.19467028153589,24728400
2019-02-25,35.54606628417969,36.04437648468376,35.46697076797928,35.9415498997828,23774400
2019-02-26,35.348331451416016,35.704267379153265,35.32460339533391,35.6726279595097,20463200
2019-02-27,35.54606628417969,35.60934511098044,35.13476296187638,35.27713730487755,17827500
2019-02-28,35.86245346069336,36.07601496969929,35.6805313642736,35.68843970876991,22533900
2019-03-01,35.89410400390625,36.099754214886765,35.751729620419205,35.965291195649776,16291600
2019-03-04,36.107662200927734,36.12347889334526,35.830821806803314,36.012743942615934,15973800
2019-03-05,36.068111419677734,36.14720996827462,35.90992035708617,36.107662202626734,13062300
2019-03-06,35.9494743347168,36.2184034118143,35.94156296983949,36.12348513709638,14232100
2019-03-07,35.815006256103516,36.01274812459756,35.696362945387975,35.981111718787616,12084000
2019-03-08,35.46697998046875,35.79127650880677,35.2850578321134,35.712180972061425,15579100
2019-03-11,36.52687454223633,36.57433367216442,35.67262830733756,35.704267727289626,22126900
2019-03-12,36.42404556274414,36.58223963489578,36.30540227160614,36.34495003531881,19348500
2019-03-13,36.55851745605469,36.653432707680686,36.31331645394428,36.487330263009824,16222500
2019-03-14,36.4627685546875,36.78989611035635,36.40691773130318,36.574470201456144,18504100
2019-03-15,36.143611907958984,36.622337078735505,36.0159524711468,36.478719831866655,47254500
2019-03-18,36.231380462646484,36.446806345562045,36.191487456989805,36.2473382736374,24006400
2019-03-19,36.351070404052734,36.45479163251829,36.17553748873888,36.34308997500653,14987000
2019-03-20,36.32712936401367,36.62234434315919,36.04787524173186,36.2234081435328,13376100
2019-03-21,36.31117630004883,36.51064442595111,36.25532546828755,36.32713411535806,20043000
2019-03-22,36.64627456665039,36.789891822512004,36.27127361594047,36.27127361594047,19055900
2019-03-25,36.7260627746582,36.86170265492433,36.53457511781846,36.590425938033505,11668200
2019-03-26,37.21277618408203,37.332458287059104,36.83777510215336,36.83777510215336,11434900
2019-03-27,37.18883514404297,37.428196268786344,36.96543183343473,37.22075077231324,11543600
2019-03-28,37.16490173339844,37.43617545582659,37.08511265888253,37.24468776427237,11121100
2019-03-29,37.3882942199707,37.42818722384703,37.085101911956585,37.23669654414309,16045600
2019-04-01,37.2765998840332,37.63564003279987,37.17287561875041,37.49202579947822,11522700
2019-04-02,37.15691375732422,37.444148279958405,37.15691375732422,37.30053101864131,8495000
2019-04-03,36.84573745727539,37.17286492880935,36.73403583923562,37.0372250757319,12854500
2019-04-04,37.08510971069336,37.13298315159707,36.78989776755818,36.97340805889311,7814900
2019-04-05,37.0771369934082,37.16490345762655,36.86171104768375,37.09309480905173,7677600
2019-04-08,37.14096450805664,37.156922323397566,36.91756118056775,37.132987122207204,9421300
2019-04-09,37.23671340942383,37.276609475011014,36.91756619022365,37.0611835041386,8641800
2019-04-10,37.21277618408203,37.500010796313155,37.148947961165284,37.37235130683736,8059900
2019-04-11,37.26861572265625,37.30053134626068,37.13297888779953,37.27659615037805,7352400
2019-04-12,37.29256057739258,37.44415525094242,37.15692067483373,37.23670670435639,10690000
2019-04-15,37.499996185302734,37.53191180614707,37.26063511625243,37.40425236641084,10261300
2019-04-16,37.46010208129883,37.57978109048983,37.26063402233945,37.539888087426164,10804600
2019-04-17,37.72340393066406,37.938829831523925,37.61968271604528,37.65957572502493,11849300
2019-04-18,37.88298034667969,37.9627694110953,37.71542787686929,37.76330131551866,12167000
2019-04-22,37.81915283203125,37.98670530491296,37.51596046897745,37.81915283203125,9834700
2019-04-23,38.465431213378906,38.8723478792655,37.93883550266362,38.36968736878757,25327800
2019-04-24,38.28192138671875,38.481389507560536,38.23404794200561,38.32181440215871,15997300
2019-04-25,38.17021942138672,38.21011243650829,37.875007457116766,38.090433391143584,11444400
2019-04-26,38.50531768798828,38.65691538012033,38.28191440734075,38.289894835158975,10154300
2019-04-29,38.632972717285156,38.65691095435776,38.38563426878314,38.4335046556462,9731500
2019-04-30,39.14362335205078,39.23936719348701,38.609047229777985,38.720748885393895,17912900
2019-05-01,38.76862335205078,39.15958220067594,38.73670772284834,39.05585792758895,10551200
2019-05-02,38.609039306640625,38.91223162655136,38.51329548485242,38.72074093933373,8724600
2019-05-03,38.872337341308594,39.06382497858062,38.7127622811545,38.77659047903147,7076900
2019-05-06,38.6728630065918,38.78456461749599,38.50530754659489,38.56116139568761,8657800
2019-05-07,38.297874450683594,38.52925817263046,38.11436416751106,38.48138473385613,12487500
2019-05-08,38.17818832397461,38.481380650086415,38.154253128948326,38.33776339264615,9281400
2019-05-09,37.81915283203125,38.281917239558126,37.55585348009571,38.13829996461904,11450500
2019-05-10,38.44947052001953,38.537236972508126,37.81915362637198,37.82713101130653,9653800
2019-05-13,38.3377685546875,38.40159980820727,38.082449627891776,38.22606690466958,11911500
2019-05-14,38.84840774536133,39.35106823138418,38.577130995848876,38.72074827756969,16844200
2019-05-15,39.2393684387207,39.39894354193965,38.77660094374994,38.832451773330284,11422500
2019-05-16,39.55851745605469,39.62234566923847,39.26330245869893,39.31117590131815,17771300
2019-05-17,39.25531005859375,39.534564091288956,39.23137182461939,39.31116086513279,11257000
2019-05-20,38.9760627746582,39.20744648481922,38.90425414197518,39.12766046790095,13850500
2019-05-21,38.77659606933594,39.11968143285444,38.65691703969744,39.09574623565505,10587400
2019-05-22,39.61436080932617,39.662231199271126,38.872339328766614,38.92020971871157,16050400
2019-05-23,39.77392578125,39.81382182398476,39.46275612721957,39.49467174395108,12199400
2019-05-24,39.58245086669922,39.805854168208995,39.51861961275831,39.75000334283155,6887600
2019-05-28,39.175533294677734,39.630320315380224,39.11968247063649,39.57446949133898,18614000
2019-05-29,38.784576416015625,39.11968135066928,38.625001333191314,38.888300676397655,12534600
2019-05-30,39.29521560668945,39.34308904628677,38.83244815484034,38.872344209658934,9087200
2019-05-31,39.1994743347168,39.34309161925943,38.920217150931975,39.09575006396004,11368600
2019-06-03,39.877662658691406,39.877662658691406,39.111705876100764,39.22340752644002,14167200
2019-06-04,39.893619537353516,40.117022832797375,39.590427176649975,39.893619537353516,12010600
2019-06-05,40.51596450805664,40.80319909455744,39.64628336277011,39.90160231885037,15837600
2019-06-06,41.0106315612793,41.12233318029161,40.36435399516983,40.61967285109536,15190400
2019-06-07,41.08244705200195,41.64095524049069,41.05053142876221,41.06648924038208,15293600
2019-06-10,40.99467468261719,41.12233411347692,40.76329101304614,41.12233411347692,9737400
2019-06-11,40.95479202270508,41.162237508869126,40.8351099444601,41.050535859116046,9915600
2019-06-12,41.20212936401367,41.6010655554447,41.06649251987509,41.09042771739564,11088100
2019-06-13,41.11368179321289,41.572019082195375,40.83224462464714,41.379033507538814,10353600
2019-06-14,41.2584114074707,41.43531149015694,41.04934349056743,41.04934349056743,8694300
2019-06-17,40.90460968017578,41.39511169305198,40.69554480730135,41.210168864285784,12322400
2019-06-18,40.71966552734375,41.250371952277334,40.631213945287946,41.21016752427049,9221100
2019-06-19,41.10564041137695,41.20213473556407,40.58297662533791,40.63926344741286,9414100
2019-06-20,41.53986358642578,41.64439759052077,41.290591135861526,41.41120753038669,10656600
2019-06-21,41.45138931274414,41.72478366579742,41.33881570867526,41.435306931105636,21264400
2019-06-24,41.74891662597656,41.9740669604138,41.57201651647765,41.604181288168895,10780000
2019-06-25,41.6202507019043,41.89364506141506,41.52375947719483,41.81323621872396,11519900
2019-06-26,41.10564041137695,41.52377328064924,41.08151836403105,41.42728202386386,12405100
2019-06-27,41.073482513427734,41.330794600321084,40.98503090842026,41.242342995313614,12374900
2019-06-28,40.94480895996094,41.330780021557956,40.62317049849803,41.22624606456706,16339900
2019-07-01,41.49159622192383,41.51572132952901,40.83223387219797,41.0654238188427,14976400
2019-07-02,41.79716110229492,41.85344791544316,41.45139749729788,41.63634032155656,8569200
2019-07-03,41.89366912841797,42.07861509417626,41.81326023953371,41.81326023953371,7253700
2019-07-05,41.901702880859375,41.90974254106441,41.39511840069061,41.72479968233019,8916300
2019-07-08,41.81325149536133,42.0786062945117,41.72479989564454,41.97407230690078,9495100
2019-07-09,41.48356246948242,41.789121647637174,41.35490645774378,41.58809643758297,10584900
2019-07-10,41.66851043701172,41.78912680489018,41.53985440939546,41.652428050134475,7620900
2019-07-11,41.84540939331055,41.86149177856132,41.53985020834841,41.805204963884265,10376500
2019-07-12,41.90973663330078,42.0464353767315,41.740876186181715,42.014270605641755,7347400
2019-07-15,41.917789459228516,42.04644550718382,41.70872146417481,42.03840277877291,5876100
2019-07-16,41.925811767578125,42.19116648207207,41.66046012048504,41.78107339010885,7132500
2019-07-17,41.95799255371094,42.022319041924916,41.82129378172792,41.99015733151895,8264200
2019-07-18,41.837364196777344,41.94993781948477,41.54788741415759,41.84540692262854,11911800
2019-07-19,41.32273483276367,41.933853087692306,41.306652450539154,41.92581036287966,10355500
2019-07-22,41.18604278564453,41.427272405300265,41.11367359300771,41.427272405300265,12090700
2019-07-23,43.686798095703125,43.93606738147563,42.42435701308925,42.81836775618292,33417900
2019-07-24,43.24454879760742,44.08081453509182,43.11589276625611,43.51794324765417,15633400
2019-07-25,42.673641204833984,43.26063458573133,42.3922070726921,43.12393888366299,19135000
2019-07-26,43.55813980102539,43.670716492065004,42.77012136815525,42.89073771771138,11451900
2019-07-29,43.41339874267578,43.66266799998447,43.34102955597953,43.5581340486675,12283900
2019-07-30,43.19630432128906,43.662681280540944,43.075687950974725,43.38928683290994,8127100
2019-07-31,42.319828033447266,43.0274345635394,41.845408415539374,43.0274345635394,16865500
2019-08-01,41.837364196777344,42.77816374029153,41.821281812476116,42.440439804768104,19527200
2019-08-02,42.07859802246094,42.400236514908464,41.7408740778796,41.7408740778796,13102300
2019-08-05,41.53181838989258,42.34395906026596,41.33079313740985,42.126851419496376,19986500
2019-08-06,42.030357360839844,42.424365111747036,41.499650852290145,41.70871575130597,19903100
2019-08-07,42.762088775634766,42.930949238994856,41.62830655858578,42.03035703367268,17937000
2019-08-08,43.17216873168945,43.24453792283838,42.496723970099744,42.78620073469547,10799000
2019-08-09,42.95505905151367,43.34103009697869,42.681667751027256,43.25257852686799,9260900
2019-08-12,42.77816390991211,42.971146387489696,42.60930347518142,42.84249037997091,6588600
2019-08-13,43.0193977355957,43.10784932452789,42.51281331460319,42.536938427203815,8581200
2019-08-14,42.60930252075195,43.397320932578396,42.59322013674719,42.89073657233243,17088900
2019-08-15,43.31690979003906,43.421443754245686,42.802285762254414,42.963106537787404,12393200
2019-08-16,43.751121520996094,43.81545105310769,43.381235913557205,43.40535795439859,14288700
2019-08-19,43.97627258300781,44.04864177924298,43.670716481038156,43.77524737873248,10936200
2019-08-20,43.32495880126953,43.96823892932443,43.29279402801638,43.91999176944471,8176700
2019-08-21,43.50185775756836,43.751130142520594,43.30083253120732,43.62247412034559,10886500
2019-08-22,43.815452575683594,43.936065851482724,43.50185069684338,43.51793308043013,7467900
2019-08-23,43.21238327026367,43.99235904939138,42.93094611772356,43.75916905461853,14160400
2019-08-26,43.85565948486328,43.85565948486328,43.20433671601439,43.421444305630686,9226900
2019-08-27,44.00039291381836,44.18533571357415,43.75112058332969,43.98431053113514,13537000
2019-08-28,44.31399917602539,44.34616394681267,43.75916761584956,43.952153173171894,10046400
2019-08-29,44.265750885009766,44.498940866137254,43.90390489143286,44.43461132621189,9262800
2019-08-30,44.257713317871094,44.402451722142295,44.0727704829471,44.354204564918085,8746700
2019-09-03,44.46677017211914,44.490895280077744,44.12100660958769,44.20945818150051,12991400
2019-09-04,44.84469985961914,44.96531313346455,44.466771519954726,44.50697594456986,10718100
2019-09-05,44.32204818725586,44.84471508693044,44.249678971414795,44.828632698143316,13677000
2019-09-06,44.410491943359375,44.57935239467902,44.032563542157,44.57935239467902,9093500
2019-09-09,43.839576721191406,44.28987428102696,43.71092071372428,44.249666786430026,10814900
2019-09-10,43.74309158325195,43.77525328905342,43.30083362021375,43.60639283083971,12038200
2019-09-11,44.04060363769531,44.06472568147085,43.39732357533687,43.654635600280244,9740400
2019-09-12,44.31399917602539,44.47481996256043,44.20946520466741,44.305956449627885,12357900
2019-09-13,43.94950485229492,44.37879626949038,43.79560979470584,44.12770140621861,11486100
2019-09-16,43.706520080566406,44.01431334587419,43.439228287141916,43.819916786251255,11172000
2019-09-17,43.93330383300781,44.305893783517824,43.7065073976224,43.819904070401314,11347400
2019-09-18,43.925201416015625,43.9738013132919,43.59310984252988,43.90090301229125,9700400
2019-09-19,44.16010665893555,44.224903447365215,43.844214976998806,43.925211734992956,7560300
2019-09-20,43.66602325439453,44.297806688480584,43.65792481362641,44.297806688480584,19211500
2019-09-23,43.85231018066406,44.03050674289459,43.64171677152365,43.66601517916307,6485300
2019-09-24,43.98190689086914,44.233001766149016,43.77131348147456,43.941408514811876,10093000
2019-09-25,43.876609802246094,44.12770468417001,43.738914702042344,44.09530474653568,10248400
2019-09-26,44.054805755615234,44.20870391232009,43.84421234358237,44.11960562998108,10031200
2019-09-27,43.99000549316406,44.25729722922053,43.73891063459043,44.192500449805685,7939900
2019-09-30,44.09529495239258,44.28969144519247,43.860403181286486,43.860403181286486,9808700
2019-10-01,44.26539611816406,44.370691264662725,43.74700646461864,44.16819632009624,14261500
2019-10-02,42.99374008178711,44.09531029142141,42.84794343392712,43.90901526133998,14343600
2019-10-03,43.60930633544922,43.72270299690263,42.783126686510705,43.33391311913638,13817500
2019-10-04,44.176300048828125,44.176300048828125,43.64981193079716,43.73891020521728,9295400
2019-10-07,43.633609771728516,44.03050122243648,43.55261302986696,44.006202817843544,5964900
2019-10-08,43.39872360229492,43.795612014551814,43.293425352382094,43.64171694916233,13301900
2019-10-09,43.60122299194336,43.795616453207714,43.36632806057293,43.78751801308352,7135000
2019-10-10,43.46352767944336,43.641724272300834,43.220534291801336,43.37442938301462,8942900
2019-10-11,43.17192077636719,43.49591391769659,43.09092403594863,43.45541554748731,8981700
2019-10-14,43.17192077636719,43.47971395164736,43.10712400199786,43.32581890892107,7306300
2019-10-15,43.34202575683594,43.479723955020795,43.14763229917629,43.27722896755882,9564300
2019-10-16,43.32583236694336,43.390629161440096,43.034239067136674,43.3015308654071,10454800
2019-10-17,43.56882095336914,43.83611272219105,43.39872591049809,43.487821106886585,13190300
2019-10-18,44.370697021484375,44.86478524470388,44.10340526668755,44.548893584567615,18122400
2019-10-21,43.925201416015625,44.19249621629386,43.47971317204609,44.10339794953445,12778900
2019-10-22,43.617408752441406,44.07909696752767,43.52831357447556,43.92520192577477,9533400
2019-10-23,44.25729751586914,44.273497483284736,43.74700935667539,43.7875108201283,8556600
2019-10-24,44.232994079589844,44.40308908336901,44.1357973759771,44.200594148443095,11051400
2019-10-25,43.536407470703125,44.192492118878505,43.47160761367616,44.18439059183651,9782400
2019-10-28,43.390621185302734,43.698414399611664,43.22862459409656,43.52831936926778,8866100
2019-10-29,43.26102066040039,43.463515608836985,43.13952245540736,43.24482069374614,7999700
2019-10-30,43.69032287597656,43.77942117603537,43.05853942440128,43.35013273738331,8620900
2019-10-31,44.08720397949219,44.11960391541599,43.617414178080864,43.706512456957356,13982000
2019-11-01,43.657920837402344,44.338304123615806,43.61741936776467,44.24920583413823,9889500
2019-11-04,43.04232406616211,43.738907155981636,42.90462898971422,43.7065072239371,17515100
2019-11-05,42.459144592285156,42.83983613149636,42.21615124186808,42.83983613149636,19284000
2019-11-06,42.76694107055664,42.76694107055664,42.45104938200259,42.5482461115973,13288900
2019-11-07,42.35384750366211,42.92893246111073,42.086552667484945,42.83173574333174,11725500
2019-11-08,42.2890625,42.604954261214566,42.19186574804838,42.49155753563283,7141800
2019-11-11,41.989356994628906,42.41864534117809,41.94075708961601,42.38624849433085,8198300
2019-11-12,41.88405990600586,42.04605650404328,41.77876474363543,42.04605650404328,12656900
2019-11-13,42.45104217529297,42.48344210960026,42.08655063890537,42.26474718776771,12257900
2019-11-14,42.629249572753906,42.66164642547799,42.40245306471382,42.54824971637224,8660300
2019-11-15,42.66164016723633,42.66974169660033,42.426748342758366,42.637341758800574,8982400
2019-11-18,42.953243255615234,43.285334969476125,42.66164992835615,42.66975145957381,13782000
2019-11-19,42.99374008178711,43.18003511186854,42.82364193273145,43.050438434862826,12679500
2019-11-20,43.10712814331055,43.25292476193274,42.93703002836607,43.00992833767716,11970300
2019-11-21,42.89653396606445,43.20432718750212,42.75073733958493,43.01803218474008,7856100
2019-11-22,42.953243255615234,43.082839946638295,42.72644981878209,42.89654489640695,9113300
2019-11-25,43.10712814331055,43.24482323321601,42.74263659675507,43.15572495629935,10963500
2019-11-26,43.657920837402344,43.69031768735284,43.107134220475814,43.18003254006398,13219800
2019-11-27,43.69840621948242,43.81990132277277,43.41491146548346,43.68220625441156,9595200
2019-11-29,43.57600784301758,43.845296152719264,43.42912217848657,43.82081624626667,7222300
2019-12-02,43.861610412597656,43.861610412597656,43.12718220238661,43.510717280264295,13173800
2019-12-03,43.90241622924805,43.93505817846619,43.57600607578942,43.82897339996102,14498300
2019-12-04,44.30226516723633,44.31858613920851,43.837128361203895,43.902409136185526,13624000
2019-12-05,44.22066879272461,44.30227366824442,43.926900579576426,44.236989767828575,14068100
2019-12-06,44.40835952758789,44.47364343416415,44.20435198889906,44.31859882540753,7843500
2019-12-09,44.12274932861328,44.481801468816506,44.08194844428009,44.31043588687233,13887200
2019-12-10,43.877933502197266,44.122741879775624,43.84529155507818,44.09826197589001,8993900
2019-12-11,44.024818420410156,44.18802504038858,43.788168977086805,44.01665637731219,8879100
2019-12-12,44.17987060546875,44.43284106564451,44.016663957384644,44.073785817277894,11233300
2019-12-13,44.40835952758789,44.51444431932032,43.93506365654197,44.0166654268543,13072200
2019-12-16,44.40835952758789,44.74293487942925,44.367558642431725,44.628688042920786,9538100
2019-12-17,44.40835952758789,44.53892734074042,44.30227784876346,44.39204166385183,9230000
2019-12-18,43.99219512939453,44.67766073366019,43.97587414918479,44.49813306426174,15132100
2019-12-19,44.326751708984375,44.34307268340148,44.000338446457455,44.098264292960074,13385900
2019-12-20,44.857177734375,45.04486429278523,44.449162664898516,44.832694713429014,23832800
2019-12-23,44.8082160949707,45.0775075427712,44.75109423263267,44.881658934106476,9300800
2019-12-24,44.64500427246094,44.88165373927495,44.58788241673447,44.718447103096054,3359300
2019-12-26,44.897987365722656,44.897987365722656,44.71030077074751,44.816382468184415,6228500
2019-12-27,45.16727066040039,45.24887554875156,44.88166133344177,44.889820265822785,6895500
2019-12-30,45.101985931396484,45.19990867597444,44.93062035015807,45.02854309473603,6431700
2019-12-31,45.16727066040039,45.19175368335984,44.86534035577153,45.04486799723592,7982600
2020-01-02,44.873497009277344,45.23254913615595,44.68580734507563,45.14278532620935,11867700
2020-01-03,44.628684997558594,44.87349651760619,44.13906818327897,44.32675473251642,11354500
2020-01-06,44.61236572265625,44.80821432357854,44.48996307087424,44.59604785941164,14698300
2020-01-07,44.269630432128906,44.55523970588282,44.1880286718871,44.43283706552012,9973900
2020-01-08,44.35123825073242,44.58788774583053,44.18803470795528,44.28595745620317,10676000
2020-01-09,45.15910339355469,45.2080663175289,44.75108836582576,44.881653050182706,15398000
2020-01-10,45.31416702270508,45.64058042719756,45.24888620955194,45.27336612537075,13040100
2020-01-13,45.803775787353516,45.88537756181566,45.224391982202945,45.314155801856195,14302900
2020-01-14,45.69768524169922,45.9343347159416,45.55896161998265,45.893533833843065,16345300
2020-01-15,46.26891326904297,46.49740073042574,45.697691502677856,45.697691502677856,17735400
2020-01-16,46.36684036254883,46.47292517079653,46.19547475046995,46.39132027487196,10234100
2020-01-17,46.464759826660156,46.636128539483686,46.35051609338331,46.40763796002173,14264300
2020-01-21,46.65244674682617,46.71773065941085,46.16282985407427,46.391317322304054,11968900
2020-01-22,47.011497497558594,47.03597740595824,46.660604283593095,46.717726145130925,12869600
2020-01-23,47.19102096557617,47.20733882779836,46.70956309442119,46.823806807422756,12858900
2020-01-24,47.06862258911133,47.22366720779543,46.88909494743949,47.20734623010633,8594300
2020-01-27,46.90541076660156,47.207341038373855,46.619801470723424,46.6850822613922,14359900
2020-01-28,46.52187728881836,47.125740966992666,46.489238448763835,46.88093254558988,15240200
2020-01-29,46.52187728881836,46.72588482547201,46.23626798266644,46.51371835703172,13163600
2020-01-30,48.03153991699219,48.129462673143266,47.13390479473108,47.2726315527777,20225600
2020-01-31,47.65615463256836,48.21105529775568,47.45214712662913,48.121291497077216,17685200
2020-02-03,47.80305099487305,48.12130227736875,47.75408806183209,47.94177463579345,12333600
2020-02-04,48.01520538330078,48.51298418197539,47.83567778695062,47.94176255869457,15417900
2020-02-05,48.02336502075195,48.2110546631039,47.77039770897817,48.06416901172866,11414900
2020-02-06,48.13761901855469,48.423228320553854,48.015213253179084,48.129456973978755,9347000
2020-02-07,48.30083465576172,48.40691947147031,48.02338421592219,48.04786724287568,8757800
2020-02-10,48.75779342651367,48.831236252425555,48.38242036647848,48.40690027081328,7984900
2020-02-11,48.62723922729492,48.798604820381286,48.406910702080395,48.73332402378521,7431200
2020-02-12,48.4803466796875,48.77411800504635,48.40690384834779,48.53746853596198,9179100
2020-02-13,48.643558502197266,48.83124506609085,48.31714519191657,48.45587193830368,8173200
2020-02-14,48.9210090637207,49.01893181200531,48.651717614802976,48.65987965968972,9965500
2020-02-18,48.578277587890625,48.90469091828167,48.51299678955735,48.80676816432765,10075700
2020-02-19,48.77412033081055,48.961806883648926,48.529311918973875,48.56195075775301,6265700
2020-02-20,48.73332214355469,48.847565867871175,48.235543247968835,48.70068019006197,7597200
2020-02-21,49.06788635253906,49.06788635253906,48.49666471155331,48.56194549494475,10842400
2020-02-24,47.86017990112305,48.7986129089849,47.794895980797705,48.23555310426779,14415500
2020-02-25,47.182861328125,48.30898376626424,47.019654681409364,47.90096870592908,15915100
2020-02-26,47.00333786010742,47.71328636913715,46.90541510858572,47.31343020498564,15837800
2020-02-27,44.82453536987305,47.23998381188288,44.783734485881865,46.63612325783438,23754000
2020-02-28,43.64945983886719,43.97587007408859,42.09084217171876,43.926910250904996,40890600
2020-03-02,45.63240051269531,45.66504246294544,43.82081585452087,44.00850239909757,25698600
2020-03-03,45.74665451049805,46.91357795516907,45.40392020495493,46.31787316488957,27099200
2020-03-04,48.08049392700195,48.14577783181716,46.03225966349735,46.03225966349735,20526100
2020-03-05,46.301551818847656,47.46847206287346,45.852732748559305,47.16654178069509,17948500
2020-03-06,45.09382247924805,45.62424329556215,44.049304935265866,44.8326930932525,22353900
2020-03-09,42.3193244934082,43.722897361347286,42.009232161743235,42.474369102786675,27898300
2020-03-10,43.78818130493164,43.90242503720778,41.756264695607484,43.42912913021973,27457400
2020-03-11,42.60494613647461,42.96400150220446,41.73179386366433,42.7191898936036,22653900
2020-03-12,38.483985900878906,40.74439003376516,38.100450692875135,39.61010850097172,31913100
2020-03-13,39.899864196777344,40.79713791180558,38.36873628487518,40.755976060674676,33697200
2020-03-16,37.25742721557617,39.41417854689357,33.89059361752365,34.77140624135976,28682300
2020-03-17,38.83795166015625,39.10137117262887,37.34798249131372,37.76780949821017,32106700
2020-03-18,36.919925689697266,37.16688423494609,34.23633817856297,36.82937778200883,35408300
2020-03-19,34.43390655517578,36.763523647715296,33.783588206789375,36.516568227122946,41956900
2020-03-20,31.528060913085938,34.63147622489933,30.877742440963395,34.53269466590893,51513500
2020-03-23,30.91889762878418,32.01373445015563,29.85698589316347,31.90671928589246,44978500
2020-03-24,32.47471618652344,34.07993089160028,31.964341307955113,33.93175703327268,49096200
2020-03-25,34.252811431884766,35.76747563127805,32.853392909585125,33.44608855202008,42511700
2020-03-26,36.45895004272461,37.265672860826,34.944285959295144,35.2653283609651,37821700
2020-03-27,35.240623474121094,36.24490910470462,34.903117055443154,35.94033090741185,23297900
2020-03-30,37.04340744018555,37.50439319658294,35.42996200310752,35.42996200310752,23446000
2020-03-31,36.42601776123047,37.46323180053644,36.26961339171384,37.10103072050438,25373900
2020-04-01,34.67262649536133,35.93210441140502,34.40920697545078,34.96897424031278,21936400
2020-04-02,36.17905807495117,36.37662113525728,34.458597652095044,34.75494538276243,17621900
2020-04-03,36.08027648925781,36.5001003469182,35.65221900564254,35.87447980330094,14207100
2020-04-06,38.41813659667969,38.69802030821806,36.78822667897125,37.36445821922193,22850000
2020-04-07,38.28641891479492,40.00687955254382,38.26172431422425,39.924562123835855,21279600
2020-04-08,39.36479187011719,39.587052679245836,38.1382453170323,38.393431211054974,18937100
2020-04-09,40.336151123046875,40.93707707927952,39.80107847451498,39.875165408308504,19165300
2020-04-13,38.63214874267578,40.03979712434224,38.27817824105798,39.801072248328786,19586000
2020-04-14,40.27029800415039,40.541951163919386,38.632157979597125,39.46357529182534,21801900
2020-04-15,39.19192123413086,39.84223951304949,39.02728325791994,39.27423865213222,12893200
2020-04-16,38.77210235595703,39.389492540862136,38.49221867985836,39.01906094208617,17606800
2020-04-17,39.56235122680664,39.7599142627788,38.99435043291905,39.7599142627788,19844600
2020-04-20,38.30288314819336,39.51296882327285,38.12178417642856,39.3401003383211,18957900
2020-04-21,37.35622024536133,38.607464637974736,36.43424870961967,37.767813671607506,26863700
2020-04-22,37.603172302246094,37.9900710931019,37.45499843086337,37.90775053110686,15811600
2020-04-23,37.10103225708008,37.94891373465273,37.01871482554809,37.82543758735474,17668200
2020-04-24,37.39737319946289,37.66079270046809,37.14218418402304,37.45499601904477,15175000
2020-04-27,38.50868225097656,38.673320259334034,37.627872517504244,37.866597472612135,19175500
2020-04-28,38.47574996948242,39.51296388990069,38.33580658946408,39.43064647121336,17246700
2020-04-29,38.78856658935547,39.397726288678406,38.59100348810021,38.91204588279666,15780000
2020-04-30,37.77604293823242,38.689780817417564,37.61963857178602,38.689780817417564,20801100
2020-05-01,37.537315368652344,38.18763366909052,37.21627303153201,37.55377948083907,14290400
2020-05-04,37.158653259277344,37.438536909010224,36.714131614370665,37.3068271409129,22544200
2020-05-05,37.372676849365234,37.948905018152516,37.166880177596056,37.33974862823224,13370500
2020-05-06,36.837608337402344,37.56201358173139,36.81291373891433,37.37268099950382,11892900
2020-05-07,36.71412658691406,37.24096872736869,36.631809170703605,37.16688179669602,16466000
2020-05-08,37.95714569091797,38.047696745742,36.944626254647446,37.109264250672176,13985100
2020-05-11,37.48792266845703,37.95713883119384,37.47145855780914,37.61139878800418,10874600
2020-05-12,36.89522171020508,37.7431028700032,36.87875760202746,37.53730622809433,13424400
2020-05-13,36.17082977294922,36.8623068662152,35.82509279642057,36.80468403679376,15854800
2020-05-14,35.973262786865234,36.269610529050894,35.586363996766366,35.70984326941317,18000800
2020-05-15,35.611061096191406,36.788218521318704,35.56167189583074,36.18729250866489,31579400
2020-05-18,37.01871109008789,37.36444803588532,36.32723405828463,36.89523181504115,26118500
2020-05-19,36.66474151611328,37.315059854009974,36.42601658596764,37.05163718405749,17839900
2020-05-20,37.77604293823242,38.00653424461839,37.05987127895563,37.20804515883477,22295900
2020-05-21,37.18335723876953,37.94069095151866,37.06811155514038,37.93246046277773,13193500
2020-05-22,37.06809616088867,37.298590572632804,36.755287475292015,37.224503643895055,13008400
2020-05-26,37.940677642822266,38.63215464225268,37.80896788770258,38.62392101619055,22223100
2020-05-27,38.4675178527832,38.76386559601815,38.0065321255057,38.68977866020941,18447600
2020-05-28,38.76387405395508,39.06845234975469,38.5416131980335,38.936742561824396,16230600
2020-05-29,38.42636489868164,38.84618883768828,37.981843217233084,38.42636489868164,51125000
2020-06-01,38.68155288696289,38.87911597971787,38.35227687875962,38.40989970916388,17010700
2020-06-02,38.60746383666992,38.920272573174394,38.32758018702321,38.82149103218396,15255100
2020-06-03,39.430660247802734,39.611759260230286,38.78857222491256,38.91205153629395,15508300
2020-06-04,39.44710159301758,39.73521879611367,39.00258320173384,39.46356570235516,13604700
2020-06-05,40.410240173339844,40.73951614971437,39.89163160962292,39.9574880609812,20504800
2020-06-08,41.03586196899414,41.13464664894146,40.723053236453225,40.780676062984895,19896700
2020-06-09,40.336151123046875,40.82183143564699,40.07273161182731,40.82183143564699,16713700
2020-06-10,40.02334213256836,40.55841481929115,39.982183419791646,40.46786376705728,15716600
2020-06-11,37.48792266845703,39.44710473243569,37.42206622586547,39.356556834184325,26070400
2020-06-12,37.87834548950195,38.41827933138393,37.388252718308856,38.38505195092468,21822700
2020-06-15,38.459800720214844,38.584401776113204,36.93968494943188,37.0227502075398,15622300
2020-06-16,38.85021209716797,39.61442256632991,38.368424756294,39.50643837095026,18803500
2020-06-17,38.69239044189453,39.09110939788557,38.5760946404193,38.85852096367169,12602800
2020-06-18,39.03296661376953,39.07449924797228,38.2687528357441,38.45980548806624,9380800
2020-06-19,38.22722244262695,39.69750059450534,38.22722244262695,39.680886906102884,30464600
2020-06-22,37.994632720947266,38.33520537172181,37.69559270197709,38.23552325290729,20876200
2020-06-23,37.911563873291016,38.45149758704308,37.86172598316641,38.21060388898529,14675300
2020-06-24,37.089210510253906,37.745433752669584,36.964609435672585,37.687287429528155,17631800
2020-06-25,37.3217887878418,37.363321415316804,36.57418881834617,36.93968354509352,13829700
2020-06-26,36.19208526611328,37.38824210444185,36.1422442095734,37.313482104000286,21955100
2020-06-29,36.84831619262695,37.02275515922618,36.17547610451108,36.54927615346434,17603900
2020-06-30,37.114131927490234,37.23873301036331,36.58250655554112,36.75694553657371,23679800
2020-07-01,37.23041915893555,37.820190771995826,37.13904546730207,37.321792850569025,14316500
2020-07-02,37.280269622802734,37.73713502748117,37.21381485985587,37.62084236106166,15111900
2020-07-06,37.57099151611328,37.60421888894381,37.055979912186785,37.496231511612926,15146000
2020-07-07,37.554378509521484,37.795272213798555,37.21380585368508,37.37993955210846,13043600
2020-07-08,37.438087463378906,37.52946115983446,36.93968951565007,37.49623378498937,13851200
2020-07-09,36.47451400756836,37.421471963634076,36.40806242983331,37.421471963634076,16087100
2020-07-10,37.5045280456543,37.58759328265208,36.432969377210306,36.449583058357,15627800
2020-07-13,37.587608337402344,37.94479470327882,37.34671461739505,37.820193629140725,16705300
2020-07-14,38.10261535644531,38.16076167231762,37.10581639061974,37.30517745127948,17080100
2020-07-15,38.542869567871094,39.199092719055855,38.37673588110493,38.45980114011975,23738000
2020-07-16,38.335208892822266,38.78376579374092,38.16076675324264,38.42657942368961,13306100
2020-07-17,38.89173889160156,38.96649887574226,38.31858112568009,38.60100738035208,13899800
2020-07-20,38.31028747558594,38.900062319593886,38.08600743666523,38.80868861832207,16633200
2020-07-21,39.20740509033203,39.86363147626747,38.98312506594637,39.47321774840315,25681500
2020-07-22,40.27066421508789,40.303891596538136,39.06619857178516,39.81379881072824,29831200
2020-07-23,40.10451889038086,40.34541258319473,39.896852569417845,40.26234732230416,15935000
2020-07-24,40.278968811035156,40.53647307092137,39.930087676489336,40.204208794256566,16196800
2020-07-27,40.27066421508789,40.29558316680683,40.02146519168603,40.02146519168603,17346500
2020-07-28,40.021461486816406,40.93519221094977,39.955006730067765,40.15436783157648,13872700
2020-07-29,39.888545989990234,40.287264932788005,39.72241230497371,39.988224933505556,13758100
2020-07-30,39.61443328857422,40.06299338209342,39.207409001620874,39.597819599695306,17276500
2020-07-31,39.240638732910156,39.680890424026245,38.81699756293207,39.406769294188976,14849200
2020-08-03,38.459800720214844,39.34030703234658,38.40165440579201,39.157559662025385,14137500
2020-08-04,38.78376770019531,38.92498247072637,38.393357103699856,38.45150343017231,11717200
2020-08-05,39.22401809692383,39.265550729888595,38.8834454366339,38.95820544346519,10498700
2020-08-06,39.43999099731445,39.48152363165634,38.709004591697116,38.75884565414951,10745000
2020-08-07,39.70580291748047,39.93839136917431,39.2157102364376,39.43168500095782,11669700
2020-08-10,39.63935089111328,40.10452145178866,39.58950983015372,39.92177723241053,11888000
2020-08-11,39.81378936767578,40.411869416977346,39.62273672275706,40.25404097689124,16531600
2020-08-12,40.229122161865234,40.445093753294714,39.97161476897064,40.12113478178211,9562200
2020-08-13,40.187583923339844,40.478315480620694,39.92177130847269,40.08790181621242,9882900
2020-08-14,40.245731353759766,40.445089236084776,39.89685030658639,40.154357670720636,10075800
2020-08-17,40.0463752746582,40.49493531868509,40.03807001550369,40.137748969041844,9102400
2020-08-18,40.220821380615234,40.28727614060398,39.838716016892036,40.03807712812091,9829000
2020-08-19,39.34861755371094,40.187591349005096,39.22401964988355,39.97161657905858,17371000
2020-08-20,39.33200454711914,39.539670892497256,39.11603294217017,39.26555296434137,11308700
2020-08-21,39.273860931396484,39.4566083419234,39.016356673367305,39.32370199846851,14734100
2020-08-24,39.84701919555664,39.85532445509216,39.19079278645788,39.39845913095215,9257700
2020-08-25,39.797183990478516,39.91347665351626,39.581212354656614,39.87194401225098,7827800
2020-08-26,40.004844665527344,40.02145835341377,39.43168669276204,39.67257724527279,10124200
2020-08-27,40.06298828125,40.55308095019901,40.0380693354729,40.07960196801365,10931600
2020-08-28,41.39206314086914,41.40867366228185,40.31219546227421,40.49494288518795,16420300
2020-08-31,41.142860412597656,41.591420534499036,40.99334037196386,41.367140473548346,18510800
2020-09-01,40.802284240722656,40.993336905658104,40.56139367894836,40.96011269734456,12588400
2020-09-02,42.52176284790039,42.66297762082579,41.00164673633093,41.00164673633093,26332600
2020-09-03,41.93198776245117,43.31089215861931,41.61633403260923,42.69620155542583,22289400
2020-09-04,42.39716339111328,42.754349771790245,41.76585590346871,42.31409494866685,21019500
2020-09-08,41.37543487548828,42.39715269427093,41.00163490063212,42.30577901500206,17776700
2020-09-09,41.69108963012695,42.16456859040362,41.15946435323642,41.20099698385538,15252300
2020-09-10,41.533267974853516,42.098120672810474,41.491735340626036,41.82399958318274,15439500
2020-09-11,42.413780212402344,42.53007287167997,41.616338949700754,41.865541126709736,18272300
2020-09-14,42.464012145996094,42.899454980803036,42.34677815093015,42.68173516059296,10911700
2020-09-15,42.74872589111328,43.02506591129258,42.572874893392026,42.70685706228254,12838400
2020-09-16,42.53099822998047,43.0836749741443,42.489129408862325,42.6649803741903,15353900
2020-09-17,42.33002853393555,42.39702121133264,41.819220549136034,42.053691725639204,13287100
2020-09-18,42.24629592895508,42.840841637147676,42.04532106713897,42.49751211043492,23816600
2020-09-21,41.107444763183594,41.8862171415891,40.705498244391556,41.66012162582102,17514800
2020-09-22,41.58476257324219,41.90297147867322,41.090702638910095,41.12419898566862,13034600
2020-09-23,40.37054443359375,41.802479619905384,40.33704808909369,41.643376775110944,17121200
2020-09-24,40.78086471557617,41.11581856138088,39.82624130373279,40.37054250106059,16788100
2020-09-25,40.797611236572266,40.831104383726824,40.177941695602094,40.36216837969346,12603400
2020-09-28,41.26654815673828,41.62662585033602,41.1493141531273,41.29167201064565,11215700
2020-09-29,40.96508026123047,41.50101206038801,40.956707774325,41.35865422790331,12426600
2020-09-30,41.341915130615234,41.5512624874364,40.939968588845055,41.25817746564163,15755900
2020-10-01,41.18281555175781,41.58476212536868,40.68875562274681,41.40053541456842,17577300
2020-10-02,41.33353805541992,41.51776473118427,40.65525154460401,40.83110253816809,13610100
2020-10-05,41.35028839111328,41.49264305210556,41.132565363918424,41.392157221147066,10628700
2020-10-06,40.98183822631836,41.64337665352044,40.889728070792984,41.492646298097505,10077400
2020-10-07,41.50102615356445,41.66850150363789,40.99021803043285,41.048835041836064,10135600
2020-10-08,42.25467300415039,42.32166569682345,41.484276204734606,41.626630885083756,12143900
2020-10-09,42.54775619506836,42.899458206713135,42.371901994858945,42.43051899679974,11407800
2020-10-12,42.782222747802734,43.150672918097705,42.56450291862546,42.572875406737815,11386500
2020-10-13,42.05369567871094,42.69848588452862,41.78573133270709,42.69848588452862,14365300
2020-10-14,41.96996307373047,42.27979950513844,41.576392160019495,41.911346061169525,10582100
2020-10-15,41.8610954284668,41.97832942753115,41.28329472681121,41.36703557927638,9961700
2020-10-16,41.89459228515625,42.16255664800134,41.760610103733704,41.861099135591,13569800
2020-10-19,41.55126190185547,42.27141731027309,41.41727972315362,41.89459143442816,9930400
2020-10-20,42.07880783081055,42.388640944290835,41.69360956060411,41.77734720390591,10970700
2020-10-21,41.8610954284668,42.22954559615289,41.6768687474303,41.8359715755338,12517400
2020-10-22,42.43889617919922,42.874339062136904,42.18767999137786,42.84921520728378,20189200
2020-10-23,42.3049201965332,42.85759716845517,42.263051358160915,42.70686679480485,13491300
2020-10-26,41.701988220214844,42.296533881071156,41.19955589725761,42.154179227508436,14696400
2020-10-27,41.78572463989258,42.11230593462709,41.49263648725372,41.71035948000104,13892100
2020-10-28,40.16119384765625,41.157689253011114,40.01046350389479,41.03207956841424,19886200
2020-10-29,40.21143341064453,40.59663171089234,39.608512109813816,39.96858975398921,15369900
2020-10-30,40.24493408203125,40.29517539958623,39.66713337505358,40.035586740520365,15804000
2020-11-02,40.7138671875,40.99020719194993,40.39566155098922,40.822728691773,15156100
2020-11-03,41.325172424316406,41.83598055362032,41.032087363758876,41.2163140843308,15285100
2020-11-04,41.17443084716797,42.045316496385205,41.09906887586499,41.39215385666564,12930800
2020-11-05,41.40053176879883,42.045322005431494,41.31679410456586,41.66849612760888,12452400
2020-11-06,41.408897399902344,41.86108834352076,41.24141891770444,41.57637588210024,9294900
2020-11-09,44.02155685424805,44.59935434238486,43.60286218894655,43.96293985665678,33442000
2020-11-10,45.2022705078125,45.45348663935651,43.92106600086753,44.021551814607854,29706700
2020-11-11,44.8673210144043,45.470239148798235,44.657973685731754,45.160405996791155,17399900
2020-11-12,44.3900146484375,44.55749318225542,44.05506077518899,44.42351099407855,15024400
2020-11-13,44.75847244262695,44.800341281582675,44.28953314091494,44.5909938924164,12447900
2020-11-16,45.09341812133789,45.73820834565415,44.61610641667561,45.63772251161658,14908200
2020-11-17,44.95106887817383,45.0096858879653,44.4067644222388,44.93432070474949,14248400
2020-11-18,44.0550651550293,45.23578430396805,44.01319631600916,45.00968873999412,15278200
2020-11-19,44.490501403808594,44.57423906922967,43.502381618781456,43.95457267858449,17189500
2020-11-20,44.105308532714844,44.59099603219324,44.038319026048605,44.54075150640271,15645600
2020-11-23,44.11367416381836,44.523993183903336,43.7117276322631,44.33976968676577,13191900
2020-11-24,44.56585693359375,44.875690061849006,44.39837844461728,44.49886426024857,13827600
2020-11-25,44.323028564453125,44.616113625411785,44.20579454006966,44.44026258883659,10194800
2020-11-27,44.13041687011719,44.54073583938792,44.055051705134666,44.47374635628495,8499300
2020-11-30,43.5480842590332,44.04601792410154,43.109230416081495,43.9616236972493,43203600
2020-12-01,43.91943359375,44.164181397892136,43.70844477351035,44.003827834072304,18968800
2020-12-02,43.97850799560547,43.99538748670839,43.58184800327128,43.80127816817546,14913100
2020-12-03,44.54396057128906,44.67899329314151,43.801282210817625,43.801282210817625,17318900
2020-12-04,45.446990966796875,45.46387045888738,44.52707957418513,44.54395906627563,18122400
2020-12-07,44.721187591552734,45.3879097546766,44.476439810193625,45.371030264296635,16210900
2020-12-08,44.88154220581055,45.13472814681427,44.55240016056233,44.67899152134723,12485800
2020-12-09,45.008148193359375,45.23601334441148,44.72964133406389,45.04190396646375,11508400
2020-12-10,44.77182388305664,45.160042512511204,44.71274727507154,45.06721014241582,12097300
2020-12-11,45.0250129699707,45.18536653385679,44.54395871718026,44.560838209138474,10638100
2020-12-14,44.95750045776367,45.438554734481826,44.881544349890596,45.278204382053794,22292000
2020-12-15,45.43855285644531,45.75925676748031,45.23600217067744,45.396355735911904,16193700
2020-12-16,44.780269622802734,45.40479474534783,44.678992668254345,45.236003040534506,15679600
2020-12-17,44.95750045776367,45.32883964101314,44.85622672041092,44.982818087243345,12677300
2020-12-18,45.354164123535156,45.43855837485146,44.40893176773407,44.79715369431831,35480100
2020-12-21,44.56927490234375,44.72962523002133,43.86879054680964,44.45955982580985,14926600
2020-12-22,44.52709197998047,44.881554973770875,44.21482933789082,44.569292331681226,9689500
2020-12-23,44.797149658203125,45.05877374537256,44.67899320979786,44.68743456582954,7040300
2020-12-24,45.1009635925293,45.193799177299354,44.746503962789255,44.746503962789255,3265500
2020-12-28,45.708621978759766,45.944928448358226,45.34572091791402,45.44699465925134,9020500
2020-12-29,45.68330001831055,45.98712443295946,45.590464422786276,45.953365449235385,8320600
2020-12-30,45.94491958618164,46.10527313342265,45.59889808554085,45.61577757574694,8142700
2020-12-31,46.28249740600586,46.35845349311562,45.801443260788446,45.953355435007964,8495000
2021-01-04,44.52709197998047,46.105291126091714,43.91100483448042,45.80146662268132,25611100
2021-01-05,44.0375862121582,44.408925371675345,43.91099163398239,44.164180790334015,20323800
2021-01-06,42.63662338256836,43.90255636939248,42.358116580138706,43.860359247051825,38724500
2021-01-07,42.16400146484375,42.41718738363221,41.79266233191625,42.273716543444415,53225700
2021-01-08,43.10923767089844,43.15143479142588,42.062731696874785,42.223082042652614,29674000
2021-01-11,42.36656188964844,42.9235723270504,42.155573038822936,42.721021613706796,19304400
2021-01-12,42.29060363769531,42.51003061491541,41.9952173298044,42.23152702000397,18538700
2021-01-13,42.332794189453125,42.501585879265825,42.15556436389495,42.18088199056506,18864100
2021-01-14,41.547916412353516,42.3496745406756,41.53947827643663,42.33279504940807,34303600
2021-01-15,41.10062789916992,41.505726097694804,40.9571538095939,41.48884660366031,24366800
2021-01-19,40.94026565551758,41.38756410422937,40.7124005828377,41.1343781861367,29114500
2021-01-20,41.083740234375,41.20189344968375,40.77147770542564,40.96558701906625,23115800
2021-01-21,41.31161117553711,41.42976439841402,40.89807167603404,41.168137105305235,19702500
2021-01-22,40.923397064208984,41.303174402900545,40.923397064208984,41.19346252344638,15400300
2021-01-25,41.16813659667969,41.21877507133011,40.71240320256122,40.86431218764482,16604200
2021-01-26,41.59855651855469,41.69139211445226,41.02466667067323,41.27785261075413,12922600
2021-01-27,40.95714569091797,41.62387108566526,40.703959769456645,41.26097008444502,21242400
2021-01-28,41.48039627075195,41.775779280924546,41.02465972411423,41.092174460967954,17498900
2021-01-29,40.636451721191406,41.45508622814262,40.602692734252294,41.37913011724671,18670300
2021-02-01,40.91495895385742,41.09218882189941,40.66177296816394,40.73772908581543,12183600
2021-02-02,41.32004928588867,41.649191326392724,41.04154572062904,41.18501657133742,13319800
2021-02-03,41.15968704223633,41.42975239325027,41.07528960789889,41.311599204610786,12274100
2021-02-04,41.362247467041016,41.41288594358499,41.058426266078996,41.320050346304676,20597400
2021-02-05,41.902381896972656,42.012093767886455,41.58167798180515,41.77578731430722,12742000
2021-02-08,42.130245208740234,42.34123402461598,41.76734740731308,42.16400419194447,17833200
2021-02-09,41.944580078125,42.21464552316497,41.885503463237136,42.07117144455583,14592900
2021-02-10,41.860172271728516,42.68725111467478,41.8010956714371,42.54377707151474,22965400
2021-02-11,42.45094680786133,42.6956945936667,42.02896919899704,42.037410554057175,21928600
2021-02-12,42.78009033203125,42.915123042838914,42.5269044016961,42.67881660378394,13137100
2021-02-16,42.425628662109375,42.80540914932412,42.332793074186476,42.721011696924386,15093400
2021-02-17,42.30747604370117,42.611300437749584,42.104925374524335,42.197760963753986,12794300
2021-02-18,42.84761047363281,42.915125222749225,42.22308214227781,42.33279723145517,12747100
2021-02-19,42.29060363769531,42.89825252758821,42.17245040231263,42.86449354049767,15968800
2021-02-22,42.729469299316406,42.94045818139163,41.919269545377055,42.071181798026004,14370900
2021-02-23,42.653507232666016,43.4721417918915,42.552230265381596,43.0417259489531,16222300
2021-02-24,42.79697036743164,42.957323926915194,42.307477991818125,42.5269049423827,14442000
2021-02-25,42.34123992919922,42.83073559562048,42.18088956576861,42.594429119104994,14211100
2021-02-26,41.34537887573242,42.37500233461248,41.3284993804151,42.3665641966711,23638400
2021-03-01,42.11336135864258,42.56909467215926,41.691383802822244,41.7251395605186,13901200
2021-03-02,42.282161712646484,42.67038362009895,41.94458150458307,42.062734738376975,11755100
2021-03-03,42.18088912963867,42.67038479099879,41.95302079274009,41.96146214934796,15410700
2021-03-04,42.14712142944336,43.11767119492415,41.877056023636,42.45938717069791,22036400
2021-03-05,42.864479064941406,42.99951174826813,42.11335956272196,42.23995089240963,21310800
2021-03-08,43.58184814453125,44.299212031278536,43.17675001504944,43.43837729884204,25084900
2021-03-09,42.92356872558594,43.78440355105853,42.88980973962212,43.64937082663739,23082700
2021-03-10,43.41305160522461,43.57340514360136,42.80540608856375,43.19362468354246,21331600
2021-03-11,42.94044494628906,43.40461969989966,42.88136833507138,43.38774020820406,17417700
2021-03-12,42.855342864990234,43.1276561388619,42.7191862280544,43.0510678276961,17598600
2021-03-15,43.425506591796875,43.502094918525465,42.948959888802065,42.97448824896795,13411900
2021-03-16,43.58718490600586,43.84247818803986,43.43400828753942,43.57016492103957,14214200
2021-03-17,43.60421371459961,43.92758375570484,43.527625389868184,43.612722085689384,17502700
2021-03-18,43.0340576171875,43.56166429937726,42.96598090637158,43.45103923852251,18007300
2021-03-19,43.23828887939453,43.46805383658446,42.69365902926065,42.94044397360138,67845700
2021-03-22,43.39997482299805,43.46805477306799,42.82130823232628,42.82130823232628,17911400
2021-03-23,43.731849670410156,43.95310622753529,43.25530307887329,43.39145971163099,16936700
2021-03-24,43.84247589111328,44.157337480918464,43.52761430130809,43.54463103915266,14997400
2021-03-25,44.26797103881836,44.302011011031134,43.544636237333854,43.99565775357703,17091900
2021-03-26,45.13597106933594,45.19553939787877,44.046714676916054,44.37008792202746,17126700
2021-03-29,45.82527160644531,45.90185993613568,44.85515492785475,44.87217491736717,17514100
2021-03-30,45.229583740234375,45.774210365949685,45.04236712030821,45.74017039028479,14871800
2021-03-31,44.85515213012695,45.24660212580374,44.676447120739404,45.12746545287871,15826500
2021-04-01,44.68495559692383,45.22958548993887,44.642407248812106,45.06789722239109,15834700
2021-04-05,44.940242767333984,45.2891443427577,44.49773289792801,44.54878960647819,16368700
2021-04-06,45.26361083984375,45.65506398424696,45.01682918435289,45.13596582760298,15614300
2021-04-07,45.3402099609375,45.527426585691224,45.20405330099775,45.3402099609375,10062700
2021-04-08,45.20405197143555,45.42530856622422,45.076406932501236,45.24660031774699,9695600
2021-04-09,45.25511169433594,45.34020838650675,44.94025003782706,45.24660007738043,10828200
2021-04-12,45.399776458740234,45.56997308833214,45.18703148330803,45.38275971738868,8565300
2021-04-13,45.17851257324219,45.34870916313008,44.94023929513711,45.135964237327705,11071700
2021-04-14,45.17001724243164,45.26362230996971,44.80409560473348,45.08491729980946,9787600
2021-04-15,45.38276290893555,45.663584608214904,45.204054649869484,45.21256626737455,13078100
2021-04-16,45.68060302734375,45.7827197102791,45.42530969688996,45.73166299192683,17974100
2021-04-19,45.952919006347656,46.25927231912027,45.357232369982135,45.952919006347656,19352900
2021-04-20,46.09758377075195,46.45499704893709,45.791233706033104,45.81676206653526,14419200
2021-04-21,46.472015380859375,46.58264368280878,46.15715370971354,46.15715370971354,13866500
2021-04-22,46.327335357666016,46.693256901462746,46.22521869895508,46.35286695701629,12558900
2021-04-23,46.352874755859375,46.454991431751374,46.09757819678348,46.293306424403156,9020500
2021-04-26,45.66358184814453,46.38691347326936,45.595505143373494,46.352876743999204,11684600
2021-04-27,45.595497131347656,45.69761379367568,45.37424057570175,45.57847714658796,9852400
2021-04-28,45.60400390625,45.99545380334707,45.47635564813006,45.93588548188578,10868100
2021-04-29,46.174171447753906,46.25927139194676,45.46785976522342,45.56146808072009,15391000
2021-04-30,45.93588638305664,46.18267128894059,45.68910147717269,46.16565130444203,14912600
2021-05-03,46.36137771606445,46.6336909841523,46.089064447976604,46.18267274254997,10417900
2021-05-04,46.07204818725586,46.480518122407005,45.901851569385265,46.43796977949698,14151000
2021-05-05,45.952919006347656,46.15715563027307,45.706134032588494,46.07205568437456,9665900
2021-05-06,46.41244125366211,46.47200958276491,45.99545970371202,46.055028032814825,11572700
2021-05-07,46.38691711425781,46.60817372614966,46.089075420823775,46.327348775571004,10637500
2021-05-10,46.7273063659668,47.22938463882334,46.65922966173459,46.70177800765856,15545800
2021-05-11,46.225223541259766,46.923026733637656,45.995458600418694,46.82941843408421,12986700
2021-05-12,45.98695755004883,46.429467516223035,45.85080088708991,46.25927087596666,15836500
2021-05-13,46.38691711425781,46.61668209757735,45.808253716476116,45.92739039384973,15475800
2021-05-14,46.57413101196289,46.888992675986636,46.540091035789835,46.71879928758297,11725300
2021-05-17,46.4975471496582,46.82092046186501,46.37841046785336,46.66774380062132,12119800
2021-05-18,46.242244720458984,46.429461324396904,46.03800813014212,46.28479306329111,13232500
2021-05-19,46.09758377075195,46.106095388406665,45.621037061479754,46.05503542117136,15126100
2021-05-20,46.50605010986328,46.633695139649326,46.0550285818405,46.0550285818405,10948400
2021-05-21,46.48052215576172,46.90601211424493,46.1401321367136,46.63369880051413,16033200
2021-05-24,46.633689880371094,46.74431815736024,46.369888234159454,46.48902488034924,10326100
2021-05-25,46.62518310546875,46.650711460173724,46.25074992323448,46.650711460173724,11916500
2021-05-26,46.82942581176758,46.84644580038872,46.45499580079509,46.786877463330164,16064300
2021-05-27,47.220882415771484,47.28895912886653,46.61668413856058,46.98260580436098,59109600
2021-05-28,47.05067825317383,47.408088243890944,46.97408993427293,47.10173496828735,17011600
2021-06-01,47.04216003417969,47.35702488226497,46.88898341787608,47.09321998835761,13304000
2021-06-02,47.22937774658203,47.28043770197798,47.02514117122848,47.22937774658203,11328500
2021-06-03,47.348514556884766,47.43361448283334,46.888984695453196,46.95706463621206,17364300
2021-06-04,47.859107971191406,48.06334131635859,47.467654774865075,47.56977469367916,18935100
2021-06-07,47.688907623291016,47.94420090790041,47.493182663549476,47.91867255330854,14010800
2021-06-08,47.357025146484375,47.86761170619168,47.27192522237971,47.86761170619168,10968300
2021-06-09,47.21236038208008,47.586790337076565,47.21236038208008,47.44212532477011,9838800
2021-06-10,47.578285217285156,47.756990213952605,47.450636936105184,47.578285217285156,12444400
2021-06-11,47.79103088378906,47.83357922939125,47.365540935305816,47.64636585949549,11825800
2021-06-14,47.62812042236328,47.76530299850668,47.32803455914041,47.74815476765242,9710800
2021-06-15,47.508094787597656,47.83390469218386,47.319467484307026,47.82532893983908,11154200
2021-06-16,46.87361145019531,47.550951805051255,46.84789074099762,47.533803575355996,15211700
2021-06-17,47.11368942260742,47.28516847080734,46.85647248565294,46.873617446851206,10658400
2021-06-18,46.10196304321289,46.830744852904324,46.05909410217643,46.73643122020978,31445600
2021-06-21,46.60783004760742,46.66784722647276,46.299168401619404,46.487795689876734,14404300
2021-06-22,46.77930450439453,47.02794567638253,46.52208431089768,46.59067723468101,13072800
2021-06-23,46.40204620361328,46.81359390088127,46.393473724180566,46.77930071246004,12339200
2021-06-24,46.63355255126953,46.65927326585886,46.29917017884401,46.52209067023067,11488400
2021-06-25,46.57353591918945,46.7021460350345,46.30774320609887,46.50494625591224,18880300
2021-06-28,46.52208709716797,46.6164007376733,46.2991666229024,46.51351461652695,10556900
2021-06-29,46.17913055419922,46.59067829418619,46.059096205539355,46.4106267711964,12300900
2021-06-30,46.39347839355469,46.45349556769535,46.08481677186517,46.127685714724116,14614200
2021-07-01,46.26487731933594,46.71072160756087,46.17913941689286,46.59068723586403,13214700
2021-07-02,46.4535026550293,46.68499890661543,46.299171820638534,46.299171820638534,10604600
2021-07-06,46.196292877197266,46.37634445510978,45.913351879884715,46.29060654296811,15278200
2021-07-07,46.57353591918945,46.6249806196657,46.05910199719147,46.05910199719147,14377700
2021-07-08,46.4106330871582,46.444926283806005,46.0762507073313,46.307743685141354,11943900
2021-07-09,46.69356918334961,46.74501388261437,46.45350046149611,46.51351764195949,10847000
2021-07-12,46.71071243286133,46.813598549722876,46.530660910680936,46.57352985348236,15107600
2021-07-13,47.17371368408203,47.413782425204325,46.942217424846405,47.11369649880146,15170800
2021-07-14,48.23687744140625,48.31404286016931,47.12226838092197,47.17371308366109,22002700
2021-07-15,48.391204833984375,48.41692881886828,47.93678810622457,48.21972904511043,15068200
2021-07-16,48.35690689086914,48.59697558827517,48.23686927147542,48.40834831420432,14860500
2021-07-19,47.78245544433594,48.31403756494708,47.29374226929667,48.08254460472081,19527000
2021-07-20,47.86819839477539,48.29689440789418,47.60240568919298,47.78245722973703,16257900
2021-07-21,48.48551559448242,49.351483321933244,48.3826294731435,49.15428355991247,20918200
2021-07-22,48.41692352294922,48.64841973743686,48.05681721018268,48.54553035053747,13402700
2021-07-23,48.879913330078125,49.154281761427875,48.39977593427015,48.51981028322214,12144000
2021-07-26,48.922786712646484,48.97422813731732,48.49409073003872,48.77702837780064,8681100
2021-07-27,49.094261169433594,49.334333137310296,48.80274777826886,48.96565434052282,12794400
2021-07-28,48.64842224121094,49.00852530182014,48.554108600377816,48.86277023558046,9858000
2021-07-29,48.91421890258789,49.085697977608625,48.75131558019841,48.93136713715909,9599100
2021-07-30,48.897064208984375,49.085691493659695,48.785605605031584,48.99995360282049,11727000
2021-08-02,48.768455505371094,49.07711713367895,48.622697171696494,49.042820670380124,9778000
2021-08-03,48.80274200439453,48.87133492158424,48.656986961401856,48.87133492158424,8825500
2021-08-04,48.09968566894531,48.8284707673782,48.0225202648922,48.65699172829454,11888400
2021-08-05,48.44264221191406,48.51980761352172,48.262590698393026,48.39119752061211,9806800
2021-08-06,48.56268310546875,48.64842426920533,48.39120404868656,48.528386639974116,10409300
2021-08-09,48.571258544921875,48.76845831421175,48.382631256605066,48.69986538366348,8859900
2021-08-10,48.699867248535156,49.01710138774147,48.579832886170124,48.73416371512262,10906900
2021-08-11,48.639862060546875,49.02568922806201,48.62271382302488,48.77704469003094,8370700
2021-08-12,48.734161376953125,48.854195733559145,48.63984773370813,48.63984773370813,6169200
2021-08-13,49.068546295166016,49.12856347660238,48.674146739815285,48.708443206547805,7714200
2021-08-16,49.28289031982422,49.29146607115922,48.89706327701977,49.04282161349737,7972000
2021-08-17,49.11141586303711,49.351487862503454,48.87991961570767,49.26574669459007,10346400
2021-08-18,48.44264221191406,49.06853790464708,48.37404929017813,49.03424144377911,13873700
2021-08-19,48.75130844116211,48.8541945628316,47.971081871229195,48.06539551221408,9223700
2021-08-20,48.56268310546875,48.897065467313986,48.51124167791777,48.73416216225094,10543600
2021-08-23,48.391204833984375,48.656997539844625,48.339763405598596,48.58840460774223,8912800
2021-08-24,48.022525787353516,48.56268367784202,47.928215412168164,48.56268367784202,12067200
2021-08-25,48.073970794677734,48.15970868928403,47.782457374048896,48.06539831349352,11270700
2021-08-26,47.61955642700195,47.99680776094124,47.59383244079184,47.971087045422315,10331500
2021-08-27,47.713863372802734,47.83389772261052,47.54238432849558,47.722435853207266,8844100
2021-08-30,48.168277740478516,48.18542597115249,47.70528532435286,47.74815426569251,10034700
2021-08-31,48.27974319458008,48.45979472400955,48.013950505405035,48.151133090307134,14185700
2021-09-01,48.605552673339844,48.69986631931025,48.25402207425351,48.33976323908616,9518900
2021-09-02,48.67414855957031,48.897069060283734,48.36548688882002,48.67414855957031,11653200
2021-09-03,48.639862060546875,48.67415853559086,48.22831417209469,48.408365760037796,13220400
2021-09-07,47.73100662231445,48.60554677330444,47.593824045925274,48.528381369667365,20035300
2021-09-08,48.37405014038086,48.425494832586985,47.67956478439645,47.67956478439645,12040100
2021-09-09,47.89391326904297,48.374050651948664,47.84246857629281,48.16827842232926,12545400
2021-09-10,47.6795654296875,48.125409622769475,47.60240002567926,48.02252023696474,10573700
2021-09-13,48.073970794677734,48.356911734122356,47.791033125924145,47.791033125924145,20274300
2021-09-14,48.1085205078125,48.3590415230032,47.987580237134296,48.30720856612316,13918900
2021-09-15,48.27265930175781,48.37632192603706,47.875279867165766,48.099886064375454,15746000
2021-09-16,47.8148078918457,48.36768288930868,47.3569616314372,48.13443952210757,17430400
2021-09-17,47.028690338134766,47.67658744767467,46.968220204874385,47.529732351292346,33370200
2021-09-20,46.700443267822266,46.994156871847935,46.415366845366584,46.743635766425015,27542500
2021-09-21,46.69179153442383,47.356966397750384,46.59676608318066,46.985505067641064,16418200
2021-09-22,46.760902404785156,47.132363736903926,46.700432261917044,47.08916795310473,12719700
2021-09-23,46.68315505981445,47.184193862058784,46.64859975059052,46.87320266979474,13836200
2021-09-24,46.55356979370117,46.85592377709332,46.5276549619784,46.64859523718512,9682200
2021-09-27,46.31169128417969,46.86456302113204,46.27713597677629,46.519016537849076,12429500
2021-09-28,45.47373580932617,46.18210301902445,45.29232541802233,46.18210301902445,19926100
2021-09-29,45.750179290771484,45.92295253323655,45.404636101216866,45.47374342097759,13941500
2021-09-30,45.32688903808594,46.06981168590762,45.29233372996038,45.931590453405384,17672000
2021-10-01,45.80200958251953,45.957505162137366,45.41327063347496,45.594681044570656,16277400
2021-10-04,45.77609634399414,46.242579803705375,45.26641710314955,45.836566483130326,18973400
2021-10-05,45.853843688964844,46.19074968811402,45.72426293758037,45.802010729335976,17173100
2021-10-06,46.398075103759766,46.44990806357618,45.361438975059286,45.58604517222169,21284500
2021-10-07,46.544944763183594,46.89048802605051,46.48447460979748,46.63997023146926,13774400
2021-10-08,46.752254486083984,46.985497840885486,46.562206908204146,46.64859187129725,13786800
2021-10-11,46.847286224365234,46.985504161131615,46.65723532554562,46.83000857034749,12378500
2021-10-12,46.847286224365234,47.365605958770836,46.838649045044136,47.01141899447045,19474400
2021-10-13,46.85592269897461,47.020055455067826,46.467183755200914,46.795449267387355,12143300
2021-10-14,47.1755485534668,47.34832177443966,46.91639036969505,46.98549768085914,13704000
2021-10-15,47.0632438659668,47.40879029616827,46.899111124077336,47.20146177897239,17867000
2021-10-18,46.59675598144531,46.98549488163081,46.52764867439839,46.9509395804199,15861800
2021-10-19,46.7781867980957,46.821379292741575,46.44991790711008,46.68316133264912,11068500
2021-10-20,47.192832946777344,47.30513275538333,46.7436238262267,46.804093967899334,12474800
2021-10-21,46.9509391784668,47.22737499503768,46.82999892063889,47.16690486612373,14388300
2021-10-22,47.037330627441406,47.10643793859327,46.70906183718856,46.98549767254619,12828600
2021-10-25,46.847286224365234,47.05461477720259,46.66587580024227,46.976866981810524,11855000
2021-10-26,47.05461120605469,47.14963664825266,46.84728266895226,46.92503045844376,12086700
2021-10-27,47.961673736572266,48.44543819868261,47.745707988458406,48.35041274225239,24019800
2021-10-28,48.41086959838867,48.47133972763029,48.04804552756408,48.16034860845918,15928000
2021-10-29,48.695953369140625,48.78234164101181,48.18627409891529,48.26402189591155,24463700
2021-11-01,48.52317810058594,48.72186946992964,48.28993801468337,48.71322899541445,11651100
2021-11-02,48.462703704833984,48.80825015683778,48.35040390900166,48.782335326318815,11498900
2021-11-03,48.6268424987793,48.66139780500632,48.186270582823276,48.37632147169649,10788300
2021-11-04,48.89464569091797,48.92056382241444,48.40224403237191,48.471354655861276,10820200
2021-11-05,49.101966857910156,49.37840271940944,48.886001135152874,49.101966857910156,12886700
2021-11-08,48.66139602661133,49.14515711460837,48.48862279716585,49.02421684260911,12828000
2021-11-09,48.799617767333984,48.825532600396066,48.4540712814205,48.73050715200108,10155800
2021-11-10,48.9983024597168,49.17107239536719,48.626841166392936,48.842806881331214,8813600
2021-11-11,49.01558303833008,49.13652331865497,48.868724629810224,49.09333083216401,7257700
2021-11-12,48.903282165527344,49.23155100949275,48.851449202151024,49.024222451363116,10162500
2021-11-15,48.91191482543945,48.963747784026225,48.609564138788265,48.834167035246956,10289200
2021-11-16,48.56637191772461,49.1883509472626,48.54045379060299,48.91191509071786,13756500
2021-11-17,48.29856872558594,48.41950898959826,48.07396584890233,48.41087181161526,13288700
2021-11-18,47.86664962768555,48.315858791853636,47.633406217711205,48.229473808326496,15380100
2021-11-19,47.62477493286133,47.93576618465729,47.42608680985309,47.89257039217073,15813700
2021-11-22,47.918479919433594,48.39360389305545,47.581573888963106,47.59884824840329,16905600
2021-11-23,48.27265930175781,48.47134737136613,47.94439048026887,48.08260841109968,13835900
2021-11-24,47.88391876220703,48.238102404240415,47.53837229883896,48.12579930933949,12598900
2021-11-26,46.41535186767578,47.296492395419044,46.28577441368066,47.158274467265706,14754300
2021-11-29,47.149635314941406,47.27921276351281,46.58812315167306,46.69178576960522,22712500
2021-11-30,45.66097640991211,46.688239809618125,45.652268930411154,46.66212069204567,30485200
2021-12-01,45.530391693115234,46.592478390151555,45.512980054696385,46.12237411563412,18719600
2021-12-02,46.20072555541992,46.43577769637921,45.71320963480838,45.79156034846147,17074200
2021-12-03,46.60988998413086,46.67082905807349,46.122374071659394,46.427072762302984,21064400
2021-12-06,47.80256652832031,48.09855778599444,47.13223328826623,47.28023057756879,26624100
2021-12-07,48.063724517822266,48.24654173050951,47.750321684112535,47.898318942666705,23832700
2021-12-08,47.88091278076172,48.18560817008521,47.32375359975268,47.98537929696825,18026300
2021-12-09,47.759037017822266,47.99408918176138,47.52398485388316,47.66327465611402,13846400
2021-12-10,48.9952278137207,49.03005109040031,47.94184860114085,48.09855002526864,23153600
2021-12-13,50.28365707397461,50.431654333250705,49.58720817396145,49.60461981157807,31362800
2021-12-14,50.318485260009766,50.64059228502726,49.97026243648374,49.97026243648374,24806600
2021-12-15,50.544830322265625,50.7102359047892,50.18790003929231,50.431656333733464,24923800
2021-12-16,51.05845642089844,51.2586852580438,50.405535000277894,50.47517822492711,24696900
2021-12-17,50.257545471191406,51.29351308883753,50.231429673052695,50.91917447210385,51874400
2021-12-20,50.092140197753906,50.30107322604415,49.62203590270493,49.79614897356721,20879500
2021-12-21,50.2923698425293,50.46648291607675,50.08343349008622,50.15308004787747,15864900
2021-12-22,50.649295806884766,50.65799996539716,50.04860924161813,50.24013061726424,12447400
2021-12-23,50.68411636352539,51.023634983109616,50.44035676616143,50.94528427698017,11027300
2021-12-27,51.05845642089844,51.093276372758005,50.49258986132194,50.49258986132194,9860000
2021-12-28,51.25869369506836,51.310925291919915,50.753766119299165,50.840824315602795,8979900
2021-12-29,51.31962585449219,51.45020814995013,51.06716210063792,51.31962585449219,9996000
2021-12-30,51.171634674072266,51.56338824879847,51.154223035092144,51.41539429886333,7703900
2021-12-31,51.54597473144531,51.667852878934234,51.10198957688847,51.14551701228731,10021300
2022-01-03,51.624324798583984,51.633032278113234,50.82340937027394,51.206455446300865,20187300
2022-01-04,52.48617935180664,52.703819833456926,51.876785338999795,51.998663477375125,26141600
2022-01-05,52.921470642089844,53.27840096880973,52.277253229484494,52.31207651036713,22507300
2022-01-06,52.64289093017578,53.20875429918269,52.61677180910132,52.64289093017578,17902300
2022-01-07,52.520999908447266,52.86051851090612,52.28594780191497,52.477469157625336,12307900
2022-01-10,52.60805892944336,52.947577558757594,52.390418441838825,52.71252543363306,20954300
2022-01-11,52.6254768371582,52.6603001163473,52.09443345278178,52.60806519756365,19369600
2022-01-12,52.70382308959961,52.834405394099285,52.399124403906214,52.695115610074716,15753800
2022-01-13,53.01721954345703,53.139097674671646,52.57323112725522,52.703816736945164,14318000
2022-01-14,53.443790435791016,53.496025341344144,52.547112809839696,53.05203694646719,19729600
2022-01-18,53.01721954345703,53.269679963431585,52.6254660353172,53.15650931069231,21976700
2022-01-19,53.10428237915039,53.26098380594364,52.72123629195052,52.80829116419988,18654700
2022-01-20,52.88664245605469,53.48732905137858,52.860526658280335,53.104282959989064,23002400
2022-01-21,52.6254768371582,53.36545325480787,52.581949398637164,53.17393186112917,26643200
2022-01-24,52.198890686035156,52.53840929542004,50.988810177333086,52.146659097471385,30185100
2022-01-25,52.077022552490234,52.27725142927407,51.09328648748208,51.67656479892258,19027100
2022-01-26,51.885498046875,52.53841959941587,51.54597937090267,52.050906965581035,19190200
2022-01-27,51.92903137207031,53.04334981408211,51.79844572673978,52.12926025956113,18893800
2022-01-28,52.96499252319336,53.00851995926232,51.31092338512891,51.70267695161054,19101500
2022-01-31,53.11298751831055,53.22616151106797,52.364306968728364,52.494889279512556,22045300
2022-02-01,52.72123336791992,53.226157576636936,52.37300725637484,53.02592872482413,20841700
2022-02-02,53.260986328125,53.33933704523193,52.72123878857206,52.77347038602291,20225600
2022-02-03,53.63532257080078,53.783316509081885,52.74734897832321,53.052044334155084,19440500
2022-02-04,53.069454193115234,53.696259842310596,52.72993557344448,53.53085427196413,17403700
2022-02-07,53.62662124633789,53.7310910839821,52.98240718551873,53.43509985251823,17846400
2022-02-08,53.97484588623047,54.26213295031677,53.748501219529935,53.82685193510524,18771700
2022-02-09,53.139102935791016,54.253421183998,53.017224792509666,54.122835561379226,23595600
2022-02-10,53.435096740722656,54.23601219043609,52.40783331022552,52.54712309804223,23561500
2022-02-11,52.48617935180664,53.957427812227714,52.36430121343131,53.774610604664716,22781400
2022-02-14,52.8256950378418,52.92145737579802,51.606907079920774,52.37300246264056,23641300
2022-02-15,53.02593231201172,53.78332033678946,52.78217600999832,53.06945974866689,13408700
2022-02-16,53.01721954345703,53.45250048118351,52.721228372965825,52.982396271415716,15484700
2022-02-17,54.07931137084961,54.218601160229284,52.59065112417985,52.71252927477075,21468700
2022-02-18,54.4449462890625,54.68870257746442,53.96613787073144,54.079308535529265,21975000
2022-02-22,54.21859359741211,54.53199641003324,53.73108106305043,54.3491792096476,21731400
2022-02-23,53.617916107177734,54.26213347715507,53.40027559745887,54.18378276081905,19248500
2022-02-24,52.677703857421875,52.773466206405004,51.55468142907258,52.207602912942576,27207400
2022-02-25,54.71482467651367,54.758355436683,53.034639618644626,53.052051258526205,21487800
2022-02-28,54.18376922607422,54.27082407984379,53.46120132025352,53.67013761860222,25879100
2022-03-01,53.9487190246582,54.627756206439074,53.54825804887956,54.09671294543407,15871100
2022-03-02,54.349178314208984,54.74093182353099,53.783311765084974,54.17506527440698,17319100
2022-03-03,54.38401412963867,54.86282260883042,54.22731268976781,54.50589228933139,21262800
2022-03-04,54.47106170654297,54.488473344297766,53.27839274824719,53.50473739719889,17163000
2022-03-07,53.17393112182617,54.03578568372423,52.86052825534301,53.98355076566682,29151400
2022-03-08,51.067161560058594,53.57438079328658,51.006222491970604,53.49603008846913,30242100
2022-03-09,51.32832717895508,52.094422556218134,51.067159281526536,52.07701092026557,23022700
2022-03-10,50.38813400268555,51.067171360803236,50.05731948319685,50.910469921094425,20887300
2022-03-11,50.42294692993164,51.232569815207235,50.37071533793342,50.45777020521733,19855600
2022-03-14,51.35280990600586,51.79142289800177,50.852791362838644,50.852791362838644,17799400
2022-03-15,52.30022430419922,52.537075776125775,51.73880008023361,51.82652470669845,18607200
2022-03-16,52.15985107421875,52.58091910355341,51.41421039971279,52.44056309377519,17347300
2022-03-17,52.71250915527344,52.75636978490596,51.95809427872854,52.15985585211937,15586200
2022-03-18,52.72128677368164,52.89673266129554,52.379169133328126,52.89673266129554,30197800
2022-03-21,53.14234924316406,53.59850378882045,52.85286307567105,53.07216956146222,17440100
2022-03-22,53.33533477783203,53.46692000316638,52.68618947693915,53.44937508336505,17559500
2022-03-23,52.98445129394531,53.493240629573194,52.63355955834901,53.29147905282838,15529200
2022-03-24,53.49323272705078,53.52832256469693,53.037074876704146,53.19497579976072,13151300
2022-03-25,53.9757080078125,54.04588768534812,53.5546399816524,53.61604552632046,12259800
2022-03-28,54.317832946777344,54.33537786854401,53.695003282643206,53.97571533820653,11485200
2022-03-29,54.52836990356445,54.85294259776108,54.15993657712803,54.57223053580426,14720600
2022-03-30,54.57222366333008,54.57222366333008,54.00202882331583,54.39677781011365,13641000
2022-03-31,54.38800811767578,54.949432182183955,54.38800811767578,54.58099889473224,16822900
2022-04-01,55.15119552612305,55.221375209627176,54.4669603437152,54.67749604787611,12644900
2022-04-04,54.86171340942383,55.08101990369269,54.14238837593007,54.91434482638337,11505800
2022-04-05,54.800315856933594,55.475780359429045,54.71259123861157,54.73891029728419,15721200
2022-04-06,55.352962493896484,55.49331852823876,54.65118232218507,55.063479637094446,19267400
2022-04-07,55.651214599609375,55.852976172116996,55.010840039993504,55.37927668926723,13960800
2022-04-08,55.99333190917969,56.17754854869387,55.40558880446845,55.68630083030473,12703500
2022-04-11,55.975791931152344,56.405634140985825,55.8266617719381,56.063513192089005,12720100
2022-04-12,56.633705139160156,56.85301162646199,56.04596535943993,56.47580420059472,18089900
2022-04-13,56.782840728759766,56.9056518307567,56.34422773799837,56.528444390993776,11883000
2022-04-14,57.0372314453125,57.51970842129499,56.86178892279335,56.9846000270974,16388400
2022-04-18,56.52845001220703,57.177595429128324,56.30036936037379,56.817929528441155,11679400
2022-04-19,57.08110427856445,57.239005250411694,56.528454223451256,56.58108564983225,11993800
2022-04-20,57.86181640625,58.10743857402628,57.370572070697435,57.40566190790863,14827100
2022-04-21,58.08113098144531,58.77414030457889,57.65129212780152,57.879372755179126,15120400
2022-04-22,57.238990783691406,58.195163815703346,57.17758523753195,57.96708989722683,14902200
2022-04-25,57.84428405761719,58.94958398885724,56.82669869433858,58.77414146752798,25082000
2022-04-26,57.06354904174805,58.22148699389175,57.054774908549994,57.47583960421898,21982600
2022-04-27,57.51093673706055,58.14254055335807,57.0196922989196,57.0196922989196,16971000
2022-04-28,58.0635871887207,58.14253431093004,56.58107320645263,56.72143256953962,22010600
2022-04-29,56.67757034301758,57.92322961166119,56.57230081745641,57.78287693694931,20137100
2022-05-02,55.651214599609375,57.29162623441584,54.896803072718455,57.26531052602183,24970300
2022-05-03,55.33541488647461,56.089826397368725,54.97574903217486,55.8968389626523,21686300
2022-05-04,57.04600143432617,57.12495524861532,55.2125990978613,55.26523385860361,19780200
2022-05-05,56.58985137939453,57.04600595658351,56.151238377492206,56.747752327787495,20155200
2022-05-06,56.791603088378906,57.29162158539943,56.203863339595614,56.31790029761696,18984000
2022-05-09,56.67757034301758,57.33548981919311,56.1775518088323,56.554759242881055,20055300
2022-05-10,56.15123748779297,57.30040139290386,56.01087811691061,56.58107634888967,21322200
2022-05-11,56.414398193359375,57.1951287463924,56.107370452172695,56.431946460114496,19648400
2022-05-12,56.58985137939453,56.60739295468118,55.44945489736718,56.28282361660356,22574700
2022-05-13,57.65129089355469,57.721470576276566,56.24773070263155,56.853012061174795,16167000
2022-05-16,57.86181640625,58.23024965791443,57.40566190790863,57.40566190790863,13223200
2022-05-17,57.70392608642578,57.98463814298525,57.02846500094635,57.98463814298525,21300600
2022-05-18,53.68623352050781,57.47584634300589,53.475697801637615,57.388125078848475,31437300
2022-05-19,52.6335563659668,53.47569246469793,52.335299412705595,53.47569246469793,31493900
2022-05-20,53.49323272705078,53.72131332539965,52.33529485553668,53.06339392811431,29133800
2022-05-23,55.142425537109375,55.35295789796648,54.02834814298991,54.080982906379965,19406900
2022-05-24,56.159996032714844,56.30912951382911,55.04592214680353,55.159962444404684,16154200
2022-05-25,56.20387649536133,56.55476827724892,55.79157915359622,56.14247093548381,15360500
2022-05-26,56.4056282043457,57.10740491068084,56.107367917308835,56.20386330199407,16159800
2022-05-27,56.738983154296875,56.8705684049123,56.26528026770368,56.37054980673679,17709000
2022-05-31,55.59858322143555,56.42317443308522,55.30909704349431,56.21264207308389,43159000
2022-06-01,55.32664489746094,55.861753305887405,54.50205364209905,55.633672666385124,15408300
2022-06-02,55.905616760253906,55.91439089486713,54.48451147093176,55.42314309343455,14586000
2022-06-03,55.23892593383789,55.817894998166814,55.09856989843548,55.76526023000897,13539900
2022-06-06,55.15119552612305,55.94070023378709,54.96697887645193,55.554722013568835,15112800
2022-06-07,55.48454666137695,55.5898128484991,54.581004917012386,54.721360948625836,17886300
2022-06-08,55.16874313354492,55.449455188528276,54.87926029087219,55.25646774219701,10211500
2022-06-09,54.212562561035156,55.5722621022337,54.19501764062823,55.15119405152165,13382200
2022-06-10,53.87043762207031,54.29150561527849,53.03707242148391,53.51954595455469,14967600
2022-06-13,53.809043884277344,54.642409267647814,53.22130071423017,53.291480401666355,23064200
2022-06-14,52.33348846435547,53.8002043775208,51.82985731993012,53.65883429084928,24620000
2022-06-15,52.722267150878906,53.579325388919955,52.103774989951845,53.013844915769795,19684700
2022-06-16,52.192115783691406,52.58972018598402,51.46759370419312,51.81218306267053,15053800
2022-06-17,52.51020431518555,53.12869973658865,52.245135811878185,52.74876697932084,34781900
2022-06-21,53.632328033447266,53.791369801025006,52.13910292347055,52.563216550697,17705000
2022-06-22,54.029930114746094,54.294998592397704,53.296570510363786,53.543967306768145,15207100
2022-06-23,54.674930572509766,54.70143640875743,54.100612736601285,54.16246193486484,17190900
2022-06-24,55.69987106323242,55.71754274632987,54.87815633711003,54.87815633711003,18147100
2022-06-27,55.584999084472656,55.920754275611046,55.33760229654355,55.64684828145493,12142100
2022-06-28,55.028358459472656,56.33603262335059,54.878154214746715,55.73521227391805,13150100
2022-06-29,55.425960540771484,55.76171575136455,55.16089205684166,55.258084620739275,11795500
2022-06-30,55.584999084472656,55.76171252036278,54.92232622778103,55.063696302387434,15514200
2022-07-01,56.88383483886719,56.94568403503099,55.505477472327044,55.770545937390274,15143200
2022-07-05,55.91191864013672,56.707127443260205,55.15205319949174,56.707127443260205,15921200
2022-07-06,56.026790618896484,56.627611011347234,55.83240546895331,56.194666558056205,13450500
2022-07-07,55.584999084472656,56.1769885891253,55.399451493525824,55.894245069384034,14828400
2022-07-08,55.78822708129883,56.03562390792061,55.558501938082735,55.691034507831986,11311500
2022-07-11,55.611515045166016,56.07096871392009,55.30226900395129,55.65569594007874,12702100
2022-07-12,55.37294387817383,56.06212596089279,55.19623380773523,55.66452156134888,14731100
2022-07-13,55.11671829223633,55.66452697907598,54.76329137590366,55.07254077032697,13145300
2022-07-14,54.94000244140625,55.00185164349158,54.16246528165383,54.188974490068055,14433000
2022-07-15,55.22274398803711,55.638020101396364,54.84281123975711,55.443634963989254,21968400
2022-07-18,54.471717834472656,55.27576087892964,54.34801605257019,55.24041751267179,10780800
2022-07-19,55.24924850463867,55.35527859733948,54.71911152324958,54.86048160965525,10998200
2022-07-20,54.339176177978516,55.29342674334795,54.029930182087625,55.13438498245304,11010500
2022-07-21,54.21548080444336,54.6749344314929,53.71184965702014,54.12712239316724,11959600
2022-07-22,54.418704986572266,54.6661018193277,54.18014231047422,54.23315736200569,11644700
2022-07-25,54.94883346557617,55.04602602632217,54.17129972066528,54.38335315272151,14941700
2022-07-26,55.850067138671875,56.371369916889364,55.24924348342025,55.44362859851002,20118000
2022-07-27,55.6733512878418,55.832393035007584,54.595405787697125,55.5584904252996,12142900
2022-07-28,56.60110092163086,56.76898021871567,55.56733278297265,55.59383862123708,10837000
2022-07-29,56.698299407958984,56.8043295131426,56.22117741674923,56.29186078300918,13734200
2022-08-01,57.007537841796875,57.46699482850765,56.57459343363496,56.62760510861799,12831500
2022-08-02,56.230010986328125,57.078231595763626,56.04446335998831,57.06939406849272,15241900
2022-08-03,56.47739791870117,56.63643967640009,55.93842681819764,56.15048024811052,11317000
2022-08-04,56.256507873535156,56.30952291713563,55.59383499590768,56.230002036999196,11795600
2022-08-05,56.000282287597656,56.22117326796942,55.372949341739904,56.22117326796942,10445400
2022-08-08,55.63801956176758,56.38021336858947,55.443634426245794,56.10630734767503,9165200
2022-08-09,55.708709716796875,55.93843824508045,55.531996242085484,55.82357398093866,7910900
2022-08-10,56.23884582519531,56.36254423684199,55.75288296439918,56.22117414202737,8857300
2022-08-11,55.85891342163086,56.539258060579584,55.7352150091909,56.27418618188944,8507800
2022-08-12,56.283023834228516,56.33603551366153,55.744049289799854,56.04446116519309,9489300
2022-08-15,56.98987579345703,57.15775510409573,56.16816103562998,56.23001024359296,9863300
2022-08-16,57.458152770996094,57.63486957543201,56.83966080811241,57.05171423237871,9569600
2022-08-17,57.325626373291016,57.62604162019516,57.219603014078444,57.28145222063842,8144000
2022-08-18,57.626041412353516,57.74090229810551,57.175421914151535,57.39631289979162,6532000
2022-08-19,57.58185958862305,57.84693146353233,57.396311972609666,57.61720295468147,8921100
2022-08-22,56.724796295166016,57.3609633437343,56.53925206670506,57.290276618102894,9087900
2022-08-23,56.78664779663086,56.87500957778038,56.265348341347455,56.389046745687835,8443800
2022-08-24,56.866172790527344,57.06055792589073,56.59227014036487,56.760142696404344,6844700
2022-08-25,57.140079498291016,57.175422865508466,56.45973821726467,56.866176828678306,7913900
2022-08-26,55.76171112060547,57.25493607733849,55.646846884580995,57.19308688190878,10089500
2022-08-29,55.425960540771484,55.691029024701315,55.14322037517585,55.39061717743987,9115900
2022-08-30,54.91350173950195,55.58500886946002,54.772131640009256,55.58500886946002,8456800
2022-08-31,54.52473068237305,55.24925285354852,54.51589652588363,55.116720283033395,14633600
2022-09-01,54.78095626831055,54.81629962966854,54.153626771584136,54.40986108563693,14939700
2022-09-02,54.029930114746094,55.46130259048765,53.80903915494832,55.12554738784704,11809800
2022-09-06,54.05644226074219,54.75445858410145,53.88856632509193,54.15363483368195,12181800
2022-09-07,55.054866790771484,55.21390855943366,54.180137063129514,54.180137063129514,13290700
2022-09-08,54.88698959350586,55.04603136824645,54.197810816649174,54.85164959841928,17193500
2022-09-09,55.06370544433594,55.55850247287124,54.657266833679614,54.93116950278196,11855900
2022-09-12,55.22274398803711,55.496650011608146,55.019524694624586,55.16089478441281,13026900
2022-09-13,53.42911148071289,54.97534834533587,53.261232178272486,54.957676662419566,18532800
2022-09-14,53.711856842041016,53.96809121322503,53.40260741699953,53.57932089266192,12881600
2022-09-15,52.98204803466797,53.75635558136546,52.8307486673312,53.75635558136546,11451900
2022-09-16,52.990943908691406,53.22234391307278,52.60824115924708,53.097743649551845,20493500
2022-09-19,53.391441345214844,53.489339116493724,52.715035138456024,52.857435909073324,12596200
2022-09-20,53.31134796142578,53.42704626917959,52.79514297568364,53.11554560199219,11984600
2022-09-21,52.86634826660156,54.02335517985589,52.85744630694186,53.52495068710045,14165300
2022-09-22,52.741737365722656,53.16004113970177,52.68833919549715,52.999839838820506,11657600
2022-09-23,52.154335021972656,52.59933789210929,51.620332935849675,52.474737631687425,14824000
2022-09-26,51.50463104248047,52.12763573731531,51.3444297382343,52.05643704381837,18670100
2022-09-27,50.17852783203125,51.949637468446525,50.11622769779168,51.691538367355164,23829300
2022-09-28,50.71253204345703,50.952834026189386,49.760226072130365,50.427730448019304,21480100
2022-09-29,50.34762954711914,50.988434831350936,49.8403264954699,50.810432986275124,14570700
2022-09-30,49.858123779296875,50.84603072991764,49.84032325643584,50.614627327826746,16124600
2022-10-03,50.41883087158203,50.59682931883095,49.8937273039511,50.160728369927234,16277600
2022-10-04,50.53453063964844,51.451238965892585,50.24972904171904,50.68583339829378,18861400
2022-10-05,50.053924560546875,50.41882677995878,49.40421737942333,50.28532456025339,14324900
2022-10-06,48.977020263671875,49.929326240375694,48.834619465148954,49.84032701446243,17192800
2022-10-07,48.514217376708984,49.030422399220626,48.282817349616,48.941423172285525,11479800
2022-10-10,48.407413482666016,48.91471650200749,48.078112297064244,48.59431388029654,10239100
2022-10-11,48.487518310546875,49.14612413352742,48.273918807760616,48.46971778613087,14303900
2022-10-12,49.074920654296875,49.875927254952465,48.98592142982527,49.155021314362436,18377400
2022-10-13,49.724609375,49.91151312170622,48.291699889162246,48.48750219756793,16220700
2022-10-14,48.932518005371094,50.258628128445935,48.89691695888928,50.098426814380446,15997900
2022-10-17,49.564414978027344,50.03612029596495,49.45761524731225,49.51101681022091,13721400
2022-10-18,50.2319221496582,50.53452423348576,49.929320065830645,50.116223849299445,11823100
2022-10-19,49.80472183227539,50.320926806015365,49.600020913582746,50.11622588732272,10182300
2022-10-20,49.02152633666992,49.769128029329906,48.91472318477302,49.63562918211336,16905100
2022-10-21,49.80472183227539,49.93822405516747,48.94141854824165,48.950317112053256,15034100
2022-10-24,51.23762512207031,51.380025890608565,50.34761946993068,50.40991959397228,17416700
2022-10-25,52.46583938598633,52.60824016948867,51.39783181216754,52.5459400389003,28829900
2022-10-26,52.857444763183594,53.20454648751213,52.385742768080995,52.51924160315203,15831400
2022-10-27,52.98204803466797,53.257951074938646,52.848549192036046,53.195650936023156,16026100
2022-10-28,54.07673645019531,54.210238642528424,52.92863185555806,53.01763105371227,12888900
2022-10-31,53.266845703125,53.90765096472978,53.106644387723804,53.85424939456182,14016400
2022-11-01,53.07993698120117,53.65844201782807,52.839635045760865,53.427038645136456,10659500
2022-11-02,52.34123229980469,53.60503866420683,52.30563125979566,53.079935206930806,14549200
2022-11-03,52.314544677734375,52.51034705828297,51.70934040613236,51.71824236621348,9194000
2022-11-04,52.741737365722656,53.03544088237243,52.118736079075944,52.77733840927457,9725900
2022-11-07,52.94644546508789,53.19564599761535,52.72394401958763,52.74174114753734,8849700
2022-11-08,53.04434585571289,53.21344913546816,52.456942146532484,53.17784808761413,10081600
2022-11-09,52.30564498901367,53.079949139388646,52.287844464336864,53.03544952524809,10115200
2022-11-10,54.18354797363281,54.32594874984713,53.11554045447429,53.622843431931685,16804800
2022-11-11,54.57515335083008,54.69085505114759,53.58724640642471,54.619652960151406,18972100
2022-11-14,54.050045013427734,54.93115213820689,54.03224449225922,54.57514850504107,16361000
2022-11-15,53.96105194091797,54.6908564163333,53.40034734318577,54.406054835444515,13295800
2022-11-16,53.8631477355957,54.31704916867352,53.65844682302317,54.103449692555415,14199500
2022-11-17,54.032249450683594,54.058951932437935,53.51604786983493,53.569446043138456,11212600
2022-11-18,54.41495895385742,54.619659898822015,54.11235681888736,54.28146010893425,10415600
2022-11-21,55.251556396484375,55.36725469491803,54.46835041694439,54.65525080220093,15399400
2022-11-22,55.491859436035156,55.625361662065174,55.22485837907777,55.598662574900224,12319600
2022-11-23,55.741065979003906,55.883466775732764,55.447362426005306,55.616465706254004,8990400
2022-11-25,55.79446029663086,55.90126343311721,55.51856068179752,55.83006134212631,5165500
2022-11-28,55.80337142944336,56.15937175761544,55.67877114482797,55.79446946905476,12267500
2022-11-29,55.6075553894043,55.687656037719805,55.16255254211863,55.6431564320117,10969600
2022-11-30,57.01478576660156,57.077527750029255,55.34763382025046,55.58067498452738,30433900
2022-12-01,57.17611312866211,57.462934550355385,56.853438174461914,57.01477565156201,12001400
2022-12-02,57.67805862426758,57.83043103432116,56.826559308449816,57.01478525705069,13643500
2022-12-05,56.88929748535156,57.185080610624446,56.701068130161836,56.83551718112859,9185100
2022-12-06,56.862396240234375,57.25677823442595,56.67417033528703,56.9341033006986,10099500
2022-12-07,56.95204162597656,57.11337912558863,56.69210860780362,56.87137287617053,12307600
2022-12-08,57.19404602050781,57.2298961376733,56.781737190881245,57.00581666427727,9946200
2022-12-09,56.593509674072266,57.22093286590344,56.54869446448032,57.01478016643544,13914900
2022-12-12,57.33745193481445,57.37330546815244,56.47698423060838,56.7369172185371,11647900
2022-12-13,57.355384826660156,57.99176630587458,57.185082234708084,57.89317078825632,17521600
2022-12-14,57.355384826660156,57.94695451318818,56.97892952477059,57.534649093313206,12826700
2022-12-15,56.56662368774414,57.26575056143568,56.01090754248116,56.996855873029816,12212300
2022-12-16,56.24394989013672,56.593513334416734,55.86749800219872,56.24394989013672,33631500
2022-12-19,56.32461929321289,56.83552024372633,55.99298261392102,56.31565761828353,10919700
2022-12-20,56.27980041503906,56.60247539838769,56.243946879293354,56.30668885725766,10286500
2022-12-21,57.18507766723633,57.40916054704088,56.53076605251796,56.53076605251796,10411300
2022-12-22,56.77277374267578,56.99685320907106,56.154315646330076,56.84447739394799,9666700
2022-12-23,57.2030029296875,57.24781813679708,56.64728683933027,56.91618150116886,6463300
2022-12-27,57.55256652832031,57.624273595285146,57.10440761733352,57.30159863230568,7320700
2022-12-28,56.97893142700195,57.94695644773688,56.907227769455815,57.77665385009929,7159400
2022-12-29,57.31953048706055,57.49879475120403,57.09545101167656,57.185081434157574,7169300
2022-12-30,57.01478576660156,57.29264214487231,56.62040367741987,57.29264214487231,7650200
2023-01-03,56.42321014404297,56.96996458739039,55.733044979422566,56.96996458739039,12180500
2023-01-04,56.396324157714844,56.76381780213747,56.02883393247388,56.60248029650176,13387900
2023-01-05,55.750972747802734,56.28876210743533,55.64341555971249,56.109497847830674,9814700
2023-01-06,56.82655334472656,57.068556156569514,56.091572977548374,56.38735609156824,9990000
2023-01-09,56.118465423583984,57.11337886017437,56.09157698016744,56.73692355643515,9442600
2023-01-10,55.688232421875,56.22602179746175,55.50000306315632,56.10949951238475,10134600
2023-01-11,55.58066177368164,56.073639267984014,55.04287249521831,55.912301800608844,10823000
2023-01-12,54.863609313964844,55.73303863601535,54.64849496612984,55.6702966662984,13907300
2023-01-13,55.06080627441406,55.087694716008215,54.30789913714643,54.40649464856667,13986400
2023-01-17,55.28488540649414,55.91230858697552,55.17732822158287,55.3297006152754,18327800
2023-01-18,53.608768463134766,55.204213041515956,53.49224619260257,55.13250597682506,19679400
2023-01-19,53.52810287475586,54.352713652138426,53.519137781551436,53.53706454877904,14894500
2023-01-20,53.85077667236328,53.85973834619107,53.241280276638605,53.5281017076642,14237700
2023-01-23,53.985225677490234,54.289973894447584,53.82388818503156,54.03004088779956,12613400
2023-01-24,54.27205276489258,55.437265449897644,53.599814282868685,53.850785641201185,10103300
2023-01-25,54.612640380859375,54.621602053854126,53.68046910708647,53.958328838455564,11265800
2023-01-26,54.50508499145508,54.765014546973255,54.28996722155695,54.50508499145508,11884800
2023-01-27,54.21826934814453,54.63953642112638,54.11070874215734,54.53197923432052,14087000
2023-01-30,54.35271453857422,54.82776191071904,54.19137705007574,54.26308412015564,15632000
2023-01-31,54.96220779418945,54.980134560677655,54.23618913773213,54.65745960225218,14344400
2023-02-01,54.971168518066406,55.19524795258809,54.3347803254474,54.8008659595542,12535400
2023-02-02,54.03003692626953,54.69331361543221,53.69840029127875,54.49612260151174,16947200
2023-02-03,53.6266975402832,54.155521778852965,53.08890478946903,54.092779804135155,15404400
2023-02-06,53.93144607543945,54.08382189549174,53.52810575822533,53.590847737311144,11330900
2023-02-07,53.841819763183594,53.994195594866106,53.366772336937835,53.48329121031553,14922700
2023-02-08,53.52810287475586,53.70736370866947,53.41158059736702,53.70736370866947,11012000
2023-02-09,53.438472747802734,54.06589596759377,53.42054597933082,53.91352356435472,12515300
2023-02-10,53.438472747802734,53.68944408722803,52.77519941024935,53.528106590162295,14420700
2023-02-13,54.316864013671875,54.46027474259794,53.53706838883527,53.689444211608794,16191800
2023-02-14,53.41158676147461,54.58576450653282,53.38469831712069,53.96730293293944,20505700
2023-02-15,53.41158676147461,53.71633500115177,53.08891175250096,53.68944655679784,13171400
2023-02-16,53.07994842529297,53.61773781072223,52.837942176095346,53.088910100071466,16538300
2023-02-17,53.886627197265625,53.98522270602806,53.22335391516027,53.33091109781875,16814700
2023-02-21,53.59981155395508,53.98522853756068,53.52810789749766,53.770114149006865,14278300
2023-02-22,53.761138916015625,54.10174062270273,53.554986241204745,53.644616649668286,12409600
2023-02-23,53.859737396240234,54.15552049587675,53.608769503314576,53.78803033015799,12222800
2023-02-24,53.635658264160156,53.69840023776667,53.232314562988925,53.492247550319405,9736200
2023-02-27,53.61773681640625,54.04796900060751,53.546033161963436,53.94041180935256,8849800
2023-02-28,53.339874267578125,53.51017684900964,53.00823761722503,53.51017684900964,16082200
2023-03-01,52.757266998291016,53.04408842479715,52.31806976566413,52.999273218002024,13275800
2023-03-02,53.52810287475586,53.58187975725745,52.70348867819206,52.73934221264727,11758300
2023-03-03,53.27712631225586,53.49224407864631,53.070973638188,53.37572181271894,13101800
2023-03-06,54.10174560546875,54.119672372648694,53.07994381048049,53.115793925659155,16282700
2023-03-07,53.78803253173828,54.28997175731541,53.55499139579465,54.21826810747939,13961200
2023-03-08,53.81492614746094,54.07485915235475,53.537066374728106,53.81492614746094,10851600
2023-03-09,53.29505920410156,54.26308413536377,53.13372171555786,54.26308413536377,13900900
2023-03-10,53.070980072021484,53.90455596167052,52.87379246637102,53.510177331188274,13745800
2023-03-13,53.608768463134766,54.55886313602198,53.106829267841555,53.14268280018701,21956000
2023-03-14,53.80595397949219,54.19137088940282,53.19645762982797,53.77906554085965,19496900
2023-03-15,54.16448211669922,54.209297320537345,53.09786522095588,53.268164363213124,21089900
2023-03-16,54.46254348754883,54.498672038610415,53.9206290032581,54.2728737625879,15658300
2023-03-17,54.20965576171875,54.50770772327071,53.86644138426955,54.47158261412495,27351200
2023-03-20,54.733497619628906,54.733497619628906,54.16448847707834,54.33609391675752,12904100
2023-03-21,54.4806022644043,54.868975535597535,54.08319857906122,54.706400517637206,13716500
2023-03-22,54.23674392700195,54.9773619791826,54.21867965189899,54.552863573191566,10494200
2023-03-23,54.119327545166016,54.54382939408368,53.938691686008696,54.27287215993953,15479000
2023-03-24,55.00445556640625,55.11283776265409,54.110292972489816,54.41737873303195,12975600
2023-03-27,55.410892486572266,55.52830854831042,55.049617332205145,55.22122277212392,12777400
2023-03-28,55.47411346435547,55.763138399643765,55.33863657901601,55.44701877636916,10925700
2023-03-29,55.871524810791016,55.952812326288516,55.627662264298515,55.74507833010784,9441000
2023-03-30,55.862491607666016,56.07925946667877,55.69088615977842,55.88958974342275,9870700
2023-03-31,56.025062561035156,56.22376613021063,55.8805518140188,56.05216069481871,14440900
2023-04-03,56.35924530029297,56.46762749696747,55.87152024714587,56.26892393189096,12300700
2023-04-04,56.18763732910156,56.66633197583173,56.070224716397455,56.350212349438905,11433400
2023-04-05,56.72052001953125,56.9192235831429,56.44956280713856,56.476657494755464,12789600
2023-04-06,56.75665283203125,56.93729213567117,56.34118484544514,56.77471710693606,9644200
2023-04-10,56.62117004394531,56.62117004394531,56.01603236514463,56.44053419352648,7952600
2023-04-11,56.52182388305664,56.63923650127304,56.35924885508671,56.585047122221816,9913000
2023-04-12,56.62117004394531,56.928255813228525,56.277959171823134,56.43150033376074,9593700
2023-04-13,57.03664779663086,57.04567821199218,56.431506605170945,56.6843995801885,9871400
2023-04-14,56.94632339477539,57.03664477063864,56.702460848056916,56.94632339477539,8946000
2023-04-17,57.31663131713867,57.379854556319806,57.02760981076547,57.19018483877641,9452400
2023-04-18,57.406951904296875,57.44307700804221,57.07276799273991,57.361789495151065,9035700
2023-04-19,57.51533508300781,57.65081542192965,57.28953681507685,57.56049404751238,9769500
2023-04-20,57.76822280883789,57.804351355332855,57.29856204062688,57.47017091377403,10706400
2023-04-21,57.849517822265625,58.04821450571319,57.62371611352445,57.804355413272546,12931100
2023-04-24,57.75920104980469,58.69851928157037,57.46114566467109,58.48175486093535,15532300
2023-04-25,57.66887283325195,57.95789432344004,57.47017271212761,57.95789432344004,12818900
2023-04-26,57.39792251586914,57.59662610628477,57.25341175340551,57.40695637656532,13179600
2023-04-27,57.51533508300781,57.58758873713349,57.000515307757865,57.37985474408598,13795800
2023-04-28,57.93983840942383,57.94887226980041,57.33469724429721,57.4521133113352,13687600
2023-05-01,58.07532501220703,58.427569805884005,57.858553684700276,57.93984465521961,9091500
2023-05-02,57.81339645385742,57.93080908467988,57.14503199539874,57.93080908467988,10948400
2023-05-03,57.48823165893555,57.96692281168884,57.42500842915332,57.82240863457791,11084600
2023-05-04,57.55146026611328,57.741129973181984,57.36178711363664,57.569524539940005,11938300
2023-05-05,57.822410583496094,57.99401945189563,57.47016932384249,57.47919973751248,9039000
2023-05-08,57.73210144042969,57.858547923475875,57.4521137838012,57.632753093327864,7240700
2023-05-09,57.253414154052734,57.578564244581614,57.15406235467908,57.479212445207956,9067700
2023-05-10,57.35275650024414,57.47920297118414,56.89212957819017,57.19018148177617,10134000
2023-05-11,57.67790603637695,57.741129271298,56.910189912408995,57.42501309669277,9581500
2023-05-12,57.903709411621094,57.9759665124429,57.53340038342984,57.677911139665255,8740800
2023-05-15,57.750160217285156,58.03015129266276,57.54242623700162,58.00305660470645,8150000
2023-05-16,57.0998649597168,57.71403650113379,57.045672137094826,57.71403650113379,9129600
2023-05-17,57.03664779663086,57.28050691087871,56.65730488869615,57.26244608015607,11583000
2023-05-18,56.72052001953125,56.937287856690126,56.51278604184992,56.91018972366534,13595100
2023-05-19,56.74762725830078,56.991486376798406,56.54892366280508,56.93729699286935,14251400
2023-05-22,55.55540084838867,56.783743900313034,55.492177612957974,56.711490250709915,15055400
2023-05-23,55.4560546875,55.69991377921389,55.24831725389355,55.55540302892771,13932700
2023-05-24,54.98640060424805,55.48315615369696,54.841889836310024,55.43799718473041,11090100
2023-05-25,54.5618896484375,54.850911136281134,54.32706098159251,54.616082469436144,14463600
2023-05-26,54.426414489746094,54.76962883119747,54.29093759248956,54.5980233831759,12570300
2023-05-30,53.99287796020508,54.372220822515594,53.758049289561775,54.27286903844836,15634200
2023-05-31,53.88448715209961,54.444465773703804,53.62256038966587,54.11931578522156,59432200
2023-06-01,54.19157791137695,54.345119061663475,53.98384394283227,54.137385093118795,13402700
2023-06-02,55.23928451538086,55.383795259587295,54.263837853339396,54.43544328539456,15259800
2023-06-05,54.868980407714844,55.49218240162835,54.68834110000697,55.09477868099762,12915600
2023-06-06,54.4715690612793,55.08574055425952,54.29996019254769,55.049612008694154,10943500
2023-06-07,54.390289306640625,54.51673578872927,54.02901069032317,54.200616138099434,16817900
2023-06-08,54.52576446533203,54.56189301489359,54.17351972062718,54.30900005877895,15585900
2023-06-09,54.616085052490234,54.796720906879706,54.34512438008989,54.4354457526927,12581500
2023-06-12,54.381256103515625,54.77866327534959,54.20965065366532,54.724470448624515,14208900
2023-06-13,54.5980224609375,54.7967225959724,54.22771343537151,54.381254605417034,13397800
2023-06-14,54.96832275390625,55.16702630278209,54.73349066061523,54.85090670726074,14099700
2023-06-15,55.723690032958984,55.78739477452273,54.91372677166446,55.15944654840236,15271400
2023-06-16,56.12412643432617,56.579162335904876,55.95121404151969,56.06042168583703,26738000
2023-06-20,55.7509880065918,56.38803885883652,55.73278962855862,56.05131331885705,13971800
2023-06-21,55.905704498291016,56.169626123021004,55.49617154123552,55.79649686695889,13948700
2023-06-22,56.28793716430664,56.51545510510278,56.05132003340389,56.25153693223194,15193400
2023-06-23,55.696388244628906,56.3971438640654,55.67818639419118,56.36983935258481,25112100
2023-06-26,55.71458435058594,55.77828908472567,54.95922325771816,55.70548169048161,12856100
2023-06-27,55.596282958984375,55.84200274637005,55.496174511718195,55.71459325772152,9068500
2023-06-28,55.077537536621094,55.55077521862552,54.968329908973274,55.40516389121246,11173200
2023-06-29,54.62251281738281,54.92283472242642,54.39499485503366,54.80452788159185,17142300
2023-06-30,54.80451583862305,54.92282265346039,54.48598867833954,54.60429896482472,19739200
2023-07-03,55.132144927978516,55.17764781838115,54.63160271860542,54.78631671195201,9694500
2023-07-05,55.54167938232422,55.60538412891691,54.74991790920913,54.85912555027541,14716600
2023-07-06,55.11394119262695,55.53257332465114,55.05933564302246,55.26865170903454,12603900
2023-07-07,54.38588333129883,55.05933791765143,54.35858229119265,54.88642554423226,14574000
2023-07-10,53.976356506347656,54.74081691187192,53.82164250426688,54.57700371985613,15480600
2023-07-11,54.1674690246582,54.20387272654196,53.54861997922674,54.112863471832576,15967700
2023-07-12,54.45868682861328,54.64980103894801,54.103759446092276,54.37678024252014,14241300
2023-07-13,54.92281723022461,55.02292565723878,54.58609172525215,54.71350118812565,11269800
2023-07-14,55.42336654663086,55.550776026013104,54.686207238086254,54.73171012763021,11634200
2023-07-17,55.341461181640625,55.605379335495904,55.050238516136304,55.29595481944156,10014300
2023-07-18,55.123043060302734,55.74189209930028,54.97743172592967,55.477970470859084,11152900
2023-07-19,56.09682083129883,56.233332979335344,55.22315280447991,55.3050593989722,12936000
2023-07-20,56.77936935424805,56.797571203738784,56.12411665917277,56.13321931974205,11563000
2023-07-21,56.82487487792969,57.04329361030191,56.64286331787548,56.843076728264705,12815100
2023-07-24,56.843074798583984,57.1616019611616,56.78847272108052,56.80667109914977,10251100
2023-07-25,56.6519660949707,56.779375583736645,56.46995105174156,56.69746898786594,13422700
2023-07-26,57.38002014160156,57.48922777382737,55.86930125449372,56.297036065546195,17145500
2023-07-27,56.82487487792969,57.58023604441697,56.77027279857262,57.38001916237977,11517100
2023-07-28,56.86127853393555,57.12520015611401,56.62466142306215,56.961386974875516,9721800
2023-07-31,56.36073684692383,56.83397451551542,56.17872182490432,56.83397451551542,15577900
2023-08-01,56.21512985229492,56.752072299191624,56.078617707356685,56.50635252129164,9281600
2023-08-02,56.388038635253906,56.961384747165575,56.024012058020205,56.024012058020205,11059400
2023-08-03,56.09682083129883,56.53365484470829,55.99671238562514,56.30613691241285,8037400
2023-08-04,55.25045394897461,56.32433886915352,55.16854735432882,56.133224638862735,9359300
2023-08-07,55.68728256225586,55.81469550840711,55.277753100394136,55.32325598819568,6982600
2023-08-08,55.441566467285156,55.83289757721465,55.1685456507792,55.68728624363494,7956100
2023-08-09,55.56897735595703,56.08771792952742,55.2868538887889,55.43246521695518,7904100
2023-08-10,55.441566467285156,56.17872579633449,55.323259645509665,55.83289757721465,7870300
2023-08-11,55.6690788269043,55.696383335978474,55.23224486984203,55.36875700026985,8483900
2023-08-14,55.40517044067383,55.95121211510859,55.28686013827526,55.80560077048276,7176300
2023-08-15,55.03203582763672,55.42336692938352,54.941026576272364,55.232249237342366,7187400
2023-08-16,55.041141510009766,55.35056605785464,54.968337571977756,55.095747067270054,8372300
2023-08-17,55.159446716308594,55.53257597730979,55.01383538205563,55.13214567602618,12873500
2023-08-18,55.468868255615234,55.596277732285785,54.9410250275254,55.09573901465954,11083800
2023-08-21,54.995628356933594,55.45066416761704,54.8955199231196,55.38695943185318,8648500
2023-08-22,54.658912658691406,55.132150403504774,54.5861052494978,54.91373164757231,9411500
2023-08-23,54.85002136230469,55.004731883747894,54.749912920595314,54.78631662151654,7749500
2023-08-24,54.704410552978516,55.40516617999196,54.686208702343976,54.85002188640676,8955100
2023-08-25,54.959224700927734,55.12303787063092,54.61339651248239,54.97742654996673,7629200
2023-08-28,55.11394119262695,55.26865170903454,54.941025354703314,55.10483853186893,6254300
2023-08-29,55.05934143066406,55.177651731419566,54.740817703608776,55.11394698600851,8189600
2023-08-30,55.03203582763672,55.27775559884852,54.86822264682885,55.18674634748417,9447900
2023-08-31,54.449588775634766,55.032034079270495,54.43138692594017,54.87732009269033,14663500
2023-09-01,53.976356506347656,54.7226150603537,53.80344065274866,54.604304761309365,11262300
2023-09-05,53.530426025390625,53.98546195112271,53.393913859011555,53.921757199252106,12474600
2023-09-06,53.494014739990234,53.53952110343574,53.166388364412036,53.34840340324972,13923500
2023-09-07,53.08448028564453,53.83983793956787,53.05717577579704,53.64872372887438,17628600
2023-09-08,53.08448028564453,53.157284211393005,52.79325416770729,53.05717577579704,14312300
2023-09-11,53.58502197265625,53.685130413820765,52.99347398667391,53.14818797892307,14767400
2023-09-12,53.057186126708984,53.69423709161719,52.957077671582894,53.68513790099139,12292700
2023-09-13,53.18458938598633,53.40300812351468,53.093583603810885,53.14818915610499,12641400
2023-09-14,53.6248893737793,53.74413831331621,53.37722011436782,53.42308751362983,12311600
2023-09-15,53.14789581298828,53.79000089582424,52.973611597312015,53.57902416131365,55727500
2023-09-18,53.478126525878906,53.52399042915014,52.86354252382307,53.18459334591321,13617400
2023-09-19,53.36805725097656,53.56068776153007,53.129559333841115,53.44143880296235,11998900
2023-09-20,53.606544494628906,53.96429132245397,53.27632230609952,53.4781241714467,14766600
2023-09-21,52.780982971191406,53.58819741867701,52.67090541083229,53.542333518123044,15941800
2023-09-22,52.83601760864258,53.17541816682901,52.74428980865187,53.06534060781063,14644100
2023-09-25,52.28564453125,52.735119155461064,52.047150148470934,52.652562734654595,12358800
2023-09-26,51.854515075683594,52.193915631406036,51.73526963639962,52.037974173524404,11194700
2023-09-27,51.322486877441406,51.85451440519013,51.074817623437426,51.75361172772282,13766300
2023-09-28,51.19406509399414,51.6618824498076,51.093162419417034,51.579326034170975,12484800
2023-09-29,51.350006103515625,51.6160216252042,51.01978042130792,51.49677268458668,12271600
2023-10-02,50.891353607177734,51.37751718884893,50.524438950909406,51.28578939957956,11792500
2023-10-03,50.34098434448242,50.84549422865639,50.24925304787459,50.597824976602006,13604200
2023-10-04,50.48775100708008,50.70789912093683,50.18504297653807,50.35015581152622,12100500
2023-10-05,48.04775619506836,50.405196367658974,47.91933587425662,50.21256588644137,29878100
2023-10-06,48.74488830566406,48.88248348271766,47.28639412549696,47.735868671240084,30298900
2023-10-09,48.50640106201172,48.754070317432905,47.8000858148901,48.579782601104355,15704700
2023-10-10,49.561283111572266,49.83647349688469,49.130158273018935,49.653014406406776,20909700
2023-10-11,49.267757415771484,49.79061362821521,48.63482713207425,49.735578342184276,21138900
2023-10-12,48.44219207763672,49.37783034329401,48.09362013571938,49.3136166836431,19330400
2023-10-13,48.51557922363281,49.00174292304928,48.286256195728186,48.37798750640506,14494600
2023-10-16,49.01090621948242,49.1301551455808,48.46970386157856,48.63481668257912,12816800
2023-10-17,49.59797668457031,49.625494324010475,48.80910502816791,48.900836324953765,16457200
2023-10-18,49.57962417602539,50.019923847527025,49.46037525482993,49.62548806904188,12809500
2023-10-19,49.85481643676758,50.23090599896998,49.40534533762357,49.68053222473904,16202200
2023-10-20,50.056617736816406,50.46939978368661,49.93736881234483,50.01992522171887,15686400
2023-10-23,49.60715103149414,50.350155281934605,49.579629893158135,49.88233792051621,21212700
2023-10-24,51.03812026977539,51.52428385240154,50.72624088677973,51.047295148234866,25290800
2023-10-25,51.47842788696289,51.57015918973279,50.96474658821709,51.148202195374076,16701000
2023-10-26,51.166542053222656,51.94624228283797,51.111506777638944,51.70774442467198,16228400
2023-10-27,50.671207427978516,51.496768060171036,50.542783619281415,50.95556568497317,13626500
2023-10-30,51.50594711303711,51.6251925534188,50.83632087487517,50.845495754406855,15014300
2023-10-31,51.81782913208008,52.02880588240653,51.50594969699066,51.891210676058584,16639400
2023-11-01,51.77195739746094,52.1755681027327,51.60684456333907,52.10218306570468,14110800
2023-11-02,52.36820602416992,52.42324480976878,51.698583212412956,51.8270035462853,13087200
2023-11-03,52.047149658203125,52.826846459104246,52.01045713837003,52.65256223868399,13958700
2023-11-06,52.25812911987305,52.54248741540965,52.04715236863279,52.083841391185224,12673200
2023-11-07,52.45075988769531,52.65256525916284,52.037977763871496,52.21226199428978,10449300
2023-11-08,52.36820602416992,52.71677800124604,52.21226454790232,52.579182786844726,13744000
2023-11-09,51.9737663269043,52.4140660818001,51.707750798157434,52.313163398538094,12021100
2023-11-10,52.02880859375,52.22143909332239,51.42339595281418,52.16640030807672,11678900
2023-11-13,52.221435546875,52.377373512360265,51.9187274973687,51.937073757871325,12798200
2023-11-14,52.37737274169922,52.50579656332805,52.11136071630357,52.3039911999598,12697100
2023-11-15,52.478275299072266,52.597524240706605,52.05632181229396,52.56083172032814,10201900
2023-11-16,52.42324447631836,52.771812951985666,52.1113650249586,52.51497228587468,16010400
2023-11-17,52.524139404296875,52.59752444533931,52.010458113765246,52.45992924298042,14475800
2023-11-20,52.652565002441406,52.81767785116588,52.24895426147425,52.33151068583649,13051000
2023-11-21,53.23044967651367,53.239624555377596,52.58834812368006,52.707593555382864,13891600
2023-11-22,53.588199615478516,53.69827718035016,53.32218758168401,53.441433028174444,11320600
2023-11-24,53.725791931152344,53.89090477038414,53.51481519195421,53.62488925171166,4816000
2023-11-27,53.6248893737793,53.835866113457676,53.45060515383401,53.698274413245485,16246500
2023-11-28,53.7349739074707,53.96429693678044,53.53316852193678,53.56986104643235,13739600
2023-11-29,53.413917541503906,53.817524798075524,53.29466859101099,53.73497186987843,11263600
2023-11-30,54.03339385986328,54.05188620478315,53.25673300849935,53.58958816294877,22727500
2023-12-01,54.21831512451172,54.26454422442901,53.84847879811916,53.876215552658685,15371200
2023-12-04,54.15359115600586,54.514183056435385,54.033392680178,54.172083500522,14942200
2023-12-05,54.2368049621582,54.393988127074444,54.014900354939414,54.13509883081018,11891500
2023-12-06,54.18132781982422,54.30152629545369,53.820735919989865,54.14434665790706,14868500
2023-12-07,54.31077194213867,54.44945922935432,53.987161217861,54.24604697564,11587900
2023-12-08,54.19057846069336,54.320021351500166,53.96867384284294,54.31077694232293,11178700
2023-12-11,54.588157653808594,54.63438675599198,54.08887488529741,54.39399330840572,14524800
2023-12-12,54.93949890136719,54.93949890136719,54.458712030266405,54.73609015653354,12899000
2023-12-13,55.41104507446289,55.494258865324916,54.791563847589074,54.967239365550164,16196800
2023-12-14,54.588157653808594,55.512753805694025,54.338516269553004,55.448032357226396,22478300
2023-12-15,54.18132781982422,54.70834729297505,53.4416516756699,54.393988017881775,65177400
2023-12-18,54.56966018676758,55.004221466032384,54.199820349897,54.366247923783355,16717700
2023-12-19,54.39398956298828,54.73608912805464,54.21831404891175,54.55116920499974,14612200
2023-12-20,53.26597595214844,54.24604545166594,53.228991265775065,54.088865825159864,17701000
2023-12-21,53.617332458496094,53.69129831665969,53.136542035742266,53.48788603436457,11725100
2023-12-22,53.92243576049805,54.05187862974238,53.645057679681095,53.73751586426886,9029400
2023-12-26,54.144344329833984,54.283031616931794,53.68204631873345,53.68204631873345,6422500
2023-12-27,54.28303146362305,54.33850849453784,53.99640895486471,54.21831002441608,8560100
2023-12-28,54.32001495361328,54.43096548594346,54.11660270512976,54.227556764513764,8400100
2023-12-29,54.48644256591797,54.53267166051038,54.209064471309624,54.310770595645245,9244300
