Date,Close,High,Low,Open,Volume
2018-01-02,179.69888305664062,179.8573687784807,175.86560223306995,175.99435865728847,18151900
2018-01-03,182.91802978515625,183.02698681726855,179.60972006687888,180.15450522744038,16886600
2018-01-04,182.58128356933594,184.44345305455695,182.35346978572824,183.14586818332555,13880900
2018-01-05,185.077392578125,185.12690614559187,183.1755939839992,183.82933630610296,13574500
2018-01-08,186.4938201904297,187.10793352510868,184.5623225135912,185.42406414309644,17994700
2018-01-09,186.0876922607422,187.00887730798945,185.32500805174465,186.90981995184484,12393100
2018-01-10,186.05799865722656,186.1075273407774,183.86897291618175,185.1665428094401,10529900
2018-01-11,185.98866271972656,186.6126757411536,185.60236318683116,186.6126757411536,9588600
2018-01-12,177.66835021972656,179.75833370419318,175.7170379805502,176.3707803286466,77551300
2018-01-16,176.6976318359375,180.0257564665096,176.3509462042825,179.77812819076473,36183800
2018-01-17,175.91517639160156,177.61886055677778,174.1322493450178,177.55941706019647,27992400
2018-01-18,178.09426879882812,179.26306707032057,175.40007180043543,176.44011363895262,23304900
2018-01-19,179.57012939453125,180.63988545239997,178.46075945927413,179.13431628713153,26826500
2018-01-22,183.61143493652344,183.63124943330374,178.69849771729304,179.08479727732941,21059500
2018-01-23,187.55369567871094,187.75179531197307,183.78974219059788,184.28499883076978,25678800
2018-01-24,184.7802276611328,188.85123723521173,184.7505134763172,188.08853789220552,24334500
2018-01-25,185.70140075683594,186.83058514100517,184.82975946412904,186.16694314552277,17377700
2018-01-26,188.1974639892578,188.1974639892578,185.03772520193047,185.96880981043768,17759200
2018-01-29,184.2156219482422,187.04849001637632,183.86895143195747,186.95934746481998,20453200
2018-01-30,185.34481811523438,186.39475964915283,180.11490982678794,185.84007469644357,20858600
2018-01-31,185.11700439453125,188.02911551146178,183.46284922630863,186.5829596435734,43275100
2018-02-01,191.25820922851562,193.46706476683508,186.1075430978157,186.4344143000876,54211300
2018-02-02,188.474853515625,192.36757831347683,188.17769652804336,190.2181513345879,26677500
2018-02-05,179.5404510498047,188.80175726197228,178.89662339400047,185.15666013926054,33128200
2018-02-06,183.55198669433594,184.00762938677275,176.05381011899692,176.87593783502504,37758500
2018-02-07,178.47067260742188,183.324196668208,178.242858788689,182.403011473625,27601900
2018-02-08,169.95223999023438,180.11489898379938,169.85318263434326,179.2927712948008,38478300
2018-02-09,174.4392852783203,175.2217840786728,165.5939942883854,173.10208637421223,39887600
2018-02-12,174.73643493652344,175.86561936508068,170.20978241744464,175.38026246242566,32092100
2018-02-13,171.50733947753906,174.30059371105105,171.4578259131115,173.95390807587424,21809400
2018-02-14,177.81692504882812,178.1041672123626,171.5667894860424,171.80450296923473,28929700
2018-02-15,178.25274658203125,178.78761701322696,175.16233538991273,178.78761701322696,20922100
2018-02-16,175.6774139404297,178.17351132530382,174.62747241338818,177.29195522108674,20645300
2018-02-20,174.34022521972656,176.26182327163974,173.4487693734316,174.10251172153176,21204900
2018-02-21,176.22218322753906,179.5503077343912,174.72649882466132,175.03357057095545,23200800
2018-02-22,177.2919464111328,178.50037361044184,175.72693388884682,177.0046891463297,18464200
2018-02-23,181.55116271972656,181.65022008803572,177.80702393093205,178.193323484886,19007300
2018-02-26,183.1755828857422,183.89866834093976,181.48181392495104,182.8289123643203,17599700
2018-02-27,179.73854064941406,182.9477939002595,179.73854064941406,182.70016558823588,15849800
2018-02-28,176.62831115722656,181.1450486772687,176.45001093194534,180.57054923985547,18783000
2018-03-01,174.27088928222656,178.4112270717761,172.75540534356068,177.3117568501919,23201600
2018-03-02,174.94444274902344,175.42979967528012,171.34888998310834,171.64603186241595,20025900
2018-03-05,178.68856811523438,179.431452985637,174.2213592022645,174.52841586378588,16189300
2018-03-06,178.07444763183594,180.64978779129012,177.41080565464497,180.05547387325277,15086800
2018-03-07,181.96719360351562,182.07615066425714,176.38069954574584,177.04434160152326,19097300
2018-03-08,180.61016845703125,182.65062317651714,179.72861233703884,181.81859573801384,17225900
2018-03-09,183.47276306152344,183.75010555937143,181.47193720048176,182.16529344510178,18526300
2018-03-12,183.0072021484375,184.33450124156306,182.47233170346976,183.47274453296083,15301200
2018-03-13,180.15452575683594,184.22553516380876,179.3918264451369,183.84913535288683,18067500
2018-03-14,182.442626953125,182.5020553263023,180.12482971501885,180.86771460779892,16821700
2018-03-15,182.11575317382812,182.25442441392966,180.46159798332027,181.50163984109741,15614300
2018-03-16,183.33407592773438,183.57180452559163,181.6700210848273,182.7397771041381,24403400
2018-03-19,170.92295837402344,175.48922491073793,168.44667533055642,175.3307391685883,88140100
2018-03-20,166.55477905273438,168.58533401994507,160.4136005851466,165.8812373698132,129851800
2018-03-21,167.7830352783203,171.75498788609298,161.7508133402666,163.23658318396647,106598800
2018-03-22,163.3257293701172,168.65469549755176,162.16683068000845,164.553971242539,73743000
2018-03-23,157.87789916992188,165.0195060294819,157.51141412049358,163.87050708409927,53609700
2018-03-26,158.54153442382812,159.5716765770257,147.60627575639302,159.29433410055668,126116600
2018-03-27,150.7759246826172,161.30508512627642,149.31986902922947,154.82712015527957,79117000
2018-03-28,151.57823181152344,154.40120044034754,149.3693916362378,150.2113187768467,60029200
2018-03-29,158.2740936279297,159.88863494012733,152.67770023320637,153.6781130991885,59434300
2018-04-02,153.9158172607422,157.68966944103542,152.64796180683865,156.31285695059194,36796000
2018-04-03,154.62899780273438,155.89685333830263,149.3792754464435,155.06482597696663,42543900
2018-04-04,153.6286163330078,154.08424397960826,149.08214887458792,150.58773329759936,49885600
2018-04-05,157.82835388183594,160.03720897910998,155.1638712219709,160.02729417512074,41449600
2018-04-06,155.7086639404297,159.88863063673318,155.3223644170287,156.23363470007635,41644800
2018-04-09,156.43174743652344,159.00708788470257,154.5596780330655,156.32280549050142,34915200
2018-04-10,163.4742889404297,164.40537374994457,155.52046929647088,156.43173961041282,57889300
2018-04-11,164.74215698242188,167.05003935827375,161.70127430883156,163.7912576931272,56144600
2018-04-12,162.3153839111328,165.8614227768486,161.55269967310542,165.395880390504,38263000
2018-04-13,162.95921325683594,164.1280114157254,162.21632846004113,163.01864162233474,19990600
2018-04-16,163.26629638671875,164.20728092591182,161.8399549271269,164.14785255076754,18119400
2018-04-17,167.05995178222656,167.39672262641517,164.0884123273198,164.2567977494141,22743000
2018-04-18,164.78176879882812,166.5250665077042,164.19736966570864,165.29683987050814,20969600
2018-04-19,166.50526428222656,166.7330780716805,163.63276711811383,164.6232802545601,22235000
2018-04-20,164.70254516601562,166.83214264882764,164.23700272044655,166.19821476120657,19119400
2018-04-23,164.26669311523438,166.85193297750297,163.52380827106558,165.6831347440789,23088100
2018-04-24,158.17506408691406,164.52425767793758,156.68929420462337,163.86060049683218,35079900
2018-04-25,158.17506408691406,159.5320624095824,154.70826769490242,158.6207920287947,41083600
2018-04-26,172.50778198242188,174.59776543223558,169.17965703660553,171.57669715918277,77556900
2018-04-27,171.94317626953125,175.4198871432609,170.9625779115307,175.13262986224737,29804700
2018-04-30,170.36825561523438,174.0529656085933,170.08101346233568,172.14126743919616,20750500
2018-05-01,172.2106170654297,172.36910279698296,168.6150494902249,170.36826199970878,26025900
2018-05-02,174.399658203125,176.3905842007417,172.54738832841505,172.59691700889962,30424500
2018-05-03,172.36911010742188,174.44917874466034,170.4871259719792,173.46858035640216,24026100
2018-05-04,174.9345245361328,175.30100955783146,171.41819990097693,171.43801439551038,17677800
2018-05-07,176.28164672851562,177.7971308126709,175.48923309484476,175.66753334158636,18697200
2018-05-08,177.2226104736328,177.34146721480033,175.42978409554402,176.5589684787289,15577200
2018-05-09,180.9271240234375,181.27379453532498,177.08392841098836,177.96548445349003,23282800
2018-05-10,183.76991271972656,184.3642266851222,180.7686589339458,181.41248646809774,21071400
2018-05-11,185.21607971191406,186.53346415985783,182.43272475878047,183.09638194255353,21207800
2018-05-14,184.86936950683594,186.0777967314744,184.43354131250325,185.92922580796593,15646700
2018-05-15,182.5714111328125,183.53219508902276,181.46202600531655,183.12609613954402,15429400
2018-05-16,181.46202087402344,182.57140597014876,180.92715037952365,181.9572774894624,16975500
2018-05-17,182.01670837402344,182.31386537018935,180.49132462761958,180.94695225624568,14840700
2018-05-18,180.94692993164062,182.44261441933145,180.87760187237387,181.74925825650996,13130500
2018-05-21,182.7397918701172,183.542105170922,181.39269326813852,182.02662113295008,13532900
2018-05-22,182.05633544921875,183.66096205196007,181.689835275062,183.17560512620247,12731400
2018-05-23,185.12693786621094,185.13685267262844,180.45171367547337,180.76868520014978,16628100
2018-05-24,184.16612243652344,185.02787924680064,183.2746665517212,184.11660886494886,12354700
2018-05-25,183.1656951904297,184.56232239975597,182.70015278732095,184.25526573260586,10965100
2018-05-29,183.97792053222656,185.03776175846676,181.9671800183218,182.59119303413374,16398900
2018-05-30,185.88961791992188,186.21648910277554,183.4925776930275,184.77033312233496,13736900
2018-05-31,189.9606170654297,190.891701875885,185.7014073548531,186.08770689174077,30782600
2018-06-01,192.14964294433594,192.7043278656541,190.24785959380338,191.238372700166,17307200
2018-06-04,191.44638061523438,192.13973679812477,189.653554230178,190.02003925955626,18939800
2018-06-05,191.10960388183594,193.15005849176038,190.79263242855058,192.45670233023714,15544300
2018-06-06,189.5247802734375,190.7034933263744,187.31594020674177,189.2177236187795,22558900
2018-06-07,186.394775390625,189.15831581101725,184.99816320033185,188.94040168775933,21503200
2018-06-08,187.3060302734375,187.6824149679042,184.66134703819776,185.75091747646246,12677100
2018-06-11,189.72286987304688,190.77282644016262,187.00887368994591,187.01877337975662,12928900
2018-06-12,190.57473754882812,191.44639401922234,189.7427100711058,190.34692374007773,11562700
2018-06-13,190.58462524414062,192.6547939528217,190.08936870441616,190.9114963740424,15853800
2018-06-14,194.94288635253906,195.4084287319388,191.07989119797838,191.26809111059072,19120900
2018-06-15,193.9919891357422,195.20041627986564,192.79346168118272,193.9325456562685,21860900
2018-06-18,196.4286651611328,197.68662112431983,192.2883273476324,192.95196936067535,16826000
2018-06-19,195.61643981933594,196.0819821908352,191.95152921578344,194.37829843003595,19994000
2018-06-20,200.0836639404297,201.6189624043631,196.92392445302633,197.21118174135304,28230900
2018-06-21,199.5884246826172,201.46049416564964,198.19179733910784,200.83646596662777,19045700
2018-06-22,199.82615661621094,200.32141326133623,197.4192014616046,199.25165709418158,17420200
2018-06-25,194.4872589111328,198.10262578611707,191.2779909323466,198.10262578611707,25275100
2018-06-26,197.1121063232422,197.21116367856453,194.3683808123419,195.72539403291194,17897600
2018-06-27,193.98211669921875,198.84554052064072,193.94250281828087,197.2904274197409,18734400
2018-06-28,194.368408203125,195.46787850040866,191.42658268104253,193.32836628179732,18172400
2018-06-29,192.47653198242188,195.72541406429775,192.11994662640956,195.44807157784726,15811600
2018-07-02,195.4876708984375,195.5768134522945,190.3964340419604,191.53551808977105,13961600
2018-07-03,190.90158081054688,193.5462489084671,190.69358152854724,192.70432186270415,13489500
2018-07-05,196.56732177734375,196.76542137464364,192.18925568668544,192.89252663823507,19684200
2018-07-06,201.302001953125,201.70811600973985,195.82446493362315,196.5673498651726,19740100
2018-07-09,202.79766845703125,203.8476099813326,200.20251371772449,202.98585326038065,18149400
2018-07-10,201.6090545654297,202.9660679571771,200.34119885033112,202.55995390876976,13190100
2018-07-11,200.6185302734375,202.5599427317,199.83603152137152,200.30157391916836,12927400
2018-07-12,204.95697021484375,205.11545593927548,201.26236055895862,201.50007403157568,15454700
2018-07-13,205.3531951904297,206.45265028644204,204.49143846534807,205.83853696491485,11486800
2018-07-16,205.26406860351562,206.7399388736215,204.87776901792196,205.53151142862927,11078200
2018-07-17,207.9978790283203,208.463421456482,202.89672681511092,202.9561551907856,15349900
2018-07-18,207.3738555908203,208.98839703233375,206.4625852102582,207.8294983381178,15334900
2018-07-19,206.11590576171875,207.99789007084834,205.78903456412203,206.78946265453317,11350400
2018-07-20,207.94833374023438,209.49353184052944,206.52199238179853,206.86867803092966,16163900
2018-07-23,208.90914916992188,209.61240510004794,206.81916564802717,208.58227799001997,16732000
2018-07-24,212.63345336914062,214.1489372600774,210.58309903423893,213.06928156779477,28468700
2018-07-25,215.4365997314453,216.54596956943473,212.23724664322413,213.67348761862766,58954200
2018-07-26,174.58782958984375,178.42112547710602,172.1016472065014,173.23083151023033,169803700
2018-07-27,173.23086547851562,178.22304571757837,171.35879599961297,178.1636173395232,60073700
2018-07-30,169.4371795654297,173.63696082555492,164.97987032348806,173.63696082555492,65280800
2018-07-31,170.94277954101562,172.58703517340942,168.38725352674925,169.05089559461192,40356500
2018-08-01,170.02157592773438,173.41904388705146,169.27869106621378,172.2799446976345,34042100
2018-08-02,174.69680786132812,175.11282159072465,168.65468642310393,169.0607853475419,32400000
2018-08-03,176.09344482421875,177.1533012591529,174.4789033861176,176.00430225885964,24763400
2018-08-06,183.92837524414062,184.02741748318442,176.68772708692472,177.2721261735824,49716200
2018-08-07,182.06619262695312,186.5136014505885,181.97705008406783,184.73067502273753,33398600
2018-08-08,183.4232177734375,185.0773880334839,182.0166909148024,182.99730437387876,22205200
2018-08-09,181.35304260253906,184.80003912492776,180.74882899781267,184.0868684729874,19732100
2018-08-10,178.54989624023438,180.37245193578295,177.71786881571973,180.31300845057646,21500400
2018-08-13,178.34188842773438,180.87759957037042,177.20278928313903,178.39141710602644,17423300
2018-08-14,179.39186096191406,180.2635174858569,176.9254774506848,178.99566169504908,19102000
2018-08-15,177.8268280029297,179.15411202188392,173.12189045066964,177.63862808259424,33020200
2018-08-16,173.04263305664062,178.78761197676087,172.35917660923255,178.70836911621774,31351800
2018-08-17,172.1511993408203,174.54823950118475,170.4078864139864,172.84455556670554,24893200
2018-08-20,170.863525390625,172.9138949500478,169.2886130448269,172.38890905408323,21518000
2018-08-21,170.98239135742188,172.5176899085598,169.76406429912677,171.1705912920432,19578500
2018-08-22,171.99270629882812,172.5870202466639,170.49703685261778,170.57627971993134,16894100
2018-08-23,171.25970458984375,173.88457330652065,171.19037653390234,171.44790449230334,18053600
2018-08-24,172.99314880371094,173.1615493718788,171.27956495725897,172.0521641534181,14631600
2018-08-27,175.7764892578125,176.97500183506332,174.12231881808142,174.32043356073072,17921900
2018-08-28,174.58782958984375,176.54905636529148,174.1619162212758,176.41038513901003,15910700
2018-08-29,174.23126220703125,175.1128183321167,173.09217809635888,174.62747654720158,18494100
2018-08-30,175.95477294921875,178.08437038897284,174.033174827898,174.23127445489305,24216500
2018-08-31,174.0628662109375,175.9349354017272,173.31998137151254,175.4693930265651,18065200
2018-09-04,169.53623962402344,172.24033637521487,167.19862791317502,171.85403683933038,29809000
2018-09-05,165.593994140625,169.5065334809936,165.08883783558483,167.88209239223997,31226700
2018-09-06,160.98809814453125,165.39587855939047,158.48210112954283,165.39587855939047,41514800
2018-09-07,161.49325561523438,163.06818299371594,158.64058805099202,158.78915897630583,24300600
2018-09-10,162.62245178222656,163.4445795613184,160.62162597743324,161.95880974431606,20197700
2018-09-11,164.3657684326172,165.6039099748491,162.1668278444907,162.38474196504612,20457100
2018-09-12,160.463134765625,162.9295180188147,160.26503515291822,161.701276237582,24078100
2018-09-13,159.8292236328125,161.77063631382111,159.33396699229363,160.46315152811533,25453800
2018-09-14,160.7800750732422,161.29513094364043,158.81884847970332,160.1857612362858,21770400
2018-09-17,159.05661010742188,160.52256539893756,158.2542968405385,160.3838941566865,21005300
2018-09-18,158.77928161621094,160.22542253941643,157.36283976821395,157.87791090512496,22465200
2018-09-19,161.5130615234375,161.88946133292998,157.9670228588326,158.5613367565544,19629000
2018-09-20,164.4449920654297,164.87090545139128,162.90969370988094,162.93940789429544,18936000
2018-09-21,161.38427734375,165.66330079848058,161.2654206191283,165.05908725827175,45994800
2018-09-24,163.8407745361328,164.12801668327245,159.35375142860747,159.50232234712274,19222800
2018-09-25,163.34555053710938,164.0190923206283,159.62121088789473,160.45325353946328,27622800
2018-09-26,165.36614990234375,167.69386160458393,162.6521538309986,162.74129637771512,25252200
2018-09-27,167.23822021484375,170.14043131897265,165.62369421624797,165.96046502684786,27266900
2018-09-28,162.89981079101562,167.18871973273122,161.01782660483147,166.73309211544623,34265600
2018-10-01,160.8989715576172,164.3063394882943,159.73015808649774,161.4833707361607,26407700
2018-10-02,157.8184814453125,160.7404925749775,157.16473905840854,160.04713630736714,36031000
2018-10-03,160.8890380859375,162.10738010002893,158.01655609677817,158.48209847015673,23109500
2018-10-04,157.343017578125,159.92825746565669,155.8572478752684,159.92825746565669,25739600
2018-10-05,155.8374481201172,159.37357248807493,154.718163334944,157.69961782698255,25744000
2018-10-08,155.75819396972656,156.83784968370725,152.92532573557284,154.0644098207405,24046000
2018-10-09,156.4020233154297,159.0665061578749,155.92658122631164,156.19402401382933,18844400
2018-10-10,149.94390869140625,156.19404521704064,149.8745655054385,155.33230347965255,30610000
2018-10-11,151.89520263671875,153.34134341983207,147.74494998230327,148.70574897879698,35338900
2018-10-12,152.281494140625,155.4016044564258,149.86463968369813,155.2431187281612,25293500
2018-10-15,152.06358337402344,154.09413835905804,151.10278440716363,151.86548376636838,15433500
2018-10-16,157.27369689941406,157.94725378701338,153.53945761351588,153.92575718695133,19180100
2018-10-17,157.9076385498047,158.96749510317963,156.45158269675815,158.04630981609318,17592000
2018-10-18,153.4502716064453,157.15479565446242,151.8258308967216,157.0062096365678,21675100
2018-10-19,152.5885772705078,155.8572741915126,152.09332061926568,154.38140392975896,19761300
2018-10-22,153.31163024902344,155.8473415956889,152.99467388770617,153.29181575330617,15424700
2018-10-23,152.92532348632812,153.3017233170181,149.41891361158602,149.78539863786975,19095000
2018-10-24,144.654541015625,153.18286026851914,144.21872790359927,152.81637522116696,27744600
2018-10-25,149.51795959472656,150.7660158586182,145.60543560634204,146.32850598660798,22105700
2018-10-26,143.99087524414062,147.58644240224172,142.43577763651302,144.43661820167972,31303300
2018-10-29,140.74200439453125,147.41806820751273,137.71103669139526,147.09119706701347,31336800
2018-10-30,144.83282470703125,145.24883838964854,138.41430413888824,138.61240373336835,50528300
2018-10-31,150.35000610351562,154.916272989087,147.54686678450312,153.5295604244153,60101300
2018-11-01,150.31036376953125,151.30087687509652,147.9331383617868,150.0825499871798,25640800
2018-11-02,148.92367553710938,152.66781447216934,147.5468627024078,150.35991674950512,24708700
2018-11-05,147.2694854736328,148.7651699785997,146.04125886074246,148.67602742392816,15971200
2018-11-06,148.51756286621094,149.53779033030028,146.59596469453726,147.8935346664936,16667100
2018-11-07,150.09246826171875,151.55842360754224,148.4085987965662,150.13209725470534,21877400
2018-11-08,146.46717834472656,149.50806104658648,145.34790873456416,149.06233314066114,24145800
2018-11-09,143.58482360839844,146.3582489308231,142.70326732076322,145.35783587623666,17326900
2018-11-12,140.20712280273438,143.6640036139092,139.15718140630776,143.10931873383697,18542100
2018-11-13,140.8113555908203,143.50555261691377,140.2764700162405,140.6528698565721,15141700
2018-11-14,142.851806640625,144.1989051191763,140.20713836346064,142.33673557452363,22068400
2018-11-15,142.48533630371094,143.4659347430381,139.49398207261976,140.9797519397532,30320300
2018-11-16,138.20628356933594,140.42503822491926,136.4629860561109,139.73168211818373,37250600
2018-11-19,130.30201721191406,136.44319615773145,129.96524634422826,136.30452491138834,44362700
2018-11-20,131.1736602783203,132.8872590546485,125.64660217785253,125.82489486219124,41939500
2018-11-21,133.54098510742188,135.88849634800422,132.8575286414218,133.12495629974566,25469700
2018-11-23,130.48028564453125,133.2240111469205,130.01474328121512,132.38206897138357,11886100
2018-11-26,135.08619689941406,135.7003102553201,131.52034328504826,131.73825740115018,24263600
2018-11-27,133.71926879882812,135.31399549795316,132.4415135471461,134.4621536254883,20750300
2018-11-28,135.4626007080078,135.49231489947348,130.5991916317031,134.98715853052275,29847500
2018-11-29,137.36436462402344,138.66194962411655,134.3730256137567,134.6305536071476,24238700
2018-11-30,139.27606201171875,139.63264736918933,136.0568941035098,136.94834994017023,25732600
2018-12-03,139.75149536132812,142.31692076777398,139.4246242112898,141.64337908699034,24819200
2018-12-04,136.6214599609375,142.0296679523531,135.8587757820946,139.394899568996,30307400
2018-12-06,138.30535888671875,138.37468694938408,132.40189373808923,132.5504797821404,28218100
2018-12-07,136.1163330078125,139.53360079809102,135.36354835670656,137.92897412235035,21195500
2018-12-10,140.50428771972656,141.69290040371598,137.69121906031427,138.27563326948504,26422200
2018-12-11,140.7321014404297,142.5150280226962,139.7614028455408,142.5150280226962,20300300
2018-12-12,143.12913513183594,145.7936176435384,141.1580087294541,141.7226084203485,23696900
2018-12-13,143.6343231201172,144.46636574940263,141.83159683707018,144.1890232443185,18148600
2018-12-14,142.6933135986328,144.62481110500147,141.1580152834058,141.98014296335356,21785800
2018-12-17,138.8600311279297,143.54515376522735,137.10681874409212,141.72261332507324,24334000
2018-12-18,142.29710388183594,144.5455575519947,138.50343720685063,139.74157848012146,24709100
2018-12-19,131.97598266601562,143.535269761183,131.24299746553402,139.8703739868386,57404900
2018-12-20,132.1344451904297,134.28387197789988,128.76670660184007,129.4600627684284,40297900
2018-12-21,123.76461791992188,133.6202209665845,122.24913397464364,132.12455151669133,56901500
2018-12-24,122.883056640625,128.50917908523772,121.85292207731672,121.93216494149785,22066000
2018-12-26,132.9070587158203,132.96650220575157,124.69571064177411,124.80466770226596,39723400
2018-12-27,133.2438507080078,133.70939315890683,128.43985525257457,131.1835812711433,31202500
2018-12-28,131.93634033203125,134.6305371411924,130.94582724378174,134.05603773632404,22627600
2018-12-31,129.84634399414062,133.36266812501222,128.71715979216796,133.174468239012,24625300
2019-01-02,134.39283752441406,136.2054786802697,127.34038765256496,127.76631623160763,28146200
2019-01-03,130.49021911621094,135.86869873149288,129.8760906325158,133.41223013880992,22717900
2019-01-04,136.64129638671875,136.69082507078275,132.4811438638927,132.73867186138023,29002100
2019-01-07,136.7403564453125,137.55256944662003,134.62065870634493,136.2549995143873,20089300
2019-01-08,141.17784118652344,141.78205482596397,138.21620136139165,138.5628870171809,26263800
2019-01-09,142.86170959472656,143.3272519915252,139.92979908938983,141.59385395230558,22205900
2019-01-10,142.83201599121094,143.18860138665332,139.50389067175985,141.72264592273845,16125000
2019-01-11,142.43580627441406,143.98100450340465,141.21747922679185,141.79196360297962,12908000
2019-01-14,144.01071166992188,145.17952509001276,139.92980217550297,140.65287257016718,20520300
2019-01-15,147.5369415283203,149.25052517201027,144.605030852391,144.62483023474576,24069000
2019-01-16,146.14028930664062,148.23027245470783,145.6054189077648,147.58644501535343,18025700
2019-01-17,146.89312744140625,147.58648373817482,145.11020045397726,145.55592842232608,15787900
2019-01-18,148.6165771484375,150.98390282539242,147.14072231955117,148.3293350029457,31029600
2019-01-22,146.17005920410156,150.09248352278297,144.9814311181652,147.78458565270518,22378700
2019-01-23,142.9310760498047,147.3883860194616,141.70283408378035,146.87331485770505,20098400
2019-01-24,144.446533203125,145.05074682385273,141.16793712381084,143.26782014678474,20955500
2019-01-25,147.59634399414062,148.40857194907525,145.1497755539269,146.080860238255,22237200
2019-01-28,146.0709991455078,147.5468694195783,144.82295781501423,146.6454986794272,15508500
2019-01-29,142.8220977783203,146.69500793774904,142.06929808887804,146.6850931329732,17632100
2019-01-30,148.99298095703125,149.51795169890255,144.31775784471924,144.83282889649075,44613200
2019-01-31,165.10865783691406,170.05130933460404,163.43468800816098,164.02900201016746,77233600
2019-02-01,164.13795471191406,167.4957939717502,164.0884260273908,164.26671115483558,30806500
2019-02-04,167.64437866210938,167.69390735069518,162.06778385889672,164.12805336898955,20036000
2019-02-05,169.53623962402344,170.34845257284368,167.08967085874446,167.54529845797657,22557000
2019-02-06,168.8726043701172,170.83381631438354,167.66417703222777,169.5758602926726,13281200
2019-02-07,164.8015899658203,167.6344583037022,163.68230522071042,166.60431611863686,17517600
2019-02-08,165.7425537109375,165.782167583539,162.65215777100067,162.90968572798542,12561400
2019-02-11,164.21719360351562,166.70339166323188,163.51393762331796,166.30717727421657,12811200
2019-02-12,163.4742889404297,166.74298546450234,162.9394184722146,165.2770301867724,16292300
2019-02-13,162.51348876953125,164.64308585219865,162.17670283467527,163.8110584899125,14205100
2019-02-14,162.3946533203125,163.3059237471632,160.71078372473983,161.64186864961852,12755200
2019-02-15,160.95838928222656,163.13751522201042,159.33394829649333,162.94931530245077,15504400
2019-02-19,160.75038146972656,162.59273663650987,158.8089840508129,158.97736948206332,14345400
2019-02-20,161.01780700683594,162.16680582941174,159.72023726497466,160.71075036429232,11770700
2019-02-21,158.52169799804688,160.70083874601917,158.07597015924503,160.3937670122381,15607800
2019-02-22,160.3541717529297,160.86924281805312,158.7891591768466,159.05660195678024,15858500
2019-02-25,163.05824279785156,164.49449871770892,161.35455925407328,161.52295976191363,18737100
2019-02-26,162.5729522705078,164.66293593170582,162.24608106881902,162.78095159901576,13784100
2019-02-27,161.26544189453125,162.37481177476823,158.8882164043003,161.35458444975794,12697500
2019-02-28,159.9183349609375,161.94888981320577,159.33393586665466,160.829605187793,11114200
2019-03-01,160.740478515625,161.58242076881743,160.15607936361377,161.0574499896844,11097800
2019-03-04,165.78216552734375,165.91093706125397,162.2757559554462,162.34508401014645,18894700
2019-03-05,169.63523864746094,170.2493669405019,164.9699312193576,165.78214396121098,28187900
2019-03-06,170.87342834472656,171.9233850426753,169.64520163781978,171.25972789190405,21531700
2019-03-07,167.52552795410156,170.11076840574484,166.01994342808592,169.87303976036313,18306500
2019-03-08,167.9910125732422,168.01081195134498,164.3954455097759,164.62325927019063,13184800
2019-03-11,170.43763732910156,172.64647784097298,169.9522803524159,169.97209485110596,18884000
2019-03-12,170.2890167236328,172.1511862579482,169.5956605504402,170.4574021432631,12155300
2019-03-13,171.72525024414062,172.37899251344837,170.48710887682918,170.6852235868233,11973300
2019-03-14,168.55560302734375,169.52630157936215,166.56467724825887,168.1494890515908,18037400
2019-03-15,164.4053955078125,165.9902228546887,160.96831310157626,165.57420907679128,37135400
2019-03-18,158.94764709472656,162.34509995956293,157.76893402275272,162.01824391896045,37524200
2019-03-19,160.03721618652344,162.26587076408438,159.29433132733644,159.94805851675733,25611500
2019-03-20,163.87049865722656,164.54404034738099,159.71034643218633,159.96787441123985,20211500
2019-03-21,164.50442504882812,164.81148170574508,162.19652760570145,163.32571198721956,16223000
2019-03-22,162.7809295654297,165.8317119208794,162.53330127470193,164.0784993905981,16389200
2019-03-25,164.71240234375,164.96003059709344,160.46310816654938,161.45362117992315,12631200
2019-03-26,166.0892333984375,167.84244586006625,164.7718642436992,165.76237736782358,15437900
2019-03-27,164.2964324951172,167.3373155116427,163.22667634178086,166.25765966658372,10620300
2019-03-28,163.97947692871094,165.13837565546734,161.78053623259882,163.00877814386112,10443000
2019-03-29,165.10865783691406,165.60391446724182,163.24648807039117,164.81150083591083,13455500
2019-04-01,167.0995635986328,167.29766320371212,165.6930367543293,166.23782200382072,10381500
2019-04-02,172.5474090576172,173.24076532560446,167.94152838581383,168.5259275892579,23946500
2019-04-03,171.89366149902344,176.27174333238733,171.30926231316073,172.84456086225086,27391100
2019-04-04,174.35011291503906,176.3113245403574,173.86475607497275,174.35011291503906,17847700
2019-04-05,174.052978515625,175.3208341864952,173.4388651758687,175.20197744048605,9594100
2019-04-08,173.2704315185547,173.83503118225656,172.5770754426278,173.54778906295434,7297400
2019-04-09,175.8953399658203,177.49006685951855,173.88459933211806,173.9539273984359,19751000
2019-04-10,176.13302612304688,177.09380981291196,174.86515559823584,176.4895962879275,11701500
2019-04-11,175.8259735107422,176.7075295580152,175.32081727489933,176.5490589499665,8071000
2019-04-12,177.4009246826172,177.9258954828615,176.26182540519412,176.3113540892616,12329800
2019-04-15,177.94570922851562,178.78765158352516,175.19208344926048,176.80662497318139,10834800
2019-04-16,177.17311096191406,178.4607812880021,176.60852623438825,177.301882528733,11215200
2019-04-17,177.0839385986328,179.02535101020712,176.66792489201643,177.89616663109658,9973700
2019-04-18,176.5886993408203,177.18301333084645,175.65761447632792,177.10377045790747,11655600
2019-04-22,179.7187042236328,179.94651801096805,176.55896492951052,176.55896492951052,13389900
2019-04-23,182.03652954101562,182.47235780282423,179.75834597231,181.00640237913157,19954800
2019-04-24,180.8478546142578,183.38356532543315,179.9266697196662,182.73973795927762,37289900
2019-04-25,191.4265594482422,196.59703912534619,190.29737510002585,195.11126945063884,54148800
2019-04-26,189.67335510253906,191.0699670584721,187.2961146424683,190.67376787214204,22075000
2019-04-29,192.93214416503906,193.5561722666779,188.8413201459058,189.13847710449718,19641300
2019-04-30,191.56524658203125,195.51739968587646,190.45587663598292,192.34776047285834,23494700
2019-05-01,191.19876098632812,194.3188715076514,191.17894649048213,192.93215907907037,15996600
2019-05-02,190.70350646972656,192.1595620926439,187.94988096432567,191.1690488859808,13209500
2019-05-03,193.61558532714844,194.29904174366112,191.87228781609528,192.53592973986034,14575400
2019-05-06,192.0406951904297,192.43689440653358,188.7422845729569,189.4257410676627,13994900
2019-05-07,187.9696807861328,191.0699766034153,186.06789739149028,190.7133912722929,16253000
2019-05-08,187.7418670654297,188.91068051185528,186.76126866107327,187.59329612962784,12505700
2019-05-09,186.8603057861328,187.96969082779606,184.492979885113,185.42406469467448,12967000
2019-05-10,186.55323791503906,188.1974933262038,182.83881370465346,186.4640953613572,12578500
2019-05-13,179.81776428222656,183.67086012432736,179.12440804727893,181.7591768541123,16833300
2019-05-14,179.0154266357422,181.74925243883155,176.4103874849534,180.78845353180816,17628100
2019-05-15,184.50289916992188,185.50331206723598,178.31219163053038,178.7083908674386,16746900
2019-05-16,185.21607971191406,186.79099216610493,183.29448157151535,183.29448157151535,12953100
2019-05-17,183.54209899902344,185.80046788610042,182.5317713030052,183.08645627680912,10485400
2019-05-20,180.986572265625,182.4822417495698,179.64937340627384,180.15454480888877,10352000
2019-05-21,183.06666564941406,183.93830702963245,182.14548046998368,182.81903733755027,7502800
2019-05-22,183.56190490722656,184.9684317718643,181.86812076414452,182.97749065985175,9213800
2019-05-23,179.1540985107422,182.15535197703366,177.96548582051304,180.68939682955207,12768800
2019-05-24,179.34230041503906,181.88792635021966,179.11448663276428,180.6002562906121,8807700
2019-05-28,182.5614776611328,182.9576919925962,179.72860942580263,179.81775198262014,14843300
2019-05-29,180.4615936279297,182.80910496228853,179.62956620740138,181.75916343914122,12797700
2019-05-30,181.27381896972656,181.73936139229684,179.17393577960166,181.34316214986916,8581500
2019-05-31,175.78636169433594,178.82722906290735,175.47930505048348,178.56970109703798,15226500
2019-06-03,162.5927276611328,173.3893300734658,159.4825169721261,173.33980139311865,56059600
2019-06-04,165.9109649658203,166.68356407116542,159.3141432687668,162.15692649826045,46044300
2019-06-05,166.57461547851562,167.11940080203408,163.068205138654,165.89115890119547,19758300
2019-06-06,166.73309326171875,168.09009154578806,165.64352266675132,166.70337907404075,12446400
2019-06-07,171.70545959472656,172.22051554761427,167.23823564135145,168.55561993683688,16917300
2019-06-10,173.16151428222656,176.17266757578687,172.15118664812397,173.09217110773463,14767900
2019-06-11,176.410400390625,178.27255485967893,175.1128154512004,176.78678511505504,15266600
2019-06-12,173.37940979003906,177.56929116769706,171.23991293854624,176.68773509588837,17699800
2019-06-13,175.78636169433594,176.34104661407335,172.9534936136508,173.8647638552238,12253600
2019-06-14,179.60972595214844,180.11488214629688,178.29234183490703,178.79749802905545,16773700
2019-06-17,187.2169189453125,187.70227591776157,182.66056669857875,183.25486562778718,29459900
2019-06-18,186.6820526123047,192.68456110562752,185.5033393054839,192.159590238326,37571400
2019-06-19,185.70140075683594,186.31552918614284,182.79920448790395,185.22595867772026,21417100
2019-06-20,187.7319793701172,189.34652084114668,185.85990988923155,189.13850640370026,14635700
2019-06-21,189.32666015625,190.1785019675408,186.9593346165277,186.9593346165277,22751200
2019-06-24,190.7728271484375,192.13972493487353,189.75259987502665,190.5945269329709,15509000
2019-06-25,187.04849243164062,191.30770183579463,186.3452365860194,191.0501738677409,16750300
2019-06-26,185.8797149658203,188.95029688721868,185.53302929232473,187.74186954661943,12808600
2019-06-27,187.7022247314453,196.99324206387658,186.48389790047298,188.078624530457,11159000
2019-06-28,191.16903686523438,191.36713647130404,188.13806906167824,188.74228268431094,16378900
2019-07-01,191.16903686523438,193.42740562529704,190.10918054601342,193.35807756448665,14181800
2019-07-02,193.15005493164062,193.15005493164062,190.88178657774503,191.16902872721354,9050000
2019-07-03,195.3291778564453,195.52727745116385,192.31802472024478,192.31802472024478,10246100
2019-07-05,194.53675842285156,195.2004154716391,192.3279185368335,194.31884434110665,11164100
2019-07-08,193.90284729003906,194.81411756724523,191.80296426491321,193.33826265824044,9723900
2019-07-09,197.32012939453125,197.56775767968807,193.04110537228655,193.12034823722047,14698600
2019-07-10,200.80673217773438,201.0345610905885,197.77576427380922,198.10263543596233,20571700
2019-07-11,199.32093811035156,201.866563920071,198.31062567491028,201.33167840575052,13678500
2019-07-12,202.9264373779297,203.35236591937706,197.27061538811301,197.78567137744778,15366300
2019-07-15,201.9755401611328,203.3820670212657,199.90537130379838,202.31231100496086,16030300
2019-07-16,201.9061737060547,203.52071479182533,201.17320373212064,201.95570238067904,12132700
2019-07-17,199.88555908203125,202.4212703580955,199.67754466787113,202.24297012966807,12083700
2019-07-18,198.875244140625,200.54921390940845,197.48853167099915,198.25121597227718,11937900
2019-07-19,196.4781951904297,200.41053372817643,196.19095301810967,200.26194768260535,12098300
2019-07-22,200.40065002441406,200.64827833942206,196.9239388087206,198.013509440369,13589000
2019-07-23,200.4402313232422,202.30240078589875,199.0535190302195,200.9156733788456,14583700
2019-07-24,202.7183837890625,202.86695468581541,195.34896502955436,195.7550789660499,32532500
2019-07-25,198.805908203125,206.68048500865785,196.37913880631078,204.73907251401283,39889900
2019-07-26,197.8550262451172,200.95533762552375,194.38822979025906,198.2908545034018,24434000
2019-07-29,194.08116149902344,197.73615767560315,193.4472336468546,197.11212951451913,16530800
2019-07-30,195.17068481445312,196.8248549090843,191.6642752659621,193.53634432678936,11903600
2019-07-31,192.38739013671875,196.87441408586193,190.85209152995802,195.08158746736086,14593500
2019-08-01,190.90158081054688,196.5871313050082,189.06914068927685,192.32792205752185,17777000
2019-08-02,187.22679138183594,190.79262949223292,186.2858069546769,189.28706045439066,15297000
2019-08-05,180.00595092773438,183.90857516587192,177.63862509840143,182.93787650858883,23086700
2019-08-06,182.7595977783203,184.0274535532137,181.3530707503615,181.94738475723221,18035700
2019-08-07,183.3935089111328,184.60193619774512,179.50079937526576,181.8582255760392,15833200
2019-08-08,188.35598754882812,188.5342726642332,182.30395149117408,184.84956247221297,14828900
2019-08-09,186.0679168701172,189.16821301195597,185.3448313279026,188.19751427551662,11058800
2019-08-12,183.61143493652344,185.81037554412526,182.71007937246026,185.07740541761308,10930900
2019-08-13,186.66220092773438,189.56441232948268,183.61141859843553,183.76000464001737,13577000
2019-08-14,178.00511169433594,184.22553260795206,177.6088973951702,184.0373327051021,18903700
2019-08-15,180.85781860351562,181.46203231701415,178.3221069908115,179.23337740699998,12925900
2019-08-16,181.95724487304688,183.3439722161201,180.62996100895813,182.00677354851908,12654600
2019-08-19,184.40383911132812,185.72122347016028,183.09636955739475,184.24535337326594,9691200
2019-08-20,182.06619262695312,184.23541852133607,180.6596659766565,183.6906333469887,10083400
2019-08-21,181.8086700439453,184.13636660069616,181.40255607346376,183.24491091752,8398200
2019-08-22,180.31300354003906,182.3633729739309,178.20322085062142,181.6898161862161,10821400
2019-08-23,176.06370544433594,181.39267081691872,174.9840497809335,179.12438732933424,17323400
2019-08-26,178.64895629882812,178.7876275383409,176.54907321076817,177.69805700357497,8773600
2019-08-27,179.58004760742188,182.29404412397164,179.29279031328514,180.20406065083043,14399600
2019-08-28,180.03564453125,180.22384442690856,177.2225911277999,178.8173177251835,9386100
2019-08-29,183.80953979492188,184.31469608041834,181.72945605175894,182.0266130313582,10128700
2019-08-30,183.90858459472656,185.02786935065186,181.7195588798664,185.00805485466208,10774500
2019-09-03,180.65969848632812,183.90858051103484,180.38235600475792,182.25442531237266,9779400
2019-09-04,185.36465454101562,185.96886824613696,182.14548638229422,182.89827103374327,11308000
2019-09-05,189.08895874023438,189.5446014501332,186.15704821107946,186.74144735596775,13876700
2019-09-06,185.71131896972656,188.4055159908817,184.58213456483298,188.4055159908817,15226800
2019-09-09,186.9692840576172,187.18719819156348,184.08690185684284,185.94905657324745,14722400
2019-09-10,184.40383911132812,186.31553743087753,182.79921257703614,185.66179509689493,15455900
2019-09-11,186.7018280029297,187.64281246717204,184.31468769789163,184.69108752920104,11761700
2019-09-12,185.69149780273438,189.1186647707536,185.4537692103392,188.05882358030752,11419800
2019-09-13,185.41416931152344,186.18676840250643,184.77032665968292,185.55284055569905,11441100
2019-09-16,184.453369140625,186.00846700387407,184.00764122384822,185.15662504810942,8444800
2019-09-17,186.2957305908203,186.5334592076829,183.77981851629684,184.88920361428976,9671100
2019-09-18,186.35516357421875,187.286248454078,184.24536550024126,186.30563488856038,9681900
2019-09-19,188.33616638183594,189.28706563907247,186.36503980739397,186.87021117787594,10392700
2019-09-20,188.1281280517578,191.26806758240704,186.3353019284095,188.85121342853432,19934200
2019-09-23,185.04766845703125,188.29655028368404,183.4529417282023,187.54375063900034,13327600
2019-09-24,179.5602264404297,186.2560900357363,178.67867032274856,186.1966616637178,18546600
2019-09-25,181.06582641601562,181.67993979891128,176.18258819934152,179.728627473352,18068300
2019-09-26,178.4013214111328,179.67907670555124,175.9844669426517,179.60974864537337,16083300
2019-09-27,175.41989135742188,179.04515813298937,173.9935499507578,178.77773045476368,14656200
2019-09-30,176.3905792236328,176.97497834037966,175.17225231105203,176.18256481707957,10740000
2019-10-01,174.1421356201172,178.1339028900037,173.22096553354325,177.45044631530277,17073000
2019-10-02,172.94361877441406,174.85530208420636,171.44793410017033,173.1813322804418,16151700
2019-10-03,177.67825317382812,178.13388075766372,171.98280257766527,173.90440050139824,16086300
2019-10-04,178.73809814453125,179.26306891445384,176.41040126812752,177.84664233893517,10430200
2019-10-07,177.97540283203125,179.46117261792924,176.40049048634702,178.2923743077581,9178300
2019-10-08,176.06370544433594,178.65884495813677,176.03399126013443,176.56886168979187,9466900
2019-10-09,178.14378356933594,179.00552511286097,176.25189995825832,177.46032712556223,7556900
2019-10-10,178.32208251953125,179.88709512192398,177.47024059959676,178.6093397990379,8605000
2019-10-11,182.442626953125,184.72081031379022,180.4120718900531,180.4219715809054,14930500
2019-10-14,181.54127502441406,182.86855920888007,180.8380190506592,182.45254543975042,7006000
2019-10-15,187.09803771972656,188.57390782859102,181.91765791631204,182.0563291597332,15039100
2019-10-16,187.75177001953125,187.90034094595524,185.12690111180197,186.53344308076112,10516900
2019-10-17,188.5838165283203,189.02954446675017,186.97918990435977,188.49467396344087,9603000
2019-10-18,184.08688354492188,189.67337736648975,182.17518521710943,188.42532106639536,16874200
2019-10-21,187.95977783203125,188.1083638792181,184.9783385658105,185.26558074125407,8122600
2019-10-22,180.61016845703125,188.8413305118659,179.77814101852795,188.19750299460227,19537600
2019-10-23,184.38401794433594,184.61184685231916,180.27339439253623,180.28329408304498,12300400
2019-10-24,184.61184692382812,184.95851746014466,181.06580801028028,182.86853409560763,11413500
2019-10-25,186.10751342773438,187.20698361862725,183.33407361057812,184.0670587758504,8061200
2019-10-28,187.60316467285156,187.7319362051879,183.32415617785043,185.42403899671018,13657900
2019-10-29,187.51405334472656,190.70350708967274,186.68202587579245,189.87147962073865,13574900
2019-10-30,186.464111328125,188.64323736200848,184.21564211497505,187.76168121181794,28734600
2019-10-31,189.8318634033203,196.21077132248465,186.46412430869682,194.83395847265507,42286500
2019-11-01,191.7831573486328,192.26851424857645,188.10836190944954,191.0204730810479,21711800
2019-11-04,192.8727569580078,195.49761123868092,191.9713861997261,192.70437150547727,16371300
2019-11-05,192.47653198242188,193.89295860150597,191.76336127039724,193.5165587495952,9942000
2019-11-06,189.73281860351562,192.52605814665964,189.53471897366683,192.18928726451335,10973000
2019-11-07,188.61351013183594,191.60486404381646,187.67252567250665,190.08938015013123,13473000
2019-11-08,189.02952575683594,190.51529548056422,187.9003413713637,188.1974983389156,10760800
2019-11-11,187.8112030029297,188.2767454025339,186.75134665497026,188.12815935842931,8631200
2019-11-12,192.62509155273438,193.2094906779906,187.93996863227306,188.19749660763233,17615500
2019-11-13,191.3572540283203,193.8434368037461,190.91152609598143,192.85292357008973,10860700
2019-11-14,191.317626953125,192.1892834439716,189.63375746183442,191.09971283041335,9040500
2019-11-15,193.24911499023438,193.44721459064158,191.54543122147712,192.41707248607497,11524300
2019-11-18,195.5272979736328,196.7456400813876,191.2185746586491,192.7142441368938,16167200
2019-11-19,197.4291229248047,198.10266473015093,194.99245349844892,195.52732404304544,19056800
2019-11-20,195.63626098632812,197.69653030124712,193.57599167140913,196.69611738833362,12355400
2019-11-21,196.05227661132812,197.20127558697376,194.99243531316182,195.54712030443008,12131000
2019-11-22,196.93385314941406,197.40929528117786,195.74522514895523,196.49802489778352,9959800
2019-11-25,197.89462280273438,199.06343622164064,197.35975233240896,197.62719512458756,15272300
2019-11-26,197.0823974609375,198.25119569234204,196.16121239646387,198.10262476937731,11735500
2019-11-27,200.0836639404297,201.21284836998765,197.52813810216017,198.00358020038675,12736600
2019-11-29,199.72708129882812,201.86659344093158,199.30116787701886,199.68746742095152,7985200
2019-12-02,197.8054656982422,200.26193398723598,196.17112510695046,200.21242042279675,11503400
2019-12-03,196.93385314941406,197.04279509828882,193.22932812458748,195.72542576590502,11595300
2019-12-04,196.8248748779297,198.13234437790393,196.17113257092697,198.10263019249757,8456300
2019-12-05,197.46868896484375,199.38037196159073,196.32960496423632,197.96394550667833,9740400
2019-12-06,199.14268493652344,199.65775604035065,198.16207141243487,198.59789964536313,12270600
2019-12-09,199.42991638183594,201.212843095993,198.31064678647374,198.74645988190645,11954800
2019-12-10,198.96437072753906,200.13318409868648,198.2512000535582,199.74688457644945,9475700
2019-12-11,200.34120178222656,200.70770195728977,198.37998980579962,198.37998980579962,8036800
2019-12-12,194.88348388671875,201.7279341400446,192.25862979357814,200.43036418781156,23734800
2019-12-13,192.2685089111328,194.93299171341098,191.33742412820706,194.53677738342594,18798000
2019-12-16,196.0423583984375,197.23097114086244,192.96186193565225,193.4175046291645,14911500
2019-12-17,196.50791931152344,197.11213298705007,194.26936485031013,196.95364724270777,10175700
2019-12-18,200.5789337158203,202.3618605938786,198.19179314892094,198.19179314892094,23274400
2019-12-19,204.1051483154297,204.34287692534505,200.5888234198457,200.8562662167465,16514600
2019-12-20,204.3428497314453,205.73947679002524,201.50006693789038,205.51164790141374,27306900
2019-12-23,204.22402954101562,206.61117027517278,203.72877287985608,204.73910070055103,13348900
2019-12-24,203.174072265625,204.82822757343354,203.05521551254714,204.34288575567714,6046300
2019-12-26,205.8187255859375,205.8484548860392,203.36225714860623,203.6198002465895,9350700
2019-12-27,206.12579345703125,206.94790607475906,204.6301089210467,206.69037809569033,10284200
2019-12-30,202.4707794189453,205.9276603458028,201.96560808237973,205.88804647334175,10524300
2019-12-31,203.3028106689453,203.60986730700924,201.66847012452692,202.0646693128616,8953500
2020-01-02,207.78985595703125,207.7997556478878,204.31316009837255,204.78860219802792,12077100
2020-01-03,206.69036865234375,208.40395209907635,204.98668489565065,205.24422797698392,11188400
2020-01-06,210.5831298828125,210.76141501890766,204.56080731216628,204.73909244826143,17058900
2020-01-07,211.0387420654297,212.544326376281,209.74117217881417,210.8010285680541,14912400
2020-01-08,213.1782684326172,214.18859620589004,210.5930281781473,210.9793277511585,13475000
2020-01-09,216.2290496826172,216.30829255783473,214.22820864696453,215.47624992506684,12642800
2020-01-10,215.9912872314453,217.7940283537506,215.3573594430147,217.1204715769008,12119400
2020-01-13,219.8048095703125,219.86423794994275,217.13042668871674,217.51672627034685,14463400
2020-01-14,216.98182678222656,220.27033797627362,216.55591334602727,219.5076385536006,13288900
2020-01-15,219.052001953125,219.57697277311985,218.05158899906618,218.51713144155715,10036500
2020-01-16,219.66612243652344,220.5179644157339,218.29920934768901,220.4585360403989,10015300
2020-01-17,220.0325927734375,220.1811637018355,218.43786598116318,219.9236357212685,15905900
2020-01-21,219.33924865722656,220.26041869206054,217.0412507446405,220.0524193808545,14275800
2020-01-22,219.22039794921875,220.63682463038185,219.18076895568498,220.20099638570625,12212800
2020-01-23,217.6751708984375,219.38876958117424,217.18982911343474,218.65578438725052,11195000
2020-01-24,215.87245178222656,219.67601888789403,214.05981079108062,218.7053201723297,11905800
2020-01-27,212.83155822753906,214.01027130825997,210.48404687069478,211.078360813354,13810700
2020-01-28,215.723876953125,216.6648766444392,211.4943962011496,214.08953611437505,13413800
2020-01-29,221.1122589111328,222.07305793080403,216.37760699198483,219.33924692122235,33181300
2020-01-30,207.542236328125,209.42420542364107,202.80758428745978,204.57069663160544,48775500
2020-01-31,199.99449157714844,206.71016878068278,199.152549447354,206.45262571724803,31359900
2020-02-03,202.2528839111328,203.19386838731398,200.578914257847,201.50999904351116,15495600
2020-02-04,207.83935546875,208.60205475054917,203.25327520251756,204.65980192236208,19628900
2020-02-05,208.11672973632812,210.71186949231432,206.7300172974115,210.49395537848,12538200
2020-02-06,208.84971618652344,209.18648705025322,207.35403156778628,208.47331633057124,10567500
2020-02-07,210.3156280517578,210.80098486499617,207.9383877726242,208.30488786181598,12242500
2020-02-10,211.0387420654297,211.77172728174605,208.661516407481,209.5133583724852,11856400
2020-02-11,205.22442626953125,208.85960779256362,204.55086945411307,208.1959657818333,25030800
2020-02-12,208.76052856445312,209.21617122545632,205.43240405469885,205.87814702608262,13813700
2020-02-13,211.1179962158203,212.29670941672606,207.19555704519584,207.53234304119243,15396600
2020-02-14,212.14810180664062,212.89098667822543,210.63261787773015,211.96981669219537,10741700
2020-02-18,215.73374938964844,215.91203448728334,211.37548281886998,211.52406884759571,15609200
2020-02-19,215.4267120361328,216.24883977042865,214.05979904248056,215.92196861481477,12135100
2020-02-20,212.54434204101562,216.69459511427314,210.9298005535298,214.46594022793008,13109200
2020-02-21,208.18606567382812,212.20756212682346,206.848881867314,211.45476239091698,14092300
2020-02-24,198.8157958984375,201.71799210344608,196.289984403841,199.88555188840886,23080100
2020-02-25,194.90330505371094,201.56945528908142,194.09107689805575,200.33131367182662,21433500
2020-02-26,195.3291778564453,199.30114501079282,193.63540894046696,195.31927816661997,16524500
2020-02-27,187.94989013671875,194.0217412263744,187.70226182296813,190.0002598293096,21682600
2020-02-28,190.64407348632812,190.91151627759012,180.0951141360233,180.96675545927118,32568900
2020-03-02,194.57638549804688,194.7051570307305,187.05839509377228,192.18924542585017,24949000
2020-03-03,184.12649536132812,195.3688260570718,182.2247118597475,194.35849837640868,27984100
2020-03-04,189.94081115722656,190.01015433792102,184.621759959441,187.3753855241149,23062500
2020-03-05,183.41334533691406,187.19711338505772,182.1454895262562,185.00807234916815,19333400
2020-03-06,179.3720245361328,182.03650735506156,174.5878441591396,176.638213655293,24559600
2020-03-09,167.89198303222656,173.3398054904994,163.6228736695342,167.99104039526233,29949000
2020-03-10,176.49952697753906,176.59856921646673,167.89196595095333,173.01291672704218,24517800
2020-03-11,168.6249542236328,174.21144745796823,166.06942863258158,172.35917769838207,20373900
2020-03-12,153.0045623779297,165.0194913225158,152.8757908362418,158.0264560213582,43266300
2020-03-13,168.66458129882812,169.1697375742382,156.1048815638944,161.97861740448548,35028600
2020-03-16,144.62481689453125,157.6203594578256,141.74243516842478,150.87496745030987,39120400
2020-03-17,148.00247192382812,152.47959555940798,138.6718399360973,149.30995652653198,34255600
2020-03-18,145.56581115722656,146.7742232287653,135.79935143154705,138.42420508887238,37553100
2020-03-19,151.6772918701172,158.412769570759,143.4263150613957,145.22904123462826,39862300
2020-03-20,148.3095245361328,157.75902812085627,146.59594107842844,154.5398604958232,32568400
2020-03-23,146.69500732421875,150.8650593288481,140.9004992024424,148.24020545961736,29830800
2020-03-24,159.45281982421875,159.77969101259848,151.12261482242425,153.7375692154293,30440400
2020-03-25,154.72808837890625,161.44376730627164,151.60796243291432,157.41237094305384,35184300
2020-03-26,161.79042053222656,162.44416286380218,155.53038504213757,156.74871203168718,26556800
2020-03-27,155.3025665283203,158.57126329109138,153.28192613924398,156.6991938445821,24879900
2020-03-30,164.37564086914062,165.1680543475872,156.56049335494643,157.66986315635367,22515200
2020-03-31,165.21759033203125,169.30839921268645,162.64225019167088,163.91010576765518,23676300
2020-04-01,158.08590698242188,162.59272978632507,156.5406937511629,160.08673269112347,19507600
2020-04-02,156.6892852783203,159.81931061273542,154.44081608594902,157.59065591626177,20886300
2020-04-03,152.71731567382812,156.4119407375599,149.39910557107916,155.65914104365785,25983300
2020-04-06,163.97947692871094,164.62330451667566,157.00625495656138,158.63069613518147,28453600
2020-04-07,167.22833251953125,171.74506994621117,164.43507825543503,170.1602429023796,31411900
2020-04-08,172.62664794921875,173.33981869812797,166.1486979463317,169.6253940117395,21664200
2020-04-09,173.5279998779297,175.40006911296433,169.9423471380508,174.23125574534905,23534300
2020-04-13,173.1317901611328,173.33980457679883,167.8424534659855,172.0224202483314,19355400
2020-04-14,176.479736328125,179.5107043241692,174.9444378340282,177.28204960777998,21011800
2020-04-15,175.29110717773438,176.4995343872055,171.18048379593102,173.5279950420858,17423000
2020-04-16,174.5779571533203,176.36088399386284,170.873432224306,176.26182662504232,23593200
2020-04-17,177.53958129882812,178.5697083179921,174.98405557467203,177.49995230922693,20974800
2020-04-20,176.54905700683594,178.78761112895089,175.0930015685747,175.72692933588345,16110700
2020-04-21,169.17965698242188,173.71620923600642,166.74298786889506,173.58743768397315,24850500
2020-04-22,180.5507354736328,183.0270183445286,176.4500116439906,176.7570683017367,33242000
2020-04-23,183.3737335205078,185.2755172579139,181.4125062888419,182.33369152444868,21426600
2020-04-24,188.26687622070312,188.6036471261304,179.114527594269,181.49175354485848,28792000
2020-04-27,185.72122192382812,191.91192932128905,185.6320793646723,190.83227357853949,29197800
2020-04-28,181.17478942871094,187.40511137014113,180.82810373173643,186.87024084393002,21731000
2020-04-29,192.3477325439453,195.04192926232105,188.19748042578456,189.11865031208174,45954500
2020-04-30,202.7679443359375,207.7006953659654,199.65773379139367,204.9569698337117,46230100
2020-05-01,200.35110473632812,205.31357031681745,197.16165109419939,199.6874627207839,30415600
2020-05-04,203.31272888183594,203.9565715140758,196.874393243627,198.3007346340291,19250700
2020-05-05,205.1055908203125,208.3841873377028,204.54099099962124,205.05606213382558,21071200
2020-05-06,206.49227905273438,209.59259007069178,204.6994526567762,206.14559340216545,21857000
2020-05-07,209.25582885742188,209.59261485730053,207.05688817966998,209.156786598426,15152000
2020-05-08,210.33546447753906,211.18730635477021,208.84969481590548,210.2265074311247,12506000
2020-05-11,211.1575927734375,212.9603340184686,208.37425315172027,208.88932423801938,12911900
2020-05-12,208.1068115234375,213.23766220480525,208.00775416631745,211.2665356647496,14704600
2020-05-13,203.15428161621094,208.78038984290347,200.19264144109707,207.44319085716188,20684600
2020-05-14,204.84805297851562,204.96690973792263,198.7861164242217,200.6383714571374,17178900
2020-05-15,208.8794403076172,209.3350679416188,202.1835610226065,203.32266033567623,19383200
2020-05-18,211.16751098632812,212.60375209984952,208.9388562920264,210.1373687971041,20151900
2020-05-19,214.82252502441406,218.39827857013364,210.8109432172055,211.24677147869448,31843200
2020-05-20,227.788330078125,229.1453283748717,221.07265154757792,221.37970823247397,50162900
2020-05-21,229.19482421875,234.9497028767117,229.00662431264297,232.4932346354918,47782600
2020-05-22,232.6814727783203,233.75122890933014,226.5700077976516,229.31371863683756,33925600
2020-05-26,229.9971466064453,238.6146078462338,229.47217585474306,237.4953382827712,33178300
2020-05-27,226.9661865234375,228.37271340715165,219.03218149536397,226.89685846103117,34697600
2020-05-28,223.3211212158203,229.43258607857584,221.8749652386441,222.17212223275237,29377200
2020-05-29,222.95460510253906,225.33184577143678,220.76557946762244,223.0635621554556,23241500
2020-06-01,229.70989990234375,230.23487064365784,221.37968098597398,222.45933665290062,18223800
2020-06-02,230.51222229003906,230.78956476389462,224.410657637154,228.7491100859438,20919000
2020-06-03,227.97653198242188,230.44290028825608,226.36199055738982,229.90802978639826,15380300
2020-06-04,224.14320373535156,229.43255519929482,222.47914897476215,227.38218581853587,17041500
2020-06-05,228.5807342529297,229.15523371974078,223.1725255577989,224.5592530992839,16750400
2020-06-08,229.2047576904297,229.35334374484927,225.2526195358098,226.85724614811966,15466500
2020-06-09,236.4058074951172,237.49537817072044,228.22417307824534,229.32364344579645,27462900
2020-06-10,234.4841766357422,238.92168648412354,233.04793557348057,238.6740581935946,20720700
2020-06-11,222.3008575439453,230.68060538824116,221.4292162551948,227.75859463768327,26708200
2020-06-12,226.41151428222656,229.4622968221468,222.3702185195023,227.71898387703106,22091400
2020-06-15,230.2943115234375,231.5522674785266,222.66736315385467,222.9546053223552,15340300
2020-06-16,233.4144287109375,236.19778348890512,230.78957478581037,234.89029881478237,15236700
2020-06-17,233.2955780029297,235.33603282230533,229.53162473596834,232.77060720431487,19578100
2020-06-18,233.70166015625,233.89975975083652,229.94760709280402,232.7606757464414,15782500
2020-06-19,236.5246124267578,238.54526757982674,233.31535971098864,235.53409934381074,30081300
2020-06-22,236.95054626464844,238.4165014285989,234.66246340959566,236.2968039877675,18917800
2020-06-23,239.94192504882812,242.8639359908621,237.5844987762971,238.99102571857034,24017900
2020-06-24,231.79991149902344,240.9126302387042,230.47261227738775,238.9117892719681,20834900
2020-06-25,233.44410705566406,235.04874846517487,230.5320114008355,232.39416564681687,18704300
2020-06-26,214.03009033203125,230.87871412874867,213.35653350849708,230.43298621933891,76343900
2020-06-29,218.5468292236328,218.65578627888797,205.14518699740606,207.7601412094983,58514300
2020-06-30,224.9158477783203,225.34176121511217,216.397427902158,218.4973111262216,33927100
2020-07-01,235.29640197753906,236.73264302328414,225.4011701607447,226.33225494067122,43399700
2020-07-02,231.20556640625,237.723144429715,230.4032532120446,236.73263132792454,30633600
2020-07-06,238.00048828125,238.11934501767033,230.0664837305502,231.54233858787134,26206200
2020-07-07,238.57501220703125,245.30059024829933,236.5543719101447,237.13877107628963,27887800
2020-07-08,241.26919555664062,244.6468490348312,234.34550317797846,235.85108740206294,29791300
2020-07-09,242.18045043945312,244.1911908024865,236.97035702851417,242.67570698431908,22174900
2020-07-10,242.74505615234375,243.16106984662514,237.04960574567934,241.37814321825448,22982700
2020-07-13,236.732666015625,247.77688267325132,236.15816651872325,244.6666716824609,24674900
2020-07-14,237.4557342529297,238.05004824119032,229.82878534509166,234.51390872770133,23378100
2020-07-15,238.00048828125,242.49742625354014,235.7916482832654,239.2584441598107,19133600
2020-07-16,238.64431762695312,239.46644532637873,234.08796636475367,235.74212145370734,18880700
2020-07-17,239.73391723632812,241.84371526493857,235.60347885698832,238.71368981264152,18152400
2020-07-20,243.09173583984375,243.71576396181058,233.4045184268022,237.78258474297175,20872200
2020-07-21,239.45655822753906,244.56760979887397,237.80240305160552,243.8841532950984,19364200
2020-07-22,237.5944061279297,239.60514679673167,235.86100795730505,237.9807056871076,15427900
2020-07-23,230.39337158203125,240.12020314477962,229.55142933389942,237.35667802433187,21771800
2020-07-24,228.52130126953125,231.27492668709075,224.74743337674522,228.00623018656836,18325800
2020-07-27,231.28485107421875,232.72109230861818,228.64018242808189,229.26421063149655,13163100
2020-07-28,227.9368896484375,232.7309849579204,227.64964747451697,232.40411379268076,14170100
2020-07-29,231.0767822265625,231.48289620344937,228.12505757661557,228.9471852198147,13588300
2020-07-30,232.27536010742188,232.66165967532066,226.82753716247169,228.03596455211053,20615300
2020-07-31,251.2635040283203,253.42283085610256,246.63780878566277,253.39311666657636,53005100
2020-08-03,249.5697021484375,252.97705471901895,247.95516086305807,250.25314353224238,23124900
2020-08-04,247.4599151611328,250.40174058128656,245.08267440703182,249.17349876929944,17183500
2020-08-05,246.7566375732422,249.8767631461195,245.41945385403616,247.81649392631718,13050100
2020-08-06,262.76336669921875,264.0708515083842,246.31094020142177,246.67742528549078,45241600
2020-08-07,265.8933410644531,276.2442151317351,260.93086072161253,261.57468819604213,72766400
2020-08-10,260.5050048828125,271.2619650996796,257.2264081901754,265.4972005124866,30248800
2020-08-11,253.70016479492188,263.397298023521,252.70965154009647,257.7216461912678,28238300
2020-08-12,257.4244689941406,261.39640604605995,255.6613266234654,256.5131836243569,21415700
2020-08-13,258.8210754394531,262.64447193825396,257.1075070264079,259.06870372832674,17374000
2020-08-14,258.7616271972656,260.1582542666289,256.22591613217014,259.82148344699,14792700
2020-08-17,258.6824035644531,261.59451448252577,256.93909084395773,260.0096874846264,13351100
2020-08-18,259.8511962890625,262.6345356096496,256.80042932051134,258.47439883435254,18690400
2020-08-19,260.0988464355469,265.3683836888908,258.8706197930617,258.9102487832246,23291500
2020-08-20,266.4579772949219,267.0720906693738,258.9795841699943,259.01921316359085,20299700
2020-08-21,264.47698974609375,267.9239569948425,263.8925904737837,266.1410449853566,15538600
2020-08-24,268.8153991699219,274.6197921703452,266.22022912375303,268.4984276825641,23685600
2020-08-25,278.1559143066406,280.40436830954553,267.69609770035703,269.82569495992783,42127200
2020-08-26,301.02679443359375,301.77959394900125,281.30567796047666,281.30567796047666,69015200
2020-08-27,290.438232421875,298.37225148034645,289.2496046923754,297.31239528148285,30301300
2020-08-28,290.8741455078125,294.4102853189513,288.219577061944,292.2014297307467,17157400
2020-08-31,290.41851806640625,294.06359983618796,288.7841469028503,291.16140305781613,17345100
2020-09-01,292.63714599609375,298.62973720383553,289.9330347823948,291.91406066634994,17295900
2020-09-02,299.6302490234375,300.71981961095383,290.2698870040415,296.0445960038457,24341400
2020-09-03,288.3581237792969,294.776658546497,280.93919149249115,293.1819169860851,32294100
2020-09-04,280.0478210449219,286.258328217927,268.56777614617977,284.52493003667655,30333700
2020-09-08,268.5875549316406,276.6503164206625,266.8640716880054,268.7064116756068,24864000
2020-09-09,271.1232604980469,275.8381127627822,268.7757491701544,273.1538003633552,22918800
2020-09-10,265.54669189453125,276.5116807577843,264.49675027438184,272.8963134636423,24814700
2020-09-11,264.08074951171875,268.8154323396788,260.14844053447484,267.4980326575694,18913900
2020-09-14,263.6251525878906,274.0156593878245,263.17943966561273,268.37963535535874,24093800
2020-09-15,269.83563232421875,271.915685962595,266.74520559884127,268.1022341401949,18478500
2020-09-16,261.02008056640625,269.8554734042522,259.3065117285296,264.7543354343842,29183400
2020-09-17,252.40257263183594,259.01919333691177,247.81649182918943,255.82973972800016,31281400
2020-09-18,250.13429260253906,256.7410288258022,247.67782414348895,255.94860014348706,28130800
2020-09-21,245.79580688476562,247.57873339447335,241.8139553127863,245.19159332075438,24709400
2020-09-22,252.33323669433594,252.8978364708211,245.86518673323664,250.90689527377543,30293100
2020-09-23,246.65760803222656,255.5424977739663,245.79585124714995,252.8384008960455,19641300
2020-09-24,247.1627655029297,249.84706301107562,243.28985513952165,244.16151161992903,20006800
2020-09-25,252.40257263183594,253.32374262300266,244.27045287536745,247.0339779628991,18351300
2020-09-28,254.38360595703125,257.1372314296016,252.4025795673241,256.9391166994054,18826300
2020-09-29,259.3064880371094,260.8318567711736,254.462863438966,255.36423417894977,20200200
2020-09-30,259.4153747558594,263.55571225771183,257.6324632676922,259.49463273154646,20142500
2020-10-01,264.10052490234375,265.78437911337403,262.28786891780663,262.83266928483647,20009800
2020-10-02,257.4739685058594,262.6345331100817,256.7211689035635,258.7319092161687,16367600
2020-10-05,262.1393127441406,262.3572268576038,258.3654598644868,259.71257353718573,12822300
2020-10-06,256.2061462402344,263.16945278093186,255.7901173986453,259.29654256724893,18696900
2020-10-07,255.67120361328125,257.7116579182915,252.40252289540658,256.75085912588906,23133400
2020-10-08,261.25775146484375,262.10957824268456,256.6914702410178,257.2857841614979,16312800
2020-10-09,261.9412536621094,262.23839556018595,259.6828845525268,262.01056661961593,14107800
2020-10-12,273.13397216796875,277.5219377027326,265.3287245366158,267.6366368592569,31019300
2020-10-13,273.52032470703125,276.4522352631806,270.79641345533537,274.9466358799191,18063300
2020-10-14,269.2413330078125,276.105582936024,268.92436149643237,274.986298068259,15577800
2020-10-15,264.189697265625,266.48769527790085,261.16864392129213,265.06135376876864,15416100
2020-10-16,263.4072265625,268.79562198629515,262.7831982713219,264.843483112928,16622700
2020-10-19,258.9201354980469,266.0022985880011,257.41456636811296,263.0109597093469,13587000
2020-10-20,265.0216979980469,267.1414106645317,260.386103675759,260.564388789371,18763200
2020-10-21,276.085693359375,280.36468645286106,273.74806701169484,276.9078058311252,28998600
2020-10-22,275.4815673828125,279.7705071054021,272.43079957272306,277.2149657410168,16720000
2020-10-23,282.0882568359375,282.53396962984647,274.193865586696,276.15506233602224,17535200
2020-10-26,274.4810791015625,282.52407111332707,271.6581408619,280.47370167832145,21322900
2020-10-27,280.60247802734375,281.8109052764516,273.688685375489,276.11545467815995,16287200
2020-10-28,265.13067626953125,276.14517799790576,264.72456223824327,276.14517799790576,23121800
2020-10-29,278.165771484375,280.90951202769,271.18266644875257,273.92637676400767,32368100
2020-10-30,260.6138916015625,274.07499145697483,256.6419545590416,271.89585050921016,47247800
2020-11-02,258.8805236816406,267.904114939418,254.89867137301752,262.0898071068625,27165700
2020-11-03,262.7830810546875,267.4880177016648,258.40503061826485,260.6633989996917,17961900
2020-11-04,284.6536865234375,286.19888468780647,275.97678127116257,278.3342075093332,35364400
2020-11-05,291.8843994140625,294.5587969335678,286.2087785733373,289.13077414517744,23823600
2020-11-06,290.62646484375,291.805177901876,285.3272134843867,291.1613504046963,13891000
2020-11-09,276.12530517578125,289.8042876366819,275.8875917226923,287.12000580202397,25117700
2020-11-10,269.84552001953125,271.4006330916168,261.49550049703225,270.50917720371734,29067700
2020-11-11,273.85711669921875,275.7588852285652,269.8950636636702,270.8756621169874,14957000
2020-11-12,272.4703674316406,277.09607754025734,271.82653987438977,274.5504512711215,12899500
2020-11-13,274.3226013183594,275.1249144707013,270.5091200298355,275.08528548484037,10391200
2020-11-16,276.3135070800781,276.759250035923,272.0245989497342,272.4405974956678,12970400
2020-11-17,272.39111328125,275.04568123958325,270.6973442770676,275.04568123958325,15040300
2020-11-18,269.3898620605469,274.75845662285235,269.2610905148217,271.9156584966269,12152900
2020-11-19,270.3507080078125,270.8756788583457,266.6362830574173,268.44890913286036,12963700
2020-11-20,267.14141845703125,270.41009988084903,266.8541611691242,269.9742716605982,18114700
2020-11-23,265.8834533691406,268.3795660011434,262.02045790064136,268.32013762686375,20990800
2020-11-24,274.29290771484375,275.1843634812098,265.3287458020022,265.94285910265296,16930400
2020-11-25,272.97552490234375,277.5219767920536,270.06341372152616,275.5013516597804,12467000
2020-11-27,275.1744689941406,276.48195366964677,272.2128442064356,274.7584703788838,7808400
2020-11-30,274.3424072265625,275.06549265245127,268.4389577712803,273.4113225190575,16693300
2020-12-01,283.83154296875,286.5554542457171,276.31355147168836,276.5116662012387,20738900
2020-12-02,284.79229736328125,289.0118925716153,278.1657627310632,282.65278557714254,17361600
2020-12-03,279.1761169433594,283.93056762420974,278.4035179520197,283.5343684388156,12921700
2020-12-04,277.04656982421875,280.7708791120946,276.65034033932363,277.64085359543014,10880300
2020-12-07,282.87078857421875,285.7531860437853,275.56082545877786,276.54142400015206,13007700
2020-12-08,280.71142578125,283.7126794713349,278.87897037473516,283.29668086846704,10747700
2020-12-09,275.2834777832031,284.9013537469798,269.17199724098793,280.9690146204818,25189700
2020-12-10,274.49102783203125,276.08576988793885,269.28091844832414,272.9260301926563,20065100
2020-12-11,270.95489501953125,273.857121896479,267.68621329439696,271.9256089137665,14391400
2020-12-14,271.58880615234375,274.59005982237187,268.9837517012774,270.7765781052313,16376900
2020-12-15,272.9359130859375,273.4608838976601,264.93257935151405,272.2227423390629,23979500
2020-12-16,273.0548095703125,275.22400584664956,269.9247839738761,272.15343885691533,15885000
2020-12-17,271.8760681152344,277.779518195203,271.0142962583711,274.44149362016714,16377800
2020-12-18,273.77783203125,275.3626591366418,268.5677533523085,273.15380390247185,26693200
2020-12-21,270.2021484375,272.06431839423163,265.24958162834935,270.39034839449323,16553700
2020-12-22,264.5561828613281,268.92434996323703,262.11952870673514,268.92434996323703,17312900
2020-12-23,265.56646728515625,269.58797850135994,263.70432794667806,264.3580702558719,14329000
2020-12-24,264.8631896972656,267.8347289165201,263.6745921463999,266.32915992753277,6702000
2020-12-28,274.3721923828125,274.66933429055587,263.13977484909367,266.1905426048415,23299700
2020-12-29,274.1542053222656,277.84882994221704,273.6589487890418,274.3226058439081,16383000
2020-12-30,269.2908020019531,275.44188012531293,269.13231627249957,275.3131388089401,11803800
2020-12-31,270.56854248046875,274.4612514275676,267.25031778952865,269.4195437400925,12900400
2021-01-04,266.3885803222656,272.39108694729583,262.68407121276135,272.1731728686156,15106100
2021-01-05,268.3993225097656,269.8157489172815,265.6654968173388,265.74475478909403,9871600
2021-01-06,260.8120422363281,265.20992349801384,257.54336059256485,259.5144722931078,24354100
2021-01-07,266.1905212402344,269.03328943239956,262.2680972324981,263.37746723645864,15789800
2021-01-08,265.0316162109375,266.3985292223334,260.68324888419426,265.76458628392135,18528300
2021-01-11,254.40341186523438,260.9705193520749,253.47232701994105,258.00889449646627,30412300
2021-01-12,248.7079315185547,257.2560644378407,247.92543281700054,254.19538257553936,26383500
2021-01-13,249.25277709960938,251.54086050435163,246.83592212374916,249.16363452608195,19528900
2021-01-14,243.3096466064453,252.6105643674245,242.28941928345847,250.99602311604312,29739400
2021-01-15,248.9753875732422,251.45167046400326,244.81523533956985,245.54820540225506,24942900
2021-01-19,258.6230163574219,259.7125869811391,250.32251046228353,254.4628486043435,28028500
2021-01-20,264.9425048828125,267.75555899046026,261.0993084928496,266.3787310120897,25199900
2021-01-21,270.28131103515625,271.0043964970448,264.9523455969533,266.7055731706139,20838700
2021-01-22,271.8958740234375,275.8282126455766,269.41959101775956,269.4295058227628,21954000
2021-01-25,275.37255859375,277.4427273603412,268.93422339722827,275.50133013417025,19087000
2021-01-26,279.374267578125,282.6826086411382,275.17450080792963,275.5013871286305,19373600
2021-01-27,269.5582275390625,280.7609273673259,265.57634585614994,279.84964208936856,35346200
2021-01-28,262.4859924316406,284.06928306563213,262.18885056916974,274.550435696971,37758800
2021-01-29,255.87924194335938,264.03117583345795,252.4322756188659,262.7831196246246,30389500
2021-02-01,259.5244140625,261.663926538696,252.49176318972096,257.0580152511257,22914300
2021-02-02,264.5462646484375,266.2994924411919,260.77241159646826,261.4954971487179,17320800
2021-02-03,264.120361328125,266.64618834103106,261.33702141627396,263.1001338539739,14223400
2021-02-04,263.9618835449219,265.61605408071716,261.4955150644546,264.47696981449684,16060000
2021-02-05,265.55657958984375,266.61643590721326,263.1496399079413,264.26889436756255,12454400
2021-02-08,264.0509948730469,267.29987695152556,262.4859973214407,266.2004218118385,13755200
2021-02-09,266.893798828125,270.7964233274367,263.2288878282834,263.91234436732447,14613400
2021-02-10,269.2908020019531,271.20248510363194,265.18017852470706,269.86531654973004,14687200
2021-02-11,267.8248596191406,270.9845686927139,265.94286049047133,269.31062931352466,12828600
2021-02-12,267.9338073730469,268.60734906106114,265.7942953392994,267.9536067539664,9097600
2021-02-16,271.3709411621094,273.9759960846548,267.4881155661952,268.23100057172405,15417200
2021-02-17,270.9747009277344,271.3709001585379,267.02253274039873,268.6667882648939,12763200
2021-02-18,266.8343505859375,269.3700618183691,263.5062107008321,267.01263569726575,15249100
2021-02-19,259.07867431640625,267.70603729450596,257.68204683907675,267.29992318594327,25622600
2021-02-22,257.8603820800781,260.5744097927859,255.0869562000209,255.50298519606696,17434900
2021-02-23,263.33782958984375,264.92265678402697,252.54125667485366,257.0381800337477,21924600
2021-02-24,261.8025817871094,263.85295168156847,255.93875966789162,259.8413544670091,15736100
2021-02-25,252.27378845214844,264.40757414815266,251.62994585700326,259.8115787709722,19053100
2021-02-26,255.17601013183594,263.03077268805777,254.03692597787747,254.03692597787747,26619500
2021-03-01,262.3968200683594,264.12030313105396,255.45331379936135,258.3456252538268,22157300
2021-03-02,256.5429382324219,264.1797871190343,256.1962525405486,263.2586170279935,15191700
2021-03-03,252.98696899414062,258.5140191084855,252.6799123337916,257.82067803559465,15513500
2021-03-04,255.19580078125,263.9618172311001,251.0950621793842,254.03688719392187,31626500
2021-03-05,261.7727966308594,262.931710239488,253.18505000624785,258.19705890708207,26820100
2021-03-08,252.88792419433594,263.0604839373991,252.63039620183898,263.03076975034304,18391800
2021-03-09,263.218994140625,265.98253470593613,257.3452575381522,258.7022559199374,22039700
2021-03-10,262.386962890625,266.41835921131224,260.37622213319213,266.0915031279357,14210300
2021-03-11,271.2817687988281,275.26362110910316,265.27926103154766,265.566488104602,21834000
2021-03-12,265.85369873046875,267.18098260086595,261.51524669979426,266.5866989484938,20600200
2021-03-15,271.15301513671875,273.3420410598998,265.95282032587755,266.5273047379639,16844800
2021-03-16,276.6304626464844,279.4633454755977,272.19295363321396,273.46080903299736,22437700
2021-03-17,281.315673828125,283.5146144211581,272.7972539529488,273.09439583252146,21315000
2021-03-18,275.97674560546875,282.484423703659,275.63997479040444,277.21488693793754,18728300
2021-03-19,287.3577880859375,290.02227118041475,278.5323415174062,278.5521409005533,38930500
2021-03-22,290.75518798828125,296.8666361340369,284.0295964046772,287.6945065140249,28273100
2021-03-23,287.8728332519531,295.1729101187354,287.0606052378312,290.3689154352846,23000900
2021-03-24,279.4634094238281,288.95251260210597,278.49269560341054,288.23934188728293,18675000
2021-03-25,276.0956115722656,285.32720091068285,275.11501327712864,278.314381469348,24505600
2021-03-26,280.3349914550781,281.8009616455641,275.13479796249743,275.6597686678641,17629200
2021-03-29,288.0610656738281,290.398662394221,281.99912952439996,283.0589557103733,21718800
2021-03-30,285.2677917480469,289.6953868082589,283.9801367237427,287.08041754109826,17474500
2021-03-31,291.73583984375,293.68715197832717,285.8719886354371,287.23890163290554,19498200
2021-04-01,295.8266906738281,299.5312005533609,293.78623579844276,295.56914755602,17616000
2021-04-05,305.9794006347656,307.8217404629152,297.8274670652439,298.0354965772431,28237000
2021-04-06,303.3545837402344,308.3962923247204,302.3541557305206,305.910094507977,17335200
2021-04-07,310.1197509765625,311.26874983003285,302.60175997796347,303.4337873763947,22855200
2021-04-08,310.0504455566406,312.8833291604011,307.1086200052298,311.8631017255652,20894100
2021-04-09,309.4956970214844,311.7540655509096,307.3858994029307,308.44575561391315,15988600
2021-04-12,308.58447265625,309.1886711632703,305.0087044958058,308.099100661692,10881900
2021-04-13,306.8213806152344,311.44706036333304,306.38555238599173,309.24811983508664,14036900
2021-04-14,299.94720458984375,305.10776972784834,299.0854629707445,304.38468423358455,17421400
2021-04-15,304.8997497558594,307.1977474030396,301.2150398140224,303.43377948547317,14558300
2021-04-16,303.27532958984375,306.01907054746965,301.72021658409255,305.24647144717045,13059200
2021-04-19,299.3726806640625,304.7809041528577,297.70862584969257,302.11642139777234,14553500
2021-04-20,299.7788391113281,302.20560874636607,294.3904444325384,299.12509671705584,16796400
2021-04-21,298.61004638671875,299.11521784376026,294.56876541458814,299.0855036538206,14863500
2021-04-22,293.7070007324219,300.0463102053556,293.23157368159934,298.47136741530244,16375400
2021-04-23,298.2732849121094,299.7194259149604,294.3310309632199,295.9257731485298,17536800
2021-04-26,300.1651306152344,302.89892651057903,298.6991601872494,300.4622724860118,16172600
2021-04-27,300.6900939941406,302.4432914446423,298.2534098015694,301.3933498896892,15309300
2021-04-28,304.18658447265625,307.9703518367733,302.47298589703803,304.4440973281607,33907200
2021-04-29,326.384033203125,328.6622016045069,318.55895428519204,326.98823178082347,56526800
2021-04-30,321.99603271484375,326.6910860560486,321.4215483325027,323.0460045654419,26332400
2021-05-03,319.5197448730469,325.4331100734125,318.7867747548183,323.0757139743407,18719500
2021-05-04,315.33978271484375,319.1334653774803,310.14950297503594,316.98403833175917,24032600
2021-05-05,312.0314025878906,318.0141097291604,311.5064318932002,315.1713421808524,15577600
2021-05-06,316.9840393066406,317.20195343071083,310.298074870749,311.53621643295116,19012200
2021-05-07,316.05291748046875,319.87631389610857,315.72606144661245,319.3216289593414,15916700
2021-05-10,303.06732177734375,311.59562582881836,301.93812223192924,311.3678271412114,24239200
2021-05-11,303.6219787597656,303.92903540194015,296.8468727959438,297.89681426171364,18920100
2021-05-12,299.6797180175781,302.06685814986093,295.36109553060214,298.27320638222943,24645500
2021-05-13,302.36407470703125,305.92989811064587,299.89767623825156,303.17627257275063,18079200
2021-05-14,312.9427185058594,313.84408907517695,306.1477827633355,306.60344056413004,19245700
2021-05-17,312.4673156738281,312.68522980791846,308.6241192515445,310.5754316524229,15401300
2021-05-18,307.0194396972656,313.4974039972751,306.87086877415885,312.59603342634523,14522400
2021-05-19,310.6150207519531,311.6748770965376,300.6900896898586,301.30420301758033,19106200
2021-05-20,315.5874328613281,316.2213758925585,310.18915343007325,310.60515209475915,17320200
2021-05-21,313.22998046875,316.89486094200856,312.8139516504999,316.26094825236805,13600900
2021-05-24,321.55029296875,322.8577775987572,315.0129000467769,315.19118516139713,16445400
2021-05-25,324.6803283691406,326.0571259903941,321.7186733635957,323.97704223709934,16437000
2021-05-26,324.5515441894531,326.7009408093781,322.72900361052683,325.2350006850583,9686900
2021-05-27,329.59326171875,330.6134890883512,323.6600974242012,324.88832409842223,20477700
2021-05-28,325.6114196777344,329.71212866456455,325.2151902097347,327.85987379111714,12037400
2021-06-01,326.007568359375,328.2758517312237,323.5412005123104,327.0178807987372,11765900
2021-06-02,326.02740478515625,328.7216018243249,324.01666425347224,327.2457468698166,11654300
2021-06-03,322.9468994140625,324.27418333998094,320.41118829767197,322.6893563352216,12610800
2021-06-04,327.2160339355469,329.30600222870333,322.0950675121751,322.8082382084499,13289400
2021-06-07,333.3869323730469,334.486417785911,325.8095121473382,326.3543125651219,20136700
2021-06-08,330.5144348144531,335.0906009272546,329.0880933990262,333.5058040017258,14580500
2021-06-09,327.11700439453125,333.604854161849,326.86937607931964,332.55491252359707,13727900
2021-06-10,329.30596923828125,330.7719394748892,325.43305947840076,327.6518293267885,13240200
2021-06-11,328.1174011230469,329.6724838207225,325.8094885179826,329.42485552916145,13587900
2021-06-14,333.5751647949219,333.6247085984903,326.6812004503,328.75136969214526,12250800
2021-06-15,333.5552978515625,336.69523778647385,331.8516140520772,333.7930113307263,15795200
2021-06-16,327.9390869140625,334.34770833095126,325.6014903431111,333.505796319182,17232200
2021-06-17,333.3175964355469,334.77365200424555,327.0179169571552,327.35468780751273,17794100
2021-06-18,326.5325927734375,332.96101391874834,325.8788504187858,331.3563873337237,23039500
2021-06-21,329.1375732421875,329.7616012686926,324.54157841260337,327.94894555093424,11337500
2021-06-22,335.8136901855469,336.6952614461643,329.4446975415484,329.53384010249897,15345300
2021-06-23,337.3588562011719,340.1620252276405,334.99154558901347,336.1306296188668,14817800
2021-06-24,339.92425537109375,341.6279389967801,338.54745797397277,338.6068863377012,12329100
2021-06-25,338.1315002441406,340.8554116568943,336.4575304486031,339.3399276072849,14594400
2021-06-28,352.26605224609375,354.742334706845,338.52761176227773,339.2110681396897,29156100
2021-06-29,348.55169677734375,353.3556615090401,345.73861275063206,352.8901191061755,21417300
2021-06-30,344.4113464355469,349.5719421235001,343.87649105602554,348.8290572016556,15107500
2021-07-01,351.0279541015625,351.30529656208586,343.212791186716,343.5297626353316,17137000
2021-07-02,351.3350524902344,353.05853582625923,349.2747680575,351.73125173404804,11521300
2021-07-06,349.4332580566406,355.38625227576136,345.86740436275744,353.11796850230905,13488500
2021-07-07,347.1649475097656,353.1080264652179,346.6796057347171,351.8897146253104,14218900
2021-07-08,342.3708801269531,345.0254482373053,339.3101979789028,342.4501381103431,14406500
2021-07-09,347.0956726074219,347.3828996908801,341.9945050957315,342.04404889596174,13018700
2021-07-12,349.8096923828125,350.82991990689317,346.3230963320278,347.898008904459,10018600
2021-07-13,348.749755859375,355.0890336920756,345.4909592768227,348.1653567542104,11456000
2021-07-14,344.3320617675781,351.830252927523,343.44060605431434,351.1963100561871,13894200
2021-07-15,341.1921691894531,345.9169365102335,336.99240288481633,345.9169365102335,14781600
2021-07-16,337.9234619140625,342.7076270154176,336.9131494069854,341.63788613898663,11026100
2021-07-19,333.7534484863281,336.566502462053,331.36630794929357,334.36756185896354,14372300
2021-07-20,338.418701171875,340.1917280417632,331.3266239203824,335.5858180559375,11024300
2021-07-21,342.9453430175781,343.2325700368988,338.0125771632483,338.26020542490636,9279700
2021-07-22,347.8583068847656,348.2049925242254,341.9350275134986,343.3910830167803,12385400
2021-07-23,366.2818603515625,371.7692813507044,353.80138881530655,357.4860988835714,33694300
2021-07-26,368.9264831542969,370.88770988079483,364.7267174837196,366.0738007259578,14925200
2021-07-27,364.3206787109375,369.61001587699513,361.0915958194982,368.38178911105337,15705400
2021-07-28,369.7387390136719,373.9682191858756,363.44897460861154,371.00659460771374,29676900
2021-07-29,354.9206237792969,362.0522992096001,353.35559631879596,357.575191352331,33413200
2021-07-30,352.9198303222656,357.3078266379785,349.5917205810782,350.64166212286204,15976200
2021-08-02,348.6111145019531,355.9904193171257,347.41257182876404,354.7027643160536,13180400
2021-08-03,347.9078063964844,350.4138032930895,344.40141183883986,349.3836914486145,12406100
2021-08-04,355.5149841308594,357.0601821876384,348.1752782471282,349.0766488182595,14180600
2021-08-05,359.52655029296875,360.44772024474685,353.51412836776825,356.2281548861246,10247200
2021-08-06,360.0614929199219,361.6859189842906,357.9714941756855,357.9714941756855,8925000
2021-08-09,358.179443359375,362.3098964686687,357.32761656532114,360.30907080063406,7798900
2021-08-10,357.7041015625,360.64592750863227,355.6339322267876,358.3974427912835,7469900
2021-08-11,356.5450744628906,358.9222997736077,354.41547741845784,358.6647869317527,8400300
2021-08-12,359.2095642089844,359.55624983432654,353.722113254543,355.0494273890599,7170700
2021-08-13,359.73455810546875,361.2005284477097,358.0507038894444,359.52655880809033,7195700
2021-08-16,363.0825500488281,363.4688647423414,353.9896452792087,359.0808678836191,11222100
2021-08-17,355.0494689941406,361.21046231356064,351.70152953822827,359.5364925856045,12328700
2021-08-18,352.0779113769531,356.446047769225,351.7807392950159,352.8703098059942,10042400
2021-08-19,351.7510986328125,354.177868449597,347.6701884369383,348.01687415763166,12004500
2021-08-20,355.9607238769531,356.57483722451366,349.9582163027017,351.23598679466534,8697700
2021-08-23,359.9030456542969,362.2208433553565,355.6933637543742,356.0301346789996,10942000
2021-08-24,362.04248046875,364.4692196120128,358.40728381412873,360.21002504836736,9235100
2021-08-25,364.8951721191406,367.34171070327176,361.9335170971799,362.13163182833034,9684500
2021-08-26,360.9231872558594,365.93518138803427,360.67555896779515,364.88523986488696,7888700
2021-08-27,369.0949401855469,370.1943953329407,360.6260341512379,361.6363769656691,11219100
2021-08-30,377.0487365722656,377.87084918045673,367.0049187946266,369.0255740698317,13547300
2021-08-31,375.7808837890625,379.1288230734931,375.2063692341861,376.3454835394561,12345400
2021-09-01,378.4255065917969,380.6838751840023,375.2162539155208,375.9888529015895,11567200
2021-09-02,371.7198181152344,378.12844017020166,370.51139071879635,377.8808118531289,14832900
2021-09-03,372.6904602050781,373.58191592919684,369.57031982857234,371.1947757851062,7509600
2021-09-07,378.5542907714844,379.32688978335847,369.6099586529163,372.31407030850613,10793800
2021-09-08,373.98809814453125,377.25677980528826,371.23447249592255,376.55352385584115,11067200
2021-09-09,374.4139709472656,376.2265967126152,372.9975443965652,374.0574007225001,9098900
2021-09-10,375.0974426269531,380.1490659454392,374.6715292096618,377.74209591856527,11549600
2021-09-13,372.9381408691406,378.12842045134016,370.79862869383606,378.05907727144006,13026300
2021-09-14,372.95794677734375,374.99840162107535,371.5514046847587,373.8196884544067,8711600
2021-09-15,370.37274169921875,373.97819434650955,364.182033653399,373.42350932384943,17940300
2021-09-16,369.5208740234375,370.01613065298994,366.2026485598229,369.25344632558284,11934200
2021-09-17,361.25994873046875,367.8864839654438,358.1596378078256,367.8864839654438,26299000
2021-09-20,352.3255615234375,357.60498364190755,346.4815093914498,355.891384903415,19822800
2021-09-21,354.08868408203125,356.6243955593657,351.8204002975178,355.0989967051978,11751900
2021-09-22,339.9539794921875,346.5210859287137,337.457897458438,343.93586134676525,43692900
2021-09-23,342.67791748046875,346.3527429943944,339.7460070496701,342.0836035508044,21806300
2021-09-24,349.6115417480469,350.98836964938835,339.12201025317967,339.9837519281476,18801900
2021-09-27,350.2256164550781,351.7807293117022,343.787281160632,346.49139286640155,15205800
2021-09-28,337.4183654785156,346.28347202194016,335.70479673483686,344.66893043046804,21710300
2021-09-29,336.38818359375,341.95489333896575,335.6651282816763,339.894608892464,14452200
2021-09-30,336.1703186035156,339.5479423076601,334.94206157394194,337.2202602683007,16547100
2021-10-01,339.75592041015625,341.7468312581869,335.4273828428636,338.36917783747884,14905300
2021-10-04,323.1351013183594,332.7529751097702,319.6385912647531,332.34686110911144,42885000
2021-10-05,329.80126953125,332.0002100638623,323.0657918027774,325.462816840307,35377900
2021-10-06,330.474853515625,331.2078236438207,322.7092030754351,326.6118276783232,26443000
2021-10-07,326.0968017578125,335.62553521570953,325.8590882301027,333.80299430444217,28307500
2021-10-08,326.91888427734375,330.23710969224845,325.5916001569949,328.3650553786152,15946100
2021-10-11,322.3625183105469,327.3249686608532,322.2238319594093,324.52182973320663,14708200
2021-10-12,320.69842529296875,321.3026540210022,314.35914730509916,319.9654552495772,31658700
2021-10-13,321.4611511230469,323.89780504577215,319.5989815358349,323.86809085993633,14761500
2021-10-14,325.41326904296875,327.38438044813023,323.99684255813474,325.244868514841,14302200
2021-10-15,321.6790771484375,325.9481866307319,319.4504224439795,325.56187197248846,21596400
2021-10-18,332.15869140625,332.7034918007029,324.39307157962,325.82932780455684,21585000
2021-10-19,336.7645568847656,339.21112557939546,334.08027470662927,336.4277860404439,18786300
2021-10-20,337.5470886230469,340.7167429686975,336.2297193613997,340.1917721794309,13639500
2021-10-21,338.6366882324219,339.0626016921478,334.59537708376325,337.0518609236943,16354400
2021-10-22,321.53045654296875,326.5028518621988,318.0636605456688,323.25396996528013,35224500
2021-10-25,325.57177734375,326.43351896801374,316.6868729703031,317.26135731045787,38409000
2021-10-26,312.8139343261719,327.0773166758595,306.6628565445558,325.14583430083223,65654000
2021-10-27,309.25799560546875,316.22130136132716,309.09950988501515,311.20930758571666,29971800
2021-10-28,313.9134216308594,322.43181001827844,305.18697350237704,310.0206822157218,50806800
2021-10-29,320.5003662109375,322.9073060534718,316.5680275630656,317.15242672886217,37059400
2021-11-01,326.8495788574219,330.2866611044085,322.9073251710822,322.94695416563655,31518900
2021-11-02,324.96759033203125,331.6139563426833,320.7281946149573,328.2363023605651,28353000
2021-11-03,328.4739990234375,328.99896983664695,320.133894388822,324.3831744657556,20786500
2021-11-04,332.6638488769531,334.07036062817366,329.4941946923522,330.8413083006295,22495300
2021-11-05,337.89373779296875,343.50004555229066,336.41788295064566,337.081509798269,26872800
2021-11-08,335.4075927734375,341.51907284259283,335.1302502718201,341.15258777560547,18342500
2021-11-09,332.18841552734375,338.0720665037819,331.2969596702002,336.7744965969037,17556700
2021-11-10,324.5317687988281,330.0291051275324,322.4219707849591,329.3357337761351,21872600
2021-11-11,324.6307678222656,329.30599106646946,323.8977977694065,326.69105208747396,12376600
2021-11-12,337.656005859375,338.6167744924943,326.65139022908994,327.04758940082087,25414300
2021-11-15,344.2627868652344,350.29500900244346,339.94416355310403,341.073332953002,25076600
2021-11-16,339.7063903808594,343.36138641858486,337.6362214703641,340.5681320074988,18181100
2021-11-17,337.5371398925781,344.00518925879584,336.8735130399741,340.9742215758859,13602800
2021-11-18,335.4768981933594,339.2111218533816,332.1190441354008,336.4971255196184,17487200
2021-11-19,342.024169921875,348.75967730773914,336.6754050932599,338.9536034172678,26488500
2021-11-22,337.77490234375,350.47325808083923,337.27964576378054,345.7386063854537,27116800
2021-11-23,334.0505065917969,338.16112946347505,330.33608287135434,335.71456116382126,17225000
2021-11-24,337.824462890625,338.5376336740818,329.6527281847135,332.81246802257795,13566200
2021-11-26,329.9597473144531,334.54582819698936,328.7513200197634,332.6143153952262,14750700
2021-11-29,334.8231506347656,337.4381197957983,332.1289537240327,333.6939813901827,16650900
2021-11-30,321.3818664550781,332.62419599304644,320.3616391886827,331.82188281403944,25390000
2021-12-01,307.6534423828125,327.36465135043227,307.34638567271105,327.15665201766916,30329600
2021-12-02,307.44537353515625,311.6154251940421,304.28563434932244,308.44577120429597,24396200
2021-12-03,303.9290771484375,310.77352722398945,296.6587136369238,310.7537278414092,27471000
2021-12-06,314.8544616699219,317.06331723793323,303.4338443909238,305.2068716833808,21758300
2021-12-07,319.7475280761719,323.44215278295127,317.95470180201283,318.51930151789117,18794000
2021-12-08,327.42401123046875,329.59323735966075,320.00507770938714,321.916760756994,19937700
2021-12-09,326.69110107421875,332.9412375256627,324.8883596288592,326.413758561707,16879200
2021-12-10,326.62176513671875,331.85167422303766,323.2738253004945,329.40510512949436,14528000
2021-12-13,331.3167419433594,337.8541349382615,326.46323343571163,327.81034707112775,22948700
2021-12-14,330.57379150390625,332.51521870439524,324.54157109709314,324.9377702425609,20461000
2021-12-15,338.418701171875,338.8644139192367,320.9064372430149,329.33568296465285,24681300
2021-12-16,331.722900390625,341.1922051850713,330.5739013274073,335.76421160995164,22635000
2021-12-17,330.6234130859375,333.91189397235667,327.61224446134634,329.64278445219395,40012600
2021-12-20,322.3625183105469,326.770283712428,319.4702065982761,326.6514269703458,17901800
2021-12-21,331.02947998046875,332.8123914146806,320.6786063110203,323.31337470375377,16116800
2021-12-22,327.31512451171875,331.3366059985338,325.14589801660594,330.6333198075791,16764600
2021-12-23,332.0596008300781,333.47605753153755,325.2448658890035,326.96837923216304,13987700
2021-12-27,342.8958435058594,344.56981318906895,334.80336779762223,335.6353952368642,17795000
2021-12-28,342.93548583984375,349.3639069197179,341.92517324461073,343.3415998845721,16637600
2021-12-29,339.6866149902344,346.3725794005129,338.3989598617032,343.6189537858467,10747000
2021-12-30,341.0930480957031,343.93584584665433,339.96387897467827,340.73647791897685,10593300
2021-12-31,333.1590881347656,340.1818224054571,333.0798301588364,339.7657936019813,12870500
2022-01-03,335.32830810546875,337.84418957600764,333.99110939572194,335.09056441009704,14537900
2022-01-04,333.33740234375,339.8351664464892,328.7216072548295,336.7249707510745,15998000
2022-01-05,321.0946350097656,332.57467785681666,320.76774876914794,329.8606514915628,20564500
2022-01-06,329.30596923828125,335.9523337516314,319.6583815376853,319.7574388910342,27962800
2022-01-07,328.6423645019531,333.80292951818393,325.7599676256304,329.5833338518881,14722000
2022-01-10,324.9576721191406,325.2250998004948,312.4375707870831,322.22384601970924,24942400
2022-01-11,331.1978759765625,331.45541906764635,322.1941151017598,323.67988482158984,16226800
2022-01-12,330.0984191894531,333.17890054986333,326.8990508604978,332.0001874933041,14104900
2022-01-13,323.38275146484375,332.4459409483051,322.6695807714662,331.80211343174307,14797100
2022-01-14,328.75128173828125,329.57342451372193,318.16269460653893,318.73720911459196,16868500
2022-01-18,315.13177490234375,321.134282597393,314.6266337152197,320.22302736269484,22645600
2022-01-19,316.5580749511719,323.9968379334689,316.30053187467416,316.54816014728794,20814700
2022-01-20,313.5568542480469,324.7100424845301,312.9823698959232,320.8272174640283,16925000
2022-01-21,300.2939453125,315.2903016975556,300.16517374064085,311.8235049761039,28710700
2022-01-24,305.7813415527344,306.593569684713,286.2682483704496,295.01446719943397,38878100
2022-01-25,297.30255126953125,303.32488886516785,294.75692491667803,297.1044667528209,25108500
2022-01-26,291.83489990234375,304.592714359199,288.0907613315765,304.09745777455754,28348800
2022-01-27,291.84478759765625,298.8476920806619,291.4683877918023,294.9252687585113,21629900
2022-01-28,298.84771728515625,299.0359172039558,290.25007030403094,292.81549576317013,21871600
2022-01-31,310.2881164550781,310.81308714340366,296.48036262094104,297.8274458105845,21579500
2022-02-01,315.9737243652344,316.6274667326682,309.15898842017714,311.57584315018147,18023800
2022-02-02,319.93572998046875,324.88829546004257,313.86387986602153,324.7100103575125,58458300
2022-02-03,235.5044403076172,245.64730209316116,233.51351398573686,242.3290764426602,188119900
2022-02-04,234.84078979492188,240.3084273293567,227.92701133636407,232.74090647900093,89342200
2022-02-07,222.77633666992188,236.0393083629009,221.8848656845653,235.4449943726632,88613800
2022-02-08,218.09120178222656,223.62818237833207,214.099434563613,218.75485896510236,94729700
2022-02-09,229.79905700683594,231.15605522249825,220.10193965659207,222.0730512053515,86563300
2022-02-10,225.90634155273438,232.7705904328928,224.54932825862693,226.10444116008378,49310400
2022-02-11,217.4671630859375,228.2340360899679,216.69456404523424,226.2926387978529,46156900
2022-02-14,215.63470458984375,218.90340092969973,212.74240807450155,217.22943132787472,38184000
2022-02-15,218.90341186523438,219.05198279600086,213.01976118237621,218.37844109115068,42685500
2022-02-16,214.48573303222656,215.39701852481616,210.34539489178158,210.3949235772099,45817500
2022-02-17,205.73948669433594,215.43660348372887,205.1947014558238,211.98962205991782,38747500
2022-02-18,204.20420837402344,208.75066041112578,203.2334945395933,207.4035618319067,37128400
2022-02-22,200.16290283203125,205.51166789439114,198.1620620004535,200.4204308146971,39852400
2022-02-23,196.56732177734375,204.9767834418932,196.171122582744,202.22315823154264,44481400
2022-02-24,205.6305389404297,206.3734238136046,188.4154153095662,189.24744274015458,49957200
2022-02-25,208.48321533203125,209.31525791159626,201.25246590663596,202.9957788218845,37627600
2022-02-28,209.02801513671875,211.12789844245052,204.867862406066,205.70978962108433,34239800
2022-03-01,201.5595245361328,209.7411576410808,200.30156861492821,207.87898809920605,27094900
2022-03-02,206.13571166992188,207.1658387927905,200.1034896455284,202.8373007560138,29452100
2022-03-03,201.04446411132812,207.09650032870152,199.50916563846303,207.03707195533144,27263500
2022-03-04,198.16204833984375,203.93674152571404,196.9040924710924,200.4501311822766,32130900
2022-03-07,185.69149780273438,198.9841822017048,185.5032978896754,198.88512484303243,38560600
2022-03-08,188.48475646972656,194.83394992103973,184.34441841025128,186.06791687683574,37508100
2022-03-09,196.61685180664062,197.2111657166558,192.08029996134783,193.8830410714381,31894700
2022-03-10,193.35806274414062,194.41790386809663,189.25733924527972,192.99156263127026,24853000
2022-03-11,185.8301544189453,191.72370405961993,184.8990697311759,190.81243386483254,34694500
2022-03-14,184.8594970703125,190.46579071167304,184.05718373702055,185.25569633410038,31010500
2022-03-15,190.20823669433594,190.45586497885327,184.1463011258414,188.98990976643933,31721700
2022-03-16,201.69822692871094,201.7972691897081,192.67465021424377,192.85293535245867,40640300
2022-03-17,205.8682403564453,206.06633995487073,199.20209138393267,199.78649048919837,29499700
2022-03-18,214.43618774414062,214.74324438873447,204.0456998218692,204.73905597321507,52128000
2022-03-21,209.483642578125,212.67309629838934,205.66026101300244,212.4650818757495,30142300
2022-03-22,214.5946807861328,217.3780356005314,208.18605911173725,209.36477224925207,31998800
2022-03-23,211.4349365234375,214.74324670557402,210.14726644902805,211.30616498178733,23717300
2022-03-24,217.48695373535156,218.57650900235623,212.7522875365184,212.96030192345378,31502300
2022-03-25,219.7156219482422,223.3607028824541,216.81341072111672,218.4180370982393,40039000
2022-03-28,221.4688262939453,221.9145541779981,217.4572451094087,220.02268559332694,26224100
2022-03-29,227.67935180664062,228.69957913548967,223.1526994853717,223.92531364233645,31417900
2022-03-30,225.6884307861328,228.95711214078747,224.5592463821174,226.73837232323098,25588000
2022-03-31,220.2505340576172,226.32238531462966,220.15147668377352,226.2827563194789,24192300
2022-04-01,222.71690368652344,225.12384355772707,220.58729119391924,222.41974669755166,19544800
2022-04-04,231.671142578125,232.12678532160837,223.71732241926705,223.83617917233548,28054800
2022-04-05,229.64056396484375,234.6129441858723,228.82835104504397,231.85931885123034,29727200
2022-04-06,221.1815948486328,226.817617228763,219.3095255537278,224.75734801249203,28995100
2022-04-07,220.83489990234375,223.3805259079987,216.48654785455508,221.80559854041573,21037200
2022-04-08,220.22080993652344,222.99425002470102,217.9426264671621,220.27033862121158,18375700
2022-04-11,214.406494140625,218.51711787920036,213.17825233032207,216.3478915507451,20516600
2022-04-12,212.10848999023438,219.92363831064247,211.1080771278359,218.1506263834152,20128800
2022-04-13,212.95045471191406,214.55508138302287,209.325172493303,209.81052943973995,19231800
2022-04-14,208.18606567382812,212.9504470573422,208.00778054523929,212.85138968765997,18379500
2022-04-18,208.7704620361328,211.35570197679016,206.32389333269717,208.00776267439792,16580800
2022-04-19,215.2484130859375,216.3577829922788,207.01725111763906,208.52283535769615,20089900
2022-04-20,198.51866149902344,212.1283188406669,197.03289164088022,211.58353353654124,43036500
2022-04-21,186.2858123779297,201.04445202985335,183.8194292330621,199.68745387267717,49954100
2022-04-22,182.36338806152344,190.89170742120095,181.53136059083104,188.5639953274437,36426800
2022-04-25,185.21607971191406,185.40426453530642,179.93664222860235,180.99648355626618,29281100
2022-04-26,179.23333740234375,185.4141444142867,177.79709647037512,184.85945951206682,31747400
2022-04-27,173.29026794433594,179.49088977081271,167.3967178819492,172.77519688815516,71062900
2022-04-28,203.7782745361328,206.5517144935164,191.06998848293978,200.99493488789147,100890600
2022-04-29,198.5681610107422,210.4642178194915,198.0035612928614,202.52031369381666,49193400
2022-05-02,209.12704467773438,209.86992953484105,199.0832420142133,199.261527125184,49915300
2022-05-03,210.0185089111328,212.86127690888844,206.11588455319145,208.45349626883984,41556300
2022-05-04,221.29055786132812,222.17211400565108,204.99661872779126,208.65159974367043,41375900
2022-05-05,206.30409240722656,218.08129399729938,204.20420921574177,216.6648673463724,41129200
2022-05-06,201.83688354492188,207.39366332672168,199.11297218353045,205.3730078893223,34747200
2022-05-09,194.3485870361328,200.64825111989848,193.72455893047646,197.94413940474152,36303200
2022-05-10,195.77488708496094,201.03452377529786,192.34772059191457,197.6172418571055,34452500
2022-05-11,186.94947814941406,198.7662940874872,186.4839357080517,194.46747016608808,31153400
2022-05-12,189.42575073242188,196.17114323905767,183.02702877905674,185.28539767694278,38262200
2022-05-13,196.73574829101562,197.99370442341797,189.46538424163464,190.75305456413807,24549800
2022-05-16,198.14222717285156,203.42166363098988,194.07121786496788,195.18060277699027,27112600
2022-05-17,200.69778442382812,203.51085346403778,196.47820353456214,200.2025278122885,24872700
2022-05-18,190.41627502441406,199.0931657628787,189.8120613297266,198.10265250037682,23960000
2022-05-19,189.4752655029297,193.437318347367,187.80131087194192,189.38612294129757,24446900
2022-05-20,191.70391845703125,196.03247142713522,186.08771041560578,193.1203601951297,31465600
2022-05-23,194.368408203125,195.1212079359878,189.4257568250386,193.33828108714502,25059200
2022-05-24,179.5602264404297,181.93745200535835,174.4392751597391,178.83715605748554,50406300
2022-05-25,182.08602905273438,183.69065547407655,177.61882031303085,178.6885611845718,28030200
2022-05-26,189.81207275390625,191.00068571764072,180.53095264812035,181.14508118537634,23056500
2022-05-27,193.2788543701172,193.47695399634833,187.9994169595787,189.54461520382748,22562700
2022-05-31,191.802978515625,195.72541750062638,190.188437137274,193.0411200354568,26131100
2022-06-01,186.8504180908203,197.63710673346378,183.24495048052162,194.64575249909583,36623500
2022-06-02,196.9734344482422,199.03370349714083,185.94901887716446,186.66218951386134,31951600
2022-06-03,188.9700927734375,194.74478610572024,187.97957964846339,194.1207580004967,19465000
2022-06-06,192.40719604492188,195.05186457069715,186.6126875701568,192.14966804467795,30574200
2022-06-07,193.7938995361328,194.6655559796352,189.6733761532848,190.10918926100416,18828700
2022-06-08,194.77450561523438,200.11337090024136,192.56566551808388,192.82319349656655,22267200
2022-06-09,182.25440979003906,197.55783411101615,181.93743834436526,192.43688321483836,23501600
2022-06-10,173.90438842773438,181.36295069889158,173.35960321181363,181.30350721840284,27450800
2022-06-13,162.70167541503906,170.94275161365937,162.47386163529765,168.97162511511652,31749300
2022-06-14,162.1767120361328,165.16806594820287,159.82920073290916,164.45489527891425,27244300
2022-06-15,167.743408203125,170.52674773978174,162.4243423035829,165.6137958596035,30008300
2022-06-16,159.34385681152344,163.5139241165005,158.0958155957932,162.16682553319055,26944100
2022-06-17,162.1866455078125,164.32614264789854,158.38306312914585,160.14617551058654,31374200
2022-06-21,155.5601043701172,166.16849250243672,154.49034827782717,164.355851494448,50724900
2022-06-22,154.37149047851562,159.26461306087128,153.96537643332633,156.87748770131634,47267800
2022-06-23,157.24395751953125,158.2344706377645,152.78664848748156,154.78748921824135,40499200
2022-06-24,168.54574584960938,168.6348884187623,159.76979745420968,160.19571091618474,68736000
2022-06-27,167.88206481933594,170.12061890507096,166.41609460110917,169.69470554187706,29174600
2022-06-28,159.1556396484375,169.67489917984744,159.08631158986424,168.28817175404518,27744500
2022-06-29,162.38475036621094,164.75207651287346,158.79909711088973,162.01826528724015,28595200
2022-06-30,159.72023010253906,163.6624678291106,156.98641951206724,160.61168580633668,35250600
2022-07-01,158.51182556152344,159.09622471985023,153.5295453943019,158.78916804730673,31423900
2022-07-05,166.59442138671875,166.65384976185075,155.53039050001706,156.63976047323413,28618600
2022-07-06,168.15943908691406,169.9621653469318,163.8903293874413,166.60432602595623,23085900
2022-07-07,170.55648803710938,171.08145887850063,166.18832074414408,167.84247614623044,24083400
2022-07-08,169.25889587402344,170.76446501519465,166.55478402906687,168.3674249497186,19249200
2022-07-11,161.3347930908203,165.90105949752098,160.37399408818905,165.4850457717474,21885600
2022-07-12,161.72108459472656,164.33603867968444,160.56218603464612,163.2365684897572,16639700
2022-07-13,161.9390106201172,163.4148656343762,158.09581451752635,158.64059980743468,16555100
2022-07-14,156.55062866210938,161.0475523529814,155.78792919612584,159.69055398083023,23765200
2022-07-15,163.13751220703125,163.41485467893096,158.3038183296143,159.01697389019125,23342800
2022-07-18,165.64352416992188,170.06121985120458,164.0686117525672,165.1680820487272,23574300
2022-07-19,174.1123809814453,174.81565189009655,167.90185998802622,168.75370180708214,25933700
2022-07-20,181.35304260253906,181.8582139641814,175.02366440209127,175.8061782268181,24784300
2022-07-21,181.4322967529297,182.10585357234677,177.17308707053698,178.91639993441768,27195800
2022-07-22,167.66415405273438,173.93410369158315,166.8123121954651,171.42810679680858,42583900
2022-07-25,165.0690155029297,168.95184047126608,163.24647487797617,167.39672752297426,26166300
2022-07-26,157.64013671875,164.42515676333028,156.45152415049554,164.3657284020219,28468400
2022-07-27,167.97122192382812,169.2489772381672,160.48294492213745,161.04752955878874,43846600
2022-07-28,159.1952667236328,159.97776542286496,153.38095966010903,159.53203755044004,73214300
2022-07-29,157.59066772460938,158.62079487799332,153.69794270378827,156.19404038280157,42065400
2022-08-01,158.41275024414062,163.62285873812968,153.75734177288857,155.75818243417817,40596700
2022-08-02,158.67030334472656,160.7008583177125,156.51097682621486,156.80813379294983,27374500
2022-08-03,167.19863891601562,167.9316090449362,160.03723238071788,161.1466023795378,31721900
2022-08-04,168.9518280029297,170.51682541245057,165.21758935568369,166.70335901695057,23938200
2022-08-05,165.524658203125,169.98196751551527,164.22708835487424,165.40580145795138,25832700
2022-08-08,168.63487243652344,175.8259928332937,165.54447608651174,166.40621773471915,27299100
2022-08-09,166.93118286132812,167.9216960285414,165.01949970334167,167.34719657787392,18655100
2022-08-10,176.6481170654297,178.76781466812753,172.29976480556695,174.32042015858755,30262100
2022-08-11,175.80616760253906,181.3629464465839,174.69678270321242,178.0051077941309,24079100
2022-08-12,178.78762817382812,179.73852747246116,177.21271585218526,179.0946848399813,21274000
2022-08-15,179.17391967773438,179.71870492263832,176.50943693686588,177.26223658947166,15878700
2022-08-16,177.76742553710938,179.27301000517042,175.36047032662776,177.73771134683474,21156700
2022-08-17,173.1912384033203,176.4500201686845,172.5176815705994,175.0831071214214,20118100
2022-08-18,173.00302124023438,174.09257657908827,170.2295815443719,172.68604979429333,18844500
2022-08-19,166.36656188964844,170.6851989602974,165.46519147692848,168.58530122677058,26240800
2022-08-22,161.503173828125,163.92002835777743,160.72065996754125,163.92002835777743,19499700
2022-08-23,159.58157348632812,163.48419769809408,159.17545946927953,160.93857165926042,18111800
2022-08-24,161.711181640625,163.89032279947102,158.25430020178976,159.076427981894,20891500
2022-08-25,167.17880249023438,167.27785984743534,162.46396549966474,163.61294922743,15550500
2022-08-26,160.24520874023438,169.2984979053426,160.13625169424387,166.88164351357545,24023600
2022-08-29,157.65997314453125,161.50316892678902,157.5014874163074,159.13584314980767,20052700
2022-08-30,155.66905212402344,160.12636135178465,154.43091067186754,158.82879152817029,19567900
2022-08-31,161.38427734375,166.24769984657613,160.6017787166086,165.48501571154802,40953000
2022-09-01,163.79124450683594,165.77227067885184,158.828779386987,162.02813242286422,30145700
2022-09-02,158.7991180419922,166.3369106251519,157.70954723923,165.86146841759896,22634200
2022-09-06,157.03594970703125,160.15607522887,156.1940225896066,158.58116293213033,19339800
2022-09-07,158.86839294433594,159.43299265697226,155.32235428979533,156.26333869682563,16831200
2022-09-08,160.52256774902344,160.69095318036264,156.24355855832258,157.20435757728256,22530800
2022-09-09,167.54530334472656,167.93160289187816,161.47346764790967,161.70128145417033,22086800
2022-09-12,167.35711669921875,169.76405651727683,165.693046666139,165.80200372255513,23220400
2022-09-13,151.6772918701172,160.0966541099515,151.22164914578732,160.00749643486537,44444100
2022-09-14,150.0330352783203,152.08338973844826,147.6359951533532,151.87539043077032,43064200
2022-09-15,148.13124084472656,152.73712082968547,147.2892986429883,148.37886912594007,34606300
2022-09-16,144.9021759033203,147.17045969732763,142.9211494141072,146.64548888680878,40122800
2022-09-19,146.61575317382812,147.1704380911289,143.723456737881,143.8621279672062,22169500
2022-09-20,144.7040557861328,147.42796682307664,143.842314221844,144.3969991420313,23217400
2022-09-21,140.77169799804688,148.18074587143872,140.65284127852595,145.0011925979981,38338600
2022-09-22,141.46510314941406,143.20840094862743,139.53359030903127,140.2071471475212,34418500
2022-09-23,139.0779571533203,141.26698278455817,137.5723729102851,140.07837000912258,31710700
2022-09-26,135.07627868652344,140.89060138087294,134.8979935673191,138.7907031435983,30497000
2022-09-27,133.12496948242188,138.0973500324367,132.8476269925277,136.6115802162756,30826500
2022-09-28,140.26657104492188,140.68258476393316,132.99620798185623,133.34287852401653,32658500
2022-09-29,135.11590576171875,138.51335869553887,133.9173781703927,138.03791660370487,38985400
2022-09-30,134.39283752441406,139.65247585240513,134.21455238483819,134.75933772359812,33166400
2022-10-03,137.29502868652344,138.29544152959875,134.8088461145473,135.83897314307814,27723100
2022-10-04,138.94915771484375,141.03914067846938,138.0180731082008,139.15717208795633,34670700
2022-10-05,137.66151428222656,138.87985634703463,133.50136204701403,136.92854421926995,27979300
2022-10-06,137.7506561279297,140.1080668924418,135.30408770289597,136.41345747443108,36231100
2022-10-07,132.18397521972656,136.9780551794244,131.18356239157612,135.46257128767706,33214800
2022-10-10,132.520751953125,134.81874978981443,130.61896845760532,132.28303846245487,24024000
2022-10-11,127.320556640625,131.40148119199634,125.78526575628197,130.3713390279486,38481400
2022-10-12,126.2904281616211,128.43983990959,125.05228670905619,127.10265620923876,34605200
2022-10-13,129.053955078125,129.89589732351547,121.36757827179285,122.35809144800207,34325700
2022-10-14,125.55744171142578,130.53971380017276,125.31971312819348,129.75721510733246,23559400
2022-10-17,132.76837158203125,133.51125641994645,128.94499034499978,129.06386219660712,29612200
2022-10-18,131.5401611328125,136.5323412060902,130.15343353010073,135.78945627700506,25445000
2022-10-19,131.96609497070312,135.70033469009013,130.96568188593824,131.62932404482603,30691000
2022-10-20,130.28221130371094,135.47250636361224,130.0642971716595,131.66892385855354,26356300
2022-10-21,128.776611328125,128.88556838099493,124.2499740167796,125.11171563509441,46348600
2022-10-24,128.4893341064453,132.21365715517294,123.38819117952288,126.0427660436661,63563400
2022-10-25,136.20545959472656,137.0375021382594,129.35111032087065,129.63836760198063,38433200
2022-10-26,128.5884246826172,134.26406081320397,127.31065425232948,130.43076463637212,82791500
2022-10-27,97.01085662841797,101.52759400186584,95.46565103459476,97.05047805974834,232316600
2022-10-28,98.2589111328125,99.89325950265096,96.58494888324697,98.63531100336684,95928300
2022-10-31,92.27619934082031,98.3777557975495,91.72150689419777,97.2881929542423,121361400
2022-11-01,94.29684448242188,96.56512039753022,92.66250390635734,93.43510291839118,110189600
2022-11-02,89.68106842041016,94.29685612554447,89.62164004507444,93.31625014742426,71821100
2022-11-03,88.06651306152344,89.60180365298059,87.57125656937319,89.22541143947157,60664000
2022-11-04,89.92869567871094,90.52300209618889,87.25430546453602,89.49286744595292,55638100
2022-11-07,95.80243682861328,95.96091500917095,92.21677636467815,93.88083882412117,81987300
2022-11-08,95.55480194091797,96.87218620482751,93.8907395962468,95.010016701853,52088300
2022-11-09,100.50736236572266,103.90482249620015,99.7842844999411,100.75499063308395,107677300
2022-11-10,110.80870819091797,111.68035703751443,103.61758064619659,106.10377075474774,80671000
2022-11-11,111.94779205322266,113.80996159782818,107.77773262965678,108.19375389288676,59961700
2022-11-14,113.13641357421875,115.16696100418768,109.74886040376111,109.93705276410945,53395000
2022-11-15,115.96929168701172,117.61353973199363,113.32462315595882,114.96887120094074,50670500
2022-11-16,112.15581512451172,114.97877628756191,111.59122289190168,113.41376358768983,33287800
2022-11-17,110.39269256591797,111.26434901405536,108.75835183969228,109.36256549323626,35093800
2022-11-18,110.98699951171875,113.2354609972507,109.57056543006156,112.7203974934733,33357700
2022-11-21,108.81777954101562,111.30396976120818,108.15413751811265,110.46202750500028,24351100
2022-11-22,110.38279724121094,110.56108992565359,107.292393229877,108.81778451743833,29029000
2022-11-23,111.17518615722656,111.60110708457374,109.67951684513667,110.66012267990712,21343100
2022-11-25,110.35307312011719,111.66055016933491,109.96676604108382,110.24411606959775,12007600
2022-11-28,107.74801635742188,110.97709125576286,107.35180959664743,109.72904260427873,23309400
2022-11-29,108.42157745361328,109.88754036186755,107.51030709397708,108.50082032584676,23899200
2022-11-30,116.97959899902344,117.0390349255215,108.34232330682798,108.47109485006094,43348600
2022-12-01,119.29740142822266,120.050185951034,117.27675377627658,118.06915973034357,36551400
2022-12-02,122.31846618652344,122.86325143919743,116.49425161319022,116.7121657142598,39950500
2022-12-05,121.26853942871094,123.48728702803835,120.19878328801117,120.59499010571662,35474900
2022-12-06,113.03736114501953,119.40636087482815,112.66096131903342,118.77243307602735,43689200
2022-12-07,112.84916687011719,114.78066454780486,111.80912500858332,112.68078144324511,29461100
2022-12-08,114.23588562011719,116.22681164920311,113.50290043384118,115.28582716124802,30619400
2022-12-09,114.80046844482422,116.42490930506725,112.78972808470726,114.2061621032501,26033400
2022-12-12,113.62177276611328,114.6221932537079,112.06666728279076,114.0873151976776,24747100
2022-12-13,119.0101547241211,122.13027261188758,117.51447777377302,120.97136650019226,44701100
2022-12-14,120.43648529052734,122.9622967411699,118.25735947363145,118.25735947363145,36922000
2022-12-15,115.04810333251953,117.50457170081783,112.92840580623972,117.20742229145134,34531000
2022-12-16,118.29698944091797,122.14017786045684,117.692775796295,119.08940300806752,67064000
2022-12-19,113.39393615722656,116.68243914812125,113.24535768980665,115.72164029008924,29769900
2022-12-20,115.97920227050781,116.21693091094077,111.39312826964725,112.1855419570565,28742500
2022-12-21,118.62385559082031,119.19834746785773,114.52313180171168,115.5928802480329,20392800
2022-12-22,116.00889587402344,117.49466550969836,113.29488456513967,116.08813117792792,23618100
2022-12-23,116.92018127441406,117.05885252050899,114.44389822698157,114.92924758831383,17796600
2022-12-27,115.77118682861328,117.47487084082044,114.94906656813173,116.81122877190751,21392300
2022-12-28,114.52313995361328,117.02913716344688,114.4141828960539,115.14716055480385,19612500
2022-12-29,119.11911010742188,119.88180188588926,114.67170075084074,115.2957288538749,22366200
2022-12-30,119.19834899902344,119.27759186481047,116.62301631706926,117.03903758394347,19583800
2023-01-03,123.55661010742188,125.17115140314009,121.11994862794397,121.65482664397801,35528500
2023-01-04,126.16166687011719,127.82572932024515,124.65608259965977,126.17156656089819,32397100
2023-01-05,125.7357406616211,127.30075323963864,123.35850760945776,124.93341987784395,25447100
2023-01-06,128.78652954101562,129.09358621249376,124.84428370915916,127.74648766592082,27584500
2023-01-09,128.24176025390625,131.68874236225523,128.05356030558818,129.91573017648227,26649100
2023-01-10,131.7283172607422,132.17404504716188,125.94371794026111,126.06257465289902,28684400
2023-01-11,131.62928771972656,132.58018696370937,129.10347624461448,129.71760465565723,25423000
2023-01-12,135.41305541992188,136.37383924236823,130.51000337982552,132.17407328237496,30757700
2023-01-13,135.68048095703125,136.0865949576463,133.56078351586044,133.6895550560629,22423800
2023-01-17,134.0758514404297,135.45266402042714,132.9763813143864,134.88806430871534,21147600
2023-01-18,131.758056640625,135.94792281682146,131.54014254975613,134.52158153623617,20215500
2023-01-19,134.85836791992188,136.14603811977713,130.88641537638443,131.2331010465874,28625200
2023-01-20,138.0478057861328,138.61240550735874,133.33296887543173,134.600824433167,28688600
2023-01-23,141.91082763671875,142.39616942230165,137.34456126894062,137.968574295266,27470100
2023-01-24,141.7820587158203,143.6244138707233,140.01894643052984,140.34581759991946,21970200
2023-01-25,140.15760803222656,141.8117631472624,138.97889498812754,139.8802655646775,26622000
2023-01-26,145.90257263183594,146.11057190469293,141.94052050396004,143.03007577070827,25482100
2023-01-27,150.3004608154297,151.7367017645022,145.99172285418197,146.8336650212401,35771900
2023-01-30,145.66485595703125,149.68633677694507,145.55589891005687,147.9925678178339,28040100
2023-01-31,147.5567626953125,148.4581333962686,146.12052147998406,146.54643493035033,29842100
2023-02-01,151.66737365722656,152.12301637131844,145.66486618994446,146.62566518602432,55661000
2023-02-02,186.97915649414062,195.28956054858224,178.45083835513196,181.6402916503079,150475700
2023-02-03,184.76043701171875,194.903298226005,181.15496935313814,181.72946885710294,76809700
2023-02-06,184.29486083984375,188.8908409163399,183.7599904279974,184.76040319553877,42483800
2023-02-07,189.80210876464844,191.9416206133832,182.65060322299178,183.81941649951594,47080700
2023-02-08,181.68983459472656,189.01964156799266,181.18467828828204,188.1975137730895,36139100
2023-02-09,176.23211669921875,184.87929319243366,175.5882891284122,184.36423718140156,37118800
2023-02-10,172.49786376953125,177.19290167066754,171.70546531897008,174.6770048506694,33433600
2023-02-13,177.727783203125,179.28289624295144,174.15204492012637,176.52927064790055,31463200
2023-02-14,177.7772674560547,179.78800761937836,174.21142975560224,175.4792851754114,24034600
2023-02-15,175.4792938232422,176.49952104549118,173.66665314605416,174.74630873246844,25308900
2023-02-16,170.80409240722656,174.18174592361305,170.16024978224985,171.11114906980143,25827500
2023-02-17,171.23992919921875,171.53707107206532,168.09008932075568,168.60516042374334,24171300
2023-02-21,170.44747924804688,176.47969980463665,170.24937967039432,172.65631901122936,34592600
2023-02-22,169.4966278076172,171.12106898388998,168.08020107052823,169.44711423479393,22433200
2023-02-23,170.40785217285156,172.04220771335687,167.77309904390546,170.36823830248892,20017800
2023-02-24,168.77354431152344,169.10041548269487,166.0694474951461,167.04014620363478,19791300
2023-02-27,167.93157958984375,171.47761820156475,167.45613754717496,170.2493916651679,19277000
2023-02-28,173.2803955078125,175.8656357714785,170.2395124854707,170.26922667472857,46051100
2023-03-01,171.77481079101562,176.16279247016536,171.4083257147872,172.93370951214595,30998400
2023-03-02,172.874267578125,173.34970968217198,169.80367061266767,170.7446702438456,17352000
2023-03-03,183.49256896972656,184.84956720739845,175.37036381141684,177.22261864549824,45877700
2023-03-06,183.14588928222656,187.8607419068596,182.8883612847426,186.21648632576435,33209400
2023-03-07,182.7595977783203,188.55410644619425,182.26434114393905,187.2070077961159,36701500
2023-03-08,183.2152099609375,183.50245211077504,179.61964255879337,181.1351263980046,19432400
2023-03-09,179.9663543701172,187.13766060957806,178.5895415605495,184.5821497311838,26582800
2023-03-10,177.80702209472656,183.01713128772388,177.10376617470405,179.29279191982639,25665000
2023-03-13,179.183837890625,182.03652083953313,173.16153073142507,176.2717416799859,24728000
2023-03-14,192.17938232421875,192.47653931789264,184.7901469318092,185.80047466468736,41642600
2023-03-15,195.8739471435547,195.9036613246438,189.0294986374926,191.11948168692302,42123600
2023-03-16,202.98583984375,203.80796752037094,194.22970777429103,196.3791193612989,50447100
2023-03-17,193.75428771972656,199.98460909958362,193.5759874843718,198.6573250385186,50141100
2023-03-20,195.9333953857422,197.46869372524705,191.80295754095243,196.5970373541154,25186300
2023-03-21,200.2421417236328,201.61895439545566,196.07207471836767,201.27226874787596,31827000
2023-03-22,197.9144287109375,205.4027056547696,197.77575747546027,200.57891148420725,28477800
2023-03-23,202.34202575683594,205.90787915450176,200.23222790371437,200.9156843977696,27389700
2023-03-24,204.05560302734375,205.61071588518217,201.618949208631,203.23347532157342,27716400
2023-03-27,200.91571044921875,203.9070647921286,199.44975502411125,202.86702282345124,18527200
2023-03-28,198.77618408203125,199.12286975176147,196.02255856245037,198.251213288919,19127300
2023-03-29,203.4019012451172,203.7683863098871,200.61854632624423,201.62887406975602,18851100
2023-03-30,205.8682403564453,206.11586863298473,200.89587544563574,201.45056036683914,22608300
2023-03-31,209.9293670654297,210.1571808662877,204.80841570733872,205.27395811389536,25440300
2023-04-03,211.0486297607422,211.46464344174353,206.22482077102137,206.8587485393134,17924600
2023-04-04,212.6829833984375,214.18856760860652,210.52365688613878,211.3655991037935,21026400
2023-04-05,209.47373962402344,213.1485504623272,207.94835585648383,212.11840820988266,19396600
2023-04-06,214.04991149902344,214.88193897105816,206.67057596666902,207.26488994042649,26104400
2023-04-10,212.71270751953125,213.6140781496592,208.6615122004268,212.6730936421114,16106100
2023-04-11,211.82127380371094,213.97068583634479,211.38544553644263,213.4358001941397,16710100
2023-04-12,211.9698028564453,214.78285642586448,210.56327607173571,212.80183023094443,18972200
2023-04-13,218.2595977783203,219.05199627654818,213.64380246738355,213.68341634668192,23310400
2023-04-14,219.38877868652344,220.00289204684645,215.4861541788514,215.81302535535528,21591200
2023-04-17,216.78370666503906,218.88358968767463,215.07012316287006,217.70487663152431,15481900
2023-04-18,215.82290649414062,218.34871801252572,214.1588516812,217.823747259822,12281000
2023-04-19,213.65370178222656,215.26824319188435,210.909975889148,211.4448614999451,15898100
2023-04-20,211.0486297607422,214.69371064991398,210.7514728131612,211.4547286379384,16475400
2023-04-21,210.870361328125,211.3854324406262,207.59176494888234,208.21579312145047,17717200
2023-04-24,210.7712860107422,211.89057070393048,208.7110319642467,211.6528421074743,15750900
2023-04-25,205.5810089111328,209.25580426247976,205.164995198567,208.81999116886178,19198200
2023-04-26,207.4134521484375,212.07877583821966,206.8983961811567,210.4840490269133,41992700
2023-04-27,236.29681396484375,239.3971249518999,234.5238020816266,237.61419826423133,71196500
2023-04-28,238.04013061523438,238.14907255370719,233.51347820505038,236.7425456757635,39554000
2023-05-01,240.8729705810547,241.68519858513287,234.21673639378213,236.35623322246266,29143900
2023-05-02,236.97036743164062,242.5964747735725,236.72273914833664,240.87297648072555,24350100
2023-05-03,234.78134155273438,239.45656504526394,230.54194628453024,237.19819616833396,34463900
2023-05-04,231.3046417236328,235.9402361452473,230.7202274615315,233.82053854737515,17889400
2023-05-05,230.5716552734375,232.45362425710945,227.66945893038118,230.03678481002527,27000500
2023-05-08,231.05702209472656,233.3847190835695,228.08548244715766,229.2245665997795,16400500
2023-05-09,231.1560516357422,233.64224934379664,228.88778314634615,229.2641829841622,16865600
2023-05-10,230.86878967285156,234.50397084974261,228.5311782078663,233.92947145171752,19119000
2023-05-11,233.55311584472656,235.95017124371276,230.09623422669785,230.8391191746226,20449000
2023-05-12,231.5918731689453,234.7119986057812,229.25426157090317,234.49408450743593,16161400
2023-05-15,236.59397888183594,237.9806912888239,233.09746856404405,234.67238089355857,20653200
2023-05-16,236.5543670654297,237.36658002116022,233.2856705187338,233.5530981976764,18163800
2023-05-17,240.18954467773438,241.5267283923973,235.88080633108018,236.18786299635764,21193100
2023-05-18,244.50819396972656,244.74590746912503,238.90188552708443,239.01084258565282,22943300
2023-05-19,243.3096466064453,246.33071470006072,241.1008065407004,245.12228746261457,21733600
2023-05-22,245.96424865722656,251.16444303288327,242.7945942798862,243.08185157592337,27738500
2023-05-23,244.3992462158203,249.22304093583918,244.31008853611925,244.46857428444022,17748100
2023-05-24,246.84580993652344,247.22219468826913,242.6262138825794,242.95308506380272,17724300
2023-05-25,250.29278564453125,253.19498209731498,246.80617491073622,250.996041560311,22371400
2023-05-26,259.5540771484375,259.82150481978033,250.31258754347328,250.53048653396436,25727200
2023-05-30,260.029541015625,266.10139239002933,258.81122900079936,262.73365321069883,23816500
2023-05-31,262.2085876464844,262.48593006157813,255.99808237203328,257.53336534343515,25473700
2023-06-01,270.0238037109375,271.40063164371105,263.36758366183034,263.37746823928745,25609500
2023-06-02,270.0238037109375,272.7378305824592,268.547948635199,270.0733475104856,19416900
2023-06-05,268.8153991699219,272.95573720381407,267.0027430368973,267.73571315185546,20742900
2023-06-06,268.54791259765625,273.94622119971035,267.13148608899905,267.5772290847876,19419000
2023-06-07,261.09930419921875,271.64826448644277,260.3068754458279,269.0927535484144,26163600
2023-06-08,262.0699462890625,265.1108288024694,256.4240396785275,258.14752282316664,20899400
2023-06-09,262.43646240234375,265.40800175291315,259.21729477256025,259.98989379458584,16949800
2023-06-12,268.47857666015625,269.171947954945,262.8128402447696,264.6354110376893,15442500
2023-06-13,268.7460632324219,273.10431550282607,266.5372077947004,272.27228799713606,16164000
2023-06-14,270.75677490234375,272.38120074557696,265.7744949797693,269.3106341709174,19175100
2023-06-15,279.15631103515625,281.2958230915934,268.8450956235299,269.7167218141707,25973500
2023-06-16,278.334228515625,285.11925045209955,277.47248680831274,282.0486532733958,43127700
2023-06-20,281.632568359375,282.0981107121687,273.5995218578343,276.08571934063275,20701600
2023-06-21,278.96820068359375,281.30579773274474,275.71928780350856,280.8402552386417,20556200
2023-06-22,282.1773986816406,282.5537985253659,275.1546638845414,276.43240411858153,17563100
2023-06-23,285.99090576171875,286.9219906486609,276.303687243336,278.8393987823927,51092000
2023-06-26,275.8282165527344,287.04083341600824,274.96647489104197,285.96117763760685,24232700
2023-06-27,284.3268127441406,286.60501132731775,277.98753406950857,279.3346477911545,26108300
2023-06-28,282.5834655761719,286.8030304510003,281.36512368966083,282.11792325154323,16722100
2023-06-29,278.8591613769531,283.8513560356523,278.0271339718469,281.8009865937503,15395700
2023-06-30,284.2574462890625,286.3077853315308,281.7217352964709,282.0585061064805,19694900
2023-07-03,283.3065185546875,286.6544573450833,282.14763526758617,283.9800903708093,8629300
2023-07-05,291.5773620605469,295.2917865123045,283.6433417586123,284.9211122338747,33865500
2023-07-06,289.21990966796875,295.2917597921739,288.54636801639884,293.0829349306931,47600500
2023-07-07,287.7738037109375,293.3900269513841,285.921548831734,289.40814447328967,25586000
2023-07-10,291.3099670410156,295.30173442356744,284.3268301519905,292.7461931865397,37058300
2023-07-11,295.4601745605469,297.3322286864774,289.13078105292806,291.1118073434285,27585900
2023-07-12,306.40533447265625,306.51430663784794,297.2530026313018,298.88734328467757,36677100
2023-07-13,310.43670654296875,313.2398452455933,307.34631058466346,310.6447058249154,30281000
2023-07-14,305.9398193359375,311.89281357613527,304.4441346718589,308.83213129456794,23054100
2023-07-17,307.6731872558594,308.7528429530063,301.81925096071205,304.62242007959725,25323100
2023-07-18,309.08966064453125,311.21928840455837,304.7016940161735,307.9307770207318,20731900
2023-07-19,313.0121154785156,315.65676904382303,307.5741769433904,310.0603749824738,21763700
2023-07-20,299.6499938964844,312.5464930197038,299.35285207578954,310.52583795480166,23836900
2023-07-21,291.4684143066406,302.5621436444749,288.4374464326985,301.68060264409814,42139300
2023-07-24,288.843505859375,294.6974418120393,285.56490997021996,292.97395871919514,24915700
2023-07-25,291.6763916015625,295.4700434460626,289.09113671115625,292.38956223739245,19585600
2023-07-26,295.737548828125,298.90717309686846,289.1308121386396,298.3326887112054,47256900
2023-07-27,308.75286865234375,322.2634835399387,306.9006137595752,322.0356546162688,64229200
2023-07-28,322.3922424316406,323.10541313417497,311.26876847868454,313.8738229924983,39220300
2023-07-31,315.5775146484375,322.570535490506,314.577086633684,320.6192232583214,25799600
2023-08-01,319.64849853515625,321.06495535004046,311.6748795602786,314.5275623433994,22817900
2023-08-02,311.32818603515625,315.36949661846563,307.7029042755644,314.9831819801521,20461100
2023-08-03,310.2188415527344,312.952667746074,306.9897587433877,306.9897587433877,15180200
2023-08-04,307.7822265625,315.3893618959443,307.25725569196965,311.9720787201824,17612800
2023-08-07,313.5568542480469,314.06202564992486,307.51471771954186,310.25845861265213,16236500
2023-08-08,309.6740417480469,314.8742357187561,307.1680144917941,311.4173243145739,15183500
2023-08-09,302.31451416015625,310.65464829695816,299.9769176038269,309.9117634243524,19955800
2023-08-10,302.8394470214844,309.37683912774725,300.98719247412265,305.01858779959167,14358900
2023-08-11,298.7784118652344,301.8291791770591,297.51052596850735,299.6995818732655,14046300
2023-08-14,303.28521728515625,303.30501666562736,295.4205406252859,298.1246523486523,15641900
2023-08-15,299.08544921875,304.3153572927318,297.1836507245468,303.23570161733716,11623600
2023-08-16,291.4981384277344,298.2237012992778,291.4882236227425,297.35207507384723,18547700
2023-08-17,282.3853759765625,293.24139108581943,282.246719861191,290.2698517866094,23950100
2023-08-18,280.5628967285156,282.97975163755564,271.7770484529784,276.3829293262973,35347900
2023-08-21,287.14971923828125,287.74403309751955,279.17610149668184,280.76092837863104,20181500
2023-08-22,284.8716125488281,290.1213206052622,284.0296702531187,289.77463492725656,12980200
2023-08-23,291.4485778808594,294.57860304394643,284.94092949669374,285.76304210604485,18287000
2023-08-24,284.0296325683594,296.6190456561809,283.9206906363901,295.6681615402102,18360900
2023-08-25,282.79150390625,285.65410141498114,273.4113431805174,283.41553202631593,23701400
2023-08-28,287.5063171386719,288.6850300436669,283.08860733169104,285.2677480538815,14239300
2023-08-29,295.1629943847656,296.31199322911004,285.44606311461,285.84226231623114,20844500
2023-08-30,292.3004455566406,295.46018502009133,290.6462752451663,294.3508150946284,17717000
2023-08-31,293.0829772949219,298.2435428150178,292.8551483674615,292.9938045025631,17229900
2023-09-01,293.5683288574219,298.8774654942899,291.6764448775336,296.52995387241754,12842300
2023-09-05,297.30255126953125,298.5308082766261,292.70658542576587,294.20223990498334,14956000
2023-09-06,296.33184814453125,300.42264228000386,292.85513713016263,298.8477299151188,15418100
2023-09-07,295.83660888671875,304.13708462017706,289.4477862636945,295.1729517016714,33748700
2023-09-08,295.0639953613281,302.35415809536886,293.96450997693336,296.38136463351657,17548000
2023-09-11,304.6421813964844,306.1081515452189,298.4217608525943,298.55053238142307,19489300
2023-09-12,298.7982177734375,305.73181022527893,297.3817911415824,303.42389752430716,13480400
2023-09-13,302.1658935546875,304.265776279539,298.4613846053007,299.4914963617568,13210900
2023-09-14,308.7627868652344,309.901871040026,302.13625090393964,303.83002007216135,19343100
2023-09-15,297.4610595703125,309.04016296636837,295.9158611737261,308.6538482531876,28131100
2023-09-18,299.6797180175781,300.7197748806222,294.97478092282745,295.36109553060214,14234200
2023-09-19,302.1758728027344,303.2654433814144,296.965763635269,299.6104472113349,15924400
2023-09-20,296.82708740234375,305.1374769686172,296.58934369250954,302.15602272979146,19379500
2023-09-21,292.9244689941406,297.4114924198118,290.48778484547785,292.89475480833073,21319600
2023-09-22,296.24273681640625,302.4829894247463,295.44042337403073,296.4606509753274,25369600
2023-09-25,297.9760437011719,298.0949306651933,290.91371066299604,292.8353085025185,18987000
2023-09-26,296.12384033203125,297.45112449362,293.2018443066156,294.8361851653147,19417200
2023-09-27,294.9153747558594,298.44159914142534,284.0692739315367,297.59968714880796,36429800
2023-09-28,301.07635498046875,303.42386620320735,293.8852503920913,296.1039900746693,22167100
2023-09-29,297.3619384765625,307.6930134021515,296.51999626993165,304.4639309233832,25373700
2023-10-02,303.9092712402344,304.2658414874116,298.7685052469787,299.8679604038395,16265600
2023-10-03,298.08502197265625,303.859700185575,296.79736700260383,301.373532799268,17362300
2023-10-04,302.6810302734375,303.9885150382113,295.66820965631024,295.8960385894054,16880500
2023-10-05,301.8985290527344,303.3050408800176,296.6587057199005,301.7400433121273,19130000
2023-10-06,312.4375915527344,313.30924806138853,298.0553498441382,298.5803206648414,21803900
2023-10-09,315.33978271484375,317.2910950199957,308.8618478455321,309.53538959856286,22503700
2023-10-10,318.7867126464844,321.57996666946445,315.14163191996147,316.09251597295463,19038000
2023-10-11,324.7100524902344,325.72036509705856,319.8862579237082,319.94568629892933,22036300
2023-10-12,321.0847473144531,327.40422606729186,319.62869177037254,324.88831419473127,20530500
2023-10-13,311.70458984375,321.9662917082613,309.4065920496677,320.4607225818261,21341000
2023-10-16,318.1033020019531,318.7669591335072,312.5267079569691,315.61713447296523,16536100
2023-10-17,320.92626953125,321.32246875666357,314.2898191503353,315.16147558308313,16387800
2023-10-18,313.9629821777344,322.847887129446,312.56635488514354,318.341063988924,16851000
2023-10-19,309.8424072265625,318.83628330064334,308.7924657356501,316.8453422527521,18709200
2023-10-20,305.7218017578125,312.308706523453,303.56249088193994,311.15973815556214,22312300
2023-10-23,311.0310363769531,314.3492311666967,304.34507277626585,306.56381250558826,17796800
2023-10-24,309.58489990234375,315.3298948095002,307.6831314164379,313.77478177383387,19525500
2023-10-25,296.6884460449219,307.9307779888873,296.0049894531203,307.0591214527887,42192500
2023-10-26,285.6144714355469,292.2013778048575,276.74936669566614,292.2013778048575,66684100
2023-10-27,293.9149475097656,296.4704578723433,290.1906087776419,291.68629315256464,29596300
2023-10-30,299.7886657714844,306.4647136642608,296.2128981519486,296.2525271354828,28435100
2023-10-31,298.41192626953125,300.7990669119868,294.0437590585382,300.43258183329806,19434200
2023-11-01,308.89154052734375,309.77308153694946,298.9864087498311,298.9864087498311,20434600
2023-11-02,307.9208068847656,315.79539823157603,305.4048951115766,314.2897989524733,21631800
2023-11-03,311.615478515625,312.5564479784247,308.06942410716226,309.58490819009023,16764300
2023-11-06,312.8040466308594,315.3100437389214,311.4668780353655,312.9823619745799,12887700
2023-11-07,315.79534912109375,317.9546601188809,312.13043907834503,314.0520366387411,14055600
2023-11-08,316.746337890625,318.28162139513483,311.89282882713593,315.1219118176017,13609700
2023-11-09,317.5089416503906,321.1045088081468,315.77554383710776,316.3896873110975,16103100
2023-11-10,325.6510314941406,325.97791779553546,316.4293555216482,316.9048127654654,19096200
2023-11-13,326.06707763671875,329.1772736991196,322.6101958715871,323.1054525246119,16908900
2023-11-14,333.1195068359375,334.8925340074316,330.16776648525604,331.36630927529507,17179400
2023-11-15,329.55364990234375,335.1896726268728,326.88916688235804,334.7241301973717,14531200
2023-11-16,331.01959228515625,331.405876695377,323.2836869956285,326.24531164355,18932600
2023-11-17,331.861572265625,332.3171999029748,326.2255493780863,327.1269200752358,14494400
2023-11-20,336.74481201171875,338.6267812595869,331.01964627540804,331.7130176852861,16960500
2023-11-21,333.78314208984375,336.6754236460935,332.7133709283329,335.1203106996373,12027900
2023-11-22,338.25030517578125,339.66676186673806,335.36790845868984,335.9919365414085,10702700
2023-11-24,335.0212707519531,338.61680806424386,333.57509980107073,336.90323967530475,5467500
2023-11-27,331.5247497558594,336.67539978710187,331.0294932012364,332.9906898115843,15684500
2023-11-28,335.7740478515625,336.1603624950619,330.23708289117764,330.23708289117764,12637200
2023-11-29,329.0484924316406,336.67542582587174,327.6419504073812,336.46742652070037,16024500
2023-11-30,324.04638671875,330.33615157241326,319.34144902768867,328.7414398329136,23146400
2023-12-01,321.7384948730469,323.75911997400175,317.7170138243553,322.39223719208394,15276400
2023-12-04,316.9840393066406,317.8160668090726,310.6843895476275,314.27995748075307,19037100
2023-12-05,315.2704772949219,318.8264163082386,312.3979948564166,315.9539338697333,16952100
2023-12-06,314.4384765625,319.1929285741615,314.0323624596767,318.8759570458991,11294300
2023-12-07,323.4916687011719,325.1260092655052,314.7553359314561,314.7553359314561,15905100
2023-12-08,329.59326171875,330.0092905560532,319.93575818228777,320.02490074141053,14087400
2023-12-11,322.19415283203125,326.76043469096527,316.96424401490793,326.2750626372327,25802500
2023-12-12,331.04931640625,331.29694470138276,321.4809554549513,321.5205844460303,18485500
2023-12-13,331.5643310546875,335.15989828838514,329.48427781726275,330.7620178966958,16353300
2023-12-14,330.00933837890625,331.5248225597352,325.5223142177799,330.6828801863707,19607300
2023-12-15,331.7427062988281,335.44721612845785,328.0777952344313,328.8404795440418,31776900
2023-12-18,341.35064697265625,344.26275813769166,333.8227407652726,334.2783985919012,18993900
2023-12-19,347.03619384765625,350.24547720407884,341.84591429871836,342.3015419115937,17729400
2023-12-20,345.9664306640625,351.59253808248286,344.49057574848587,345.3424025451627,16369900
2023-12-21,350.7308349609375,353.0288329680946,345.8971254383194,349.63137975696606,15289600
2023-12-22,350.0374450683594,353.8112976274182,347.88801830324877,352.2066409856545,11772800
2023-12-26,351.46380615234375,353.5934338402026,350.0969232474257,351.6222919010442,9898600
2023-12-27,354.4352722167969,355.59418578837534,351.9391902070133,352.69198979976716,13207900
2023-12-28,354.9206237792969,358.4666470026117,354.4154524786461,356.2875365494875,11798800
2023-12-29,350.6020202636719,356.5847280537646,348.48233787661115,355.58430011596727,14987100
