Date,Close,High,Low,Open,Volume
2018-01-02,78.55203247070312,78.88104678877039,78.14076805947431,78.71653962973676,22483800
2018-01-03,78.91759490966797,79.06382657629845,78.57030516048502,78.65255524343243,26061400
2018-01-04,79.6122055053711,80.11486829584662,79.11868394000743,79.13695941751936,21912000
2018-01-05,80.59922790527344,80.80029296974796,79.90464140237326,80.11484768960844,23407100
2018-01-08,80.68150329589844,80.95568428302883,80.06003243475341,80.60838743630205,22113000
2018-01-09,80.62664794921875,81.09275271142944,80.29763364327123,81.01963687172771,19484300
2018-01-10,80.26106262207031,80.59921809595957,79.8863562070068,80.29762053595367,18652200
2018-01-11,80.49868774414062,80.54437990819368,79.73098547733065,80.54437990819368,17808900
2018-01-12,81.88786315917969,82.05237030884334,80.8368456459236,81.03791071470252,24271500
2018-01-16,80.74543762207031,82.97542141757629,80.43470583296993,82.34480964560252,36599700
2018-01-17,82.3813705444336,82.50931975313912,81.11101270606517,81.41261025774632,25621200
2018-01-18,82.34485626220703,82.86579459444556,81.94273295294163,82.07068222944143,24159700
2018-01-19,82.2534408569336,82.81093695833633,81.9427089828196,82.38139009600532,36875000
2018-01-22,83.72484588623047,83.73398710780944,82.01580003183368,82.25342298392356,23601600
2018-01-23,83.9898910522461,84.35546323963982,83.6608767808627,83.9898910522461,23412800
2018-01-24,83.91677856445312,85.38820162213717,83.6974380323596,84.58394835598773,33277500
2018-01-25,84.38285827636719,85.2145279908457,84.0172861827986,84.51080746321004,26383200
2018-01-26,85.96395111083984,85.96395111083984,84.61134337462163,85.10486467493087,29172200
2018-01-29,85.83604431152344,87.23435186664142,85.65326165345093,86.95103665481558,31569900
2018-01-30,84.75759887695312,85.59841712384056,84.17268607989872,85.26940280390865,38635100
2018-01-31,86.83222198486328,87.18865302174882,85.46133123600784,85.68067180346564,48756300
2018-02-01,86.14678192138672,87.80098796238664,85.52531113135012,86.63116223354396,47227900
2018-02-02,83.8802261352539,85.88172866810588,83.62432766894977,85.58013105880019,47867800
2018-02-05,80.42556762695312,85.21454265601774,80.42556762695312,82.76521827210672,51031500
2018-02-06,83.46895599365234,83.60604644051041,77.91227806632236,79.41111781382837,67998600
2018-02-07,81.89702606201172,83.87110540784597,81.5223125214182,82.7012795773202,41107600
2018-02-08,77.69293212890625,82.14375192186915,77.46445039094439,81.98838601350532,55628700
2018-02-09,80.59008026123047,81.27552548675487,76.61449934773083,78.87190007275802,63499100
2018-02-12,81.45833587646484,82.05239000242554,80.36162593062339,81.10190479543078,35720300
2018-02-13,82.09806823730469,82.2534341617153,80.24279744906849,81.27553250114553,26407700
2018-02-14,83.38356018066406,83.54884006925208,81.17983767344114,81.27165827699827,34960900
2018-02-15,85.0822982788086,85.13738925630184,83.20912798392207,83.75087461051261,27823900
2018-02-16,84.47625732421875,85.85358760667884,84.29261608874305,84.88945360677114,30596900
2018-02-20,85.13739013671875,85.44958168636238,83.5672342127381,83.99879888880501,30911700
2018-02-21,84.00794982910156,85.7250238326343,84.00794982910156,85.37610273802606,26922500
2018-02-22,84.22834014892578,85.14656032843654,83.88859616053976,84.52217032615066,24392800
2018-02-23,86.36778259277344,86.37696675554017,84.80681118468154,85.9454021765305,26329200
2018-02-26,87.61656951904297,87.64411500407954,86.54225356983231,86.67998800047926,30199800
2018-02-27,86.49634552001953,88.00222618302628,86.49634552001953,87.91040555829944,25869100
2018-02-28,86.10150909423828,87.88285860721105,85.97295882066958,87.08400447392167,31167300
2018-03-01,85.25675964355469,86.8360997950893,84.32935511169487,86.30353030111313,37135600
2018-03-02,85.44039916992188,85.53221979609141,83.42949453112489,84.09061424828909,32830400
2018-03-05,85.98213958740234,86.56061579560543,84.7149982242347,84.78845051661145,23901600
2018-03-06,85.68829345703125,86.76260921756094,85.33937236540858,86.62487481110415,22175800
2018-03-07,86.18413543701172,86.2575947231612,84.87108047030799,85.54138419686154,26716100
2018-03-08,86.7075424194336,87.32274833351833,86.1015136643305,86.56062381014864,25887800
2018-03-09,88.64498901367188,88.64498901367188,87.23092890445957,87.49721363335004,36937300
2018-03-12,88.85614776611328,89.26016681444757,88.1858510782453,88.60823144447536,26073700
2018-03-13,86.68917846679688,89.28773648916224,86.2851593089817,89.06736558738335,35387800
2018-03-14,86.17498016357422,87.60740870183395,85.85360443576337,87.34112395437198,32132000
2018-03-15,86.47798919677734,86.84527872238323,85.23839317763935,85.8811445933509,27611000
2018-03-16,86.8636245727539,87.57983516709747,86.2392345920891,86.93708386588241,49081300
2018-03-19,85.29346466064453,86.22086892461041,84.57725410240958,86.07395034576047,33344100
2018-03-20,85.51385498046875,86.1015154186524,85.3944888620913,85.44040267979456,23075200
2018-03-21,84.9170150756836,86.3586206435343,84.66909167556679,85.33021140192517,24457100
2018-03-22,82.44698333740234,84.24669388658552,82.32761724677782,83.80594515769049,38604700
2018-03-23,80.0504379272461,83.06219908536069,79.95861730763806,82.18070852728795,44068900
2018-03-26,86.11067199707031,86.31268152150533,83.00709086432747,83.19991622707103,56396800
2018-03-27,82.15316009521484,87.35946680089926,81.27166956876013,87.17582556827018,56569000
2018-03-28,82.07969665527344,83.76922533309502,81.6022252712699,82.4745315904059,52501100
2018-03-29,83.80597686767578,84.74256564390957,81.17068867607016,82.80511994602657,45867500
2018-04-02,81.28085327148438,83.4478536172263,80.35345586492824,83.07138695838356,48515400
2018-04-03,82.37355041503906,82.68574899074193,80.702389584062,82.254184286207,37213800
2018-04-04,84.77925109863281,85.17408596402892,80.55544065829044,80.66562257065803,35560000
2018-04-05,84.8251724243164,85.45874655081184,83.92532062701059,84.88027039540096,29771900
2018-04-06,82.85100555419922,84.89863252454646,82.16234045551977,84.00795787604686,38026000
2018-04-09,83.34684753417969,85.55057749624869,83.20912010349022,83.59477092034959,31533900
2018-04-10,85.28428649902344,85.65157596652875,84.14569545467448,84.83436057919798,26812000
2018-04-11,84.34770202636719,85.66075709753153,83.99878089759328,84.4854364474892,24872100
2018-04-12,85.92705535888672,86.45962480182462,84.87110063732773,84.87110063732773,26758900
2018-04-13,85.4679183959961,86.4779589844411,84.88025816252035,86.35859290764411,23346100
2018-04-16,86.46878814697266,86.91872105557526,85.78012304798983,86.37696753486767,20288100
2018-04-17,88.21342468261719,88.64498934812084,87.12074027467942,87.23092923357343,26771000
2018-04-18,88.55316162109375,88.8102621657754,87.70839368154263,88.35115204871119,21043300
2018-04-19,88.25016021728516,89.13165093079196,87.54312661015652,88.55317462034029,23552500
2018-04-20,87.2309341430664,88.25015930243842,86.3586276038219,88.06651803274443,31154400
2018-04-23,87.55229187011719,88.41542107227401,86.89117222637698,87.91039717623248,22331800
2018-04-24,85.50469207763672,88.58072922907238,84.85275638924922,88.36953544007572,34524800
2018-04-25,84.76090240478516,85.6699454251039,82.89691656398176,85.6699454251039,33729300
2018-04-26,86.55146026611328,87.3686758937842,85.48632119764072,85.8995245971548,42529000
2018-04-27,87.98387145996094,89.89377142158538,86.23007427809249,89.61830252127729,48272800
2018-04-30,85.87196350097656,88.51644257557932,85.53222645714487,88.45216743170857,41523600
2018-05-01,87.2309341430664,87.49721888794845,85.2016679894467,85.58731885908331,31408900
2018-05-02,85.8627700805664,87.38701192032167,85.56893990630853,87.22173200946011,27471000
2018-05-03,86.37698364257812,87.16665366377438,84.88946422941343,85.35775854557981,31142500
2018-05-04,87.37784576416016,87.570671183533,85.32102727992029,85.68831679535346,22531300
2018-05-07,88.35115051269531,88.80107645806608,87.32274134638354,87.3870164814365,24242000
2018-05-08,87.9747085571289,88.2960913536494,87.28604314538526,88.01143821974459,23484600
2018-05-09,89.01226043701172,89.03980591966405,87.27682497527996,88.158315447472,27327400
2018-05-10,89.9029541015625,89.9396767492296,89.11328407288417,89.48975075792475,22388100
2018-05-11,89.71011352539062,89.866216288394,89.10409181740098,89.80194115261534,16778300
2018-05-14,90.01313018798828,90.61915891696698,89.352010485635,89.91212539982517,19454100
2018-05-15,89.3611831665039,89.84783871668154,88.46132435272106,89.28772387446783,24594000
2018-05-16,89.59172821044922,89.82227820222299,89.10296335362123,89.7853893592399,17384700
2018-05-17,88.69718933105469,89.95138179564144,88.3744207635126,89.2320669777399,17246700
2018-05-18,88.86321258544922,89.38886642245599,88.54044391988879,88.54044391988879,17865800
2018-05-21,90.0067138671875,90.38481922453299,89.26895812741867,89.45339530340406,19422500
2018-05-22,89.91451263427734,90.53238503249864,89.6378497810712,90.08050893903531,15441200
2018-05-23,90.98426055908203,91.04881428132549,88.82630877754845,89.18596623516605,21251200
2018-05-24,90.66149139404297,91.24248197160114,89.27819121635746,91.0488207910246,26649300
2018-05-25,90.70760345458984,91.27937005614272,90.24650339922322,90.65227369941097,18363900
2018-05-29,90.38482666015625,91.18713618110571,89.6655117644797,90.22804730826103,28671000
2018-05-30,91.25170135498047,91.52836421227096,90.2926193975852,90.66149382620088,22158500
2018-05-31,91.1502685546875,92.21080024030006,90.93816643906268,91.56526288514259,34140900
2018-06-01,92.94855499267578,93.01310872245789,91.45458820022417,91.55603078071445,28655600
2018-06-04,93.76008605957031,93.93530633672795,93.00388223012023,93.3819876627596,27281600
2018-06-05,94.2396240234375,94.36873146573886,93.6309686218786,94.06440376495941,23514400
2018-06-06,94.51628112792969,94.61772369626745,93.9721864757799,94.50706419322844,21122900
2018-06-07,93.03155517578125,94.70074234964466,92.5704550681847,94.66385349673743,28232200
2018-06-08,93.72317504882812,94.01827874088862,92.71798051631258,93.22518624925847,22165100
2018-06-11,93.18830871582031,93.68629050239028,92.83786822830334,93.15141987314341,23490900
2018-06-12,93.42810821533203,93.55721569180383,92.91167830944481,93.23444700062433,18325200
2018-06-13,93.0038833618164,94.07363890889046,92.7364444750479,93.80620002212194,29492900
2018-06-14,93.529541015625,94.09208369098961,93.14221862676612,93.74165015380716,25691800
2018-06-15,92.33989715576172,93.63097875431988,92.28456739902437,93.61253784735032,65738600
2018-06-18,93.01309967041016,93.2436496880275,91.68512931746919,92.2292310176768,23586000
2018-06-19,93.01309967041016,93.14220711740961,91.7589070117055,91.89723842944156,28653100
2018-06-20,93.94454193115234,94.54396646454687,93.25289174416216,93.48344180649222,26180800
2018-06-21,93.27131652832031,94.48862036553822,93.03154253491773,94.1381868642793,23198200
2018-06-22,92.59812927246094,92.93011488516953,91.8788071767422,92.59812927246094,38923100
2018-06-25,90.73528289794922,92.32146846877397,89.73008799308332,92.22002587744241,35433300
2018-06-26,91.37157440185547,92.29377436868286,91.06724672420387,91.13180044044869,26897200
2018-06-27,89.95140838623047,92.23846094302884,89.8223009210481,91.83269763923961,31298400
2018-06-28,90.95658874511719,91.3992478665679,89.69317917473393,89.80383867822557,26650700
2018-06-29,90.93816375732422,92.1370268510677,90.6799488228759,91.23326754466933,28053200
2018-07-02,92.22924041748047,92.27534620420603,90.37561611688773,90.46783472616775,19564500
2018-07-03,91.34391784667969,92.80098857972409,91.24247527822476,92.66266420076559,14670300
2018-07-05,91.99868774414062,92.1462361076013,91.3254785475831,91.75891373820976,18977400
2018-07-06,93.2897720336914,93.53876298238353,91.91568872255876,92.11857388451546,19234600
2018-07-09,93.92609405517578,94.29497556234107,93.37277531234263,93.74165681950791,18212000
2018-07-10,94.1750717163086,94.53472917323798,93.93529773307965,94.06440517731954,19293100
2018-07-11,94.04598236083984,94.37796797000495,93.23444165715138,93.28055448288981,19644600
2018-07-12,96.08406829833984,96.28695352552509,94.7376564693654,94.77453829627986,24335900
2018-07-13,97.2275619506836,97.38433428735048,95.99181009289873,96.25003204460914,24635200
2018-07-16,96.7480239868164,97.58722248960706,96.388359444673,97.19990010370368,21786900
2018-07-17,97.70710754394531,98.21432046395937,96.20392376363952,96.47136266366248,25901700
2018-07-18,96.94166564941406,97.79931192303096,96.57278424561036,97.69786936108925,29493900
2018-07-19,96.27767944335938,97.11687776761161,95.80735548292098,96.76644430765747,40171600
2018-07-20,98.0021743774414,99.7820203587266,97.82696119135163,99.67136088031756,56004000
2018-07-23,99.56993865966797,99.7267109766335,97.87308694081295,98.02986629360636,29707000
2018-07-24,99.28407287597656,100.35382140588897,98.91519140379583,100.12327136525461,26316600
2018-07-25,102.20744323730469,102.50254700076539,99.22873368839272,99.5607263017646,30702100
2018-07-26,101.09158325195312,102.36421692952999,100.98091670075256,102.12444291984318,31372100
2018-07-27,99.3025131225586,101.60801351355798,97.88232403740352,101.60801351355798,37005300
2018-07-30,97.17222595214844,99.16417448660474,96.60968333475296,98.850629833409,34668300
2018-07-31,97.82697296142578,98.4171803700397,97.18142877112304,98.20507128452503,27655200
2018-08-01,98.01144409179688,98.16821644993259,97.21835129250712,97.78089402306915,23628700
2018-08-02,99.20106506347656,99.68060602255403,96.68345567979159,97.19989252321554,26104300
2018-08-03,99.63449096679688,99.64371493702511,98.50940581709695,99.41316493211374,18659600
2018-08-06,99.71749114990234,99.98493001480666,99.1918373908361,99.70827421498812,20265900
2018-08-07,100.40914154052734,100.6120266825728,99.7543803321804,100.11403779823254,16080200
2018-08-08,100.9717025756836,101.21147660875253,100.2985003387605,100.82415419552312,15487500
2018-08-09,101.13768005371094,101.58956315409948,101.07312633020231,101.17456890083417,13677200
2018-08-10,100.51979064941406,101.15611084168692,99.94802416970317,100.9071129247858,18183700
2018-08-13,99.79129028320312,101.05470718487253,99.68984769072742,100.74115543472135,18472500
2018-08-14,101.0362548828125,101.211475177866,99.63451362987259,100.11405465340142,16788300
2018-08-15,99.66614532470703,100.89738618365872,98.88851245614863,100.43451166232066,29982800
2018-08-16,99.6476058959961,100.77702062586044,99.33285467640937,100.25860352870431,21384300
2018-08-17,99.59207153320312,99.8883109081344,98.76815555095979,99.38840563864342,18061500
2018-08-20,98.93479919433594,99.88831954411815,98.57375764563984,99.52727799542205,17914200
2018-08-21,98.11089324951172,99.379165003024,97.99054134560987,98.98109260538241,22881900
2018-08-22,99.11070251464844,99.36991114861249,97.9257447234382,97.9905468819292,18000600
2018-08-23,99.57356262207031,100.14752955879334,98.93480059917863,99.19400919547144,18167700
2018-08-24,100.35120391845703,100.4993201018436,99.57357100123589,99.67540396733514,17234000
2018-08-27,101.46210479736328,101.49913561068199,100.45304162032396,101.15660588466304,19662300
2018-08-28,102.07308959960938,102.29526738826925,101.63798642725969,101.77685019376133,19151500
2018-08-29,103.70240783691406,103.71166730523844,102.08234696248952,102.24898207780367,20818000
2018-08-30,103.63762664794922,104.24862454866015,103.16549961147949,103.37841798567415,22798700
2018-08-31,103.98939514160156,104.40597939959572,103.2395335891452,103.39691629947859,23222700
2018-09-04,103.4154052734375,103.64684249060916,102.03604143670732,102.61926068133471,22634600
2018-09-05,100.43451690673828,103.14696202593207,100.07347532627436,102.76740857132603,32872400
2018-09-06,100.66593933105469,100.89737656967127,99.52727207228735,100.2123243209793,23477600
2018-09-07,100.1753158569336,100.64744990662261,99.26808563444708,100.19383479537936,22498600
2018-09-10,101.2584228515625,101.499119568639,100.31416198134599,100.7585175451287,20727900
2018-09-11,102.98033905029297,103.30434985777443,100.80482984245361,100.81408931206906,24301800
2018-09-12,103.4154052734375,103.54500955002136,102.30450945617486,103.15619672026978,18891100
2018-09-13,104.52632141113281,105.28543529722147,103.7949788645626,103.7949788645626,26055600
2018-09-14,104.95216369628906,105.28543389187014,104.09121686818862,104.94290422893843,19122300
2018-09-17,103.8134994506836,105.25766573009852,103.55429084288141,105.2484133247519,20736500
2018-09-18,104.8040542602539,105.25766933946252,103.42469008549011,103.85979329046586,22170900
2018-09-19,103.40618133544922,104.90589756063953,102.79519054490147,104.65594838789404,21728400
2018-09-20,105.13731384277344,105.35023922084686,103.61908604498572,103.94309678300668,23714500
2018-09-21,105.77606964111328,106.72958986317025,105.08175797694713,105.53537295325604,71229700
2018-09-24,106.1556396484375,106.36856503316281,103.88755734853035,104.6374118032196,27334500
2018-09-25,105.95196533203125,106.55370356682415,105.3039438871183,106.27598311739176,22668000
2018-09-26,105.51687622070312,106.51667979272784,105.29469137100475,105.97049126208778,19352000
2018-09-27,105.91494750976562,106.3778220142651,105.72053400251995,106.25747012283641,19091300
2018-09-28,105.87792205810547,106.06306904410987,105.23915294945213,105.71128694553958,21647800
2018-10-01,107.02583312988281,107.09063527172044,106.21117662350932,106.22968849421846,18883100
2018-10-02,106.60000610351562,107.23876815472856,105.94272511580095,106.73886987565925,20787200
2018-10-03,106.61851501464844,107.55352352067055,106.39633722313489,106.84995227415557,16648000
2018-10-04,104.41524505615234,106.23897196945107,103.34137267684544,106.10010818758823,34821700
2018-10-05,103.80424499511719,104.76702491552119,102.4248808010436,104.26711954937458,29068900
2018-10-08,102.61927795410156,103.71166208553687,101.2213949494816,103.36913946672792,29640600
2018-10-09,103.9245834350586,104.68369732317404,102.5729907592874,102.88774202520891,26198600
2018-10-10,98.27751159667969,103.22100758311196,97.93498194366879,102.98031087929608,61376300
2018-10-11,98.04607391357422,100.84183261290819,96.4630370061691,97.52764970287686,63904300
2018-10-12,101.434326171875,102.98032543670145,99.16624375643045,100.91590894843738,47742100
2018-10-15,99.61058807373047,101.35100066308081,99.00884982875091,100.82332403103194,32068100
2018-10-16,102.7581558227539,103.13771636508666,100.8603672369012,101.40656290903031,31610200
2018-10-17,102.48966217041016,103.50798457067155,101.41579709503202,103.38763975361738,26548200
2018-10-18,100.44376373291016,102.32303302107412,99.82351361509426,101.9249606795243,32506200
2018-10-19,100.59188842773438,102.62853337620223,100.17529714538577,100.84183754682013,32785500
2018-10-22,101.4898681640625,102.3323032093066,100.20307751973317,101.20288821203226,26545600
2018-10-23,100.07345581054688,100.87885990531173,97.30546854581807,99.76795697499085,43770400
2018-10-24,94.7226333618164,100.43450275336458,94.046833512931,100.36044820432699,63897800
2018-10-25,100.25862884521484,101.15659952585064,98.2682668976097,98.63856794461381,61646800
2018-10-26,99.01810455322266,100.67519598292687,96.98145973551117,97.84240652160545,55523100
2018-10-29,96.13905334472656,100.62893556789832,94.08388898345099,100.08274692817682,55162000
2018-10-30,96.02794647216797,96.62967766930348,92.67673256367402,95.9631443249578,65350900
2018-10-31,98.87924194335938,100.11048972768616,97.56468014469212,97.6109704168172,51062400
2018-11-01,98.05534362792969,99.35139378911569,97.69430204156501,99.10144463813442,33384200
2018-11-02,98.27751159667969,99.35137670241276,97.18512755678172,98.57375097718233,37680200
2018-11-05,99.52729034423828,99.7402086876284,98.0368336888862,98.47193690742945,27922100
2018-11-06,99.72167205810547,100.75850629981717,98.38859138972921,99.40691376122616,24340200
2018-11-07,103.6468505859375,103.90605915935069,101.27693555712673,101.3139663623149,37901700
2018-11-08,103.45245361328125,103.87829731751893,102.67482782195279,103.49874388972418,25644100
2018-11-09,101.434326171875,103.17473189549057,100.68447167898773,102.6192838613924,32039200
2018-11-12,98.93479919433594,101.7953602436826,98.22196850174817,101.29545493097159,33621800
2018-11-13,98.99959564208984,100.66593952560729,98.72186813005159,99.56430307043802,35374600
2018-11-14,97.59569549560547,100.65456873365532,97.1308212726815,100.50580557747917,39495100
2018-11-15,99.743408203125,100.22688134821838,96.61016060393656,97.61428349486621,38505200
2018-11-16,100.68245697021484,101.23100513163368,99.29713381446281,99.55746223638481,33502100
2018-11-19,97.2702865600586,100.93349067349995,96.27545599035545,100.66386276855377,44773900
2018-11-20,94.56470489501953,95.7361898154035,92.3704981967714,94.6483859360412,64052500
2018-11-21,95.8663558959961,97.09362347215321,95.05747225289043,96.32193061540592,28130600
2018-11-23,95.82917785644531,96.51718976204855,94.83434724263672,94.99240278562077,13823100
2018-11-26,98.99028778076172,99.1390437978617,97.23306432493646,97.42831058742644,32336200
2018-11-27,99.61324310302734,99.78989756908848,97.9582920844041,98.80435944062972,29124500
2018-11-28,103.31362915039062,103.50887543367779,100.28264783823118,100.31053915106988,46788500
2018-11-29,102.448974609375,103.31364087256279,101.37046310113341,102.57913881300179,28123200
2018-11-30,103.09980010986328,103.17418168471728,101.67728618451315,102.92314564293937,33665600
2018-12-03,104.21549224853516,105.45205929326048,102.95104098084359,105.06156667705791,34732800
2018-12-04,100.89630889892578,104.72687545479124,100.60808912010783,104.0760543111964,45197000
2018-12-06,101.51921081542969,101.56569397056495,97.62356348824378,98.38595674793915,49107400
2018-12-07,97.45622253417969,101.76095487510167,96.97275650945875,100.76612441646886,45044900
2018-12-10,100.03160858154297,100.39421691689823,96.59154297063711,97.43761726410594,40801500
2018-12-11,100.96134948730469,103.15555571667552,99.89214477594295,102.08635100531379,42381900
2018-12-12,101.41697692871094,103.45312149779323,101.37978613425673,103.09981959060633,36183000
2018-12-13,101.76094818115234,103.08119615274552,100.99855486200929,101.88181999944426,31333400
2018-12-14,98.58122253417969,101.58431301217553,98.08845701304199,100.64526513423503,47043100
2018-12-17,95.6618423461914,98.36741444457702,94.5647386059659,98.00481302219416,56957300
2018-12-18,96.66593170166016,97.16799663391299,95.31779241318033,96.46138594110346,49319200
2018-12-19,96.40560150146484,99.37149369355274,94.22998683591966,96.36841071902464,68198200
2018-12-20,94.3787841796875,96.98207605349407,91.84056733197158,95.81059790231967,70334200
2018-12-21,91.32917785644531,95.7640740887736,90.61326769919656,94.49031637493374,111242100
2018-12-24,87.51722717285156,91.0874652410073,87.37777056713402,90.81783731425602,43935200
2018-12-26,93.4954833984375,93.61635521285486,87.35914625893676,88.4562494970154,51634800
2018-12-27,94.07196044921875,94.08125992106143,89.62776342651597,92.32403569398302,49498500
2018-12-28,93.3374252319336,95.21552064876104,92.52854170962678,94.9179944023268,38196300
2018-12-31,94.43451690673828,95.2062095540048,93.38390407762449,94.17418856631471,33173800
2019-01-02,94.01614379882812,94.60188263151633,91.9892923687848,92.55643935793105,35329300
2019-01-03,90.5574951171875,93.15149399117813,90.37154118208474,93.06781294702756,42579100
2019-01-04,94.76924133300781,95.30849703139141,91.97999652629915,92.7144985099424,44060600
2019-01-07,94.89012908935547,96.01512391661572,93.88600610618126,94.49963642404227,35656100
2019-01-08,95.57814025878906,96.66594420600957,94.56471079405098,95.80127789307129,31514400
2019-01-09,96.9448471069336,97.51199410808007,95.98720754239925,96.5636540122215,32280800
2019-01-10,96.32191467285156,96.46137832525802,95.18762070362244,95.96861290104906,30067600
2019-01-11,95.57814025878906,96.17317867915331,94.49962868849293,95.94074157452923,28314200
2019-01-14,94.88081359863281,95.6432068947515,94.14631161561098,94.7413499397321,28437100
2019-01-15,97.63287353515625,97.6700643193437,94.72275673988557,95.30850272406684,31587600
2019-01-16,97.97689056396484,98.7950737519159,97.58639791157975,97.86532528809359,29853900
2019-01-17,98.6648941040039,99.13906063913635,97.40043582348393,97.62357343374724,28393000
2019-01-18,100.14321899414062,100.31987349475246,98.4696758012862,99.91078184845928,37427600
2019-01-22,98.25579833984375,99.57603919268188,97.4934050353328,99.2506287139424,32371300
2019-01-23,99.21343994140625,99.5202585818973,97.93968222063278,98.66489185090703,25874300
2019-01-24,98.7392578125,99.48305922350004,97.93967377837055,99.35289504058741,23164800
2019-01-25,99.64112854003906,100.30124901449989,98.73927150945751,99.70621064052345,31225600
2019-01-28,97.69798278808594,98.99963222275686,97.30749008571028,98.7950863995833,29476700
2019-01-29,95.70830535888672,97.59569353101836,94.99239509768105,97.51201248399933,31490500
2019-01-30,98.9066162109375,98.9066162109375,97.00063655584451,97.27026439936245,49471900
2019-01-31,97.09362030029297,97.82812234668714,95.93143486487503,96.50788139447243,55636400
2019-02-01,95.55952453613281,96.78679194928101,95.15973250265337,96.48927279134861,35535700
2019-02-04,98.31156921386719,98.36735892742195,95.5502160223284,95.64319651378113,31315100
2019-02-05,99.6876220703125,99.73410523309047,98.51613712968302,98.60911054865613,27325400
2019-02-06,98.58122253417969,99.48307962460183,98.1163483303264,99.48307962460183,20609800
2019-02-07,97.87460327148438,98.17212245241596,96.96345388325122,97.80022879631407,29760700
2019-02-08,98.24649810791016,98.34877098520779,96.93555673419306,97.0564214558101,21461100
2019-02-11,97.85599517822266,99.09256195035296,97.59566682480904,98.73925310493537,18914100
2019-02-12,99.38079833984375,99.61323542214171,98.06985688425999,98.68348709294986,25056600
2019-02-13,99.30642700195312,100.2082841091281,99.21345357813888,99.94795568508121,18394900
2019-02-14,99.39007568359375,99.75267688378484,98.23718999820194,98.84152060291028,21784700
2019-02-15,100.61735534667969,100.69173690806221,99.81777129535784,100.32913566309254,26606900
2019-02-19,100.57088470458984,101.02646653681518,100.20828338892805,100.2175828592679,18038500
2019-02-20,100.04798889160156,100.78562773150345,99.24499000885827,100.71092850433887,21607700
2019-02-21,102.1581802368164,102.22354026972947,99.78653356242748,99.81454398743175,29063200
2019-02-22,103.61479187011719,103.82954323695353,102.54101366480498,102.75577215535148,27763200
2019-02-25,104.1937026977539,104.74460062745418,103.885580833177,104.35244034620297,23750600
2019-02-26,104.91268157958984,105.73435184603026,103.80155353993152,103.88559196561143,21536700
2019-02-27,104.73526000976562,104.91266890187599,103.530761627791,104.28707887266992,21487100
2019-02-28,104.60455322265625,105.39821306014798,104.3244417572712,104.61389240861591,29083900
2019-03-01,105.0713882446289,105.5289085178153,104.26838940875324,105.40752762354012,23501200
2019-03-04,104.81929779052734,105.74367761343628,103.45606889424135,105.52891910725002,26608000
2019-03-05,104.29640197753906,104.94067032096378,103.85756006289961,104.8099502402269,19538300
2019-03-06,104.34310150146484,105.1927892373233,104.04431169710259,104.45515034949226,17687000
2019-03-07,103.07323455810547,104.15635196198211,102.58770383741921,104.01629269441734,25339000
2019-03-08,103.18529510498047,103.37203606711552,101.58863637047928,101.92477580129122,22818400
2019-03-11,105.35152435302734,105.46356608222585,103.6241454986756,103.63347756030137,26491600
2019-03-12,106.08915710449219,106.43462858104856,105.18344851967332,105.34217904261601,26132700
2019-03-13,106.91083526611328,107.37769480876005,106.23855638490811,106.56535664001859,35513800
2019-03-14,106.9948501586914,107.5644192832843,106.75208836281031,106.94816848581128,30763400
2019-03-15,108.22737884521484,109.47855895676804,106.99486285657647,107.69515214627862,54681100
2019-03-18,109.77734375,109.81469336525524,108.35809398885458,108.47013571090957,31207600
2019-03-19,109.85205078125,110.58968970657254,109.23579277134337,110.26288233080987,37588700
2019-03-20,109.73063659667969,110.87911392162641,108.97432660446448,109.60925571018512,28113300
2019-03-21,112.25171661376953,112.81194667533883,109.32917113433497,109.3758599410123,29854400
2019-03-22,109.29181671142578,111.6634568091499,109.28247752636707,111.57942551475436,33624500
2019-03-25,109.86138916015625,110.18818940980864,108.61020190242989,108.83429248451851,27067100
2019-03-26,110.09481048583984,110.84178141009679,109.10506350372624,110.7577501196485,26097700
2019-03-27,109.0303726196289,110.37493035940187,107.86322378266242,110.06680135675205,22733400
2019-03-28,109.17976379394531,109.78668257335133,108.43278573872087,109.65596248224365,18334800
2019-03-29,110.12284088134766,110.47765160041887,109.20779296287402,110.24422180857184,25399800
2019-04-01,111.13123321533203,111.21527163039491,110.27221343752652,111.0658731697101,22789100
2019-04-02,111.28997802734375,111.56075741198899,110.66438083757869,111.1685899892928,18142300
2019-04-03,112.01828002929688,112.4477899545563,111.25263066275419,111.91557035980969,22860700
2019-04-04,111.44869995117188,112.2610380423641,110.53365220050554,112.13965001368894,20112800
2019-04-05,111.94357299804688,112.26104116991424,111.4580422409513,111.47671348696194,15826200
2019-04-08,111.9809341430664,112.06496544433216,110.77643562560972,111.86888528433384,15116200
2019-04-09,111.37400817871094,111.616777128605,110.72040768712434,110.76708936583132,17612000
2019-04-10,112.22369384765625,112.37308518992687,111.61677504610032,111.82219437496948,16477200
2019-04-11,112.35438537597656,112.83991601954229,111.97155724702102,112.55046546993825,14209100
2019-04-12,112.93330383300781,112.96132138534503,112.39175225756215,112.64385323891528,19745100
2019-04-15,113.02668762207031,113.52155755149984,112.57849936834114,112.92397796233469,15792600
2019-04-16,112.76522827148438,113.58690546158695,112.13963831899072,113.57756627796037,14071800
2019-04-17,113.698974609375,113.77367384899519,112.55050407598875,113.20410461338649,19300900
2019-04-18,115.19291687011719,115.33296902269954,113.2601188036629,114.09112815296818,27991000
2019-04-22,115.55708312988281,115.78117372955882,114.4459550701485,114.4926438767822,15648700
2019-04-23,117.12568664550781,117.25640670548377,115.62239883207528,115.87449976954063,24025500
2019-04-24,116.72420501708984,117.508525496108,116.26667761395251,117.4525046400953,31257000
2019-04-25,120.58980560302734,122.6626629649692,120.29102292561114,121.43949332968546,38033900
2019-04-26,121.2807846069336,121.8690322538097,120.46845347357069,121.1033756818488,23654900
2019-04-29,121.16873168945312,121.55154569270618,120.77657137684231,121.29010548429896,16324200
2019-04-30,121.94371032714844,122.03707368116726,120.81390403837405,121.20606431906505,24166500
2019-05-01,119.40396881103516,121.99036699588915,119.23589912627754,121.87832528852392,26821700
2019-05-02,117.84468841552734,119.51604648290713,117.20041994786774,119.49737523507723,27350200
2019-05-03,120.35640716552734,120.8512772345633,118.81577608229094,118.91848577100171,24911100
2019-05-06,119.65608215332031,120.03891035630994,117.75130169398682,118.01274186982826,24239800
2019-05-07,117.20040893554688,118.75038593711551,115.98657847673503,118.07810709902361,36017700
2019-05-08,117.19107818603516,117.99407712677579,116.48144972413883,117.12571813847306,28419000
2019-05-09,117.18174743652344,117.45252683126198,115.37966928263084,116.05194817664217,27235800
2019-05-10,118.70372009277344,119.45069830704907,115.61311180053963,116.63086943939736,30915100
2019-05-13,115.17422485351562,117.22841070708623,114.88477427419512,115.883853211928,33944900
2019-05-14,116.46277618408203,117.5365473552096,115.5010396121658,115.65977725915673,25266300
2019-05-15,118.10283660888672,118.74948990017307,115.92859004334717,116.4534131109468,24722700
2019-05-16,120.83000946044922,121.25174980266455,118.51519238172982,118.78697408775089,30112200
2019-05-17,120.0240478515625,122.26389625246225,119.88346297609567,120.24896077205302,25770500
2019-05-20,118.29025268554688,119.57417810959048,117.85915295958311,118.57140095026452,23706900
2019-05-21,118.92755126953125,119.5179691556985,118.62765544876815,119.4242530523501,15293300
2019-05-22,119.64916229248047,120.18335904834711,118.57140932639673,118.66513257133597,15396500
2019-05-23,118.25276184082031,118.35585168030983,116.90322732392407,118.2715021979643,23603800
2019-05-24,118.30903625488281,119.4149036602076,118.05600200920965,118.93694929059366,14123400
2019-05-28,118.23401641845703,119.95841520499098,118.13092658338394,119.00249972986086,23128400
2019-05-29,117.0906753540039,117.512401346859,116.24721621821418,117.50302759255034,22763100
2019-05-30,117.83106994628906,117.85918406517283,116.94074899784351,117.3905963502271,16829600
2019-05-31,115.90983581542969,116.79078284308702,115.57245215164943,116.42528506567169,26646800
2019-06-03,112.31108856201172,116.55649882987035,111.53323846907796,116.0691636522864,37983600
2019-06-04,115.42252349853516,115.53497996834237,113.07021128729767,113.66062920402771,29382600
2019-06-05,117.92476654052734,117.9622544095278,116.40654002136861,117.1000477226772,24926100
2019-06-06,119.78974151611328,119.9303192352101,117.70921129370355,118.49644223059795,21459000
2019-06-07,123.14483642578125,123.94144120082262,120.20210637116702,121.07368689093146,33885600
2019-06-10,124.26946258544922,125.65647816029363,123.70715163069958,124.0820160670916,26477100
2019-06-11,123.80084228515625,125.80639652200156,123.03235180273548,125.4690128980389,23913700
2019-06-12,123.22918701171875,123.67902715775793,122.49819141184493,123.14483036545607,17092500
2019-06-13,124.00706481933594,124.64433727364938,123.29480231138233,123.68841429201642,17200800
2019-06-14,124.12883758544922,125.38464877173502,123.36972805195045,123.95077203064689,17821700
2019-06-17,124.5037612915039,125.32846594377953,124.20385829055847,124.29758155339447,14517800
2019-06-18,126.6685791015625,126.74355481916128,125.17847425219607,125.7595181883917,25934500
2019-06-19,127.16532135009766,127.39023427460262,125.40342717395274,126.51866809182488,23744400
2019-06-20,128.34617614746094,129.0115770148908,127.19345433785757,128.8147638765865,33042600
2019-06-21,128.36488342285156,129.0771313997995,127.88692923702365,127.99938568071065,36727900
2019-06-24,129.12399291992188,129.70503694540736,128.3929974361956,128.3929974361956,20628800
2019-06-25,125.0472640991211,128.9459158651683,124.39124440294894,128.6272797699071,33327400
2019-06-26,125.5158462524414,127.21214508709856,125.20659107335595,125.90947235340812,23657700
2019-06-27,125.7220230102539,126.2468530327388,125.1222315704271,125.71265640812516,16557500
2019-06-28,125.54399871826172,126.14379028684033,124.7942556824987,126.11567617426313,30043000
2019-07-01,127.15595245361328,128.11187537351978,126.49056592223192,128.04628053106447,22613500
2019-07-02,127.99943542480469,128.00880203203266,126.83733262116739,127.56832838953423,15237800
2019-07-03,128.82412719726562,129.08653514574118,127.72761947665488,128.2055880472187,13629300
2019-07-05,128.44921875,128.70226003465305,127.19340753012654,127.39958719907978,18141100
2019-07-08,128.35556030273438,128.4867642982037,126.8654404182776,127.83073002069405,16779700
2019-07-09,127.88694763183594,128.36490188641113,127.2684085022726,127.4558407020966,19953100
2019-07-10,129.18966674804688,129.87380095619085,128.41180925652304,128.51489914817478,24204400
2019-07-11,129.7050323486328,130.4735228197629,129.2083306734517,129.5176001825535,22327900
2019-07-12,130.17367553710938,130.3892362053594,129.33958988651776,130.1268282006899,18936800
2019-07-15,130.17367553710938,130.7734673049487,129.7613303156029,130.67975833194603,16651500
2019-07-16,128.46798706054688,130.31422347687305,127.94317120009755,130.22988113504934,22726100
2019-07-17,127.70885467529297,129.26455447066715,127.66199306033704,129.04900820205842,20211000
2019-07-18,127.84947204589844,128.03690427421358,126.20941502285669,127.03413398763821,30381800
2019-07-19,128.03688049316406,131.83244318726366,127.87756241367916,131.41071717684363,48992400
2019-07-22,129.73318481445312,130.4454472763572,128.7023004461548,128.77727619478478,25074900
2019-07-23,130.53915405273438,131.19518826722913,129.35831820693474,130.9796276309641,18034600
2019-07-24,131.87933349609375,131.89808100956972,130.1268199404063,130.17366727385195,20738300
2019-07-25,131.3826141357422,131.77622606531844,130.56727616020288,131.60752706683664,18356900
2019-07-26,132.4604034423828,132.77903973255408,131.48574705475144,131.55134191441465,19037600
2019-07-29,132.1698455810547,132.61968576922405,130.61413098427352,132.6103191632778,16605900
2019-07-30,131.53256225585938,132.34790021052507,131.01711296836243,131.33574914602943,16846500
2019-07-31,127.70885467529297,131.66373473493385,126.59361402006459,131.51378328713773,38598800
2019-08-01,129.3864288330078,132.08549846503925,128.32741609263078,128.39302523237436,40557500
2019-08-02,128.2992706298828,129.63007190954335,126.7623039760753,129.41451133176076,30791600
2019-08-05,123.90394592285156,125.5158741944709,122.56377788112599,124.92546351189758,42749600
2019-08-06,126.22815704345703,127.15595153830485,124.8411414540801,125.39407150860825,32696700
2019-08-07,126.78106689453125,127.12781716157795,123.54781513648969,125.38467062156676,33414500
2019-08-08,130.1642608642578,130.25798410281516,127.3902160247668,128.0181359828158,27496500
2019-08-09,129.05844116210938,130.62352249185966,127.88697181647328,129.9018933709022,23466700
2019-08-12,127.25900268554688,129.1989620393762,126.74356781197011,128.45859998994524,20484300
2019-08-13,129.89248657226562,130.07991874953868,126.51865018071645,127.50268698659816,25154600
2019-08-14,125.98090362548828,128.74537724872016,125.68941404645624,128.21881357720628,32527300
2019-08-15,125.69876098632812,126.54503598552417,124.35414460830978,126.36637745187906,28074400
2019-08-16,128.00253295898438,128.3128324428672,126.67671180451653,126.82716264781403,24449100
2019-08-19,130.14639282226562,130.27803370860318,128.71713866504334,129.61982927691545,24355700
2019-08-20,129.06503295898438,130.42847373401733,129.0462373680502,129.95832570063476,21170800
2019-08-21,130.50369262695312,131.16191139142256,129.76086500264245,130.27803073996265,14970300
2019-08-22,129.55397033691406,130.889188817738,128.1529242549466,130.38143533542126,18697000
2019-08-23,125.42610168457031,130.08997685734383,124.87133040480121,128.99922989022528,38508600
2019-08-26,127.36309814453125,127.4665312847883,125.90563638555618,126.93056999275028,20312600
2019-08-27,127.63583374023438,128.55732016048222,126.62031194438042,128.24702063832262,23102100
2019-08-28,127.46654510498047,127.65460146735205,125.5765549893077,126.82715060336089,17393300
2019-08-29,129.87368774414062,130.17458937149848,128.73593754166947,129.05563475990274,20168700
2019-08-30,129.6291961669922,130.8703793211406,128.13412909694497,130.84217159134928,23940100
2019-09-03,127.91790008544922,129.00864721770145,127.59820279254922,128.45387585394275,18869300
2019-09-04,129.4129638671875,129.4693793406086,128.3316146847541,129.10266441559082,17995900
2019-09-05,131.68844604492188,131.99874541926397,130.47545627724116,130.80456558730077,26101800
2019-09-06,130.79518127441406,131.81068834339504,129.94890625322523,131.6696496804195,20824500
2019-09-09,129.3095245361328,131.40638083548524,128.31281295925083,131.2559300150329,25773900
2019-09-10,127.95548248291016,128.71711995370117,126.4792108635026,128.63249675645295,28903400
2019-09-11,127.9930648803711,128.13411786474003,127.02456131502971,127.7956107891408,24726100
2019-09-12,129.3095245361328,130.15578529256243,128.6983234584626,129.61982397289833,27010000
2019-09-13,129.12147521972656,129.81728519361548,128.41625310168408,129.55400341736876,23363100
2019-09-16,128.19056701660156,128.53847197683487,127.56057036125333,127.72041897400321,16731400
2019-09-17,129.18728637695312,129.3095294667043,128.28459576759934,128.7829659228231,17814200
2019-09-18,130.24978637695312,130.39082501666115,128.37859245276184,129.15903973729058,23982100
2019-09-19,132.64756774902344,133.86994110897095,131.7072717196615,131.9235357890367,35772100
2019-09-20,131.11489868164062,133.19294515787774,129.99594395699876,132.59115619014355,39167300
2019-09-23,130.83282470703125,131.2935750525382,130.17462017615182,130.91744792933375,17139300
2019-09-24,129.17784118652344,132.29021797903073,128.70769328801114,131.9799186442796,29773200
2019-09-25,131.03965759277344,131.603840959693,127.90847003670576,129.29070637265758,21382000
2019-09-26,131.2088623046875,131.81065100922953,130.17454559101105,131.1148413385939,17456600
2019-09-27,129.50698852539062,131.97997206380526,128.49146693183386,131.78250355348266,22477700
2019-09-30,130.72935485839844,130.90801339831535,129.553984830291,129.80786877374024,17280900
2019-10-01,128.88638305664062,131.87651752973946,128.82055544794514,131.32174631835753,21466600
2019-10-02,126.6108627319336,128.2281731539498,125.60475337685614,128.1153422144816,30521700
2019-10-03,128.14352416992188,128.58546439097077,125.26622101008996,126.89292890054705,24132900
2019-10-04,129.87368774414062,129.99593082372718,128.27518730519495,128.5854867279905,22897700
2019-10-07,128.933349609375,129.9300608161574,128.83932864233915,128.952159541892,15303700
2019-10-08,127.56996154785156,129.53517682063313,127.52294387647166,128.89578240275887,25550500
2019-10-09,129.98654174804688,130.41906993166458,128.79236164950365,129.25311191688624,19749900
2019-10-10,130.79518127441406,131.33114254149964,129.99592392347657,130.22160013201596,17654600
2019-10-11,131.34056091308594,132.60996646985308,131.17131449100006,131.75429351967023,25446000
2019-10-14,131.21832275390625,131.91413268071037,131.1901150189158,131.3499636331216,13304300
2019-10-15,133.1177215576172,133.32457349312352,131.46279129133137,131.69786530890337,19695700
2019-10-16,132.02696228027344,132.57233567158409,131.19949722479822,132.3842649969557,20751600
2019-10-17,131.34994506835938,132.97665306327167,130.71994849631562,132.53471281384464,21460600
2019-10-18,129.20608520507812,131.64144855997057,128.40682781399516,131.4157723400958,32273500
2019-10-21,130.16519165039062,130.231019269086,128.82997281355318,130.18400159112943,20078200
2019-10-22,128.22811889648438,131.6507946406455,128.12468579647785,130.67289343421675,27431000
2019-10-23,129.04623413085938,129.2436882651704,127.51354698919103,128.70772698140436,29844600
2019-10-24,131.58502197265625,132.03636002648724,130.3908420585383,131.06785631317385,37029300
2019-10-25,132.32786560058594,132.71339044349432,130.88921372122516,131.02085460078172,25959700
2019-10-28,135.58128356933594,136.97291764256804,134.94187482361625,135.7787376960855,35280100
2019-10-29,134.302490234375,135.87278295929912,134.13322947987797,135.47786032917864,20589500
2019-10-30,135.97625732421875,136.3429723310599,134.26491106043747,134.95133773430166,18496600
2019-10-31,134.81024169921875,136.27710125900543,134.45293895246255,136.24889352499255,24605100
2019-11-01,135.13934326171875,135.7975475970039,134.4341212565321,135.6470967924306,33128400
2019-11-04,135.91978454589844,136.34291486039237,135.55306969363332,136.18306626815146,16912000
2019-11-05,135.83517456054688,136.36173805625353,135.31800886019954,136.31472038389848,18250200
2019-11-06,135.45904541015625,135.89158790216462,134.65039024075023,135.75053488730626,16575800
2019-11-07,135.64710998535156,136.23010332282993,135.1863740797304,135.25218734577064,17786700
2019-11-08,137.2456512451172,137.2738589856747,135.17698795234875,135.3838542816256,16732700
2019-11-11,137.3866424560547,137.67813190624193,136.0890294478378,136.66261055386926,14362600
2019-11-12,138.289306640625,138.75945452854808,137.33959872444444,137.5464649429526,18641600
2019-11-13,138.51504516601562,138.65609821918503,137.54654112827373,137.9790837377639,16919200
2019-11-14,139.22023010253906,139.5493394573427,138.2235185906592,138.24232852893402,19729800
2019-11-15,141.01620483398438,141.03501477303848,139.4177043610953,140.03828887208496,23485700
2019-11-18,141.36415100097656,141.56161954915729,140.0853473803415,141.11028131475192,21534000
2019-11-19,141.4111328125,142.29501346031734,141.232474254182,141.87188307617376,23935700
2019-11-20,141.16578674316406,142.31685236118716,140.0713429461341,141.8168009169015,25696800
2019-11-21,141.03375244140625,141.33567801695662,140.10913056033996,140.95827104751865,18576100
2019-11-22,141.13748168945312,141.8073697971543,140.41100055449326,141.59036987350385,15901800
2019-11-25,142.68487548828125,142.79810478165749,141.4488982098407,141.52437960655672,22420900
2019-11-26,143.43963623046875,143.807598941976,142.76976241042755,142.80749590026912,24620100
2019-11-27,143.7132568359375,143.88307913372716,142.9584574759159,143.72268660917013,15184400
2019-11-29,142.826416015625,143.69443052859265,142.7320606656177,143.5057342251832,11977300
2019-12-02,141.09982299804688,143.25099262445747,139.93932700404778,143.23211867430135,27418400
2019-12-03,140.87330627441406,140.98652112386415,138.36360486988258,139.15615200582823,24066000
2019-12-04,141.3828125,141.69415335935184,140.76953176072647,141.65641987223628,17574700
2019-12-05,141.45831298828125,141.82629015698552,141.03374277379544,141.5715422696529,17869100
2019-12-06,143.1754608154297,143.28867568329738,141.7790913241923,142.45840932459984,16403500
2019-12-09,142.80752563476562,143.6095028277362,142.3829554017944,142.53391818579414,16687400
2019-12-10,142.59051513671875,143.307566713041,142.24141192483611,142.741463513006,16476100
2019-12-11,143.12832641601562,143.28871899284098,141.835741628502,142.97736361549585,18856600
2019-12-12,144.58126831054688,144.76996454781232,142.48670696472038,143.0810993922765,24612100
2019-12-13,145.79837036132812,146.13802934491036,144.19443075975641,144.35482328025358,23845400
2019-12-16,146.74185180664062,147.09094052959853,146.07197807358094,146.34558543005633,24144200
2019-12-17,145.94932556152344,146.91169503134057,145.72288145197845,146.66637698018368,25425600
2019-12-18,145.64744567871094,146.69472661874585,145.46817916877464,145.5814084572945,24129200
2019-12-19,146.9116973876953,146.9683048168397,145.06243978824867,145.29831367408323,24958900
2019-12-20,148.5156707763672,149.5346479229728,147.45894573733023,148.4590633343229,53477500
2019-12-23,148.5156707763672,149.18554470269504,148.38358194606292,149.18554470269504,17718200
2019-12-24,148.48733520507812,148.79869046613936,148.24201714670278,148.58167612271507,8989200
2019-12-26,149.70445251464844,149.76105994998684,148.5062090124484,148.65717177108485,14520600
2019-12-27,149.97804260253906,150.5347014611335,149.27985078892365,150.44034615778617,18412800
2019-12-30,148.68544006347656,150.0346460028559,147.87403342487997,150.00634229193025,16348400
2019-12-31,148.7892303466797,148.8552819388846,147.60986102814766,147.91178648405898,18369400
2020-01-02,151.5442352294922,151.64802030530632,149.3836369741226,149.80820704914478,22622100
2020-01-03,149.6572723388672,150.91212325532504,149.12891708911667,149.37423516693,21116200
2020-01-06,150.0441131591797,150.11016476552868,147.66650007283684,148.20429950761726,20813700
2020-01-07,148.67605590820312,150.6479584895555,148.43075220605184,150.31774362857513,21634100
2020-01-08,151.04421997070312,151.71410823807295,149.02513979117086,149.94976152661232,27746500
2020-01-09,152.9312286376953,153.05388769690074,151.93112540707537,152.69535469097917,21385000
2020-01-10,152.2235870361328,153.9973634920825,152.07262427464744,153.61997098497042,20725900
2020-01-13,154.053955078125,154.08225879341623,152.14809000111734,152.61983778477074,21626500
2020-01-14,152.9689483642578,154.3558880672922,152.5821117076889,154.15774765402992,23477400
2020-01-15,153.95962524414062,154.6766912077971,153.384106673567,153.43126994245833,21417900
2020-01-16,156.78065490722656,156.84670650655414,154.76157499203615,155.06350048050558,23865400
2020-01-17,157.65814208984375,158.0072309026949,156.08249155325078,157.96005323691986,34371700
2020-01-21,157.092041015625,158.68655112278356,157.02598940332732,157.2618633387862,29517200
2020-01-22,156.3372039794922,158.0260690136895,156.31833003814165,157.94114347591156,24138800
2020-01-23,157.299560546875,157.3750419094932,155.93149504133996,156.7995091165525,19680800
2020-01-24,155.7144775390625,158.06378631396788,155.15781869731546,158.04491237455005,24918100
2020-01-27,153.1104736328125,154.1483246112151,151.14800094421565,152.04431893650815,32078100
2020-01-28,156.11082458496094,156.39386181344818,153.85587015285586,154.52574412241393,24899900
2020-01-29,158.5449676513672,159.21485574931927,156.32776200185393,158.3562714423913,34754500
2020-01-30,163.01718139648438,164.2154249334723,161.1396198225113,164.2154249334723,51597500
2020-01-31,160.6112823486328,162.65866646045717,159.99801585122756,162.47941435568245,36142700
2020-02-03,164.5268096923828,164.6400245866179,160.77168587207294,160.79998959563173,30107000
2020-02-04,169.9424285888672,170.43305034843976,166.3477125352507,167.1308156372182,36433300
2020-02-05,169.73484802246094,173.79188187042314,168.32904883087167,173.63148935041767,39186300
2020-02-06,173.25408935546875,173.43335581021924,169.88580339182903,170.74438778216063,27751400
2020-02-07,173.4994354248047,175.141123236551,172.1691029426966,172.51820616498347,33529100
2020-02-10,178.0376434326172,178.16973226048214,172.89559452391404,173.20694984601053,35844300
2020-02-11,174.01834106445312,179.9246186871627,173.1314528445182,179.87744102505104,53159900
2020-02-12,174.2731170654297,175.34870171090307,171.57471847813983,175.09395381164256,47062900
2020-02-13,173.32957458496094,175.70717301583375,172.53702737807038,172.73516777894292,35295800
2020-02-14,174.876953125,174.93356056981418,172.32950293553395,172.89560617688272,23149500
2020-02-18,176.650634765625,177.0940787429386,175.01839180036683,175.12217686732527,27792200
2020-02-19,177.18045043945312,178.03190988526282,176.41413405104038,177.9183858087336,29997500
2020-02-20,174.4746856689453,177.15207252947152,171.33373253050863,176.8682478972469,36862400
2020-02-21,168.95912170410156,173.6043421717942,167.69138773814998,173.29213644538692,48572600
2020-02-24,161.6743621826172,165.1369917090435,154.42744187826224,158.72261999532847,68311100
2020-02-25,159.00643920898438,165.41134073594938,158.60907598738845,164.80585480979238,68073300
2020-02-26,160.99317932128906,163.9165403125389,159.13888503210237,160.5579939912632,56206100
2020-02-27,149.64979553222656,158.02254597585994,149.46058385061485,154.51262380879592,93174900
2020-02-28,153.2732391357422,154.88157433959893,143.8030562222492,144.1909495095758,97012700
2020-03-02,163.47190856933594,163.5949026496789,153.55706992157735,156.3952882488152,71030800
2020-03-03,155.63841247558594,165.56272015494937,153.50974893073658,164.42743581821443,71677000
2020-03-04,161.35272216796875,161.4946273164488,156.6885756636078,159.4038144705728,49814400
2020-03-05,157.3035125732422,161.65543835111438,156.75478867248188,157.09537542343918,47817300
2020-03-06,152.85702514648438,154.31397124905806,147.58739148288186,153.84093473789497,72821100
2020-03-09,142.49745178222656,149.24295410550792,141.9108913840012,142.85696399322785,70419300
2020-03-10,152.24200439453125,152.34607296024774,144.35176220231784,149.63084915826624,65354400
2020-03-11,145.34515380859375,149.19566219854573,142.99888311407793,148.6564082651572,56371600
2020-03-12,131.5608673095703,145.19377837676913,131.1067564557763,137.46436615258762,93226400
2020-03-13,150.26473999023438,153.1786458580009,133.14081705620686,139.5457337596405,92727400
2020-03-16,128.11715698242188,141.2959565500694,127.71980820033161,132.45017146701056,87905900
2020-03-17,138.66587829589844,139.54571895054684,127.71981056490728,132.4501739191631,81059800
2020-03-18,132.82859802246094,138.12661078587766,127.73873683869692,130.55802937295286,81593200
2020-03-19,135.0140380859375,142.05280667661373,131.5041021024752,135.0708001368095,85922700
2020-03-20,129.94309997558594,139.16730942925798,128.53344635957905,138.126623613961,84866200
2020-03-23,128.64695739746094,132.98944191639754,125.37355404915603,129.62141109096703,78975200
2020-03-24,140.3404083251953,141.5324690597713,133.65168243997798,135.99793848446913,82516700
2020-03-25,138.99700927734375,146.00741194957217,136.6507528558583,140.87969928171756,75638200
2020-03-26,147.69140625,148.21174910976754,140.36879852981065,140.39717955525947,64568100
2020-03-27,141.62705993652344,146.53717885318503,141.15402365454713,143.56651157981065,57042300
2020-03-30,151.58921813964844,151.93927483997578,141.92035440787237,144.21931847637944,63420300
2020-03-31,149.2051544189453,155.8938819121666,148.1171619879572,150.80400539741188,77927200
2020-04-01,143.90711975097656,149.24296923033248,142.68669231319745,144.74912388108316,57969900
2020-04-02,146.8872528076172,147.09538997151475,142.25150201737102,143.67061116980452,49630700
2020-04-03,145.53436279296875,148.8929237102213,143.9828041677828,146.73587914437556,41243300
2020-04-06,156.3574676513672,157.52113324226872,149.0821649534325,151.67440982053907,67111700
2020-04-07,154.67337036132812,160.83229603001772,154.45576333166179,160.44440291026615,62769000
2020-04-08,156.2249755859375,157.68192106171185,154.68287260348404,156.7358484464,48318200
2020-04-09,156.23443603515625,158.34417399168134,154.52204685726437,157.38864581705784,51385100
2020-04-13,156.58448791503906,156.641264403409,153.54760262178084,155.48705455059172,41905300
2020-04-14,164.3328399658203,164.38014649228367,158.94022797527285,159.88630076083996,52874300
2020-04-15,162.6109619140625,164.20982690607568,160.11333084582998,161.9676250441045,40940800
2020-04-16,167.49270629882812,167.71976894625868,163.57596585517592,164.9004763113015,50479600
2020-04-17,168.9685516357422,170.29304734069046,166.38576335721228,169.82001109807743,52765600
2020-04-20,165.61947631835938,169.11048671754907,165.5532587393318,167.10481731275797,36669600
2020-04-21,158.76995849609375,164.30447621200213,157.1521675108734,164.14364555385708,56203700
2020-04-22,164.1625213623047,164.6166321676054,161.60812823309527,162.1473821076544,34620200
2020-04-23,162.17581176757812,165.6195164820533,161.693319794491,164.72075013096483,32790800
2020-04-24,165.13699340820312,165.14644893831272,161.50407768863286,162.78126717777104,34277600
2020-04-27,164.6639404296875,167.36023870290072,163.95438597316996,167.06695850395437,33194400
2020-04-28,160.652587890625,166.196573972886,160.2552391260029,166.12088643163574,34392700
2020-04-29,167.8616485595703,168.09816670121606,162.61095736377231,163.87869113837226,51286600
2020-04-30,169.54568481445312,170.6714991341824,166.72637794260925,170.29307585110467,53875900
2020-05-01,165.15594482421875,169.00645382800602,164.62613190053162,166.31961039097436,39370500
2020-05-04,169.19564819335938,169.34702329891886,164.4274478556324,165.08024036692368,30372900
2020-05-05,171.01206970214844,173.74621880637977,170.1984467280906,170.87962012199586,36839200
2020-05-06,172.69613647460938,174.266620913768,171.8352211285472,172.2609510356639,32139300
2020-05-07,173.69894409179688,174.5977102209606,172.73394594797495,174.23819799492594,28316000
2020-05-08,174.72071838378906,175.0234686100885,173.47190979011717,175.00454311196347,30877800
2020-05-11,176.6696014404297,177.3980669441104,172.98937962637464,173.27318985590108,30892700
2020-05-12,172.66773986816406,176.95344845601588,172.46907266619553,176.72640022519468,32038200
2020-05-13,170.0565643310547,174.12467974465682,167.0196646746437,172.70557072381354,44711500
2020-05-14,170.79449462890625,170.9458697177753,166.2060364945341,167.96573220384843,41873900
2020-05-15,173.2826385498047,176.97231543994963,167.45482862020927,169.4037356153074,46610400
2020-05-18,174.93829345703125,176.15872079777952,174.0395273458231,175.7329910015149,35264500
2020-05-19,173.7273406982422,176.53717787203394,173.59489109296922,175.05183675097177,26799100
2020-05-20,176.13705444335938,176.31731120144525,174.50527623223215,175.33064720227907,31261300
2020-05-21,174.0214385986328,177.09525661913764,173.88862010567996,175.89039384126738,29119500
2020-05-22,174.0973358154297,174.9986196647413,173.1770882359125,173.7937568947115,20826900
2020-05-26,172.25686645507812,176.93398853317638,171.8109726717298,176.78219182477463,36073600
2020-05-27,172.48451232910156,172.65528721071786,167.54175424409405,170.95709263901247,39517100
2020-05-28,172.0955810546875,174.70452738227368,171.1279095669066,171.46944493792677,33810200
2020-05-29,173.8506317138672,174.8183173188777,171.15630616184887,173.35729981066802,42130400
2020-06-01,173.45220947265625,173.61348802494285,172.15248471379252,173.1770761664217,22622400
2020-06-02,175.42552185058594,175.51090205839748,172.04812518661575,174.79937137437696,30794600
2020-06-03,175.85243225097656,176.40268436775008,174.1637339681085,175.34013654287895,27311000
2020-06-04,173.53761291503906,176.3078376965145,172.949418766052,174.84683418975825,28761800
2020-06-05,177.59805297851562,178.10086682904225,172.67425840814317,173.25297060087948,39893600
2020-06-08,178.6985321044922,178.87878883238318,174.9796007158058,176.40266186089056,33211600
2020-06-09,180.064697265625,180.91852827671923,177.65497196351984,178.35702076730806,29783900
2020-06-10,186.7435760498047,188.33741213662907,181.2126097291226,181.32646446997757,43872300
2020-06-11,176.71578979492188,185.7190167286618,176.52605114750392,183.22392528666057,52854700
2020-06-12,178.11038208007812,181.88623453010308,175.68167829988911,180.76675195881117,43373600
2020-06-15,179.24879455566406,181.03236926005948,174.57165912641244,175.11242934147475,32770200
2020-06-16,183.6413116455078,185.54820844598873,181.63953830771604,182.9961830392735,42556700
2020-06-17,184.27694702148438,186.25026032660236,183.755155009725,185.0264195648279,25687800
2020-06-18,186.25027465820312,186.4115532058611,184.04926617601018,184.04926617601018,23061600
2020-06-19,185.1402587890625,189.06790717419463,184.4002681133222,188.4038148339312,44441100
2020-06-22,190.2823028564453,190.46254515240918,185.21619293576407,185.74746691069572,32818900
2020-06-23,191.5535125732422,193.48886927918585,191.09812260326936,191.72427295488754,30917400
2020-06-24,187.69227600097656,192.82478671322252,186.4779316388063,191.25942523146253,36740600
2020-06-25,190.0640411376953,190.32019619453087,185.44384063248827,187.65433065926044,27803900
2020-06-26,186.25973510742188,189.63713130801548,184.88411220227584,189.48533464197993,54675800
2020-06-29,188.26150512695312,188.34688532156488,183.62232636340255,185.73793988349985,26701600
2020-06-30,193.07147216796875,193.91582132538687,187.5974399173059,187.73025839792913,34310300
2020-07-01,194.2003936767578,195.76576950627177,191.42068806078456,192.72041251149045,32061200
2020-07-02,195.680419921875,197.3501545246881,194.48505358442102,195.1301677892324,29315800
2020-07-06,199.8926239013672,200.3005755652715,197.41649728559176,198.11854589438374,31897600
2020-07-07,197.568359375,203.65906048150194,197.3217006083153,199.65551321746923,33600700
2020-07-08,201.91342163085938,202.3213589127099,197.9857731079921,199.29499410765712,33600000
2020-07-09,203.3269500732422,205.28128474305004,200.62312854975124,205.23384648408762,33121700
2020-07-10,202.7103271484375,203.09930069264342,200.2531782297019,202.66288887882965,26177600
2020-07-13,196.44886779785156,204.73108016996918,195.90809757754667,203.4787793289226,38135600
2020-07-14,197.66322326660156,198.13757704024243,191.66738461923939,195.55709135354584,37591800
2020-07-15,197.3690948486328,200.4903505182694,194.51349058750174,198.81113425020624,32179400
2020-07-16,193.46043395996094,195.14913217192185,191.93301428777966,194.8645170233169,29940700
2020-07-17,192.47378540039062,194.52298263226248,191.06020599071783,193.98222687594824,31635300
2020-07-20,200.74652099609375,201.41061337801344,192.59711223612445,194.4850454497009,36884800
2020-07-21,198.04273986816406,202.96653533364216,197.35966914022887,202.70089832568195,37990400
2020-07-22,200.8887939453125,201.4105859157204,197.7011364706063,198.46958715605868,49605700
2020-07-23,192.15121459960938,200.10138824412152,191.78121924610807,196.56271325026265,67457000
2020-07-24,190.9747772216797,192.45475825348427,187.37916854526742,190.1399101878928,39827000
2020-07-27,193.39402770996094,193.507867976449,190.55738710223747,191.136099250431,30160900
2020-07-28,191.6579132080078,194.20044262484834,191.3922762383716,193.1663548161839,23251400
2020-07-29,193.59324645996094,194.15298040006812,191.6483932266433,192.11326510422728,19632600
2020-07-30,193.4414825439453,193.97277098377302,189.33359119030618,190.69023617073978,25079600
2020-07-31,194.49453735351562,194.57993203827127,188.80229182700702,193.9158251459421,51044000
2020-08-03,205.4331512451172,206.47673546623366,199.64604317892886,200.6706491934441,78983000
2020-08-04,202.34982299804688,203.75392056729805,199.5226786078573,203.18469025802023,49280100
2020-08-05,202.0177764892578,203.97211161459398,200.71805185226052,203.87723507455476,28806400
2020-08-06,205.25286865234375,205.2718323790918,200.6990698627939,201.44854240090544,32656800
2020-08-07,201.58135986328125,204.63619908524305,200.11086038451512,203.82980641865512,27820400
2020-08-10,197.568359375,201.01217262455825,195.7658207101696,200.8129376573723,36716500
2020-08-11,192.9481658935547,196.9991371237321,192.72047084685101,196.5342796413907,36446500
2020-08-12,198.4601287841797,199.4942165085806,194.2478650715753,194.76016076380623,28013100
2020-08-13,197.99525451660156,200.50933810472836,197.47346249067883,198.6973032856729,22588900
2020-08-14,198.1849822998047,198.83959276238173,196.86627951147085,198.05216383465333,17958900
2020-08-17,199.49423217773438,200.35755956457717,198.20398926781266,198.84911796083807,20184800
2020-08-18,200.6421661376953,201.46753707867512,198.47911406909904,199.73140051485709,21336200
2020-08-19,199.42489624023438,201.7073072260779,198.99694871511463,201.12719606634397,27627600
2020-08-20,204.06576538085938,204.46518399896465,198.67359226975614,199.2727129413533,26981500
2020-08-21,202.58221435546875,205.65394317773766,202.42054594494113,203.3810516231777,36249300
2020-08-24,203.21937561035156,204.95970892133417,202.02110524249252,204.26546784718295,25460100
2020-08-25,205.86314392089844,205.99628345218457,202.65827587493317,202.65827587493317,23043700
2020-08-26,210.3137969970703,211.20773996833353,206.70951076329771,207.20403518570012,39600800
2020-08-27,215.47779846191406,219.82386528727073,208.6496040485612,211.96860261070134,57602200
2020-08-28,217.69361877441406,219.3388462628036,215.4777849434819,216.9993776717254,26292900
2020-08-31,214.47921752929688,217.49388844015004,213.3189953476914,215.8771899200654,28774200
2020-09-01,216.13400268554688,216.3051759012786,213.43314880019264,214.4602316279543,25725500
2020-09-02,220.29931640625,221.4500336906676,216.21002481848706,216.7996406358423,34080800
2020-09-03,206.65249633789062,218.07401180492377,204.42715773754352,218.03597815421034,58400300
2020-09-04,203.75193786621094,207.66055205053038,195.13587224368297,204.5602944159865,59664100
2020-09-08,192.72979736328125,199.73866758846958,192.29233067450537,196.38163641738154,52924300
2020-09-09,200.93695068359375,204.3130063928278,196.57186053691743,197.42776995522604,45679000
2020-09-10,195.30703735351562,204.21792506843929,194.10878152227107,202.94357291773917,35461500
2020-09-11,194.03269958496094,198.40730923899483,191.379413634997,197.04737049649287,33620100
2020-09-14,195.34506225585938,198.94934861596653,194.03267661280256,194.23239314979273,30375800
2020-09-15,198.54998779296875,199.5009887938015,196.7906301369787,198.20762685222402,21823900
2020-09-16,195.00274658203125,200.3283431648329,194.6128327120966,200.29981429738623,26328100
2020-09-17,192.96759033203125,194.3180098283197,190.16214066313728,190.24772725890895,34011300
2020-09-18,190.57107543945312,193.6713332416722,186.6339321767802,192.8629911592998,55225300
2020-09-21,192.61569213867188,192.777375041513,186.75753834582798,187.52784665801775,39839700
2020-09-22,197.25662231445312,197.90331052920814,192.17828054373393,195.0122594122858,33517100
2020-09-23,190.7612762451172,197.90330263555938,190.2287180372216,197.7130908374914,30803800
2020-09-24,193.23387145996094,195.49725820179677,189.43937271825766,190.05753199798957,31202500
2020-09-25,197.6370391845703,198.79724708016178,192.61574044256676,193.57626076106624,29437300
2020-09-28,199.1776580810547,202.15429594905353,197.86527201585727,200.54710188628258,32004900
2020-09-29,197.10447692871094,199.77680212996893,196.67652934860104,199.0920801973432,24221900
2020-09-30,200.02403259277344,201.59317836396667,196.41973084734164,197.55142430549373,33829100
2020-10-01,202.04965209960938,203.50468227611734,200.96551168356183,203.02918183905925,27158400
2020-10-02,196.08685302734375,200.65165967071292,195.46869381405818,197.80816211628797,33154800
2020-10-05,200.0715789794922,200.10010784631453,196.83816713211058,197.06641257781172,21331600
2020-10-06,195.82058715820312,199.88135031174275,194.7839997215078,198.58800309532225,28554300
2020-10-07,199.5485382080078,199.8148173226299,196.59092456741251,196.9142614192931,25681100
2020-10-08,200.26174926757812,200.8418603333065,198.11249269364578,200.195172246552,19925800
2020-10-09,205.2354736328125,205.28302657348576,200.8798883695281,200.8798883695281,26458000
2020-10-12,210.5515899658203,212.89105852593914,206.18649938983765,208.06947707751453,40461400
2020-10-13,211.94003295898438,214.17489058111875,209.62909353363688,211.80689343114148,28950800
2020-10-14,210.03802490234375,213.23338798265985,208.39279767832116,212.0731659140789,23421700
2020-10-15,208.89683532714844,209.56253297254858,205.4256737650071,206.4622756461877,22733100
2020-10-16,208.89683532714844,211.39795751708903,208.5734985438284,209.36281642336837,26057900
2020-10-19,203.72341918945312,211.40750840007541,203.24791872724472,209.6196220186127,27625800
2020-10-20,204.13230895996094,206.71903220871076,202.64875008429092,205.22596854936802,22753500
2020-10-21,204.27496337890625,206.29108031919597,202.67727457799904,202.67727457799904,22724900
2020-10-22,204.36056518554688,205.47323440119598,201.32687025455576,203.44759801543634,22351500
2020-10-23,205.63494873046875,205.6825016842113,202.71538311306455,204.493750396268,18879600
2020-10-26,199.7862548828125,205.73951481810852,197.90327731407123,203.3715320530445,37111600
2020-10-27,202.80093383789062,204.15135332070517,200.02401306196077,201.22226892417387,36700300
2020-10-28,192.7488555908203,198.607024621871,192.19728783819525,197.49435530937347,51195600
2020-10-29,194.6889190673828,197.19956103907322,193.40506195786438,194.07077424346542,31432600
2020-10-30,192.54913330078125,194.27994721247174,189.83877521402604,193.52866296472536,36953700
2020-11-02,192.41600036621094,195.22144992256125,190.31428213947027,194.2799538734767,30842200
2020-11-03,196.31507873535156,197.9222723318203,193.16726856054942,193.89954320443871,27512000
2020-11-04,205.78707885742188,207.62251809281693,202.01160422100955,203.53321142617264,42311800
2020-11-05,212.3489990234375,213.13833156547503,210.31385753941993,211.16024781755988,36080100
2020-11-06,212.7578887939453,213.36652869305155,207.3466922086578,211.3694213150768,25231900
2020-11-09,207.68907165527344,216.94230571136617,207.20406645370713,213.44262960592522,44395000
2020-11-10,200.67066955566406,205.89166906685932,199.44388493318402,203.98966750504076,44045100
2020-11-11,205.9392547607422,207.3562368625371,201.80239490141182,201.9830874003012,29440800
2020-11-12,204.88363647460938,208.37380804064978,203.9516596545553,206.56691213283364,21593900
2020-11-13,205.9011993408203,206.7666136412532,203.66635593568657,205.75855501047297,18621100
2020-11-16,206.58590698242188,207.0709266945876,204.0087028500602,204.34154443508726,24953300
2020-11-17,203.95164489746094,207.01385422749843,203.59025993759715,205.511285682122,24154100
2020-11-18,201.26278686523438,205.16255971956343,201.1197545533918,203.71325001107002,28372800
2020-11-19,202.54052734375,203.1221573520619,200.16632985753603,201.5489032479821,24792700
2020-11-20,200.60488891601562,203.3700058661989,200.23302815996874,202.33070459277454,22843100
2020-11-23,200.33792114257812,202.4165237769286,198.4786172840736,201.13884979714734,25683500
2020-11-24,203.91348266601562,204.28534338589716,199.14603007824672,199.84207408231,33979700
2020-11-25,203.92300415039062,205.27695888509155,202.57859363191307,205.1053375823919,21012900
2020-11-27,205.21981811523438,206.21145668171624,204.08516175027665,204.85750150939063,14512200
2020-11-30,204.11375427246094,204.77165061209422,201.03396893960857,204.14235782857054,33064800
2020-12-01,206.1542205810547,207.2125957883334,203.4272367302626,204.53327483092292,30904500
2020-12-02,205.353271484375,205.4486263666285,202.902808140873,204.88607038902487,23724500
2020-12-03,204.27586364746094,206.31633327179273,203.71329304727672,204.62865056946853,25120900
2020-12-04,204.39022827148438,205.3627926747899,203.2651018933249,204.25674018076484,24666000
2020-12-07,204.32351684570312,205.51538022737813,203.08399056805192,204.39979784802395,24620000
2020-12-08,205.96351623535156,206.85979980104426,202.98862997399976,204.01840165272458,23284100
2020-12-09,201.94931030273438,205.21977604983914,201.38675434522085,205.15303927393487,32440600
2020-12-10,200.72885131835938,203.16978500107612,200.57628932591146,201.92071460477283,26733300
2020-12-11,203.34144592285156,203.3986675929953,199.38446486114995,200.280748554904,30979400
2020-12-14,204.23768615722656,206.15421159855921,202.97908611506878,203.18885521361375,28798400
2020-12-15,204.1709442138672,205.40094067047508,202.36884758495555,205.1625680235338,27000600
2020-12-16,209.0814208984375,209.8728198548005,204.733506021788,204.76210957630974,35023300
2020-12-17,209.21490478515625,210.6165371249153,207.78466889145207,209.64397264344512,32515800
2020-12-18,208.4235076904297,209.4723531747455,205.97304440305473,208.4235076904297,63354900
2020-12-21,212.2375030517578,213.58192850421912,207.1744694851634,207.43191606202316,37181900
2020-12-22,213.5247039794922,215.13610554728626,211.53191196153603,212.3328406363443,22612200
2020-12-23,210.74050903320312,213.16236889979098,210.53073992478457,212.73330101406674,18699600
2020-12-24,212.39004516601562,213.2100477180936,210.91213172866298,211.12190083843498,10550600
2020-12-28,214.49720764160156,215.51743480813636,212.64743393036224,214.01091822423123,17933500
2020-12-29,213.7248992919922,216.61397447197703,213.18141724827885,215.78444235567773,17403200
2020-12-30,211.36976623535156,215.13606533500953,211.16954137863118,214.75466040702486,20272300
2020-12-31,212.0753631591797,212.62838941566082,209.46279385424006,211.3888488096935,20942100
2021-01-04,207.56539916992188,212.628432614177,204.81934121407613,212.18029080751847,37130100
2021-01-05,207.76560974121094,208.35678384593277,205.66793319149298,207.15537629858184,23823000
2021-01-06,202.37840270996094,206.42120854830253,202.0828229184312,202.30212170745105,35930700
2021-01-07,208.137451171875,209.13861918523918,203.77047714250094,204.08511622896737,27694500
2021-01-08,209.4056396484375,210.3209971953534,206.93610202945297,208.50935599080088,22956200
2021-01-11,207.3746337890625,208.72858842067168,206.64997176854706,208.30905031386988,23031300
2021-01-12,204.93370056152344,207.00278769299996,203.39859486576668,206.4306875890445,23249300
2021-01-13,206.27813720703125,206.67860148264808,203.98022154419837,204.06604674898907,20087100
2021-01-14,203.11256408691406,207.34606452038847,202.8455878928311,205.86815123585768,29480800
2021-01-15,202.759765625,204.53325868233262,202.16860612225966,203.58931232139068,31746500
2021-01-19,206.37350463867188,206.88838315319578,202.74070783603537,203.808612636003,30480900
2021-01-20,213.9060821533203,215.28864064220252,207.1839703739338,207.57490501983722,37777300
2021-01-21,214.5067901611328,215.77493445654972,212.07538612252483,214.24934361492166,30709400
2021-01-22,215.4412078857422,219.3695992284759,215.29819010893078,216.5186569680968,30172700
2021-01-25,218.85470581054688,219.09307847095562,213.79167283132318,218.46377115568953,33152100
2021-01-26,221.5245361328125,223.28848551730056,219.37918166989093,221.0763942588507,49169600
2021-01-27,222.0679473876953,229.2572744153323,219.43631865864182,226.93075510239115,69870600
2021-01-28,227.81752014160156,231.3549769497505,224.15611943901934,224.65193866409186,49111200
2021-01-29,221.1717529296875,226.94990538696487,220.5901229056547,225.0143200469625,42503100
2021-02-01,228.5040283203125,231.22148249088136,221.61982466737663,224.12750973113813,33314200
2021-02-02,228.37057495117188,231.04035208557335,227.58872006522793,230.07733162081746,25916300
2021-02-03,231.69818115234375,233.69097271655906,228.13212160392447,228.42771586697594,27158100
2021-02-04,230.7542724609375,231.9270764637122,229.19054833968426,231.37405012765626,25296100
2021-02-05,230.9354248046875,231.96519641817662,229.2382126683199,230.96402835930283,18054800
2021-02-08,231.19284057617188,232.34655592307692,229.61004286891824,231.84120712664574,22211900
2021-02-09,232.4324493408203,233.37639589275983,230.1536069798949,230.62080814629257,23565000
2021-02-10,231.52658081054688,234.4823927666235,229.6863364956225,233.60518321229108,22186700
2021-02-11,233.11891174316406,233.74820445406567,230.88773278031027,233.39541760335146,15751100
2021-02-12,233.59567260742188,233.89125237223962,231.44077449132203,232.58496032734098,16561100
2021-02-16,232.3656463623047,234.68263598664956,231.6219248900733,233.63379055190723,26728500
2021-02-17,233.37867736816406,233.48380348312867,230.26314413417265,230.6263097281633,21653500
2021-02-18,232.98681640625,233.120611939255,230.18666182885238,231.08500951443722,16925600
2021-02-19,230.29183959960938,233.05377375121492,229.53683889334786,232.9486476243667,25262600
2021-02-22,224.1181182861328,227.38656556821104,222.10161844624733,226.89917052371112,36446900
2021-02-23,222.9330291748047,224.4238980172316,218.59420361274584,220.12330808748274,30228700
2021-02-24,224.1562957763672,224.77748623561877,218.8522322102071,219.8174704300372,26339700
2021-02-25,218.8426971435547,224.1945337785198,217.78188435010034,221.79576547197954,39542200
2021-02-26,222.08248901367188,224.93998302961114,219.36832759287157,221.2701494526982,37819200
2021-03-01,226.44039916992188,226.9469119322539,222.8183385683915,225.4464768789382,25324000
2021-03-02,223.5063934326172,226.78440565695973,223.105006859097,226.50724841022677,22812500
2021-03-03,217.47607421875,223.22931252952912,217.18936527759203,221.87223909617876,34029500
2021-03-04,216.68284606933594,222.18761091263715,214.32229870294404,216.69241226941966,44727800
2021-03-05,221.33705139160156,222.93304647278703,216.4248222073289,219.34922125325087,41872800
2021-03-08,217.31358337402344,223.0285853688386,217.06511009863868,221.11721209862156,35267400
2021-03-09,223.42044067382812,224.9495452618804,221.40394110736247,222.56032845718752,33080500
2021-03-10,222.12074279785156,226.4977904561598,221.75757711717822,226.4977904561598,29746800
2021-03-11,226.62203979492188,228.57163465913922,223.92699573094146,224.5482009669732,29907600
2021-03-12,225.3031768798828,225.370081959634,222.8948419134509,223.64027649643293,22653700
2021-03-15,224.40476989746094,224.76793547462583,221.53771007593699,224.54813163810934,26034900
2021-03-16,227.17630004882812,229.42215512507744,225.4847304458189,225.80966043568304,28092200
2021-03-17,226.5359649658203,227.97906119030745,222.8948010361049,225.68540440109052,29562100
2021-03-18,220.49603271484375,223.81226667216245,220.12331549170005,222.25449271210522,34833000
2021-03-19,220.14239501953125,222.16844576909207,219.18670850255066,220.782703235994,46430700
2021-03-22,225.53248596191406,226.4021496850385,219.9417135194071,220.06595744383355,30127000
2021-03-23,227.05206298828125,230.36829722374003,226.56466798871335,226.9660546794086,31638400
2021-03-24,225.02601623535156,227.453454246672,224.89222066909963,227.31010706233886,25620100
2021-03-25,222.044189453125,226.4403530187348,221.30832137563763,224.87302780173465,34061900
2021-03-26,226.00079345703125,226.22061190405913,221.28926488550835,221.28926488550835,25479900
2021-03-29,224.8157196044922,226.30658835779485,221.60461206560177,226.1058877567179,25227500
2021-03-30,221.57594299316406,223.48731618410747,220.85917804656026,223.18148947389884,24792000
2021-03-31,225.32223510742188,228.50467325429472,222.09200971374034,222.58897083183447,43623500
2021-04-01,231.6107177734375,232.07899500482776,227.50126133372854,227.90264806747345,30338000
2021-04-05,238.0328826904297,238.8834432319684,231.94514876834452,232.0024876345528,36910600
2021-04-06,236.8765106201172,238.34826175018762,235.93994171916324,236.63758894050287,22931900
2021-04-07,238.8260955810547,239.8104516951834,236.23619284363235,236.82871391899718,22719800
2021-04-08,242.02767944335938,242.8782401027182,240.8330709564721,241.56895386752916,23625200
2021-04-09,244.512451171875,244.6462467282904,241.25355598314442,241.66449426976965,24326800
2021-04-12,244.56979370117188,246.25181167284637,243.3369496576039,243.42297254578972,27148700
2021-04-13,247.03543090820312,247.7044232241074,245.44898758168762,245.85995500358172,23837500
2021-04-14,244.26397705078125,247.36039284010613,243.85303874101194,246.0702390380511,23070900
2021-04-15,248.00070190429688,248.4116401910308,246.30914692258776,246.50026676594953,25627500
2021-04-16,249.18572998046875,249.4342178445324,246.18488903899308,247.9720184237776,24878600
2021-04-19,247.27432250976562,249.89292342448383,246.39510723800427,248.6600796391516,23209300
2021-04-20,246.8155975341797,248.66963162264733,245.45850991155132,246.39509315337858,19722900
2021-04-21,249.03286743164062,249.12844195003234,245.85044304245912,247.46555615795987,24030400
2021-04-22,245.77394104003906,250.17964236146761,244.31172709458374,248.67920736754326,25606200
2021-04-23,249.5775909423828,249.9216533410852,245.8695216560367,246.4525057441661,21462600
2021-04-26,249.95986938476562,250.81044463101668,248.64104610742964,250.06501009806746,19763300
2021-04-27,250.36129760742188,251.52723678852888,248.5932710146838,249.98856571822188,31014200
2021-04-28,243.2795867919922,245.171856823487,241.74093073064057,244.7322199736426,46903100
2021-04-29,241.32041931152344,244.7513453053083,237.96596457865203,244.13970646158364,40589000
2021-04-30,241.00502014160156,241.86514676105617,238.53936174730796,238.67315727709615,30945100
2021-05-03,240.6992645263672,243.07892977459548,239.99205108430252,242.17101569943725,19626600
2021-05-04,236.80960083007812,240.07806217476235,234.86955799688863,239.84869211716045,32756100
2021-05-05,235.54806518554688,238.44379426593443,234.92687476098803,238.02328985064312,21901300
2021-05-06,238.66363525390625,238.787879191213,233.84698070738517,235.52898404785154,26491100
2021-05-07,241.2726287841797,243.0310885068687,240.03978498908262,240.97635370924667,27032900
2021-05-10,236.2266082763672,240.57498525028228,236.16926941322524,239.75309418580025,29299900
2021-05-11,235.3187255859375,235.67233957139493,231.82092344292948,233.71317897375303,33641600
2021-05-12,228.40911865234375,233.5507177051827,227.52033703130473,231.43864370631172,36684400
2021-05-13,232.26052856445312,234.71665028825578,230.7218724535714,231.08503805198484,29624300
2021-05-14,237.15367126464844,238.13802749239937,234.61155548433553,234.6975637956637,23901100
2021-05-17,234.3152618408203,235.6627836091261,232.7288329763286,235.62456255687053,24970200
2021-05-18,232.30831909179688,235.4907574747066,232.13628790705022,235.35696192329095,20168000
2021-05-19,232.88302612304688,232.9883949759942,228.5533587131761,229.23345480523304,25739800
2021-05-20,236.10157775878906,237.50968232520998,233.5919015513451,233.68769674460555,21800700
2021-05-21,234.8467254638672,237.87367214593564,234.4348383135843,237.1456784165481,21863100
2021-05-24,240.22052001953125,240.58452421046962,237.08820432202634,237.35641332073013,21411500
2021-05-25,241.1209259033203,242.10755492818512,240.25882769668084,241.16882349619877,17704300
2021-05-26,240.90065002441406,242.28959272486048,240.19180354769114,240.84316413471055,17771600
2021-05-27,238.81240844726562,240.89103543425676,238.75493718013217,240.59409080987143,24426200
2021-05-28,239.1667938232422,241.4657465293108,239.05185130364092,240.4312200040237,18270200
2021-06-01,236.9828643798828,240.7090697983866,236.561403484978,240.6515985225494,23213300
2021-06-02,236.88706970214844,238.77412110013952,235.48853873601223,237.68212307529706,19406700
2021-06-03,235.36404418945312,235.96750722171058,232.76814608791946,234.89467106098934,25307700
2021-06-04,240.23007202148438,241.05386090498885,237.08818293469824,237.327656277388,25281100
2021-06-07,243.1229705810547,243.3911796178796,239.29139620778867,239.45423636469692,23079200
2021-06-08,241.93519592285156,245.23035227753448,241.87771002860302,244.41613686309023,22455000
2021-06-09,242.9121856689453,244.77050121786456,242.54819611322142,243.12292338787182,17937600
2021-06-10,246.40853881835938,246.61927657838774,242.98886628752862,243.58275563871968,24563600
2021-06-11,247.0311737060547,247.60588643152087,245.80504193815267,247.12693967190552,18999700
2021-06-14,248.9469757080078,249.00444698400887,245.98705883099325,247.04074761199934,19150500
2021-06-15,247.4813232421875,249.04269415162125,246.82996275008827,248.8319564356378,18038900
2021-06-16,246.5426788330078,249.6079210544988,243.7073071228675,248.47761353343515,27220000
2021-06-17,249.9143829345703,250.72859817343692,245.23029939600022,245.2877706615591,27565500
2021-06-18,248.5062713623047,251.25542067246798,247.8549108828583,248.6978617304176,37202200
2021-06-21,251.57159423828125,252.42410431894385,247.0599236858956,248.87991563157925,26696100
2021-06-22,254.33030700683594,254.59851601169785,251.35124308569456,251.6577760148479,24694100
2021-06-23,254.1002960205078,255.59460694087926,253.2956693120446,254.789980232416,19518700
2021-06-24,255.46058654785156,256.5717463708945,254.29195546090864,254.9529042283444,21446900
2021-06-25,253.8610076904297,255.9971214162543,253.61197517732225,255.0200802511422,25611100
2021-06-28,257.4051513671875,257.57756518731253,254.7134728779589,254.98168189790582,19590000
2021-06-29,259.97222900390625,260.2117023226704,256.69625037345827,257.5487601873158,19937800
2021-06-30,259.493408203125,259.9340311382002,258.24815803472217,259.2922587029424,21656500
2021-07-01,260.1639099121094,260.39379502371696,258.24812269513154,258.25768175305313,16725300
2021-07-02,265.9591064453125,266.2943749941608,261.02596110039144,261.33249401548636,26458000
2021-07-06,265.96875,267.6067399294796,262.7502121878958,266.3231659674658,31565600
2021-07-07,268.1431884765625,268.8711970757127,265.48024504018343,267.63550596204914,23260000
2021-07-08,265.7388610839844,266.9936993883383,263.2962148119462,265.24073769242233,24618600
2021-07-09,266.2369689941406,266.3423232662013,263.7272922558075,264.1104438773112,23916700
2021-07-12,265.6429748535156,267.98979588025134,264.9341139390114,267.4054950035508,18931700
2021-07-13,269.1489562988281,270.94021266723723,265.71012175658416,265.83462337015317,26120100
2021-07-14,270.6145324707031,271.71610427305967,268.73703995210985,270.4612659855572,23113700
2021-07-15,269.1968078613281,270.6145007583491,268.04732397373385,270.1259657212331,22604200
2021-07-16,268.9286193847656,272.1375686860977,267.6929284961445,270.19304591114116,26186800
2021-07-19,265.3460693359375,268.56457724046334,262.89386448508327,267.18520835778435,32935600
2021-07-20,267.5588684082031,269.1393871259739,264.62771610030967,266.3231773819045,26259700
2021-07-21,269.5512390136719,269.66618156241043,265.6143105564195,267.15650513964744,24364300
2021-07-22,274.09161376953125,274.35982273487036,271.4861427208434,271.8884415525597,23384100
2021-07-23,277.4729919433594,277.7794956122771,274.4364570259696,275.26981960045765,22768100
2021-07-26,276.8790588378906,277.49212460846854,274.57056160813,276.83117586382014,23176100
2021-07-27,274.47479248046875,277.386767469363,271.0359585638651,277.2430893009287,33604100
2021-07-28,274.1683349609375,277.9328501720767,271.8789549948285,276.82168997630873,33566900
2021-07-29,274.4365539550781,276.4672839877571,274.034225725681,274.18749223056574,18168300
2021-07-30,272.91339111328125,274.589704434363,271.95549778694885,273.1624527325547,20944800
2021-08-02,272.8271789550781,274.69505336581767,271.79263781236295,274.3023136016928,16267400
2021-08-03,275.0303649902344,275.13574847156286,272.041742078418,273.401963651149,17879000
2021-08-04,274.44610595703125,275.4806181874648,272.66440865186024,274.16830862662323,16191300
2021-08-05,277.3293151855469,277.43469867133746,274.0533357906488,274.8004915502387,13900200
2021-08-06,277.2718200683594,277.3101439901318,275.50929969046035,276.3618388625209,16589300
2021-08-09,276.189453125,279.27387173431777,275.6913589689798,277.5496749205149,16117600
2021-08-10,274.3790283203125,277.0707068328733,273.1912496834788,276.6396430462335,18616600
2021-08-11,274.8675537109375,276.50554342388034,273.82342406292844,275.1165861447633,13955900
2021-08-12,277.6070861816406,277.76035263480225,274.28319488720257,274.56099216059465,14561300
2021-08-13,280.5191345214844,280.5670175063844,277.1185948484272,277.29103790576875,18249000
2021-08-16,282.1954650878906,282.4062028526903,277.8082959568594,280.84483158157366,22507600
2021-08-17,280.7393798828125,281.074648413446,278.8235931164337,280.0784603423911,20075300
2021-08-18,279.02154541015625,282.94682679080387,278.58004973759836,280.27878590638954,21813000
2021-08-19,284.8182678222656,285.490088665484,277.01570926895175,277.0636839198015,29850500
2021-08-20,292.1026306152344,293.5230377753495,286.05635943722655,287.64951050790023,40817600
2021-08-23,292.3809509277344,293.10074648850605,289.6937258829428,291.0373384053386,22830200
2021-08-24,290.4326477050781,293.3406200208981,289.8376215126441,292.73598718389235,18175800
2021-08-25,289.84722900390625,292.32331236094075,288.3212662286274,292.0449832645035,20006100
2021-08-26,287.0447998046875,290.25028508302194,286.9104532290402,288.8682755956676,17666100
2021-08-27,287.6495056152344,288.75318629866223,284.8758792924729,286.9488940495873,22605700
2021-08-30,291.3635559082031,291.968188686325,288.9354474406273,288.99302872534867,16348100
2021-08-31,289.7224426269531,292.23692312498054,289.35774161636004,292.16015783837884,26285300
2021-09-01,289.6744079589844,292.899106136523,289.34810427058954,290.67253231019225,18983800
2021-09-02,289.0218200683594,291.14280883019796,288.0908835783772,290.0295511305213,16285600
2021-09-03,289.0123291015625,290.4135229329207,288.16776428642396,288.8683465578248,14747900
2021-09-07,288.0909118652344,288.96426715610795,286.1906707011484,288.8875018649386,17180400
2021-09-08,288.11968994140625,288.50357495760755,285.4900468274503,287.70701428120356,15046800
2021-09-09,285.2789001464844,289.9719800475994,285.0389683549398,288.7051331589924,19927000
2021-09-10,283.8009338378906,287.84140660459923,283.48423673576656,286.4018157451152,19633400
2021-09-13,285.0293884277344,286.51698324787736,282.2365785977501,285.56683334808685,23652900
2021-09-14,287.7166442871094,289.25221376514764,286.0947028700539,287.4958964728086,21853400
2021-09-15,292.5440368652344,293.02390044019006,289.66485541550026,291.0468648544565,28356300
2021-09-16,292.927978515625,293.01435046119434,288.6476028000496,291.5267848065768,19550800
2021-09-17,287.79345703125,292.23699967637344,287.467153222757,291.92030251442793,41372500
2021-09-20,282.4477233886719,286.68973080217256,277.860228217035,284.3959685720782,38278700
2021-09-21,282.92755126953125,285.5572235689827,282.22696919676986,283.78172248901336,22364100
2021-09-22,286.5552978515625,288.12926431682723,282.64923090626985,284.77982618940496,26626300
2021-09-23,287.4960021972656,288.78203368759233,285.54775630906414,286.8146037909606,18604600
2021-09-24,287.2943420410156,287.72620170617705,284.971789339243,286.21945226743645,14999000
2021-09-27,282.32293701171875,284.53029765067646,281.14246212180564,284.21360059113965,23571700
2021-09-28,272.1018371582031,279.0694657966121,271.36285777992146,278.12892262453175,43186200
2021-09-29,272.5625915527344,275.2210260039281,271.6124707643782,273.6182975889951,26353700
2021-09-30,270.5662841796875,276.2382457189751,270.27834846883263,274.20362889854306,32343600
2021-10-01,277.4571228027344,278.301687374449,269.9616561615891,270.75821680304153,30086300
2021-10-04,271.7084045410156,276.1615536435043,268.9635982922401,275.8256432027342,31350700
2021-10-05,277.1308288574219,278.70476619683035,272.6104927683687,272.6104927683687,24993000
2021-10-06,281.3056640625,281.8047410195279,274.0117597743309,274.2708756099428,28002600
2021-10-07,282.9755859375,284.6935059183277,282.08304662293614,283.2922830435044,20430500
2021-10-08,282.9755859375,284.6935059183277,281.92948674808355,284.2904075857707,17685700
2021-10-11,282.38055419921875,285.9699246769011,280.960147351055,281.1233138675637,19298600
2021-10-12,281.0849609375,283.5418606976777,280.57630659547624,283.4458821015579,17974100
2021-10-13,284.3768005371094,285.30773721131357,281.6703624588803,283.0331881435553,23416300
2021-10-14,290.5574645996094,291.0565122938527,285.8355929980948,287.16002147005213,27262900
2021-10-15,291.9586181640625,292.18897261999524,288.41722227281656,290.1639328949292,25384800
2021-10-18,294.9146423339844,295.7975751445461,290.49989041550754,291.34445521764906,22729300
2021-10-19,295.816650390625,296.84353597494317,294.84731679207977,295.9318129392556,17682100
2021-10-20,295.0298156738281,297.22759971094877,293.7821524294178,296.75731334940286,16537100
2021-10-21,298.24481201171875,298.49432114907256,294.02198921283684,294.79939513287235,16918100
2021-10-22,296.7093200683594,298.5615868809637,295.40407560259746,297.89937264623074,17449300
2021-10-25,295.7207336425781,296.93957658837917,294.1179764030474,296.9011793012965,17554500
2021-10-26,297.62103271484375,299.8188165343258,296.1718643410095,298.47520410987,28107300
2021-10-27,310.1551208496094,312.96711513957035,303.27386241357704,303.27386241357704,52588700
2021-10-28,311.2875671386719,311.78661480927093,308.41796248920383,311.2683538472866,26297900
2021-10-29,318.2647399902344,318.6294410245631,310.85564458763923,311.0763923948779,34766000
2021-11-01,316.1053771972656,318.1399943940643,313.2261952874065,318.0152251584686,27073200
2021-11-02,319.71392822265625,320.02104795725353,316.7099773873297,317.0074904775489,26487100
2021-11-03,320.5489501953125,321.41269899381626,317.3338575616903,320.4529715980219,21500100
2021-11-04,322.8907165527344,322.9866951586953,316.23981212831796,319.4836957053107,23992200
2021-11-05,322.52593994140625,325.1460058993081,320.95200246852335,324.8772834386426,22570100
2021-11-08,323.4184875488281,324.0519110698877,320.97119469393846,323.7160006633111,20897000
2021-11-09,322.42047119140625,325.0789058707678,321.057645229709,323.53372933767673,21307400
2021-11-10,317.47772216796875,321.15349346911216,316.63318689786576,321.0959121845267,25500900
2021-11-11,319.0421447753906,320.3281758647958,317.19948472941286,317.9096735712425,16849800
2021-11-12,323.1593933105469,323.6488636296379,320.34739921433277,320.47216845555636,23831000
2021-11-15,322.5356140136719,324.2727183705063,320.5777617974973,323.9464145492368,16723000
2021-11-16,325.8370056152344,326.95029273164477,321.9980966435647,322.161233873272,20886800
2021-11-17,326.05816650390625,329.0099268651389,324.9813100529108,325.8851065761686,19053400
2021-11-18,328.1253356933594,329.25990808153233,324.1351865907532,325.15435635646554,22463500
2021-11-19,329.8944091796875,331.8077802509148,329.01948549427823,329.442540350279,21963400
2021-11-22,326.7408142089844,336.2018344650954,326.47160009386823,331.3463268296399,31031100
2021-11-23,324.6737060546875,326.3755504442421,320.71239915869734,324.0679668205846,30427600
2021-11-24,324.89471435546875,325.1350850982955,321.04878247024,323.32749241749696,21661300
2021-11-26,316.9817199707031,324.91395501030433,315.4818087833129,321.4718586551738,24217200
2021-11-29,323.6640625,325.9716160847785,321.84684534637535,322.03915370433015,28563500
2021-11-30,317.85675048828125,324.76981754216854,316.3183713889176,322.40457691540473,42885600
2021-12-01,317.36627197265625,326.2119266473579,316.7028757470775,322.22177836447145,33337600
2021-12-02,316.79901123046875,320.6449430720415,315.17410268003374,317.5778100810167,30766000
2021-12-03,310.5687255859375,319.8855009742166,305.7805282587088,319.20282671484654,41779300
2021-12-06,313.6261291503906,314.8376070697841,306.9342159628672,311.472416708919,30032600
2021-12-07,322.01995849609375,322.8660390443126,317.38560254163633,318.8662948497607,31021900
2021-12-08,322.0679931640625,322.5775780301863,318.0585957516276,322.39489389495935,24761000
2021-12-09,320.2699890136719,323.5294010834797,319.3277251227278,321.5295293799617,22214200
2021-12-10,329.3464660644531,329.78874012403924,321.89497120742305,322.0776553641923,38095700
2021-12-13,326.3273010253906,330.5482251781573,326.0196194452533,327.55799800380936,28899400
2021-12-14,315.6933288574219,321.75068944249216,311.6262451506804,320.3853706539691,44438700
2021-12-15,321.7604064941406,322.2796157339236,312.00135607845147,315.9530386767568,35381100
2021-12-16,312.3858337402344,323.7890378493558,310.57824093079836,322.77946305235776,35034800
2021-12-17,311.3282165527344,312.405102273891,305.03051397428044,308.5207023277349,47750300
2021-12-20,307.58807373046875,310.36674473714834,305.3382067120296,307.72266611167277,28326500
2021-12-21,314.683837890625,315.10689283678283,307.4823089268054,310.8379051743816,24740600
2021-12-22,320.3661804199219,320.760362669551,313.2031195933652,315.6548897596977,24831500
2021-12-23,321.7987976074219,323.43333069819255,319.91429885047023,319.93351795028815,19617800
2021-12-27,329.2598571777344,329.2887004933562,322.5102279009017,322.53907121652355,19947000
2021-12-28,328.10614013671875,330.5675347673697,327.21196780790996,329.93295233791673,15661500
2021-12-29,328.7791442871094,331.0386060056612,326.59655896072684,328.15415682405353,15042000
2021-12-30,326.2504577636719,329.9137060860202,325.76971620596595,328.7406955115323,15994500
2021-12-31,323.3659973144531,326.288884758608,322.9140990920403,325.47164761227714,18000800
2022-01-03,321.8565368652344,324.98135761149877,317.0779636580305,322.4334327175885,28865100
2022-01-04,316.3375244140625,322.28910640339575,313.5588245196175,321.9333330536582,32674300
2022-01-05,304.1940612792969,313.5108358888348,303.80947386548866,313.30890328932094,40054300
2022-01-06,301.79034423828125,306.4247001927171,299.49238536143025,301.0884509560254,39646100
2022-01-07,301.9441833496094,304.3094237353557,298.14631308588326,302.0499324142328,32720000
2022-01-10,302.1653137207031,302.5979928961551,292.9543176051216,297.56942521329626,44289500
2022-01-11,302.84796142578125,304.4151542522141,297.95401590280085,301.30958257691026,29386800
2022-01-12,306.0111999511719,310.95323691547827,304.8670327735876,307.3572996957186,34372200
2022-01-13,293.0600891113281,308.5207565325556,292.290914231785,308.126544870594,45366000
2022-01-14,298.2520751953125,298.8481900342401,292.05049734205875,292.5312389014695,39846400
2022-01-18,290.99285888671875,297.8674572905509,290.1179057310112,292.3581778205605,42333200
2022-01-19,291.64666748046875,301.8191755170397,291.04095775062984,294.4926786966677,45933900
2022-01-20,289.98333740234375,299.64623177263644,289.54106334856164,297.1656180407453,35380700
2022-01-21,284.6278991699219,292.3966712973026,284.22406327473504,291.0313814474847,57984400
2022-01-24,284.9547119140625,285.6661999443274,265.41737031888897,280.9453442370806,85731500
2022-01-25,277.37823486328125,283.627874669316,274.18613344698997,280.29152732225515,72848600
2022-01-26,285.2816467285156,296.61754086589866,281.74339590875957,296.1271750879496,90428900
2022-01-27,288.291015625,295.4636695050872,286.4545798515134,291.00240431729713,53481300
2022-01-28,296.38677978515625,296.5983072336974,283.1087009699881,288.666071926605,49743700
2022-01-31,299.0019836425781,300.3480539279597,294.56953190677376,297.05017439324195,46444500
2022-02-01,296.8675842285156,298.6655532510583,293.37739525904294,298.4540257576921,40950400
2022-02-02,301.3864440917969,302.9825093458668,296.9828649919706,297.703977220742,36636000
2022-02-03,289.646728515625,299.2423385828115,288.40640733788615,297.5693383559152,43730000
2022-02-04,294.1561584472656,296.9059861831538,288.41610284488047,288.6468494123292,35096500
2022-02-07,289.3583679199219,295.98297161566165,288.3487929994967,294.37731117460294,28533300
2022-02-08,292.8292541503906,293.79073713074837,288.3968316951647,289.646747832777,32421200
2022-02-09,299.2231750488281,299.91544411863055,295.55033156667764,297.9347910965561,31284700
2022-02-10,290.7332458496094,297.21363213902004,289.1179613871902,292.3293112144285,45386200
2022-02-11,283.6760559082031,292.5697768991017,282.8876325187875,291.51213934526896,39175600
2022-02-14,283.63751220703125,285.3297318388345,280.128104788829,282.45487744042305,36359500
2022-02-15,288.8968200683594,289.2140965718555,285.57969173022536,288.4545460706531,27058300
2022-02-16,288.55963134765625,289.8795822189875,282.9522217719727,287.4709041609937,29982100
2022-02-17,280.10992431640625,285.95817072943447,279.4065799267549,285.53424115249396,32461600
2022-02-18,277.41229248046875,283.1256704001954,275.8514736331867,282.34526097655436,34264000
2022-02-22,277.2099304199219,280.8903974019096,274.1075520292779,274.58928762159644,41736100
2022-02-23,270.0320129394531,281.04450907473114,269.868239331168,279.5800143024753,37811200
2022-02-24,283.82891845703125,284.37810398388814,261.60163542289047,262.55549170711595,56989700
2022-02-25,286.44964599609375,286.75796386461934,280.9963949831395,284.35892976880194,32546700
2022-02-28,287.8755798339844,288.2128006483137,282.2970731254426,283.559218096748,34627500
2022-03-01,284.17584228515625,289.01245712557574,281.47810528267394,285.5728578838848,31217800
2022-03-02,289.224365234375,290.4576069527269,282.9714477799345,284.5707837842269,31873000
2022-03-03,285.11041259765625,292.05703176941057,283.30869674167064,291.82580808856017,27314500
2022-03-04,279.2716979980469,284.8598476008339,276.6799879839054,283.539896997228,32356500
2022-03-07,268.72174072265625,279.10795849514665,268.3556169829133,277.99032843801785,43157200
2022-03-08,265.7735290527344,273.58726615536074,260.1372168079997,267.6522801991081,48159500
2022-03-09,277.96142578125,279.0212499230222,270.52342735372963,273.0862641319039,35204500
2022-03-10,275.1577453613281,276.1308607136372,270.33074508462164,272.6816172407287,30628000
2022-03-11,269.8394470214844,278.9346195571201,269.22281120078367,277.44122121794356,27209300
2022-03-14,266.3420104980469,274.97470517723553,265.7446629920697,270.09954271533127,30660700
2022-03-15,276.6607360839844,277.3062746946172,268.5483254301358,270.10914399569396,34245100
2022-03-16,283.63629150390625,283.80970925762125,272.8550467725236,278.54913550581284,37826300
2022-03-17,284.4360046386719,284.81174316450165,278.799691528735,282.5765120453136,30816600
2022-03-18,289.4556579589844,290.0048436231841,282.0369470428673,284.5804958303675,43390600
2022-03-21,288.2320251464844,289.17623743354596,284.12762874703543,287.9718985278678,28351200
2022-03-22,292.95306396484375,293.85872928601555,287.85629285362114,288.8486670583763,27599700
2022-03-23,288.5499267578125,292.1533283713497,286.84459363513463,289.5326860173236,25715400
2022-03-24,292.9915771484375,293.08793014220737,287.42271518108265,288.21276856606795,24484500
2022-03-25,292.5868835449219,294.3404079254056,288.3572608939785,294.08028132501425,22566500
2022-03-28,299.3505554199219,299.446879031132,293.2132183201872,293.2132183201872,29578200
2022-03-29,303.888427734375,304.2834544196327,297.7607361570676,302.44322106271255,30393400
2022-03-30,302.39508056640625,304.40876140768165,300.1983672332794,302.298756961056,28163600
2022-03-31,297.0478210449219,303.6283461991608,296.64317958234875,302.43362184596117,33422100
2022-04-01,298.1172790527344,298.8013353889546,294.3790059993479,298.0690878498517,27110500
2022-04-04,303.4644775390625,303.59934819649135,298.39661041143324,298.7627341145734,24289600
2022-04-05,299.52392578125,303.3681663887453,298.5508104784777,301.82660661689823,23156700
2022-04-06,288.55963134765625,295.7856655216376,285.8715384021488,294.04178495987475,40110400
2022-04-07,290.36126708984375,292.5579799187454,285.5246529796034,285.8233266543766,31411200
2022-04-08,286.12200927734375,290.1204083993762,285.4572118764955,289.46525511827485,24361900
2022-04-11,274.8398132324219,281.9213032700954,274.58930130303617,281.13127920546333,34569300
2022-04-12,271.7566833496094,280.1196062790801,270.2440265143357,278.6743994842394,30966700
2022-04-13,277.1136474609375,278.0385717991764,271.0245009783346,272.40228746673256,21907200
2022-04-14,269.6081237792969,277.7783698621316,269.1167734779353,277.56640502923614,28221600
2022-04-18,270.2729797363281,272.14211655748016,268.1726191938997,268.7218049347441,20778000
2022-04-19,274.8783264160156,275.71657107306396,268.2400250211419,269.17459327763214,22297700
2022-04-20,275.8996276855469,279.11764770587973,274.94580050630236,278.8285886738467,22906700
2022-04-21,270.5523681640625,282.5861150592423,269.82976470304897,278.03852943515125,29454600
2022-04-22,264.0199890136719,272.8550320937384,263.393738668187,271.39053717811265,29405800
2022-04-25,270.46563720703125,270.8413756866367,260.87908697872507,263.3070532274066,35678900
2022-04-26,260.3492126464844,268.19185364215673,260.13724778699,267.36328244773966,46518400
2022-04-27,272.8743896484375,280.34129350642957,268.96269785054045,271.795306311475,63477700
2022-04-28,279.0501708984375,280.35086291082894,271.1785981856094,274.77235637930573,33646600
2022-04-29,267.3824768066406,279.2909943451643,266.3997469147851,278.0673672865681,37073900
2022-05-02,274.0786437988281,274.5314764230111,266.1300066784379,267.56556930704056,35151100
2022-05-03,271.48687744140625,273.7510403407447,269.91641488989063,273.5872373213016,25978600
2022-05-04,279.3873596191406,280.2544777268917,266.6213675689915,272.2672940906547,33599300
2022-05-05,267.2187194824219,275.8899595127689,264.3186620189304,275.1095502622621,43260400
2022-05-06,264.6945495605469,269.04943038225673,261.36091682696315,264.77161434731966,37780300
2022-05-09,254.91519165039062,262.41099624830406,253.70123795853172,260.1950242973113,47726000
2022-05-10,259.655517578125,263.7502706382624,255.38734673917406,261.765522095456,39336400
2022-05-11,251.0323944091797,261.44751510704526,249.82805548109343,255.97500607449467,48975900
2022-05-12,246.02236938476562,250.3868926130945,240.88706627938942,248.27688839647124,51033800
2022-05-13,251.58160400390625,253.43148171105642,246.0223855668309,247.94932803549173,34925100
2022-05-16,251.94769287109375,256.10989508341936,246.43663699814542,250.46393914300643,32550900
2022-05-17,257.07330322265625,258.5281242347155,252.87255496234602,256.3892177385808,28828800
2022-05-18,245.36891174316406,254.56252427185584,244.10382723032592,253.98308927658698,31356000
2022-05-19,244.46115112304688,248.83585464293373,243.24435524609143,245.19508938818183,32692300
2022-05-20,243.90103149414062,249.6760190694131,237.99085911430905,248.42057161150723,39199300
2022-05-23,251.71365356445312,252.53451735450935,244.74118884717117,246.73057447845937,33175400
2022-05-24,250.718994140625,252.37035900338427,244.80882139282033,249.0483255820953,29043900
2022-05-25,253.51956176757812,255.50893286369595,248.31437179357388,249.2897536459207,28547900
2022-05-26,256.7836608886719,257.9521680064266,252.46691284814418,253.2781100641193,25002100
2022-05-27,263.87200927734375,263.96858669067194,258.38675406725025,259.27522501006564,26910800
2022-05-31,262.5489807128906,265.3495488346776,259.70977573202504,263.1863562668899,37827700
2022-06-01,263.0801086425781,268.1694163803511,260.7817020928469,265.7647953206282,25292200
2022-06-02,265.16607666015625,265.2336837998182,252.63111175251524,255.38340607068776,44008200
2022-06-03,260.76239013671875,264.0748154478667,259.2076029156242,261.04245577782234,28059000
2022-06-06,259.5359802246094,264.77980709613064,258.0584370323219,262.732495427998,22400300
2022-06-07,263.15740966796875,263.76581500022235,256.82231988834405,257.49833236224606,22860700
2022-06-08,261.1390075683594,263.64020598603173,260.3664178533954,262.39442533216015,17372300
2022-06-09,255.7117156982422,263.36016296929256,255.55719774199142,258.5991944855066,26439700
2022-06-10,244.3162841796875,251.6460439882833,243.87204872141055,251.6460439882833,31422800
2022-06-13,233.9541473388672,240.48239119497188,233.24917940412797,236.70644141538565,46135800
2022-06-14,236.1077117919922,237.3148557778769,233.2298699199791,235.49930650770008,28651500
2022-06-15,243.1284637451172,246.54710394987805,237.97154789524555,239.79674911112798,33111700
2022-06-16,236.57127380371094,238.93727329741498,234.68813195099327,237.54664093367091,33169200
2022-06-17,239.1593475341797,241.9116415660145,235.6634634572943,236.31049083013178,43084800
2022-06-21,245.04058837890625,246.01595545881753,240.95560233610817,241.67988876042264,29928300
2022-06-22,244.4514617919922,248.3529589492158,241.7860787526344,243.25396979346604,25939900
2022-06-23,249.98501586914062,250.4775400388381,244.9343443692557,246.80783416507126,25861400
2022-06-24,258.5219421386719,258.7923411858124,252.74695527389528,252.83386609569553,33923200
2022-06-27,255.80828857421875,259.10135115094255,254.253471928492,259.014440327957,24615100
2022-06-28,247.6866455078125,257.7590479870569,247.53212753900692,254.92950951957212,27295500
2022-06-29,251.33706665039062,252.98843151702386,246.99133318160082,248.75859390135693,20069800
2022-06-30,248.02462768554688,250.63207057542505,244.22937393334024,248.23708621339836,31730900
2022-07-01,250.6803741455078,250.86386241719325,245.88078247866835,247.59976933487354,22837700
2022-07-05,253.8382110595703,253.96375873358915,246.0062612828108,247.37757490861682,22941000
2022-07-06,257.0830078125,258.8019795069243,253.40363564931488,254.70735692498906,23824400
2022-07-07,259.1978759765625,259.8352513537821,255.93375486501992,256.030332250286,20859900
2022-07-08,258.4833679199219,258.90828502143717,254.26319665701553,255.7117696472832,19658800
2022-07-11,255.44134521484375,257.3920793720454,253.1912122224075,256.5422452532518,19455200
2022-07-12,244.9729766845703,256.82230649201273,243.39885616958918,256.76436593684815,35868500
2022-07-13,244.0555419921875,244.8570873615849,239.603594413408,241.61228376039588,29497400
2022-07-14,245.36891174316406,246.39256746391416,237.5079908622042,241.97925680708025,25102800
2022-07-15,247.91839599609375,251.44325042079436,246.03525438925857,246.9526808402148,29774100
2022-07-18,245.5330810546875,251.89714046464383,244.6156545937457,250.84451446983314,20975000
2022-07-19,250.63211059570312,250.8155988750233,244.98266974640572,248.7489538221725,25012600
2022-07-20,253.27810668945312,255.78897202237206,250.03331786878604,250.98936645500257,22788300
2022-07-21,255.75997924804688,255.8082826850065,248.21774680153686,250.88312986354254,22404700
2022-07-22,251.43360900878906,256.23321499283503,250.18785755232344,256.14630415666,21881300
2022-07-25,249.95606994628906,252.53454268022003,248.00533571383517,252.05168504603222,21056000
2022-07-26,243.26370239257812,250.97012186341527,241.0135984869494,250.95078869386373,39348000
2022-07-27,259.5262756347656,260.79136010238045,249.97536828625238,252.2061678876976,45994000
2022-07-28,266.9333801269531,268.3143459872542,258.68616288804407,260.50171243898495,33459300
2022-07-29,271.1148681640625,272.33167871252647,267.1457929503217,268.1791152582621,32152800
2022-08-01,268.4785461425781,271.6364248715957,266.38293077002675,268.29505785999686,21539600
2022-08-02,265.3978576660156,268.3626103956282,263.0415102262708,266.5373945260248,22754200
2022-08-03,272.7856140136719,273.7802996377368,267.12650678074345,267.2713876591738,23518900
2022-08-04,273.9250793457031,274.0699307149256,270.5644096945988,272.13850053519735,18098700
2022-08-05,273.21051025390625,273.9251301220604,269.1255240569013,269.5794114121241,16774600
2022-08-08,270.7092590332031,276.11726939013334,269.74354395058293,274.3113574297538,18739200
2022-08-09,272.62139892578125,273.3746556298809,268.09219211802474,270.05262233660574,23405200
2022-08-10,279.2462158203125,279.8739248174104,277.1023268586765,278.29016718582943,24687800
2022-08-11,277.17962646484375,281.22597639185335,276.68713164605356,280.8783329903544,20065900
2022-08-12,281.9019775390625,281.9019775390625,277.1023709654231,278.5895808890098,22619700
2022-08-15,283.40838623046875,284.09403563819063,280.16356845958603,281.02306896793766,18085700
2022-08-16,282.6745300292969,283.95894794046416,280.46306311134526,281.9792138029151,18102900
2022-08-17,281.9293212890625,283.8938831580585,280.1389500408416,280.4002359720042,18253400
2022-08-18,280.8163757324219,282.50027733774294,279.76148592010856,280.8357203997343,17186200
2022-08-19,276.926025390625,279.92610362667006,276.3550474268576,279.5873798762718,20570000
2022-08-22,268.7967529296875,273.3549182202422,268.28383861490187,272.98716276174565,25061100
2022-08-23,267.52899169921875,269.8709667468448,266.5225077065828,267.52899169921875,17527400
2022-08-24,266.8999328613281,268.29351690361904,266.24183017802443,266.5321774149117,18137000
2022-08-25,269.8612365722656,270.02574005918285,265.670798197986,268.3902150863817,16583400
2022-08-26,259.4481201171875,271.3032415870308,259.34168014145877,270.0838482135881,27549300
2022-08-29,256.6803283691406,258.7803619357156,255.34480790841272,257.2803379595906,20338500
2022-08-30,254.4931640625,258.44163228050394,252.25762926790654,258.07390638773194,22767100
2022-08-31,253.0414581298828,258.49963612980343,252.90595688448272,256.83510906120074,24791800
2022-09-01,252.00601196289062,252.48023691824085,247.17687383626492,250.52533262450333,23263400
2022-09-02,247.80593872070312,256.20613302523753,246.26719569629415,253.26414827190314,22855400
2022-09-06,245.0865020751953,249.51885306650013,243.81873220604314,247.94142082307454,21328200
2022-09-07,249.7704620361328,250.4865986759276,245.057451273247,246.48973931975843,24126700
2022-09-08,250.1865997314453,252.03503444444726,246.57684037919475,249.20917715444372,20319900
2022-09-09,255.9351348876953,256.6803328721326,251.8995711991458,252.10279358860814,22084700
2022-09-12,258.0545349121094,258.82876464312335,256.6125744929972,257.2125840758803,18747700
2022-09-13,243.8671112060547,252.00600375133774,243.47999634028216,250.49629269213037,33353300
2022-09-14,244.0896759033203,246.03487812902216,241.8057500396919,245.35744562009026,23913000
2022-09-15,237.4701690673828,243.29610345654862,236.15400813965698,241.71865662350373,31530900
2022-09-16,236.850830078125,237.3927761581187,234.2572119949683,236.38629220933913,39791800
2022-09-19,236.63792419433594,237.23793382536144,233.0862280822725,234.65400280433187,26826900
2022-09-20,234.63467407226562,235.66050284029458,231.9152561733029,234.2669333310578,26660300
2022-09-21,231.24745178222656,239.6766917207571,231.19906057717108,236.3959688481416,28625600
2022-09-22,233.21200561523438,235.99917354124665,229.91193818738796,230.20225587391255,31061200
2022-09-23,230.2506561279297,233.35718839815166,227.61833404254136,231.8184307644762,34176000
2022-09-26,229.79580688476562,233.66686706312993,229.263533156856,229.40870677369827,27694200
2022-09-27,228.78933715820312,234.0055901447024,226.94090238363955,232.2442506798707,27018700
2022-09-28,233.2991180419922,234.5184966384645,227.16347665591098,229.17642964868273,29029700
2022-09-29,229.8441925048828,232.21521385312766,226.853802133828,231.18938529349765,27484200
2022-09-30,225.39247131347656,232.78619560885667,225.22795302914213,230.60872427461211,35694800
2022-10-03,232.97975158691406,233.82170241211634,227.0957386105692,227.8215623611014,28880400
2022-10-04,240.8573455810547,242.28963357290925,237.08305341434055,237.18950814956145,34888400
2022-10-05,241.1670684814453,242.50258909201375,236.23147515733956,238.06055067024138,20347100
2022-10-06,238.83470153808594,242.2702700067914,238.14759670449743,239.93795297204747,20239900
2022-10-07,226.68927001953125,233.54104772265964,225.65375442204814,233.13457344372063,37769600
2022-10-10,221.86013793945312,226.99896799750226,219.42136587622,225.5376480865996,29743600
2022-10-11,218.14393615722656,221.67627288848584,216.88583856563983,220.28268877269275,30474000
2022-10-12,218.4729766845703,220.51496168634117,216.74068361052014,218.13425298449135,21903900
2022-10-13,226.68927001953125,228.4893134395643,212.06634085274027,212.76313280674802,42551800
2022-10-14,221.19239807128906,229.59260716664147,220.97948855910087,227.9473946148374,30198600
2022-10-17,229.87322998046875,231.25714167375685,227.5602721133645,228.21836002283007,28142300
2022-10-18,230.81195068359375,236.06690750411659,227.7828415320167,235.39916206358598,26329600
2022-10-19,228.85707092285156,231.88618020226818,226.7376631373762,229.39901697875123,19985700
2022-10-20,228.53770446777344,233.53137553473397,227.29896641864062,228.16996380022994,21811000
2022-10-21,234.31527709960938,235.166915097807,226.9409118947973,227.17318083073934,26299700
2022-10-24,239.2798614501953,239.85083917309356,233.52166349102654,235.90235677531274,24911200
2022-10-25,242.5800018310547,242.94774252500142,237.9056946583769,239.28959165367502,34775500
2022-10-26,223.86343383789062,230.61843021635175,222.64404034026404,223.71826021026072,82543200
2022-10-27,219.4407196044922,226.15701124638468,218.50198634809382,223.5924250678105,40424600
2022-10-28,228.2667236328125,228.97320270821285,218.76327910286216,218.94715681380413,40647700
2022-10-31,224.64730834960938,227.3473663725247,223.69888795758465,226.22475535763192,28357300
2022-11-01,220.81497192382812,228.140961178221,220.00205274402387,227.03770950079402,30592300
2022-11-02,213.00509643554688,223.8440621960301,212.94701812750728,222.06337802281334,38407000
2022-11-03,207.34365844726562,213.3050945982589,207.08235775345725,212.9954026993864,36633900
2022-11-04,214.2534942626953,214.447044310669,206.5500783111964,210.5372801806807,36789100
2022-11-07,220.5246124267578,221.04721381188003,214.14704442988435,214.83416409790135,33498000
2022-11-08,221.49240112304688,224.18278700971726,218.56007395328075,221.32788282257266,28192500
2022-11-09,217.27291870117188,221.26012061364744,217.098728086194,220.04072724111327,27852900
2022-11-10,235.1475830078125,235.486306732921,227.42482088443327,227.84095283026804,46268000
2022-11-11,239.1444091796875,239.99604710310476,234.1313788126477,235.15722211445575,34620200
2022-11-14,233.76364135742188,236.0475673740293,231.49907477577239,234.18946032496393,31123300
2022-11-15,234.17010498046875,239.03796188941354,232.29263846364998,237.74116029609917,31390100
2022-11-16,234.5970916748047,236.6060177766138,233.32574917375413,235.62581110898188,24093300
2022-11-17,234.548583984375,236.07226408161256,230.61810181463593,230.76366974368625,23123500
2022-11-18,234.10214233398438,236.5477869566877,231.97676193163215,236.32456307646515,27613500
2022-11-21,234.90769958496094,237.45038505549468,234.07307548881437,234.30598419845745,26394700
2022-11-22,237.79974365234375,238.07148033059326,233.6072243246812,236.40223227361014,19665700
2022-11-23,240.27447509765625,240.95381671678922,237.0621480919058,237.87735803486538,19508500
2022-11-25,240.1871795654297,241.36146712631268,239.44959583276983,240.01248322560096,9200800
2022-11-28,234.626220703125,239.37192761122702,233.69455635778226,238.81875468278062,24778200
2022-11-29,233.2384033203125,235.6258059533278,231.18096449697632,234.27682232337006,17956300
2022-11-30,247.61138916015625,247.79578505485316,232.7822689392651,233.4713249444162,47594200
2022-12-01,247.1747283935547,248.56252551104194,243.51596765243588,246.37891746379069,26041500
2022-12-02,247.4949493408203,248.50425481236772,242.32222362886404,242.44839236600893,21528500
2022-12-05,242.8171844482422,246.33037684588194,240.7403313992676,244.57377324279298,23435300
2022-12-06,237.88706970214844,244.42819318650004,236.58661356400265,243.41888770234414,22463700
2022-12-07,237.15921020507812,238.89639979977625,235.0629579890975,237.60564320065706,20481500
2022-12-08,240.09979248046875,241.4002634352855,235.88785939315616,237.61533452681962,22611800
2022-12-09,238.17823791503906,240.98296029845363,236.95542284837845,237.47948221736485,20609700
2022-12-12,245.05899047851562,245.08810406106682,239.87656546489097,240.14830210772652,30665100
2022-12-13,249.33889770507812,256.13234388565945,245.6024963823434,253.96813536884156,42196900
2022-12-14,249.63003540039062,254.8415744130712,246.80589919892807,249.54269464575677,35410900
2022-12-15,241.6623077392578,246.69916567601095,240.04158720461845,246.2333334693487,35560400
2022-12-16,237.46978759765625,242.4678175315528,236.32459886583192,241.21588885198315,86102000
2022-12-19,233.3548583984375,237.9744109828848,231.66621136200337,237.63473277219197,29696400
2022-12-20,234.66502380371094,235.74227076964473,231.38475533277932,232.3358335702815,25150800
2022-12-21,237.21743774414062,238.37232600874938,233.02491849714485,234.55829818550004,23690600
2022-12-22,231.1615753173828,234.84944921071,226.96904125544336,234.14097913275145,28651700
2022-12-23,231.68565368652344,231.821522034393,227.03700146219919,229.14296825844733,21207000
2022-12-27,229.96786499023438,231.87972122287346,228.87120393787913,231.65651213728756,16688600
2022-12-28,227.60955810546875,232.6464155156222,227.26018028486453,229.8999205275325,17457100
2022-12-29,233.8983612060547,234.7815128184782,228.69652150065144,228.69652150065144,19770700
2022-12-30,232.7434844970703,232.87935283490333,229.6767250905103,231.1809912077217,21938500
2023-01-03,232.51055908203125,238.49849510687616,230.39487805775428,235.90728230837536,25740000
2023-01-04,222.3397979736328,225.99854338319813,219.2924526600918,225.4259564644858,50623400
2023-01-05,215.75018310546875,220.8355690846838,215.21640927420395,220.49589078973162,39585600
2023-01-06,218.29283142089844,219.09834182718123,212.8774972822173,216.4197883428899,43613600
2023-01-09,220.41819763183594,224.41663581790868,219.72915641914315,219.76796959383623,27369800
2023-01-10,222.09715270996094,224.48455530245445,220.62200037429594,221.03930492500658,27033900
2023-01-11,228.81295776367188,228.98763925739453,224.29046040694882,224.46514190067145,28669300
2023-01-12,231.47213745117188,232.8211212975009,226.66820302336927,228.3180371449277,27269500
2023-01-13,232.1708526611328,232.3067209813569,227.98803350794535,230.00665912880052,21333300
2023-01-17,233.25787353515625,233.80134695469175,230.09405857229734,230.9480966935903,29831300
2023-01-18,228.851806640625,235.22794870990262,228.57037036509706,234.4418522484385,30028700
2023-01-19,225.08628845214844,228.57036731781892,223.8731729886452,226.8817052615486,28623000
2023-01-20,233.1316680908203,233.63632824749806,227.59015038517927,227.92982862321074,35389800
2023-01-23,235.4220428466797,237.93561455180438,232.57849247852556,233.98571827354252,31934000
2023-01-24,234.89796447753906,236.75160844059997,233.3451855854794,235.34439747923588,40234400
2023-01-25,233.5101776123047,236.12080454500452,224.0866898660757,227.56105444486033,66526600
2023-01-26,240.68211364746094,240.98296392015405,234.85915928502237,236.4604658112775,33454500
2023-01-27,240.8373565673828,242.45807682264515,239.5466001179385,241.642866899376,26498900
2023-01-30,235.54823303222656,238.3529556677396,235.05327239690436,237.2951076248889,25867400
2023-01-31,240.49771118164062,240.63357952072695,235.78111768401726,236.26636386768823,26541100
2023-02-01,245.2919158935547,247.6502049501311,238.22673350670416,240.68207771157887,31259900
2023-02-02,256.792236328125,256.87957707013254,249.65911289346886,251.1827927216543,39940400
2023-02-03,250.72666931152344,256.40405468460085,249.51355404450143,251.88155741509414,29077300
2023-02-06,249.19329833984375,250.67815038089995,247.26202813154237,249.84354121530777,22518000
2023-02-07,259.6649475097656,260.8392350360664,252.40565360237943,252.84238703481986,50841400
2023-02-08,258.8594665527344,268.5935048183664,258.3547915146365,265.13855400297484,54686000
2023-02-09,255.84120178222656,265.8955184484022,255.0453909060254,265.72080730740066,42375100
2023-02-10,255.33657836914062,256.29735645047873,252.96857433969222,253.81289806172634,25818500
2023-02-13,263.3139953613281,266.49720913120274,259.26702917112374,259.742590569191,44630900
2023-02-14,264.138916015625,266.856282749665,261.33417890703004,264.62416219078045,37047900
2023-02-15,262.0276184082031,263.39944334315715,258.97262606555677,261.0546954493352,28922400
2023-02-16,255.0518341064453,259.5175484370859,254.80860328435423,256.87119590508456,29603600
2023-02-17,251.0725555419922,253.047588426155,249.06833614983722,252.36656000925092,30000100
2023-02-21,245.8284912109375,248.5721416274502,244.77773242454728,247.58947974202172,28397400
2023-02-22,244.69992065429688,247.45329522642257,243.5616022361045,247.2100644145277,22491100
2023-02-23,247.8716278076172,249.88557094928385,243.69777930306105,248.64023054148305,29219100
2023-02-24,242.47189331054688,244.20369522047608,241.38222420199676,243.19186174048357,24990900
2023-02-27,243.38644409179688,245.97442307770388,242.63728915469153,245.62417017099744,21190000
2023-02-28,242.66648864746094,244.68044668021838,241.99516930320846,242.3259744546454,22491000
2023-03-01,239.60177612304688,244.13558648881542,239.1347623459425,243.9701913432016,27565300
2023-03-02,244.31076049804688,244.59290171146822,238.95968256617152,239.87423280619296,24808200
2023-03-03,248.37754821777344,248.69861464364337,244.58315381318207,245.3614953141732,30760100
2023-03-06,249.91476440429688,253.07676463691814,249.04886339595808,249.48667584365674,24109800
2023-03-07,247.26840209960938,250.71255821742662,246.528985881538,249.36018084473946,21473200
2023-03-08,246.8306121826172,247.6478641053872,244.01886473628258,247.16140250674363,17340200
2023-03-09,245.4879608154297,252.53191447494493,244.76799238551584,248.8931916251687,26653400
2023-03-10,241.8589630126953,245.9452372856859,240.89577859254197,244.2815470078051,28333900
2023-03-13,247.04461669921875,250.92658497582,239.07637462103207,240.70115431743469,33339700
2023-03-14,253.7286376953125,254.00105499083594,248.93211882541823,249.79801983882402,33620300
2023-03-15,258.25274658203125,259.26459506275955,252.19142412250247,252.9405940179142,46028000
2023-03-16,268.72137451171875,269.0716125790634,256.15119488258745,258.0289293565625,54768800
2023-03-17,271.8638916015625,275.6582857099673,268.83811504692954,270.72558821466924,69527400
2023-03-20,264.85888671875,269.96673338942173,262.5433248107774,269.4802718017387,43466600
2023-03-21,266.3668518066406,267.5538190277959,262.22219041795455,267.4370730210024,34558700
2023-03-22,264.9173278808594,273.4304078552026,264.8102908645804,265.99725863151093,34873300
2023-03-23,270.141845703125,273.44977847868375,267.7484630649204,270.41426299778846,36610900
2023-03-24,272.97308349609375,273.03145651581804,267.8263111878216,269.7332324450906,28172000
2023-03-27,268.8965148925781,273.83895161321755,268.05978551317787,272.90495366822654,26840200
2023-03-28,267.77764892578125,268.6630125541161,264.68373074732534,268.32248351379377,21878600
2023-03-29,272.9147033691406,273.5276497515444,270.87155865821495,271.4066545555062,25087000
2023-03-30,276.35882568359375,276.757727762298,273.8584356014265,276.53397442659906,25053400
2023-03-31,280.49371337890625,281.43744995850153,275.33723290766795,276.0474774481902,32766000
2023-04-03,279.4527282714844,280.46454697415277,276.26154151333856,278.761931454292,24883300
2023-04-04,279.4040222167969,282.5854994542806,277.9349286652677,279.45268618193273,25824300
2023-04-05,276.6410217285156,279.3749339662447,275.259487198861,278.11014548796777,22064800
2023-04-06,283.7043151855469,284.1712991613319,274.3934361820865,275.5414780442243,29770300
2023-04-10,281.5542297363281,281.7585352734682,277.00092706983764,281.37908101323706,23103000
2023-04-11,275.1717529296875,278.23648361929355,274.0140020695847,278.01270067792984,27276600
2023-04-12,275.8140563964844,279.2387659063554,274.32548472151746,277.0788746827498,27403400
2023-04-13,281.9920349121094,282.05040792429327,275.50265429718814,275.91126538247534,24222700
2023-04-14,278.3922119140625,280.6688482565068,276.00853859815146,279.22891147364464,20987900
2023-04-17,280.98016357421875,283.7043659155023,278.41166217437114,282.0795713658837,23836200
2023-04-18,280.5618591308594,283.86008303886325,279.2386978273748,283.67522525510293,20161800
2023-04-19,280.63970947265625,281.2234396408052,276.8355761901663,278.2462970182061,17150300
2023-04-20,278.3630065917969,281.2039550334732,277.3608970127179,277.52630699953454,23244400
2023-04-21,278.0225524902344,278.5187231488767,275.3956478853203,277.2928600656761,21676400
2023-04-24,274.1405029296875,277.2344206340081,271.17309965717897,274.4518454154845,26611000
2023-04-25,267.9625244140625,273.9751827450711,267.9138604386518,271.9417767926592,45772200
2023-04-26,287.372314453125,291.45860367890464,284.80381270160626,288.66631890750085,64599200
2023-04-27,296.57611083984375,296.9361172975543,287.25552138127716,287.9560271426598,46462600
2023-04-28,298.9404602050781,300.5652256930358,295.0974008108982,295.7784590829419,36469600
2023-05-01,297.2864685058594,300.2441639233499,296.88756635323193,298.65829404793953,21294100
2023-05-02,297.1404724121094,300.8083821173536,295.681087639922,299.42684782678805,26404400
2023-05-03,296.1578369140625,300.2538355598004,295.856233076209,298.31772775720617,22360800
2023-05-04,297.1404724121094,299.42684782678805,295.1848873161754,297.94798558856564,22519900
2023-05-05,302.23858642578125,303.5228521768905,296.03133165334634,297.442082171176,28197100
2023-05-08,300.292724609375,301.8007733081372,297.8020437181864,301.7326615616671,21318600
2023-05-09,298.68743896484375,301.6451339704267,298.0161195443124,299.6603622188009,21340800
2023-05-10,303.8536376953125,304.52495706862396,299.33928955394174,300.2635487654328,30078000
2023-05-11,301.71319580078125,302.695857722587,297.9674652772338,301.7034867589505,31680200
2023-05-12,300.6040954589844,302.23859938067807,298.2982721245842,302.14130111816417,19774700
2023-05-15,301.0807800292969,301.50886857686805,299.26141854774806,300.73054195833356,16336500
2023-05-16,303.2990417480469,305.2157014683238,301.4407550392499,301.4407550392499,26730300
2023-05-17,306.1656799316406,306.58494426267947,302.9870076180216,304.49835287265563,24315000
2023-05-18,310.57293701171875,311.07998209113083,305.89270858681226,306.68249676156313,27276000
2023-05-19,310.3974609375,310.79723506942764,308.47661095325554,308.8373747474863,27546700
2023-05-22,313.1665344238281,314.54135841802827,310.0756427593572,310.6509186565906,24115700
2023-05-23,307.3942565917969,314.66812088311536,307.38449657033,312.0452341385488,30797200
2023-05-24,306.0194091796875,308.60328539686515,304.8103271006574,306.8774578305602,23384900
2023-05-25,317.78826904296875,318.74379887860135,312.01596067772016,315.17511275761063,43301700
2023-05-26,324.5843811035156,325.0816363269195,315.7991718307155,315.9356633458704,36630600
2023-05-30,322.94635009765625,327.3633260629456,322.27356311731285,326.8660707233384,29503100
2023-05-31,320.1966857910156,327.5583014347169,319.16310540886235,323.9993748636306,45950600
2023-06-01,324.2821350097656,325.2084444667975,316.6182558412687,317.7980580790412,26773900
2023-06-02,327.03179931640625,329.07941048845686,324.2529005654924,325.9104976467162,25873800
2023-06-05,327.5582580566406,330.11288397336966,326.31019540433937,326.8562209549611,21307100
2023-06-06,325.3547058105469,327.0025428376745,323.88240041372416,326.96353250247705,20396200
2023-06-07,315.3117370605469,326.1445304522962,314.4536881273052,323.37539146712487,40717100
2023-06-08,317.1448059082031,318.4903798108397,315.28245664141156,315.85773263123184,23277700
2023-06-09,318.6366271972656,321.7567696311191,316.3160032224107,316.8815191818162,22529000
2023-06-12,323.57037353515625,323.8141360540533,317.0472861489783,320.3819407440362,24260300
2023-06-13,325.9494934082031,328.5723804542734,322.1468041193806,326.12499527780267,22951300
2023-06-14,328.92333984375,330.5809366273575,324.5063648507166,325.99819005349843,26003800
2023-06-15,339.4148864746094,341.11146383028944,328.7868481922745,329.0598609823398,38899100
2023-06-16,333.78887939453125,342.70085137133475,333.41838536086453,342.5545998111812,46552000
2023-06-20,329.6156005859375,333.54505041870027,327.48023896465304,330.8441729587754,26375400
2023-06-21,325.2377014160156,329.3036733312241,323.784886322757,327.9775897528391,25117800
2023-06-22,331.2342224121094,331.63399647710884,325.0231587622799,325.7836965611128,23556800
2023-06-23,326.66119384765625,329.52784282060935,325.1303881799699,326.01765736840554,23146900
2023-06-26,320.4014892578125,327.72409574191425,320.2942182667598,325.3937413274087,21520600
2023-06-27,326.22247314453125,327.76303899280276,321.0839407974331,323.58006632131827,24354100
2023-06-28,327.4706115722656,329.54747323357384,325.48150085713195,326.3102994681185,20259500
2023-06-29,326.69049072265625,327.72404134255896,324.3211263632283,326.35897729326905,16997000
2023-06-30,332.0435791015625,334.17894126353815,328.7869152430103,329.3231809112348,26832800
2023-07-03,329.5571594238281,332.394558661991,328.1726050055835,330.727231395335,12508700
2023-07-05,329.713134765625,333.1258095919121,326.37848059881856,326.72948429799266,18172400
2023-07-06,332.7552795410156,334.43236661409844,327.1292521462773,328.8843301211992,28161200
2023-07-07,328.8064270019531,333.26241352176123,328.5919147694236,330.8540383567949,21214800
2023-07-10,323.55084228515625,326.8660362322845,319.41663962980306,326.25174994494995,32791400
2023-07-11,324.1749267578125,324.5551808456817,318.84140121091826,322.8001024662545,26698200
2023-07-12,328.78692626953125,333.12588163330713,327.2951007130947,328.2018902215588,29995300
2023-07-13,334.110595703125,335.1636364816071,330.5613998542952,331.08793512161674,20567200
2023-07-14,336.62628173828125,342.661844143398,335.7194923009407,338.91765538868515,28352700
2023-07-17,337.10406494140625,338.33260777182664,333.66213945063294,337.0552945851425,20363900
2023-07-18,350.5207214355469,357.62884439822335,333.63287773911316,337.20153461943244,64738600
2023-07-19,346.2207336425781,353.4166072525743,343.64661716979606,352.72433009882633,39732900
2023-07-20,338.2155456542969,349.03860522679815,336.75297084061185,344.74839172455427,33778400
2023-07-21,335.1929931640625,341.56006971565506,331.35129303428135,340.4387679481885,69405400
2023-07-24,336.49951171875,338.2643797019485,333.7693834548789,337.2210689969038,26678100
2023-07-25,342.2231140136719,343.11041322520174,336.460564028573,338.4496449197473,41637700
2023-07-26,329.3426513671875,336.0705206538034,324.79891447113727,332.92109821610006,58383700
2023-07-27,322.468505859375,332.8137710712754,320.8401594248719,331.98500245672983,39635300
2023-07-28,329.9277038574219,331.5268003348271,324.8574610945914,325.34498615387326,28484900
2023-07-31,327.5388488769531,329.27443689751834,325.0426931980882,328.5138989953868,25446000
2023-08-01,327.9482421875,330.09336362397084,325.37412621989307,326.8269408823185,18311900
2023-08-02,319.3288879394531,325.3059494426346,318.2173166114524,325.3059494426346,27761300
2023-08-03,318.5097961425781,321.64945793431025,317.8175190621743,317.86625965352187,18253700
2023-08-04,319.60186767578125,326.7782506968959,319.0753323772253,323.5995783751702,23741500
2023-08-07,321.87371826171875,322.84876819218033,319.3483425125627,320.1771409046875,17741500
2023-08-08,317.9150390625,320.54768595225426,314.9411484793251,318.80233812895545,22327600
2023-08-09,314.19036865234375,318.94858760325343,313.03978705069517,318.3245710835293,22373300
2023-08-10,314.8728942871094,320.0699275319088,313.16655676040074,317.8857952635295,20113700
2023-08-11,313.0008239746094,314.3658880842269,311.2457160426732,312.26953644201075,24355500
2023-08-14,315.9552917480469,315.97478204084996,312.09407132863737,313.37141453345845,18836100
2023-08-15,313.8295593261719,316.97898134379494,312.8935197157339,314.9411305404492,16966300
2023-08-16,313.06744384765625,316.9954627703804,312.4811692512175,313.4582836388938,20698900
2023-08-17,309.6280517578125,314.50384363723833,308.97337191344144,313.2042944549321,21257200
2023-08-18,309.2371520996094,311.0936633520083,304.4199558180871,307.29267431715726,24755000
2023-08-21,314.51361083984375,315.383227213463,309.7843803763491,310.65399674996837,24040000
2023-08-22,315.080322265625,318.61747186045255,314.1032077999083,318.0507585907704,16084600
2023-08-23,319.516357421875,321.66602068387584,316.05736465271366,316.40914128611394,21166400
2023-08-24,312.6472473144531,325.3595132307544,312.6374666298359,325.2324836073719,23281400
2023-08-25,315.58843994140625,317.9139473148537,311.5040788241883,314.11298756039173,21684100
2023-08-28,316.2919616699219,318.68587419815776,314.3572643100924,318.20709765634393,14808500
2023-08-29,320.8941650390625,321.45112744073015,314.5136087751781,314.5136087751781,19284600
2023-08-30,321.2654113769531,322.26205720426236,318.97896754783574,321.14816243481806,15222100
2023-08-31,320.259033203125,323.3369376753796,319.30145033255354,321.66608035944125,26411000
2023-09-01,321.1383972167969,324.3921747944003,319.30141751711045,323.7277442108601,14942000
2023-09-05,325.9165344238281,327.18680118433525,321.13845995330405,321.47067530997464,18553900
2023-09-06,325.26190185546875,326.8057297509956,322.6236805967268,325.75045913900095,17535800
2023-09-07,322.35980224609375,325.45723807010125,321.49993683780025,323.7082248346301,18381000
2023-09-08,326.6199951171875,328.4667555070914,321.92007759322064,322.53566438985524,19530100
2023-09-11,330.2060546875,330.67508035139593,327.7534879124914,329.5220626550476,16583300
2023-09-12,324.1772766113281,329.0824106320826,323.89393486766744,328.13460834601074,17565500
2023-09-13,328.36907958984375,329.141008354495,323.59100543664357,323.7277859536388,16544400
2023-09-14,330.9486389160156,333.05917964974554,328.86738060055865,331.388322477558,20267000
2023-09-15,322.6627502441406,329.6784251727831,322.10578782450574,329.2094292987057,37679800
2023-09-18,321.529296875,322.8386267343985,318.8910757818205,320.2981230556272,16834200
2023-09-19,321.1286926269531,321.8517776748913,317.08345387408724,318.7054676141424,16505900
2023-09-20,313.428955078125,322.0471106852366,313.1749256275898,321.9689546587249,21436500
2023-09-21,312.21734619140625,317.9041588491349,307.79101939102566,311.9535360525413,35560400
2023-09-22,309.7550354003906,314.0934255806642,308.9147015377864,313.96639594173394,21447900
2023-09-25,310.27288818359375,310.3999178157117,307.7910094721355,309.34461765593346,17836000
2023-09-26,304.9965515136719,308.6509504072707,302.92504360895043,307.9181144910141,26297600
2023-09-27,305.6316223144531,307.1070447852302,302.6025617027996,305.1528159801847,19410100
2023-09-28,306.46221923828125,308.2601064170978,302.3681069221391,303.87284184688065,19683600
2023-09-29,308.5238952636719,312.1587623008752,307.7715278533527,310.4781242122937,24147300
2023-10-02,314.4354248046875,314.5233913479347,307.96693177846345,309.0417636602757,20570000
2023-10-03,306.2179260253906,314.03484198855955,304.0877937628594,313.48763043750324,21033500
2023-10-04,311.6603698730469,312.7156700194833,306.81389127739357,306.84320351373003,20720100
2023-10-05,312.0512390136719,312.65707498694155,307.6933171593875,311.78742886180316,16965600
2023-10-06,319.7704162597656,321.6562395895237,309.06122270164514,309.305501262054,25673600
2023-10-09,322.2718811035156,322.7408769349448,315.78382712320234,317.3179038998877,19891200
2023-10-10,320.8746032714844,323.52257487302114,320.1710797301385,323.38576454759857,20557100
2023-10-11,324.8123779296875,325.20321772099476,321.60744393030456,323.6300480505899,20063200
2023-10-12,323.5811767578125,325.9946502834495,321.1970154685532,323.0046828962765,19313100
2023-10-13,320.22967529296875,326.1900485749301,318.89100367469473,324.7732507534645,21072400
2023-10-16,325.0273742675781,328.44727494049874,323.03405238313746,323.4737360067268,22158000
2023-10-17,324.4606018066406,325.8285559881701,319.91702585909127,322.0471280716989,18338500
2023-10-18,322.5552062988281,327.909803713785,320.78663169696983,324.88074324116036,23153600
2023-10-19,323.737548828125,329.1703024841639,323.33692834747904,324.5485406563444,25052100
2023-10-20,319.1940612792969,324.3239132792786,318.0019801932009,324.1284784182767,25027700
2023-10-23,321.7833557128906,325.11531975085603,316.9661883632888,318.0214589074995,24374700
2023-10-24,322.96563720703125,324.24565474799095,320.1026990318568,323.71800459686386,31153600
2023-10-25,332.87353515625,338.2769759362375,329.8933187083518,337.12395842234577,55053800
2023-10-26,320.3860778808594,333.81162115649903,319.4578072066944,332.7465699625012,37828500
2023-10-27,322.2621154785156,329.0139799295623,320.8843805209721,322.8679216685348,29856500
2023-10-30,329.5904541015625,331.6814932194884,324.23585648353105,325.77971392594014,22828100
2023-10-31,330.3721618652344,331.24180806391223,327.03044704898707,331.09524685603606,20265300
2023-11-01,338.1499938964844,339.46910432501784,331.8769062105877,332.01371654234873,28158800
2023-11-02,340.3485107421875,340.84681883225545,336.879736569886,339.29321044253436,24348100
2023-11-03,344.7259521484375,346.27959030223104,339.38113512943426,341.62851616542054,23637700
2023-11-06,348.3705749511719,349.3574699781312,345.26335850207806,345.361075900052,23828300
2023-11-07,352.2790832519531,354.16490704694723,349.44545721598166,351.17493911544506,25833900
2023-11-08,354.88800048828125,355.54265050853274,352.2986231921823,353.40276735497133,26767800
2023-11-09,352.4353942871094,356.44156927918397,352.1129298373234,354.0085341532929,24847300
2023-11-10,361.20989990234375,361.6300519453443,352.8067099465058,353.21708130319655,28042100
2023-11-13,358.2882995605469,360.03734267871334,357.52615152445077,359.79306407971893,19986500
2023-11-14,361.796142578125,363.4377174527681,358.9429851939613,362.5192275200011,27683900
2023-11-15,361.9430236816406,365.3306930182784,359.4365063311856,363.5193564786247,26860100
2023-11-16,368.30712890625,368.48335928952025,362.44231441681825,363.2060092906745,27182300
2023-11-17,362.1192626953125,366.54477320500723,359.32882848725313,365.80064944827456,40157000
2023-11-20,369.5505676269531,370.950669899153,363.2451772540551,363.4605799020616,52465100
2023-11-21,365.27197265625,368.3561243217149,363.3627202596963,367.8176325584251,28423100
2023-11-22,369.9520263671875,371.85147806167527,367.1322205576516,370.0988850281661,23345300
2023-11-24,369.5408020019531,370.0695230751344,367.2986899991627,369.44288626548433,10176600
2023-11-27,370.6960754394531,372.6836719701677,368.3364768521029,368.90434023253334,22179200
2023-11-28,374.7007141113281,374.994431479148,370.2556020402747,370.4416329997911,20453100
2023-11-29,370.9311218261719,376.2671856758015,369.5505906614915,375.738494499301,28963400
2023-11-30,370.9898986816406,372.1452267516367,367.6218003340975,370.578664516551,30554400
2023-12-01,366.681884765625,370.2555853515813,363.5487602115402,368.884854564053,33040500
2023-12-04,361.42413330078125,361.79616532164505,355.31454343634607,361.3849610271203,32063300
2023-12-05,364.73345947265625,365.2817517868028,357.9776914107373,358.7903592232799,23065000
2023-12-06,361.0912170410156,366.3587674073999,360.33732257448145,365.7321604216408,21182100
2023-12-07,363.1962585449219,363.68580733396766,358.6630319776083,360.5331119373255,23118900
2023-12-08,366.4076843261719,366.6328576380953,360.53309906732864,361.48282487936234,20154400
2023-12-11,363.5389404296875,363.83268764840955,358.44765064841334,360.77790780370736,27708800
2023-12-12,366.5545654296875,366.59373770012405,362.7164896784692,363.0983520859286,24838300
2023-12-13,366.5447998046875,369.74646839477913,363.02004212186165,368.16030502773964,30955500
2023-12-14,358.2810974121094,365.9474466369743,356.51873407840844,365.50684086370865,43277500
2023-12-15,362.9808654785156,364.6159417445296,358.6238691889497,359.1819619943408,78502300
2023-12-18,364.8607482910156,365.20343845853677,360.9737292655857,361.7276536100702,21802900
2023-12-19,365.4580078125,365.4580078125,362.1094806161989,363.7249858043668,20603700
2023-12-20,362.8731384277344,368.1700598934919,362.785023231556,367.161590586535,26316700
2023-12-21,365.7321472167969,366.58395739776404,362.30530541678434,364.77262075610525,17708000
2023-12-22,366.7503662109375,367.33783074743565,364.9194584779402,365.8691843460341,17107500
2023-12-26,366.8287048339844,369.0610461329153,365.69294804965995,367.1615944273694,12673100
2023-12-27,366.2510681152344,367.2203652351963,365.01739550459973,365.87900622442777,14905400
2023-12-28,367.43572998046875,368.59105792655595,366.3391454974242,367.5238451750327,14327000
2023-12-29,368.17987060546875,369.2764551389083,365.67338313483896,368.140698335078,18730800
