Date,Close,High,Low,Open,Volume
2018-01-02,4.917025089263916,4.920725202415768,4.797398760956256,4.828969923498465,355616000
2018-01-03,5.240635871887207,5.270974459812394,5.025554534443815,5.034187351222553,914704000
2018-01-04,5.268261432647705,5.378268934306695,5.246062624210568,5.321785372687156,583268000
2018-01-05,5.312905311584473,5.350149681258216,5.206350951554219,5.2830602300766145,580124000
2018-01-08,5.475696563720703,5.549692272506155,5.391341004070175,5.436232122974697,881216000
2018-01-09,5.474216461181641,5.520587155055783,5.392820994178467,5.481122714718078,497000000
2018-01-10,5.517134189605713,5.520587316474899,5.327704776355258,5.381968265792931,582664000
2018-01-11,5.527000427246094,5.581017398124637,5.505541173031601,5.549692268956575,406032000
2018-01-12,5.499868869781494,5.549446177211849,5.45941788550729,5.515161424063355,359916000
2018-01-16,5.429078102111816,5.611601231975617,5.344723025023054,5.526259614577801,702348000
2018-01-17,5.542786121368408,5.55265199651068,5.349903581327141,5.443631512218356,538408000
2018-01-18,5.535879135131836,5.59014261736738,5.492468067071487,5.5235462047693105,408632000
2018-01-19,5.675731658935547,5.699903545658723,5.599022849167659,5.625907839641956,609380000
2018-01-22,5.764033317565918,5.76575988088546,5.62615429903697,5.683624394010229,550944000
2018-01-23,5.892786026000977,5.915477864876936,5.798811120688782,5.817309810335952,475228000
2018-01-24,5.81607723236084,5.931757445765686,5.760580217934518,5.8959926508628095,579972000
2018-01-25,5.829643249511719,5.913505300502726,5.814844202411313,5.870340746651141,409884000
2018-01-26,6.001807689666748,6.002054207184239,5.860475527353865,5.873301495062536,516356000
2018-01-29,6.088630676269531,6.119709296904103,5.934719501238826,5.987256441371803,455116000
2018-01-30,5.986761569976807,6.078023388684311,5.88045418520516,5.947050609360371,570832000
2018-01-31,6.06273078918457,6.148319411253585,6.029432577356689,6.061990766194626,478576000
2018-02-01,5.932003974914551,6.089862201865626,5.871820775817728,5.883166696214036,519224000
2018-02-02,5.7598395347595215,5.8696004931332375,5.7018764111837035,5.845675126777659,718464000
2018-02-05,5.270973205566406,5.752686149007625,5.056384954170529,5.599021576457881,1165204000
2018-02-06,5.563998222351074,5.566957843669648,5.0317208428353695,5.041587188137092,1114800000
2018-02-07,5.643420696258545,5.795605747375564,5.591623789659855,5.662659883318976,802932000
2018-02-08,5.365196228027344,5.801771678249629,5.364949240065885,5.7687204549270295,1144000000
2018-02-09,5.724321365356445,5.892291954011736,5.365194846009398,5.876506369394496,1674604000
2018-02-12,5.624427795410156,5.808184473054197,5.550432089372135,5.80522438135887,1093172000
2018-02-13,5.737888813018799,5.784012991390942,5.555858685964663,5.588170356666561,625524000
2018-02-14,5.954696178436279,5.9835547195632675,5.68658442063882,5.6976838233451055,744988000
2018-02-15,6.079996109008789,6.126120285881018,5.957163119469056,6.037818564393972,698900000
2018-02-16,6.0143866539001465,6.166324702627978,6.005260331504343,6.052864553917178,637656000
2018-02-20,6.1436333656311035,6.21244938936461,6.033132358722428,6.03683247375609,686240000
2018-02-21,5.956915855407715,6.214915224753043,5.953216211274478,6.2080089714626165,892292000
2018-02-22,5.976413249969482,6.0623017176335185,5.911009745796492,5.99072815149534,534364000
2018-02-23,6.069707870483398,6.069707870483398,5.985547014095994,6.036142290374713,415300000
2018-02-26,6.085748672485352,6.120301396429439,6.023553298640436,6.115858970600279,469312000
2018-02-27,6.0729169845581055,6.143256753338923,6.049963893406978,6.05909541911812,455436000
2018-02-28,5.972711563110352,6.123263058649452,5.961111450692002,6.083774095483895,523116000
2018-03-01,5.731089115142822,6.024294924446665,5.630145243043967,5.97049105070678,1040120000
2018-03-02,5.837954998016357,5.844372201676828,5.475396642821389,5.6237271608527415,913428000
2018-03-05,5.8159894943237305,5.8554784572158525,5.664697046299793,5.787853502345341,620776000
2018-03-06,5.976661205291748,5.99591234882591,5.858194295412294,5.901138538474955,636808000
2018-03-07,5.9687628746032715,6.020839107110441,5.872755250039455,5.873989074269071,581208000
2018-03-08,5.952473163604736,5.996157881288934,5.908294633822878,5.996157881288934,411912000
2018-03-09,6.054897308349609,6.067730772510709,5.983817089693415,5.999859155267545,505524000
2018-03-12,6.164233207702637,6.244198290359063,6.087970068367301,6.096114908568405,605060000
2018-03-13,6.1136369705200195,6.281218608014698,6.072420376179461,6.20692978749437,619772000
2018-03-14,6.139060020446777,6.183731900336136,6.076864633466693,6.1565830567918445,505496000
2018-03-15,6.153867721557617,6.234819962080704,6.111910635589565,6.15263389729927,401952000
2018-03-16,6.182003974914551,6.201007976209314,6.132642529094232,6.170157190258023,399456000
2018-03-19,5.948031902313232,6.154114936098762,5.849309476824786,6.125238926743748,713772000
2018-03-20,6.159790992736816,6.198539475828768,5.9509927205505395,5.9509927205505395,554696000
2018-03-21,6.134616374969482,6.219517691114243,6.1042589350562935,6.153373231955915,438688000
2018-03-22,5.969010353088379,6.11783471313583,5.931742830766804,6.0714351955950825,551196000
2018-03-23,5.749845504760742,5.985051645860791,5.7387392045262295,5.9825835268369465,735620000
2018-03-26,6.033918857574463,6.0351526816287056,5.822159155652889,5.873988239350757,611424000
2018-03-27,5.56597375869751,6.170155360278043,5.4260347744670705,6.114623867886442,1409000000
2018-03-28,5.4630560874938965,5.661488041282639,5.355695506698765,5.531668190938318,945904000
2018-03-29,5.715786457061768,5.812287421611704,5.447014258044291,5.53117509749563,916628000
2018-04-02,5.455651760101318,5.791308393318002,5.368035658877873,5.64544600505391,922092000
2018-04-03,5.561779499053955,5.685182639429229,5.4630570809028605,5.622247244965913,667432000
2018-04-04,5.583744525909424,5.594110342828621,5.281653457528875,5.306580846417261,789168000
2018-04-05,5.463797092437744,5.655071849370176,5.39247019266676,5.641991241895627,701240000
2018-04-06,5.28782320022583,5.469225926853435,5.258700058045322,5.361371538375999,662988000
2018-04-09,5.3164544105529785,5.478359371517432,5.296462784619328,5.35076046997515,499524000
2018-04-10,5.6249613761901855,5.651863073109065,5.489217655227911,5.546230121596091,761676000
2018-04-11,5.583744525909424,5.651369477295768,5.551166109664647,5.610152880284994,460244000
2018-04-12,5.790075778961182,5.807845957473086,5.632366562689012,5.676545102861869,593920000
2018-04-13,5.713565349578857,5.86189588403577,5.665438199778203,5.853504372510021,503036000
2018-04-16,5.71331787109375,5.746636771032403,5.619284562649923,5.720228415903643,350792000
2018-04-17,5.862636089324951,5.883861537842281,5.709863135630631,5.765394640750435,447224000
2018-04-18,5.833759784698486,5.904840019200666,5.744909844629974,5.812287664851153,391364000
2018-04-19,5.65285062789917,5.753054007156208,5.5975662645825155,5.719735104302074,471996000
2018-04-20,5.644708156585693,5.728375212527479,5.613610691761973,5.644214344284753,386200000
2018-04-23,5.525498390197754,5.713564536155137,5.499583847186107,5.662475932895828,427508000
2018-04-24,5.459354877471924,5.64692722765799,5.394198037519021,5.5511667455195965,414596000
2018-04-25,5.3473052978515625,5.468734138552372,5.190336572729784,5.42973851030669,588492000
2018-04-26,5.558571815490723,5.566716657591318,5.442819684583457,5.508717021391448,375824000
2018-04-27,5.585966110229492,5.683948511019761,5.543762355224279,5.66420402844602,400848000
2018-04-30,5.5506720542907715,5.651862570896132,5.531421386783354,5.60225446595979,327844000
2018-05-01,5.60595703125,5.608671820767293,5.484034407669387,5.54252783597705,253788000
2018-05-02,5.585472583770752,5.6469270071822075,5.5593108980859665,5.602502275922489,268248000
2018-05-03,5.750340461730957,5.776502154137623,5.572146266555971,5.617311962965465,443144000
2018-05-04,5.900150299072266,5.903358900861777,5.704433121841132,5.721709484176091,400660000
2018-05-07,6.137576580047607,6.194589034355084,5.994675673714241,6.004548147657453,687616000
2018-05-08,6.180028915405273,6.18274370515324,6.088957063660716,6.137824691360849,506616000
2018-05-09,6.31281042098999,6.315031869436815,6.172871408225406,6.200020247984949,596760000
2018-05-10,6.420171737670898,6.429303261016274,6.347857209278967,6.36562738531591,994080000
2018-05-11,6.281960964202881,6.411781327884589,6.1834856731022185,6.2387700470534675,1214456000
2018-05-14,6.302446365356445,6.3796971507779325,6.278753262359859,6.319969874904198,523140000
2018-05-15,6.060573577880859,6.2417296325577265,5.960370217016856,6.239014372432745,963528000
2018-05-16,6.071681976318359,6.13363022440499,5.985299673876456,6.022073855403854,553828000
2018-05-17,6.1136369705200195,6.207176458144405,6.057364993108059,6.073407529525116,519784000
2018-05-18,6.0699543952941895,6.228650767080164,6.0650181560818455,6.165468693995751,483716000
2018-05-21,6.027995586395264,6.170896516890969,5.935443245883082,6.167194573909057,640624000
2018-05-22,5.989987373352051,6.066497173587623,5.929519639285764,6.041323114883037,518264000
2018-05-23,6.11322021484375,6.114455273058823,5.933187163680392,5.9339281044020975,442956000
2018-05-24,6.11692476272583,6.159155088782999,6.0564200960958585,6.109516297200285,437372000
2018-05-25,6.156190872192383,6.172490154599155,6.093957505386535,6.129519361984635,292112000
2018-05-29,6.139150619506836,6.207064688405136,6.092475594627293,6.138162855583409,352684000
2018-05-30,6.2478132247924805,6.2564567487014715,6.14804199393629,6.172737978406287,390996000
2018-05-31,6.228057861328125,6.3023926538552,6.205337871069202,6.2159569252715725,493868000
2018-06-01,6.362155437469482,6.368329787255433,6.26411290518787,6.272756429644096,421968000
2018-06-04,6.540707111358643,6.562686157423873,6.364131446836049,6.3962358990052675,642024000
2018-06-05,6.546140193939209,6.5836780559166925,6.4992178664673546,6.543917371439187,391712000
2018-06-06,6.548116683959961,6.551327271030437,6.439948727139257,6.4562480147565795,371356000
2018-06-07,6.492550373077393,6.556265632617886,6.402409950818837,6.544411521299476,369448000
2018-06-08,6.477238655090332,6.519715336481239,6.4011751689720855,6.419944099483215,360456000
2018-06-11,6.436241626739502,6.506130743997913,6.423399755214251,6.46464183801016,265372000
2018-06-12,6.484647750854492,6.496748686247066,6.412535785065475,6.462668702728651,319160000
2018-06-13,6.48020076751709,6.560956236042288,6.471063127184381,6.486127821917135,338208000
2018-06-14,6.591579914093018,6.648133524098915,6.510330320187141,6.525148193149158,430016000
2018-06-15,6.550830364227295,6.605655260236894,6.50366122664477,6.534531083549756,432260000
2018-06-18,6.546633720397949,6.564167591402365,6.479707880615835,6.506873039510518,356268000
2018-06-19,6.425130844116211,6.51082562715143,6.297947139695928,6.4436524821473435,594932000
2018-06-20,6.477978706359863,6.530827609822944,6.427845800449018,6.466124597029383,369780000
2018-06-21,6.3495588302612305,6.528109965668057,6.341903072323787,6.509835158512518,359516000
2018-06-22,6.197433948516846,6.383641374257668,6.182122898633195,6.370305381508679,434160000
2018-06-25,5.905281066894531,6.094945405404896,5.816869834352608,6.09124117283232,665816000
2018-06-26,5.976158142089844,6.066545376346424,5.924790646805313,6.0183884672763535,478884000
2018-06-27,5.821316242218018,6.085809055214943,5.815882832784347,6.019624146145529,453892000
2018-06-28,5.948251724243164,5.960105833447963,5.8037805337442965,5.8114362929792005,338012000
2018-06-29,5.850456237792969,6.0257968236493795,5.8492211795620355,6.01320224432875,392300000
2018-07-02,5.9823317527771,5.986035985006223,5.760562515744338,5.781060146680569,357572000
2018-07-03,5.84897518157959,6.022834381540568,5.840578480156654,6.016907325891245,222732000
2018-07-05,5.99443244934082,5.999371268440468,5.865272791393209,5.904045229786084,306216000
2018-07-06,6.108033657073975,6.116430356594342,5.9487450735440435,5.9699836455553665,296352000
2018-07-09,6.15545129776001,6.191754574158034,6.076918631116165,6.182123284924595,303880000
2018-07-10,6.254234313964844,6.27621335831007,6.127544278022791,6.167798604991752,360016000
2018-07-11,6.112974166870117,6.196199295933689,6.102354643227826,6.161625198114032,367508000
2018-07-12,6.204347610473633,6.25225769246666,6.1482881230165365,6.158166704103899,345508000
2018-07-13,6.157179355621338,6.222870610407252,6.115196322029052,6.222870610407252,246988000
2018-07-16,6.129520416259766,6.1823697993195825,6.11717265847861,6.129520416259766,197036000
2018-07-17,6.265100002288818,6.280164698186903,6.054938026672778,6.080374950814118,362136000
2018-07-18,6.215954780578613,6.271520620570247,6.165081407827234,6.257690984134403,277640000
2018-07-19,6.224105358123779,6.257692162692672,6.182122794486167,6.197187020853802,235752000
2018-07-20,6.19595193862915,6.260408131595907,6.185085592663818,6.221635686520507,222352000
2018-07-23,6.159403324127197,6.171257436929802,6.0080172691515745,6.1695287317726235,301584000
2018-07-24,6.142114162445068,6.2937469886252,6.124579822562692,6.207311289424235,354620000
2018-07-25,6.22015380859375,6.232748859308306,6.093710597044604,6.151499265351744,319112000
2018-07-26,6.293500900268555,6.330297820610557,6.183357433539448,6.200150835964377,325124000
2018-07-27,6.223858833312988,6.336966067788398,6.1700216851546745,6.330051247936575,295420000
2018-07-30,6.029007911682129,6.24386237118974,5.9941865206363545,6.237935315883295,340340000
2018-07-31,6.047036170959473,6.121617776607149,5.979863502534976,6.018635951492422,283988000
2018-08-01,6.086795330047607,6.13347082570906,6.02308008248585,6.078399101225965,283556000
2018-08-02,6.189284324645996,6.193235380850384,5.956895992061863,6.015671956914451,269668000
2018-08-03,6.225834369659424,6.249542592631869,6.196940502828129,6.213733434902965,214288000
2018-08-06,6.273496150970459,6.276953560080871,6.1668101149710575,6.213238314749932,207508000
2018-08-07,6.345608711242676,6.364130816722767,6.295476274280007,6.322147785866375,258132000
2018-08-08,6.381912708282471,6.426859510549636,6.312023565506918,6.3468449607721125,262100000
2018-08-09,6.333508014678955,6.402409382930159,6.3258522547580744,6.399692914126632,204280000
2018-08-10,6.292266368865967,6.324618115629183,6.240652044831633,6.251765215114743,256396000
2018-08-13,6.32511043548584,6.4456265784123525,6.299179867276343,6.300908571823642,375208000
2018-08-14,6.456245422363281,6.470322352538571,6.347336568330863,6.430314854983336,466220000
2018-08-15,6.398212432861328,6.51082555467929,6.319679294214552,6.4769919237520055,591136000
2018-08-16,6.357710838317871,6.470324431761707,6.297699808218942,6.467854785831434,801260000
2018-08-17,6.046047687530518,6.247319316631019,6.01912888188141,6.24657837589318,1143188000
2018-08-20,6.12062931060791,6.252999104098668,5.895402637841754,6.005546564285344,854388000
2018-08-21,6.25596284866333,6.26040802205969,6.117171883183038,6.136928575750965,673988000
2018-08-22,6.490573406219482,6.495512697038599,6.219906769638315,6.223364179004357,749856000
2018-08-23,6.589851379394531,6.65504851479225,6.438218533634873,6.452048171926908,720684000
2018-08-24,6.722715854644775,6.737286434919036,6.593803454673904,6.598248628632078,531512000
2018-08-27,6.813595771789551,6.88768324992913,6.720986188596728,6.752349696120892,505776000
2018-08-28,6.776059627532959,6.830390898199077,6.6562843856046365,6.807670437311817,475384000
2018-08-29,6.881320476531982,6.906276927029086,6.747642542911635,6.768398346735638,420108000
2018-08-30,6.864518165588379,6.961132100361953,6.827701119628795,6.850186574674709,346608000
2018-08-31,6.935434818267822,6.948283718005384,6.834620229159438,6.844504215708833,306592000
2018-09-04,7.0100579261779785,7.047615853483395,6.893923428996472,6.92233918624667,391720000
2018-09-05,6.879591464996338,7.027847971124166,6.798791803475587,6.992513613013579,393156000
2018-09-06,6.738747596740723,6.865753901185525,6.705884237101798,6.863282904561591,322796000
2018-09-07,6.717496871948242,6.84277350719621,6.602103750427109,6.646827698670961,295420000
2018-09-10,6.788413047790527,6.818064533811941,6.696247189809734,6.73998283713233,220140000
2018-09-11,6.740725040435791,6.8296785672237945,6.721451454247189,6.742207261454575,243112000
2018-09-12,6.627060890197754,6.720462484681511,6.47188579678032,6.70094194213746,419092000
2018-09-13,6.704648017883301,6.795084219203515,6.6754909216929175,6.69278742429834,305536000
2018-09-14,6.830418109893799,6.896392244879373,6.758019762071219,6.794836802832286,386936000
2018-09-17,6.768643856048584,6.853891562497653,6.749370748421825,6.804966976259421,205528000
2018-09-18,6.696741580963135,6.875143483659319,6.690070408518071,6.7725997161266855,299520000
2018-09-19,6.72046422958374,6.73825512631759,6.6282983450735555,6.678211262223549,224860000
2018-09-20,6.579618453979492,6.6408975601703295,6.5257518654368365,6.598644607174881,430584000
2018-09-21,6.509689807891846,6.636943509979191,6.476579498285706,6.591478220353052,435128000
2018-09-24,6.565286636352539,6.568745936813636,6.391826754239927,6.478803653530786,293912000
2018-09-25,6.632250785827637,6.657207241476392,6.545767780747616,6.631262481340725,280388000
2018-09-26,6.595432281494141,6.6774676626724,6.579618470596682,6.637191318108832,268548000
2018-09-27,6.607292652130127,6.651769641806608,6.575911989638935,6.630519451204281,214428000
2018-09-28,6.943835258483887,6.966073755699648,6.711072855092552,6.7389946913903485,709396000
2018-10-01,7.1499128341674805,7.216627862016789,6.982877128018548,7.021423829437532,622060000
2018-10-02,7.0787482261657715,7.2339228320485205,7.056509731173536,7.122483870144587,383964000
2018-10-03,7.084927082061768,7.156337146150951,6.981147572412799,7.148924155713719,320552000
2018-10-04,6.901087760925293,7.073064954441898,6.824241331969578,7.04884985073549,391220000
2018-10-05,6.6680779457092285,6.938398717234675,6.610752057467847,6.876378265974651,426636000
2018-10-08,6.5670166015625,6.7002001469970525,6.426420067086753,6.585054450731145,408612000
2018-10-09,6.561334133148193,6.640898052408182,6.493630337263265,6.546508154164182,273500000
2018-10-10,6.0708513259887695,6.501289130737477,6.06862728814772,6.455576410594485,684940000
2018-10-11,5.809920310974121,6.117058105975861,5.788423163183892,5.983874101671465,725436000
2018-10-12,6.091856002807617,6.165984494013389,5.921608421047994,6.066405630853146,608236000
2018-10-15,5.816098690032959,6.0785125900340375,5.815110385654136,6.0785125900340375,449760000
2018-10-16,6.074310779571533,6.085430026468895,5.879353757179145,5.92852530749248,408712000
2018-10-17,6.005867004394531,6.1743853960683595,5.95694240125589,6.136332612764242,329668000
2018-10-18,5.918641090393066,6.113351146909124,5.858350295551928,6.075051886774591,524020000
2018-10-19,5.662652015686035,5.993263559173427,5.6263293633346025,5.973743491506479,613608000
2018-10-22,5.713306427001953,5.814614911975951,5.6107626796087064,5.71478911894051,368844000
2018-10-23,5.462259769439697,5.539600117668825,5.354773548313665,5.446692445200162,626436000
2018-10-24,4.927301406860352,5.470414002768898,4.913464203307828,5.423960399044169,884288000
2018-10-25,5.135602951049805,5.182797911912191,4.785717677734224,4.829947724838881,951720000
2018-10-26,4.899627208709717,5.061473482559013,4.771879557371458,4.900121125260857,664784000
2018-10-29,4.586557865142822,5.043928714885317,4.349100475165617,5.040469414744137,758016000
2018-10-30,5.016007900238037,5.025891886240145,4.586558794146445,4.609538637436392,807192000
2018-10-31,5.209481716156006,5.252970397757551,5.040963369508959,5.180324622945915,745772000
2018-11-01,5.389367580413818,5.3987571790551225,5.119540687731207,5.245805645899684,566528000
2018-11-02,5.310544013977051,5.485486598792226,5.194162582349934,5.379977456977233,452960000
2018-11-05,5.2327094078063965,5.320675090197485,5.072345367733753,5.297447817908284,379332000
2018-11-06,5.215164661407471,5.30881318838557,5.178100195210518,5.224801215249202,299012000
2018-11-07,5.282619953155518,5.372067816459249,5.218128530089111,5.281631649278917,483812000
2018-11-08,5.089889049530029,5.224307855973232,5.036516377365908,5.223566509948047,511352000
2018-11-09,5.081982612609863,5.172171874113618,4.967578242512255,5.001182950337626,413240000
2018-11-12,4.683420181274414,5.012796555833674,4.661675598302019,4.990805014573588,617116000
2018-11-13,4.924830436706543,5.045906439734066,4.7748442925051275,4.781022019519366,644712000
2018-11-14,4.872446060180664,5.111880088075978,4.764713354751783,5.097548498019646,526580000
2018-11-15,5.000934600830078,5.072839031740589,4.830686599283498,4.866515335628465,840708000
2018-11-16,4.062966346740723,4.216905690296646,3.9932854776721305,4.03553890097599,1963520000
2018-11-19,3.5754497051239014,3.9984743070933955,3.5737200549262553,3.9977334324038316,1697820000
2018-11-20,3.6836774349212646,3.811672043149815,3.294010270898075,3.312542274195283,1692032000
2018-11-21,3.5756969451904297,3.837369476002701,3.548516691992622,3.8205671248087554,1025496000
2018-11-23,3.5828630924224854,3.696279150859607,3.5282553867654127,3.5411042864079247,411968000
2018-11-26,3.7817740440368652,3.792151947612099,3.621409983899726,3.7036923376414577,814832000
2018-11-27,3.7985763549804688,3.8796232094339067,3.7200004972496443,3.7558290071386753,738060000
2018-11-28,3.9552340507507324,3.9604230026537515,3.783750737069994,3.9159460027453297,804524000
2018-11-29,3.8921611309051514,3.9945602780610026,3.861985568722618,3.957459192484639,549172000
2018-11-30,4.042296409606934,4.052931897618015,3.8515961747545906,3.901806443862262,729564000
2018-12-03,4.205789566040039,4.3205560529829405,4.139007330833629,4.269109039647563,890804000
2018-12-04,3.8859779834747314,4.166215439909608,3.8708899653815085,4.161268502328295,812112000
2018-12-06,3.9151644706726074,3.920111172643788,3.730153193644054,3.745735623295295,692308000
2018-12-07,3.65100359916687,3.929509907561771,3.6017828445214954,3.9193688271571343,681676000
2018-12-10,3.7561237812042236,3.780857997862722,3.602524809979828,3.606235013243494,629472000
2018-12-11,3.6653494834899902,3.8558020941995017,3.5864475764226538,3.847639836085052,671912000
2018-12-12,3.682910680770874,3.778878954591553,3.581995469554645,3.671038219727921,654136000
2018-12-13,3.6826629638671875,3.793719246900949,3.646798613966055,3.7296579220750803,471384000
2018-12-14,3.62231183052063,3.7247109734410984,3.598814351489918,3.64110957786226,471820000
2018-12-17,3.5513250827789307,3.6643599622546725,3.4934471880581057,3.5923838146649856,662868000
2018-12-18,3.6344316005706787,3.718280203883711,3.567896805524452,3.5951042522127103,564372000
2018-12-19,3.4259228706359863,3.654218877998292,3.374475856483022,3.6007930418075422,745364000
2018-12-20,3.3415799140930176,3.5072985491377735,3.281970637111503,3.417513707699646,749588000
2018-12-21,3.204800844192505,3.4009425299153957,3.1773459475817654,3.3680460478871606,863740000
2018-12-24,3.14321231842041,3.214941263911748,3.0793981901919487,3.128619182437066,463840000
2018-12-26,3.292111396789551,3.2931006898573942,3.0784085258609872,3.189217369479588,695100000
2018-12-27,3.2443747520446777,3.274303111942917,3.0962173641050477,3.239922696804846,637044000
2018-12-28,3.305715560913086,3.3982213190004913,3.2231036787085117,3.2649042664283434,628728000
2018-12-31,3.3020052909851074,3.381401609081078,3.271334844675895,3.3490000177104666,465140000
2019-01-02,3.3692822456359863,3.4251813233405146,3.2166727958069883,3.231265932474815,508752000
2019-01-03,3.1657204627990723,3.3430641329189377,3.158300291681756,3.3091783624431126,705552000
2019-01-04,3.368539810180664,3.406630187786242,3.2080153346393385,3.2386855425128216,585620000
2019-01-07,3.546872854232788,3.5837267346364183,3.3744759128738573,3.42567572255454,709160000
2019-01-08,3.4585728645324707,3.630475204361462,3.386101819055723,3.628248940492641,786016000
2019-01-09,3.5265908241271973,3.5738329882410813,3.4593139422259735,3.509771426739684,617260000
2019-01-10,3.5921363830566406,3.600793287782794,3.446947117236109,3.5072984808573757,523156000
2019-01-11,3.6811795234680176,3.7039349179272896,3.5421736878643633,3.5698757841367086,874764000
2019-01-14,3.7210006713867188,3.74622953052103,3.605492337179015,3.6289898155826834,730168000
2019-01-15,3.7069039344787598,3.7929785955436714,3.6886005907901955,3.7536512333021332,617012000
2019-01-16,3.681427001953125,3.767007001850454,3.6759856531433406,3.7341107600864265,470104000
2019-01-17,3.7526609897613525,3.792482988633846,3.6213227673825545,3.6485304526702196,493436000
2019-01-18,3.881525754928589,3.907496705882418,3.7509296199826263,3.8023766394178167,651336000
2019-01-22,3.6796953678131104,3.8629752589078197,3.6495198025286726,3.8513502383184717,661552000
2019-01-23,3.692556858062744,3.823400426503734,3.6613920018215467,3.734852323382457,591020000
2019-01-24,3.904033660888672,3.921594675016262,3.772200801083401,3.7769002971674324,708972000
2019-01-25,3.9611692428588867,3.979225139482128,3.7422724559398466,3.8446716052502636,1154572000
2019-01-28,3.4135565757751465,3.503341430693232,3.2401705388514066,3.3774447751453547,2511528000
2019-01-29,3.2550101280212402,3.4157820482550845,3.240416993564743,3.3675503542434573,1153932000
2019-01-30,3.398221731185913,3.4125674283667005,3.2515482586174436,3.330944829496848,974228000
2019-01-31,3.5555293560028076,3.5911464980654273,3.3732387966920054,3.3950048934755297,842852000
2019-02-01,3.5797698497772217,3.63072222905013,3.526591678512298,3.57408105945596,625048000
2019-02-04,3.6898365020751953,3.72693759200291,3.573586058614457,3.5955993656813554,528592000
2019-02-05,3.7088818550109863,3.7454882999285384,3.668070559961658,3.7017088892498964,542424000
2019-02-06,3.784320592880249,3.848629364647908,3.7365837785660503,3.7420251267197253,702464000
2019-02-07,3.6463043689727783,3.740294065936095,3.603514488462521,3.738068038238784,637120000
2019-02-08,3.6648552417755127,3.675490733915483,3.5649293111998634,3.579275006850071,461604000
2019-02-11,3.62231183052063,3.6749953415540433,3.5740801382067535,3.6208276550645118,495180000
2019-02-12,3.7390575408935547,3.7546402074135017,3.6463045732075137,3.6606505051856875,591060000
2019-02-13,3.781352996826172,3.854318683296899,3.7548873966883165,3.768491240706484,605372000
2019-02-14,3.8221638202667236,3.850360798091592,3.7373256814451947,3.7803632359891957,827264000
2019-02-15,3.891667366027832,4.053180939836472,3.8689119686286864,4.030425778320329,1516748000
2019-02-19,3.8743531703948975,3.9547392641031758,3.8619862967933107,3.881031489716789,551892000
2019-02-20,3.9215950965881348,3.9886245474128765,3.8924090597221137,3.9035391980829384,540988000
2019-02-21,3.8528342247009277,3.9586961457160683,3.8382410884779223,3.934209605693475,448548000
2019-02-22,3.9374241828918457,3.9562221655032705,3.8909241087544744,3.9045279492047844,401740000
2019-02-25,3.925057888031006,4.088055612606229,3.9164007472769002,4.020778959960253,656020000
2019-02-26,3.885730504989624,3.9762574332662384,3.852339384284789,3.920358360077931,488464000
2019-02-27,3.843930244445801,3.8978504999850783,3.7870416374298284,3.871385136775386,500256000
2019-02-28,3.8194186687469482,3.8600245697326283,3.7971352103978484,3.837740875257406,324944000
2019-03-01,3.8736417293548584,3.9157328559809574,3.810999841616156,3.8691848495966012,357188000
2019-03-04,3.88181209564209,3.9347976031872425,3.8253600213897,3.912018758171207,409992000
2019-03-05,3.8753743171691895,3.9135039508695773,3.81198958623039,3.8662130988863823,362924000
2019-03-06,3.764699935913086,3.874880161562028,3.761976457244041,3.8664620292549263,403524000
2019-03-07,3.695620059967041,3.750834131965574,3.6495672080075923,3.7411777555157997,450104000
2019-03-08,3.7297885417938232,3.7404352313278832,3.5851922406276207,3.606485619695741,422416000
2019-03-11,3.9897654056549072,4.012544022728501,3.706267631979715,3.7533110440912147,859728000
2019-03-12,4.023932933807373,4.070233010803532,3.9414831322687927,4.017495191948236,579576000
2019-03-13,4.174966335296631,4.204182689776566,4.0538917335363385,4.061319788358291,768900000
2019-03-14,4.0992021560668945,4.196012444273688,4.091526640746061,4.1841277449219305,519384000
2019-03-15,4.204429626464844,4.247015902836144,4.138816338373653,4.142282668685876,661484000
2019-03-18,4.183135032653809,4.289601400922303,4.156146778303247,4.2358728244941215,486992000
2019-03-19,4.350511074066162,4.394830989700251,4.260633942280537,4.27747020210782,854972000
2019-03-20,4.318077564239502,4.4327144345267095,4.2834137774840535,4.379481217395504,719148000
2019-03-21,4.5542826652526855,4.58052807605089,4.336150834187309,4.341102869772194,824312000
2019-03-22,4.39483118057251,4.575576236911883,4.380965858141229,4.527047608402401,747644000
2019-03-25,4.302724838256836,4.4183519759540015,4.236616634310872,4.354224869379565,525212000
2019-03-26,4.379232883453369,4.500059539757855,4.32302826643485,4.4441028551164905,703508000
2019-03-27,4.3700714111328125,4.451035259026395,4.300744799971149,4.404735188965764,474372000
2019-03-28,4.388641834259033,4.454254662605151,4.335656084598918,4.396069416485582,480264000
2019-03-29,4.445836544036865,4.47010133445733,4.404983422748778,4.455245224668751,456896000
2019-04-01,4.513182163238525,4.543388825178386,4.465891308838393,4.537446476833416,483824000
2019-04-02,4.531010150909424,4.575330081102811,4.49436620896686,4.537200433547039,440920000
2019-04-03,4.670158386230469,4.729086484341547,4.575576665988681,4.580528702250554,783504000
2019-04-04,4.661245346069336,4.703584172174699,4.59860345356439,4.654807604136904,457376000
2019-04-05,4.727848052978516,4.745180179212573,4.667930116677095,4.704326590039095,481744000
2019-04-08,4.7486467361450195,4.773653905545803,4.673377295551012,4.697394152141691,424192000
2019-04-09,4.686005592346191,4.726363797358077,4.643914221577702,4.715221950029587,439972000
2019-04-10,4.756322860717773,4.782072888648219,4.6808064150538,4.6852630598394,444772000
2019-04-11,4.742456912994385,4.790243170654756,4.693185422101398,4.7587982565709135,374600000
2019-04-12,4.704573631286621,4.785042557326087,4.695907805067246,4.7810808343748965,471708000
2019-04-15,4.573100566864014,4.701850673879405,4.5334852219749955,4.696898637705237,440092000
2019-04-16,4.660007953643799,4.6788253180793395,4.5795394705271715,4.612222161967368,394964000
2019-04-17,4.637228012084961,4.715715846704068,4.614944322265305,4.6949178621396275,351004000
2019-04-18,4.6127166748046875,4.677834591735757,4.584986023245506,4.643914130061007,380988000
2019-04-22,4.666444301605225,4.682042789821907,4.557749804332199,4.58919424088744,279936000
2019-04-23,4.720916271209717,4.75211372644348,4.669911612521351,4.679567754074835,346856000
2019-04-24,4.733295917510986,4.77390157804458,4.670654025026676,4.7313148195504775,318204000
2019-04-25,4.627821445465088,4.715470539506165,4.54834326180612,4.69318683951251,499296000
2019-04-26,4.409438610076904,4.478765682764023,4.290840064615995,4.474308567948586,868988000
2019-04-29,4.440141201019287,4.467871844571422,4.345311561761806,4.417362120778531,391920000
2019-04-30,4.4814887046813965,4.506990784854898,4.3888876437984345,4.407952456979751,362920000
2019-05-01,4.468367576599121,4.575824300781846,4.468119644225633,4.533732939797751,354280000
2019-05-02,4.535713195800781,4.577309160901699,4.434941681120272,4.478023351332537,394684000
2019-05-03,4.531256198883057,4.554034804968513,4.469852096431354,4.544131206921117,336824000
2019-05-06,4.4530158042907715,4.465147959739121,4.308171846898487,4.345311165735565,422176000
2019-05-07,4.286136150360107,4.404734701033539,4.238102448089224,4.404734701033539,555220000
2019-05-08,4.306191921234131,4.386165459503043,4.246768906991969,4.258653604290829,419168000
2019-05-09,4.213839054107666,4.24701713403726,4.095240936579254,4.237360992832785,660248000
2019-05-10,4.179917812347412,4.248502045374708,4.060576392127971,4.1831366828979535,569500000
2019-05-13,3.923161506652832,4.0712241514432606,3.9073153191471652,4.048197604882031,656912000
2019-05-14,4.012047290802002,4.047205985847041,3.924150553189404,3.9627753423697984,524880000
2019-05-15,3.951139211654663,3.987535685228147,3.897410847872491,3.9565861680085823,502320000
2019-05-16,3.966242551803589,4.008829309242451,3.9033534368531897,3.9456922618955095,781088000
2019-05-17,3.875622034072876,4.053396150144705,3.836254388911451,3.924398594361472,1022068000
2019-05-20,3.7572708129882812,3.8320448454927067,3.732511108878801,3.77707848182545,572064000
2019-05-21,3.839226007461548,3.8550721940548116,3.77930782839505,3.817932863942486,361848000
2019-05-22,3.7684128284454346,3.8265978287979796,3.75751844479888,3.8006003508083475,325868000
2019-05-23,3.6475861072540283,3.7062662664840973,3.5879153992055115,3.7062662664840973,591844000
2019-05-24,3.5938587188720703,3.7015629273739252,3.5871735160765854,3.6664042199056395,357584000
2019-05-28,3.548795223236084,3.6441197858361125,3.5468143617202834,3.611437105644795,428356000
2019-05-29,3.474763870239258,3.5361675046529855,3.440100330190307,3.501256504505184,559800000
2019-05-30,3.4482412338256836,3.5136812064222056,3.410067837679183,3.477986654424504,394300000
2019-05-31,3.3577651977539062,3.4665839936190226,3.356030054188708,3.3994088797142488,389720000
2019-06-03,3.31612229347229,3.4075894322198153,3.286872590658536,3.3689203095444507,478644000
2019-06-04,3.5446667671203613,3.5498721990499233,3.3580139727479894,3.3800751227917,641836000
2019-06-05,3.502030611038208,3.6237391057275645,3.465840340709544,3.6182856963644894,511616000
2019-06-06,3.5640008449554443,3.5885408363110862,3.5037662992283582,3.5062451435420043,408140000
2019-06-07,3.606635570526123,3.64084271992165,3.550862761690876,3.569949577094456,348856000
2019-06-10,3.679265022277832,3.7476795747385507,3.6626570467170203,3.6626570467170203,402780000
2019-06-11,3.736771821975708,3.7766803600690517,3.69735924180774,3.739002687057581,383872000
2019-06-12,3.6239874362945557,3.6995905336047556,3.6088668641116373,3.6933934227785716,358892000
2019-06-13,3.6750504970550537,3.693393377526362,3.6284491225164235,3.6460485388141843,308080000
2019-06-14,3.585317850112915,3.6063875513942576,3.540699839937277,3.5820955420182883,394428000
2019-06-17,3.5949854850769043,3.6319194595030355,3.5607780974032335,3.5835829437204834,276040000
2019-06-18,3.7895705699920654,3.8448474284513017,3.6453051842075,3.656211768501924,581920000
2019-06-19,3.7955191135406494,3.8361711148415587,3.7694917244333177,3.8247688107189526,331644000
2019-06-20,3.8198113441467285,3.899876165789767,3.8054344736815104,3.885995016872234,350168000
2019-06-21,3.761807441711426,3.8540184995073092,3.7553625891879383,3.804938523304347,434428000
2019-06-24,3.784116506576538,3.81361418219415,3.7360279741490294,3.7831250635560445,282948000
2019-06-25,3.7548670768737793,3.8639338543318824,3.752140490175782,3.7890744638641545,311868000
2019-06-26,3.9477169513702393,4.008695433176677,3.8691395262178023,3.8820292327860177,584072000
2019-06-27,4.046124458312988,4.065211037122441,3.9972922241704474,4.033234753133843,445440000
2019-06-28,4.070912837982178,4.099171095213199,4.024311700565911,4.089999418724976,397668000
2019-07-01,4.119001388549805,4.311851028416398,4.081571454721185,4.277643639416192,709756000
2019-07-02,4.021335601806641,4.123461777611852,4.008198156968745,4.102391844578389,400228000
2019-07-03,4.0342254638671875,4.050337710614133,3.9744868942725153,4.0446363231461495,246636000
2019-07-05,3.9717612266540527,3.9804369447260943,3.908551883224979,3.9759752144020695,396552000
2019-07-08,3.8969013690948486,3.931108754208727,3.866908207875438,3.9122699181399576,329788000
2019-07-09,3.899380683898926,3.9273909624271464,3.842120704699303,3.8547624323267926,342860000
2019-07-10,3.9675467014312744,4.024806432949899,3.9288775892095193,3.9427587362443375,452076000
2019-07-11,4.121728897094727,4.162380912051021,4.003242667628473,4.040424394390831,682560000
2019-07-12,4.154695987701416,4.225589614779402,4.149490556221436,4.149490556221436,506392000
2019-07-15,4.146268367767334,4.191878069186944,4.118010578897881,4.175766288148709,289840000
2019-07-16,4.1415581703186035,4.16857676853829,4.086033099999635,4.131395050866482,341444000
2019-07-17,4.206751346588135,4.213691922837337,4.114044537783741,4.143294244202891,348204000
2019-07-18,4.218400955200195,4.281114350306893,4.160645249121269,4.217161769338876,442192000
2019-07-19,4.175269603729248,4.263018703350953,4.169320472162421,4.256574086615086,344896000
2019-07-22,4.246658802032471,4.259548508575528,4.189150844164121,4.1965873769820705,315940000
2019-07-23,4.3542375564575195,4.356220442472948,4.270206497071242,4.28582326101392,428176000
2019-07-24,4.428600311279297,4.434301698698132,4.321516918023912,4.397367733711653,366236000
2019-07-25,4.297720909118652,4.399847100226015,4.274420344431656,4.38720513851172,392700000
2019-07-26,4.339611530303955,4.386212648554334,4.324738943643219,4.324738943643219,274160000
2019-07-29,4.333416938781738,4.3495291919370125,4.245420084948997,4.3324254955214725,248160000
2019-07-30,4.349031448364258,4.361177450700526,4.272684675173794,4.287061778523097,197772000
2019-07-31,4.182209491729736,4.318543064630112,4.140070092511964,4.317551148872514,359416000
2019-08-01,4.088016033172607,4.282848534973914,4.03596125562201,4.192620600599716,421212000
2019-08-02,3.9955575466156006,4.064716026033805,3.9482129443116163,3.9955575466156006,428348000
2019-08-05,3.7377636432647705,3.8136144773001788,3.690914529185375,3.812375055230867,589156000
2019-08-06,3.776432752609253,3.8577370013835552,3.7288401715288244,3.8123752856044586,361272000
2019-08-07,3.8146064281463623,3.826504692479021,3.6983513174803138,3.7157027559690916,372560000
2019-08-08,3.922928810119629,3.9241682321295746,3.8148537166454655,3.872113689689733,309300000
2019-08-09,3.821794033050537,3.885498854413051,3.7714746375389443,3.882028567577463,341816000
2019-08-12,3.7541236877441406,3.821794526165038,3.7323102845376672,3.769739980519211,279200000
2019-08-13,3.868147373199463,3.9140050411375022,3.713719128664831,3.7526359861963545,351956000
2019-08-14,3.719916343688965,3.7913054492057885,3.676289773160059,3.7801508866940603,419880000
2019-08-15,3.6876919269561768,3.7585853080031844,3.6534847766804277,3.7387550279949506,477200000
2019-08-16,3.955153465270996,4.004233210635845,3.888721810046788,3.9499480341505486,1007960000
2019-08-19,4.233272552490234,4.249137059084516,4.052073458158997,4.068185707308945,815112000
2019-08-20,4.1611409187316895,4.228316040190973,4.14007097821964,4.227820082206071,463188000
2019-08-21,4.244425296783447,4.299454379216849,4.205508456602502,4.227073869492003,427244000
2019-08-22,4.250624179840088,4.296481607546231,4.211459110233813,4.254094466555244,303488000
2019-08-23,4.026541709899902,4.2285629946070005,4.006711431650754,4.1742775901702895,568056000
2019-08-26,4.101152420043945,4.1291629240215375,4.062979273092291,4.105118663910399,318208000
2019-08-27,4.010678291320801,4.142053727566777,3.9814285909595064,4.139327140718047,290968000
2019-08-28,4.000256061553955,4.052858336173791,3.9451724895240496,3.9843763260404192,255612000
2019-08-29,4.143672466278076,4.175928389541459,4.088092439516701,4.09156616161059,357976000
2019-08-30,4.156327247619629,4.239449078910096,4.138214197129242,4.189824062623916,290616000
2019-09-03,4.073453903198242,4.1166274499411415,4.050626717378443,4.083627083659792,296140000
2019-09-04,4.187342643737793,4.194786537943837,4.133995918409182,4.133995918409182,227728000
2019-09-05,4.459782123565674,4.465985130466954,4.287583963874514,4.289320824737236,695676000
2019-09-06,4.432736396789551,4.493278540364988,4.394773444856032,4.436458106348805,376976000
2019-09-09,4.478640556335449,4.564988124663979,4.462264366813369,4.463753240386079,417524000
2019-09-10,4.54513692855835,4.571685817970687,4.436210192599637,4.445886921570617,352812000
2019-09-11,4.573671817779541,4.621807955255365,4.530746263849502,4.5597769283241165,361512000
2019-09-12,4.5721821784973145,4.674657444324101,4.564242310604144,4.620070320142071,327840000
2019-09-13,4.514370918273926,4.54265715133636,4.470700919514769,4.505686610745012,324592000
2019-09-16,4.471444606781006,4.505933843259826,4.429015500929482,4.439436668217253,231832000
2019-09-17,4.492783069610596,4.497001228439258,4.431744470381749,4.47814374423788,223048000
2019-09-18,4.465738296508789,4.501468424353486,4.3793911974396655,4.485836670893654,258152000
2019-09-19,4.390307903289795,4.4900538978931825,4.379638275420076,4.4716923888184725,245476000
2019-09-20,4.284854412078857,4.412886619826779,4.274681707434538,4.389315003161526,350244000
2019-09-23,4.33820104598999,4.3836078907970535,4.281380611353213,4.2851027942122215,249712000
2019-09-24,4.280885219573975,4.3989922511248905,4.245403559873673,4.369465611551954,317268000
2019-09-25,4.422316551208496,4.441918475704812,4.235726996619059,4.280389417695528,308432000
2019-09-26,4.400232315063477,4.4213231082739,4.349366896832507,4.412638803204647,234564000
2019-09-27,4.261779308319092,4.409164976470412,4.201236688798003,4.358547547226562,362056000
2019-09-30,4.319095134735107,4.329268311412033,4.25631968719553,4.287583653722064,186184000
2019-10-01,4.317359924316406,4.491047010934916,4.312645789053364,4.34217243287037,366008000
2019-10-02,4.293540000915527,4.307434891111473,4.221335790853704,4.295524850012319,293372000
2019-10-03,4.498739719390869,4.504942729353566,4.267736164121805,4.298007250277595,450588000
2019-10-04,4.515114784240723,4.5443934382819275,4.4359631285480425,4.500971432868056,265524000
2019-10-07,4.573671817779541,4.673169354026785,4.57119051991119,4.579874825820831,480984000
2019-10-08,4.39750337600708,4.482113596779682,4.379390327827567,4.482113596779682,444436000
2019-10-09,4.483850479125977,4.533227501509764,4.445391545825268,4.474173748849353,292412000
2019-10-10,4.541415691375732,4.59228111758249,4.476407387055457,4.481617970914038,309124000
2019-10-11,4.6148600578308105,4.697981398600452,4.606423740557816,4.62528122390011,446404000
2019-10-14,4.62825870513916,4.649101038214642,4.575159974748541,4.606175486565861,200040000
2019-10-15,4.872413635253906,4.9448663136536535,4.704433577189583,4.7183289420364085,664124000
2019-10-16,4.81881856918335,4.943129094185844,4.807404976671537,4.838420492650064,428944000
2019-10-17,4.820803165435791,4.908142667329887,4.766463550442048,4.863232267535024,263436000
2019-10-18,4.726517200469971,4.853805019195491,4.652328127600214,4.821300624617464,307440000
2019-10-21,4.8634796142578125,4.876878525396235,4.768944219529625,4.787801700923436,261868000
2019-10-22,4.853557586669922,5.025259389660538,4.8458657025441845,4.920302771799138,328720000
2019-10-23,4.840653419494629,4.854796296784841,4.739914997500526,4.771674947710298,279916000
2019-10-24,4.884570598602295,4.918066931256039,4.847848058656728,4.881840840107468,232020000
2019-10-25,5.075131416320801,5.0959737537874785,4.95727235193186,4.964964234557789,423092000
2019-10-28,5.1309590339660645,5.1833128612970585,5.089521876933053,5.118800531489562,330792000
2019-10-29,5.0349345207214355,5.123514917288467,5.015581059249241,5.117063447958273,211236000
2019-10-30,5.036920547485352,5.067440093512516,4.968934482100591,5.061733059559819,205960000
2019-10-31,4.987790584564209,5.036919146033415,4.908142958818643,5.016076812063298,209732000
2019-11-01,5.026745796203613,5.059001717512267,4.9274957882342845,4.952556278001397,283640000
2019-11-04,5.223012924194336,5.235419415070301,5.0845599881369195,5.107635161973665,376716000
2019-11-05,5.200931072235107,5.2488187628260805,5.153042908384816,5.222765837380786,300868000
2019-11-06,5.151801586151123,5.202418554291357,5.064461594469839,5.176862082382492,269012000
2019-11-07,5.1694183349609375,5.252788157298014,5.124755913235387,5.238148828988384,280340000
2019-11-08,5.155521869659424,5.187033827049236,5.115077619954896,5.152544596640886,189100000
2019-11-11,5.1654486656188965,5.18852384014965,5.068679926912906,5.154779035818744,243436000
2019-11-12,5.200931072235107,5.256759107660253,5.168674663651993,5.203660358720902,283504000
2019-11-13,5.1751251220703125,5.197207870777653,5.10887592942984,5.169666076907561,300188000
2019-11-14,5.205395221710205,5.207628531573418,5.1242587289005215,5.184056440523006,518080000
2019-11-15,5.066446781158447,5.254772716233634,4.978362355062665,5.20316285160327,1053628000
2019-11-18,5.267177104949951,5.293725990167558,5.056023595579664,5.059000868154515,574588000
2019-11-19,5.160733222961426,5.259734782811542,5.102672367728209,5.236163163136437,414564000
2019-11-20,5.2398858070373535,5.323503619081088,5.1252524762450085,5.13790695555133,472588000
2019-11-21,5.215073108673096,5.29099903524504,5.193486334907724,5.235419469967482,288388000
2019-11-22,5.232688903808594,5.28405029690506,5.209116813293341,5.237651025737851,224100000
2019-11-25,5.488753795623779,5.493716391664909,5.347571109090329,5.360473574841742,506476000
2019-11-26,5.384293556213379,5.475851227136171,5.3778420868291095,5.47113661900779,385244000
2019-11-27,5.419055938720703,5.4639994792560005,5.39273562678228,5.42973343957815,215784000
2019-11-29,5.381810665130615,5.416573524581934,5.357973005159174,5.388266895376397,141556000
2019-12-02,5.195827484130859,5.388265925001773,5.18068101535842,5.374857125280522,372036000
2019-12-03,5.15634822845459,5.160320856261252,4.975332231378648,5.012578221912661,465232000
2019-12-04,5.200048923492432,5.262125719687644,5.171493654075639,5.239778035168698,273424000
2019-12-05,5.183164596557617,5.237543838915353,5.152622538351522,5.2219005536134775,184884000
2019-12-06,5.268333911895752,5.30111093009585,5.2422617681542905,5.252194284022518,232236000
2019-12-09,5.268333911895752,5.322961801954157,5.236799168591819,5.245489883172307,211880000
2019-12-10,5.313277244567871,5.364925183754723,5.245737376765178,5.298378472688952,256388000
2019-12-11,5.3967084884643555,5.402171561329519,5.3212233612455915,5.323706490073684,233796000
2019-12-12,5.563819408416748,5.581945822911809,5.358966249624642,5.367905134665788,404348000
2019-12-13,5.561832427978516,5.685737844111824,5.507949532561871,5.566798685120836,454704000
2019-12-16,5.590636253356934,5.662893736864883,5.58120055357763,5.609259482123776,320976000
2019-12-17,5.668604850769043,5.691200706121203,5.599823654351449,5.609259353915085,321196000
2019-12-18,5.698898792266846,5.759237451477673,5.694925691278481,5.703368234873497,343548000
2019-12-19,5.846641540527344,5.860050342253355,5.7284473483987375,5.733413606342329,445360000
2019-12-20,5.943728446960449,5.969055598734315,5.893818655681329,5.912938223291909,603044000
2019-12-23,5.930072784423828,6.00431658720451,5.919395756254453,5.972285029087965,355060000
2019-12-24,5.925106525421143,5.942239783537777,5.880411151831388,5.914677668064655,138864000
2019-12-26,5.9392595291137695,5.967317982505401,5.909710630228528,5.928582028747246,182852000
2019-12-27,5.881651878356934,5.967814494817426,5.855331095356012,5.954405695747302,254644000
2019-12-30,5.768672466278076,5.865015772917134,5.73738589814169,5.859801344894404,258056000
2019-12-31,5.842668056488037,5.852103755754159,5.714293196478144,5.733412765788655,231004000
2020-01-02,5.957136631011963,5.957136631011963,5.877927063300062,5.928333194899299,237536000
2020-01-03,5.861788272857666,5.905490488683201,5.812871628462756,5.83770244367291,205384000
2020-01-06,5.886370658874512,5.89158508763454,5.742601138143197,5.7686732819433395,262636000
2020-01-07,5.9576334953308105,6.003322015009585,5.869732740939853,5.914676274753172,314856000
2020-01-08,5.968807697296143,6.010026777884842,5.913435305232208,5.95341258476723,277108000
2020-01-09,6.034360408782959,6.106617880822172,5.980726162554703,6.054969947829537,255112000
2020-01-10,6.066640853881836,6.171674874881469,6.052487541574924,6.141381463186683,316296000
2020-01-13,6.2568440437316895,6.281923026165789,6.12697921604719,6.149575543562408,319840000
2020-01-14,6.140140056610107,6.239462833086717,6.126979427600585,6.214135205399541,359088000
2020-01-15,6.0976786613464355,6.175150562579818,6.071854694268641,6.152802880546791,263104000
2020-01-16,6.181110382080078,6.187069795920927,6.127724301895055,6.151065142101568,284192000
2020-01-17,6.189801216125488,6.207679457997126,6.1423745488552575,6.200230072148521,253792000
2020-01-21,6.156528472900391,6.1900499995595695,6.122510131063469,6.15330035826598,217916000
2020-01-22,6.2104105949401855,6.296821384646895,6.182848483712182,6.201719881814991,239240000
2020-01-23,6.278696060180664,6.2871386039958095,6.161743668888831,6.250389431731005,244516000
2020-01-24,6.219598293304443,6.443571474503476,6.165467226066961,6.393909849337127,373512000
2020-01-27,5.964338779449463,6.015241734130673,5.766437730526591,5.915670309087849,470536000
2020-01-28,6.157271862030029,6.189551579177581,5.977000461341305,6.030138359202436,310976000
2020-01-29,6.0969343185424805,6.178875663738441,6.057204736572978,6.142871011283525,258848000
2020-01-30,6.103640079498291,6.117048882565472,5.944475427436228,5.99935102029385,290504000
2020-01-31,5.870726108551025,6.069868462638404,5.829010687452668,6.057949635579352,370420000
2020-02-03,5.967567443847656,5.986935186573986,5.846393308772589,5.85260089433316,255564000
2020-02-04,6.136415481567383,6.155535525631463,6.059192213756811,6.109102012462837,271544000
2020-02-05,6.22654914855957,6.267271404756179,6.143366020364419,6.25709072230497,208220000
2020-02-06,6.313209533691406,6.313209533691406,6.1798688956538586,6.260817085167685,218284000
2020-02-07,6.2471604347229,6.2953320882230726,6.221832806853207,6.273232574934326,189752000
2020-02-10,6.5297346115112305,6.530479123908256,6.264790497583461,6.269756755214002,529608000
2020-02-11,6.651901721954346,6.766371455351388,6.575919776508791,6.637748408041317,638556000
2020-02-12,6.767364501953125,6.773820731779094,6.66580675646444,6.704542714595026,374644000
2020-02-13,6.723662853240967,6.790705918000455,6.682195591919942,6.709509538364573,528016000
2020-02-14,7.195694446563721,7.324317490360946,7.101586088770916,7.132872659897927,1041924000
2020-02-18,7.364047527313232,7.382422588449085,7.0732798741144425,7.092647618588116,620164000
2020-02-19,7.814227104187012,7.831857176120988,7.486213518147479,7.486213518147479,694332000
2020-02-20,7.6652421951293945,7.854452034035954,7.358582702673338,7.766303106390214,810052000
2020-02-21,7.301969528198242,7.578335650197736,7.21729687382683,7.553256665361849,768180000
2020-02-24,6.785739898681641,6.999036101511777,6.654633708905705,6.709012959273748,856916000
2020-02-25,6.506890296936035,6.9225565056275835,6.4053325514422745,6.860727875099218,1055496000
2020-02-26,6.645941257476807,6.8396210206918395,6.505648047340765,6.507137545574785,747732000
2020-02-27,6.275991916656494,6.633768307386428,6.183814767032639,6.333136621915026,906416000
2020-02-28,6.710044860839844,6.769425868492794,6.007412174890183,6.024058570930446,1133252000
2020-03-02,6.86806058883667,6.896881729577299,6.484693639055509,6.879738226215909,890744000
2020-03-03,6.606189250946045,6.983344943140282,6.520968837432035,6.923715627771662,652792000
2020-03-04,7.068814277648926,7.078255622261228,6.6387371701108036,6.7132741760855605,597408000
2020-03-05,6.790045738220215,7.03626513615308,6.7455719569568915,6.8697998032135255,540328000
2020-03-06,6.609915733337402,6.668302976848197,6.410157130141035,6.610909484146133,515412000
2020-03-09,6.098097801208496,6.444941989409287,5.917718976759138,5.960453109775377,614160000
2020-03-10,6.486682415008545,6.486682415008545,6.1117629836396725,6.373883391447351,580648000
2020-03-11,6.123688220977783,6.375373996903059,6.026790637877311,6.347049964055862,499964000
2020-03-12,5.37434720993042,5.86653786940646,5.3616758170513235,5.601684006599658,816540000
2020-03-13,5.983806610107422,5.988278725229075,5.456335393232123,5.726903333954018,634836000
2020-03-16,4.879670143127441,5.617583927857783,4.820040827756893,5.277447705392959,726972000
2020-03-17,5.398197650909424,5.487393549135659,4.745504698988345,4.991724142434878,833632000
2020-03-18,5.039178371429443,5.2160788021116335,4.489097754797849,4.971598580707773,874268000
2020-03-19,5.291361331939697,5.384780539879821,4.804885019488233,5.017811170475434,765512000
2020-03-20,5.1119771003723145,5.722432568837711,5.096572776070153,5.44118067542152,804636000
2020-03-23,5.2844038009643555,5.378568908515311,4.9323421367905205,5.110981742226345,643876000
2020-03-24,6.191019535064697,6.277482494566809,5.666032849202426,5.689635972329596,1101644000
2020-03-25,6.102569580078125,6.505067588828619,6.053871996434698,6.305806086188471,793432000
2020-03-26,6.391275405883789,6.515006158031111,6.211393226777175,6.309284560354302,696108000
2020-03-27,6.279221057891846,6.537366419164007,6.178596329213779,6.211392473893671,638828000
2020-03-30,6.598735332489014,6.607928356954407,6.300588285202859,6.344564958091358,602252000
2020-03-31,6.549291610717773,6.842469377045188,6.403944797391366,6.638735329642442,949960000
2020-04-01,6.03921365737915,6.497863134076744,5.994740340164623,6.351771317564638,656912000
2020-04-02,6.347297668457031,6.3604656947871625,6.02032998749771,6.068281658432572,675764000
2020-04-03,6.060083389282227,6.351273226478855,5.922935826420933,6.309781168533182,663212000
2020-04-06,6.668550968170166,6.705322589635028,6.284189783712524,6.341583273592423,727884000
2020-04-07,6.435748100280762,6.913280185472903,6.392765179884151,6.889676590192596,784520000
2020-04-08,6.6325249671936035,6.6573706324645965,6.474755537698199,6.54457162490278,542444000
2020-04-09,6.533143043518066,6.780853326872135,6.47028368318691,6.75799563614717,525564000
2020-04-13,6.704578399658203,6.713274312781902,6.385312806711786,6.473514482047425,398408000
2020-04-14,7.054900646209717,7.088938865506866,6.804954050127847,6.832532651631695,530948000
2020-04-15,6.977629661560059,7.06036545365664,6.841972969339748,6.887191708782641,366148000
2020-04-16,7.3219895362854,7.42882556643318,7.119498475685138,7.132666503087581,745620000
2020-04-17,7.2628560066223145,7.425345842935935,7.129186833784054,7.4039785460380205,539120000
2020-04-20,7.13192081451416,7.2921748539610265,7.087695825238775,7.136641723005758,449388000
2020-04-21,6.696130752563477,7.075273983417711,6.636501431378573,7.0141542727746815,735160000
2020-04-22,7.109560966491699,7.152295573797261,6.8424713294529536,6.88793839640193,483356000
2020-04-23,7.056389808654785,7.283229879784153,7.031295825709126,7.151548667594547,424160000
2020-04-24,7.1950297355651855,7.197017237436438,6.971667981991772,7.046204988864382,352328000
2020-04-27,7.38112211227417,7.540630723793758,7.304597615042217,7.3291949610384926,479388000
2020-04-28,7.239006519317627,7.558023795022882,7.233540652145725,7.5282088970585805,442904000
2020-04-29,7.415409088134766,7.46808167070093,7.298386285060615,7.373419918837021,379160000
2020-04-30,7.26186466217041,7.415410319910699,7.247951201131384,7.361495184492748,375916000
2020-05-01,7.0258307456970215,7.177885523416327,6.9776302758674795,7.064838190964827,342096000
2020-05-04,7.237266540527344,7.250931680845557,6.978624046997186,6.978624046997186,317556000
2020-05-05,7.29813814163208,7.460379689479762,7.237266284339808,7.341121062746931,368896000
2020-05-06,7.3987627029418945,7.503362917200423,7.339630499507867,7.37739587501728,323464000
2020-05-07,7.574670314788818,7.637778003139427,7.486468637437542,7.537650366405477,373732000
2020-05-08,7.76423978805542,7.770451085107546,7.6124333565548294,7.64622324849866,339216000
2020-05-11,8.015678405761719,8.062388011187469,7.730699390591938,7.759271740488808,469060000
2020-05-12,7.754302501678467,8.122016839695085,7.744612838906281,8.073319732712656,493060000
2020-05-13,7.731941223144531,8.028596901539283,7.5478352776957305,7.868591662059855,625852000
2020-05-14,7.980896949768066,7.986362817683416,7.6400152112262925,7.793312571072376,602312000
2020-05-15,8.438304901123047,8.44799409378094,7.8253641851697955,7.841016832802107,987660000
2020-05-18,8.696197509765625,8.861420771854155,8.626878538742194,8.706384284090324,774460000
2020-05-19,8.751110076904297,9.031367805345381,8.708623779422311,8.735954068627267,717320000
2020-05-20,8.914591789245605,8.987140816354259,8.833843488059705,8.935461979417953,587536000
2020-05-21,8.721041679382324,8.996578319036958,8.683524635851711,8.995585042419636,761068000
2020-05-22,8.970494270324707,9.036832475277743,8.659427960573646,8.770735645480487,1038764000
2020-05-26,8.663900375366211,9.125034961912307,8.618433305062045,9.100188817327473,770780000
2020-05-27,8.472588539123535,8.579423621709141,7.947352618383713,8.571721934524938,1175892000
2020-05-28,8.434574127197266,8.706384140840894,8.327488838944653,8.360284982055731,734896000
2020-05-29,8.820677757263184,8.820677757263184,8.432589719803806,8.50166040358668,745256000
2020-06-01,8.751853942871094,8.786140959756835,8.63582533566827,8.778687590097684,389876000
2020-06-02,8.77073860168457,8.78266456448476,8.604521976069027,8.741918393719208,391320000
2020-06-03,8.715328216552734,8.811480823540192,8.646257567101596,8.767752949429001,365440000
2020-06-04,8.716323852539062,8.892061426403298,8.627832561939305,8.678043432788487,424280000
2020-06-05,8.868943214416504,8.94550214316356,8.658156779655378,8.744161832358072,481748000
2020-06-08,8.754605293273926,8.838869456825446,8.636037519288681,8.826441189640361,387736000
2020-06-09,8.994224548339844,9.057609939303413,8.701162292308348,8.749633194746389,468488000
2020-06-10,9.313135147094727,9.445622668630607,9.101105615785517,9.115274800775179,632180000
2020-06-11,8.745903015136719,9.208240685971829,8.735711592301131,9.097627526364212,583652000
2020-06-12,8.881370544433594,9.13466261398235,8.653432809550871,9.11005452492693,570908000
2020-06-15,9.121243476867676,9.129694925278905,8.693704301366452,8.76479584104821,400004000
2020-06-16,9.016596794128418,9.213712893600825,8.788162066934026,9.17220189162035,535716000
2020-06-17,9.183135986328125,9.245775120270508,9.018334188607051,9.061586102861485,408304000
2020-06-18,9.165240287780762,9.229370971612544,9.062332316008169,9.174188600931451,254408000
2020-06-19,9.208242416381836,9.390940867747382,9.174437570476622,9.189600491316718,524160000
2020-06-22,9.472223281860352,9.476697912993025,9.220174203686891,9.246771661468518,398468000
2020-06-23,9.395910263061523,9.587308552735838,9.353653978073853,9.496331996252083,375108000
2020-06-24,9.182640075683594,9.50180290042588,9.092160369035703,9.422011483078405,449372000
2020-06-25,9.435683250427246,9.450597738483603,9.129694924322715,9.302201948489339,376072000
2020-06-26,9.102599143981934,9.445624728572614,9.0727711208658,9.445624728572614,592084000
2020-06-29,9.147340774536133,9.151815404271039,8.849057727365414,9.117264321778878,342248000
2020-06-30,9.443387031555176,9.471723508714437,9.213460850621935,9.260688628625926,367892000
2020-07-01,9.47545337677002,9.520942134354888,9.359123415191961,9.466256631521325,326648000
2020-07-02,9.557234764099121,9.681767761145823,9.523428968107915,9.58383127402163,364056000
2020-07-06,9.78293228149414,9.852034451059913,9.656907773419078,9.685990498084974,315892000
2020-07-07,9.815248489379883,10.01236361484961,9.79436877481935,9.889322168841927,357800000
2020-07-08,10.157527923583984,10.16647718547054,9.90846194337441,9.936549995462096,365480000
2020-07-09,10.44884967803955,10.50950040463489,10.174926255888597,10.320836753485086,494548000
2020-07-10,10.419269561767578,10.594261828840493,10.31934469038557,10.528142745112083,497676000
2020-07-13,9.99471378326416,10.730478013100093,9.967619466000675,10.534357598250097,457076000
2020-07-14,10.31760311126709,10.343205880553475,9.729488508000435,10.017331678730525,542676000
2020-07-15,10.168716430664062,10.373288375236228,9.99819777260471,10.354646445772193,403984000
2020-07-16,10.076743125915527,10.148330579277705,9.838862314759108,9.957678504058652,344964000
2020-07-17,10.143110275268555,10.189841196144675,10.0300118318398,10.166973074910793,266284000
2020-07-20,10.450587272644043,10.47097011462783,10.098613444349757,10.215441188820286,284852000
2020-07-21,10.26938533782959,10.499560985576702,10.22787433658931,10.452829106890468,277036000
2020-07-22,10.379003524780273,10.541815989518545,10.23259614351377,10.308161365872728,367292000
2020-07-23,10.071772575378418,10.486634124309322,9.973836090293624,10.390189182924372,411660000
2020-07-24,10.136151313781738,10.305426819954247,9.721041347995266,9.818480016011662,473292000
2020-07-27,10.361851692199707,10.381985159654809,10.15926726913902,10.17368489136173,292132000
2020-07-28,10.157031059265137,10.32257818094102,10.150817400317544,10.31487297834555,271636000
2020-07-29,10.405601501464844,10.456060818276672,10.28777996863067,10.33127937967535,284508000
2020-07-30,10.55324935913086,10.562197671691823,10.23632339743743,10.315616995996077,308880000
2020-07-31,10.553994178771973,10.704876167416607,10.373284166869748,10.502788631136903,386080000
2020-08-03,10.94723129272461,11.03522477261038,10.653919693105369,10.671071020858617,412720000
2020-08-04,11.163487434387207,11.163487434387207,10.843579291958523,10.986755156389975,310336000
2020-08-05,11.222146987915039,11.306660504702798,11.102337090051451,11.1796422711166,249924000
2020-08-06,11.27061939239502,11.29299064832197,11.114766846759562,11.28478763323173,244316000
2020-08-07,11.135396957397461,11.438899949925162,10.974324500566038,11.247750090326356,342516000
2020-08-10,11.101096153259277,11.342953785393757,10.794361590484725,11.269377922253069,427796000
2020-08-11,10.7878999710083,11.073008586632106,10.733959759991317,11.010368494518175,354512000
2020-08-12,11.374768257141113,11.401364757603481,10.895526798098468,10.927841038864878,464412000
2020-08-13,11.377503395080566,11.654658327351312,11.290753031765972,11.479913541646958,374460000
2020-08-14,11.497811317443848,11.637755639070226,11.37501832276075,11.464005528623535,366436000
2020-08-17,12.266386985778809,12.338720679866736,11.749612219421017,11.783417060907157,621300000
2020-08-18,12.190574645996094,12.424478648175024,12.017073893181932,12.378741454160556,503448000
2020-08-19,12.069022178649902,12.244511302879308,12.028753354306133,12.226117814732458,622624000
2020-08-20,12.07150936126709,12.30417023970523,11.810760432923727,11.906460065788977,921388000
2020-08-21,12.6109037399292,12.735436709967265,12.125447608200558,12.131910646894115,999868000
2020-08-24,12.647444725036621,12.8385946165752,12.435911984887685,12.810008752365281,490564000
2020-08-25,12.677023887634277,12.688209041803288,12.501782219926314,12.558456133077177,289076000
2020-08-26,12.69989013671875,12.794843509741666,12.605185196211957,12.725989774147282,321244000
2020-08-27,12.55596923828125,12.776450255737013,12.494572269907243,12.708341816441752,317604000
2020-08-28,13.072495460510254,13.072743893029559,12.570137408216738,12.6024516518253,537160000
2020-08-31,13.297950744628906,13.497302711489002,12.963128117456806,13.107297710621298,500840000
2020-09-01,13.746005058288574,13.917817210067447,13.363590918309756,13.406854826972564,511316000
2020-09-02,14.268653869628906,14.646840546330916,13.824575879843783,14.623964634932472,874012000
2020-09-03,12.944875717163086,13.809159857079546,12.808867526231621,13.753712472441025,945128000
2020-09-04,12.554009437561035,13.103511288247317,11.641238886565278,12.714383643840854,1463684000
2020-09-08,11.848358154296875,12.481901768077714,11.64074109472669,11.670826550949025,795728000
2020-09-09,12.646008491516113,12.739746817327525,12.165379994058032,12.332717152096508,736200000
2020-09-10,12.244943618774414,12.994354914581717,12.100978478450475,12.918767098090333,698684000
2020-09-11,12.098495483398438,12.58384750491688,11.831203535061007,12.417753831428957,636928000
2020-09-14,12.802403450012207,13.242751020108157,12.562711914830903,13.010021471853284,1201744000
2020-09-15,12.92050838470459,13.226588220643817,12.758144242528516,13.207939772230896,727556000
2020-09-16,12.4465970993042,13.021709497809459,12.445851578489565,12.886944754317081,556384000
2020-09-17,12.395870208740234,12.52143541281886,11.96944666678956,12.066417457632662,792512000
2020-09-18,12.123112678527832,12.563957364700686,11.923701028791086,12.525417920772094,698460000
2020-09-21,12.449329376220703,12.454550866081808,11.839904206718712,11.860293152414322,721044000
2020-09-22,12.569174766540527,12.579369239088551,12.089542285546635,12.506765396916883,646452000
2020-09-23,12.057963371276855,12.657940493503995,12.013705438356915,12.507261870592744,647012000
2020-09-24,12.280997276306152,12.50129577509505,11.948809980000965,12.006744330754543,731240000
2020-09-25,12.803895950317383,12.81359341042278,12.179304208660158,12.37995930307491,588016000
2020-09-28,12.96427059173584,12.980930038377432,12.680817182936027,12.969492081929529,573808000
2020-09-29,13.153985977172852,13.369808525156131,12.863073561182524,12.86730007540991,621460000
2020-09-30,13.45708179473877,13.548582595898237,13.07889511363806,13.086105607065111,689184000
2020-10-01,13.540624618530273,13.688069807917765,13.38770848426377,13.683346280612378,525004000
2020-10-02,12.991372108459473,13.446140634224474,12.98018265968585,13.153239241621401,552496000
2020-10-05,13.568477630615234,13.570218127772435,13.151004922838734,13.164183379243166,479820000
2020-10-06,13.661964416503906,14.065264550133465,13.590852555868134,13.754957214450531,784420000
2020-10-07,13.888230323791504,14.042638475157641,13.788275536042313,13.923786729329015,418084000
2020-10-08,13.76365852355957,14.00807546805278,13.683347172141852,13.998626515827448,378900000
2020-10-09,13.688072204589844,13.749239048406054,13.586626375698904,13.692299667418414,346892000
2020-10-12,14.148807525634766,14.269151250700197,13.837009167737346,13.913591020870141,434744000
2020-10-13,14.170937538146973,14.27064381415561,13.94268301085505,14.218925925974037,344604000
2020-10-14,14.018767356872559,14.264923856549403,13.884251150985698,14.212957463317636,276100000
2020-10-15,13.894197463989258,13.929752918930133,13.693044417342875,13.7358113145266,267224000
2020-10-16,13.736557006835938,14.04487533293222,13.717660049634887,13.960585020449875,242392000
2020-10-19,13.424508094787598,13.907621541917687,13.33400132974897,13.827558704209942,298068000
2020-10-20,13.57145881652832,13.724871990223454,13.43371011402251,13.509794959370556,229212000
2020-10-21,13.451361656188965,13.716664549188273,13.404368249373105,13.551067921694733,219596000
2020-10-22,13.28850269317627,13.537891703010716,13.15995348572998,13.449126364383108,290480000
2020-10-23,13.516507148742676,13.519491128255543,13.21912978294742,13.37701796276027,233484000
2020-10-26,13.069942474365234,13.618450238161603,12.967750191982374,13.354142321801762,336896000
2020-10-27,13.324058532714844,13.369062941628298,13.119921500790154,13.233800259493728,250520000
2020-10-28,12.558483123779297,13.18804870574498,12.540581144576285,13.126384857490965,376520000
2020-10-29,12.95333194732666,13.121166120183615,12.680818504298344,12.768838326092173,320080000
2020-10-30,12.465988159179688,12.866303309085502,12.23325768967022,12.78027345863708,416820000
2020-11-02,12.512486457824707,12.767096951899822,12.32774434236848,12.589068316716522,299652000
2020-11-03,12.94885540008545,13.033891238095508,12.53436674945058,12.63954302876551,272900000
2020-11-04,13.719400405883789,13.752470792021674,13.264631851760678,13.316598246406535,410228000
2020-11-05,14.083162307739258,14.26119088707911,13.915079692239452,14.085649272948928,319028000
2020-11-06,14.48298454284668,14.50958900610018,13.819603973147315,14.033188045302696,383348000
2020-11-09,13.55678653717041,14.61178070378951,13.536895554377303,14.473535006204227,582976000
2020-11-10,12.700709342956543,13.53266964084014,12.55972815670973,13.53266964084014,644068000
2020-11-11,13.345192909240723,13.362100862954051,12.877991414086402,12.982919181366613,404744000
2020-11-12,13.383731842041016,13.691303689939454,13.243745638126441,13.405861285173073,365812000
2020-11-13,13.224846839904785,13.594579503194321,12.988386882116803,13.553304602279749,346312000
2020-11-16,13.441915512084961,13.575436751077367,13.084614759446428,13.101024751247351,413776000
2020-11-17,13.349416732788086,13.522472345327744,13.231559991334292,13.478959935350014,312028000
2020-11-18,13.355881690979004,13.53192128245041,13.11345472956683,13.39218360848019,510924000
2020-11-19,13.367321968078613,13.414315378972356,13.028918190667222,13.141056448609183,565936000
2020-11-20,13.016735076904297,13.421277740192645,12.994107670676497,13.38099780808852,341088000
2020-11-23,13.068700790405273,13.309884305156885,12.94487607234443,13.099781223360337,361356000
2020-11-24,12.887442588806152,13.090583729781715,12.815087233514447,13.071189755296247,346500000
2020-11-25,13.162936210632324,13.197497637148764,12.94935213399809,12.96178411756884,259916000
2020-11-27,13.189291000366211,13.33474813562024,13.09903368840049,13.302424222397182,167276000
2020-11-30,13.328781127929688,13.339722070023917,12.901860540365371,13.193022390006243,286952000
2020-12-01,13.317342758178711,13.455339940878662,13.156469666121708,13.41903802202874,296948000
2020-12-02,13.47100830078125,13.599308062330183,13.1624414271629,13.278060696110973,283360000
2020-12-03,13.327247619628906,13.589892631736793,13.260592045398973,13.517764495771466,199520000
2020-12-04,13.488665580749512,13.490406591655205,13.320035154421149,13.379478105518432,202244000
2020-12-07,13.536917686462402,13.660779007324052,13.430716006232535,13.531446072669704,223244000
2020-12-08,13.281486511230469,13.528959629487066,13.213337545654278,13.515280120302938,271920000
2020-12-09,12.864384651184082,13.345154105047774,12.80220542358008,13.232236984460078,401300000
2020-12-10,12.905671119689941,13.00167623711851,12.783550841795494,12.802951488524151,207764000
2020-12-11,12.946463584899902,12.953179048728904,12.757189593634664,12.900699188489625,209264000
2020-12-14,13.240446090698242,13.320035433419807,13.010383117244352,13.020829182897314,270156000
2020-12-15,13.291929244995117,13.39489745979019,13.11907107095995,13.3707718895099,193016000
2020-12-16,13.17453384399414,13.36828413251128,13.144687134351264,13.353609357953253,223116000
2020-12-17,13.27277946472168,13.310833124873806,13.110864499454864,13.2981479389699,231384000
2020-12-18,13.20388412475586,13.336200948982984,13.003418348495277,13.310334366601626,342064000
2020-12-21,13.263824462890625,13.301380961244586,12.900946562414616,13.007646335173467,302332000
2020-12-22,13.210103988647461,13.268801207944161,12.987005029007529,13.250893935500397,185580000
2020-12-23,12.942481994628906,13.20686801104678,12.938254232061905,13.187965472083052,179144000
2020-12-24,12.927062034606934,13.065100006417657,12.872344955272986,12.970338727219502,97884000
2020-12-28,12.833793640136719,12.995460029586082,12.697746203513814,12.995460029586082,212564000
2020-12-29,12.876822471618652,13.005409659646398,12.776340989904284,12.858666619881392,170372000
2020-12-30,13.07828140258789,13.145932243119045,12.830559761023274,12.923579073766286,225396000
2020-12-31,12.987995147705078,13.083502144157265,12.848713360095154,13.06907689978685,192424000
2021-01-04,13.046199798583984,13.582434103120457,12.895974723504262,13.036997581745014,560640000
2021-01-05,13.335955619812012,13.37450644809729,13.019836361044781,13.03252060064278,322760000
2021-01-06,12.549757957458496,13.177021848439159,12.521404624259176,13.15463728846822,580424000
2021-01-07,13.2755126953125,13.309090007060597,12.8203612761621,12.900944926798237,461480000
2021-01-08,13.208605766296387,13.352115309604605,12.97506084200232,13.293916225290692,292528000
2021-01-11,13.551589965820312,13.889347964433247,13.293919414175052,13.349880341033488,518344000
2021-01-12,13.415542602539062,13.683908768453083,13.276510305945383,13.681918228400308,291476000
2021-01-13,13.462300300598145,13.555071983938621,13.316303971194731,13.42076462097778,210028000
2021-01-14,13.1325044631958,13.529954076705605,13.112856179222367,13.505331339457138,283120000
2021-01-15,12.793499946594238,13.256859277308203,12.782556721687804,13.160108417536335,277780000
2021-01-19,12.958402633666992,13.026799227702664,12.778082270234988,12.949448048993759,226188000
2021-01-20,13.297152519226074,13.361569918313185,12.9897384021598,13.044455477389974,258572000
2021-01-21,13.796323776245117,13.927397660588083,13.1849777221272,13.34962796327808,337780000
2021-01-22,13.64212417602539,13.770711361469516,13.55731179569324,13.66948319202541,246820000
2021-01-25,13.583179473876953,13.757530121044729,13.168568335027265,13.711019979858465,251112000
2021-01-26,13.366296768188477,13.574720917203404,13.318791364133517,13.510800674012138,163980000
2021-01-27,12.851452827453613,13.164835741319445,12.728088683861888,13.162099460401164,371272000
2021-01-28,12.984018325805664,13.271287026648704,12.89398291811221,12.9295498263929,228316000
2021-01-29,12.923086166381836,13.266315882863035,12.845237815775496,13.00789856244101,271552000
2021-02-01,13.169066429138184,13.202642802213429,12.836531396500265,12.986259306624243,217204000
2021-02-02,13.487174034118652,13.502345023877039,13.217315428489607,13.329984932916615,220440000
2021-02-03,13.461057662963867,13.860248208938296,13.447129576053145,13.566015475389744,245408000
2021-02-04,13.594120025634766,13.603322239769158,13.269295813752072,13.46155368214579,201340000
2021-02-05,13.521246910095215,13.666747036533561,13.476229206080044,13.654559959985026,169152000
2021-02-08,14.364646911621094,14.399467130873976,13.656798344420974,13.656798344420974,434624000
2021-02-09,14.190047264099121,14.508404628817875,14.149505903817214,14.267148904678315,287560000
2021-02-10,14.68847370147705,14.828501247250246,14.267893903608194,14.389018911932702,485352000
2021-02-11,15.172479629516602,15.193869871578354,14.84840204460825,14.903368657320849,450828000
2021-02-12,14.8844633102417,15.21276954512142,14.699168535050127,14.972757696636352,374756000
2021-02-16,15.251570701599121,15.293604492895591,14.873272272609666,14.986936092155004,321960000
2021-02-17,14.829498291015625,15.145368904266707,14.70414455668863,15.093137628175583,274756000
2021-02-18,14.75289535522461,14.796917793200864,14.500198268904695,14.653408193835052,233868000
2021-02-19,14.849894523620605,15.099108634072808,14.77055375591211,14.947391142889295,271724000
2021-02-22,14.28207015991211,15.055579845138384,14.251477708975195,14.698919344147502,325884000
2021-02-23,14.069418907165527,14.165672613131727,13.320780447752483,14.003010965897,391780000
2021-02-24,14.424585342407227,14.432296075073527,13.685398664118521,14.050267080329668,448320000
2021-02-25,13.239201545715332,14.300974328312286,13.148420401177352,13.973413810504649,824436000
2021-02-26,13.644110679626465,13.783391521650325,13.29242465595706,13.681914801904671,500932000
2021-03-01,13.770709991455078,13.853532772184092,13.483690829892343,13.80378919793109,353184000
2021-03-02,13.337446212768555,13.849056772712135,13.327248726912291,13.828661800999605,264116000
2021-03-03,12.739031791687012,13.382461933778034,12.733062069739823,13.357342042126135,377592000
2021-03-04,12.3067626953125,12.90840960500294,12.021733103971219,12.735053297663734,573344000
2021-03-05,12.397544860839844,12.485590681099316,11.61930914685573,12.485590681099316,542840000
2021-03-08,11.533751487731934,12.407244732397784,11.507138212191661,12.386104019186076,543112000
2021-03-09,12.460290908813477,12.55632821655255,12.001498194954765,12.072158275042783,521824000
2021-03-10,12.40854263305664,12.917841248683985,12.397844294613398,12.779009616841924,384376000
2021-03-11,12.931275367736816,12.983773338654254,12.673515863827634,12.887983737424646,299916000
2021-03-12,12.794432640075684,12.827025929600989,12.529706717484979,12.587677234677724,243964000
2021-03-15,13.128076553344727,13.143502391712138,12.706107314755066,12.803140232452149,221988000
2021-03-16,13.227599143981934,13.447789171984342,13.053934351963948,13.29253611095089,272128000
2021-03-17,13.277360916137695,13.38882407684222,12.92729502883546,12.977304441307208,243864000
2021-03-18,12.661574363708496,13.12086450040622,12.656100861548346,13.073592309996888,293896000
2021-03-19,12.784229278564453,12.859616847638431,12.55209668830745,12.688937986576583,299208000
2021-03-22,13.123102188110352,13.330354946608361,12.844940676234321,12.850912459188029,297804000
2021-03-23,13.008155822753906,13.280594218123273,12.958892409753085,13.190776400457926,222048000
2021-03-24,12.582452774047852,13.096231078614293,12.576233274539561,13.088269018279323,245840000
2021-03-25,12.475218772888184,12.653859729796126,12.21323006912664,12.439640540443962,295144000
2021-03-26,12.777765274047852,12.794684062208672,12.314245906312358,12.494378894229927,363968000
2021-03-29,12.886240005493164,12.999943038797916,12.63917887947875,12.758852745692685,273520000
2021-03-30,12.810108184814453,12.913112896753688,12.644156781650523,12.780500784061243,200204000
2021-03-31,13.28432846069336,13.405992636649641,12.92032964824426,12.953171610679242,314776000
2021-04-01,13.745606422424316,13.803576941304831,13.446544640826513,13.507253333989027,308276000
2021-04-05,13.920514106750488,13.946886947789313,13.667232519024436,13.801088900176397,255672000
2021-04-06,13.795120239257812,13.986947180883924,13.707542304084875,13.932708540949296,191744000
2021-04-07,14.07576847076416,14.175289010956332,13.645837117597932,13.814276132527263,251284000
2021-04-08,14.248438835144043,14.402198969872602,14.180763685323448,14.184496524494385,244416000
2021-04-09,14.331038475036621,14.339000535339244,14.107116562396575,14.145929352242257,195172000
2021-04-12,15.136163711547852,15.278976816323755,14.071536912958104,14.221316464351995,869324000
2021-04-13,15.604409217834473,15.624811223883478,15.05331113398872,15.158554772096085,676212000
2021-04-14,15.203839302062988,15.645214960249273,15.15457589300585,15.55017231465496,385500000
2021-04-15,16.059972763061523,16.136603691041266,15.556644047872503,15.587495731609307,598480000
2021-04-16,15.836297988891602,16.08833533705713,15.789273517405002,15.976124276327353,335208000
2021-04-19,15.288185119628906,15.731800742106158,15.160051831017325,15.462098601243506,404420000
2021-04-20,15.09859561920166,15.422785011070824,14.891342877489341,15.24986717123968,334132000
2021-04-21,15.286942481994629,15.288932760196749,15.029928945636374,15.046349452634415,216776000
2021-04-22,14.779133796691895,15.364566882387335,14.712702932237502,15.301370575475275,277788000
2021-04-23,15.192147254943848,15.261563065807191,14.828895411965819,14.86273203688158,227500000
2021-04-26,15.403876304626465,15.404871918096893,15.05256711564777,15.112280196193051,197796000
2021-04-27,15.308088302612305,15.59545520137398,15.28096851185869,15.503895773425132,164572000
2021-04-28,15.203590393066406,15.457867612223833,15.14263398051159,15.290920597634818,209416000
2021-04-29,15.251361846923828,15.362576342418699,14.999324504524623,15.32625115862929,173196000
2021-04-30,14.937621116638184,15.291418896124943,14.925181167243966,15.101831865428135,201912000
2021-05-03,14.765698432922363,15.173734835232782,14.716684635138343,15.052568004352894,203912000
2021-05-04,14.282524108886719,14.567403422368976,13.94315749215213,14.567154756246032,405324000
2021-05-05,14.38925838470459,14.742558788944459,14.318598303856616,14.63855847088675,292024000
2021-05-06,14.453450202941895,14.501469334711977,14.149911470541818,14.425833080432389,193380000
2021-05-07,14.741316795349121,14.899057484920897,14.601489557572949,14.737336239196171,229328000
2021-05-10,14.197434425354004,14.735097113534144,14.181759916939434,14.716436713295641,268904000
2021-05-11,14.237739562988281,14.286007365956934,13.684153723804577,13.758794372476588,285584000
2021-05-12,13.692611694335938,14.191958844362496,13.643597898091196,13.942409127844432,303408000
2021-05-13,13.599807739257812,14.013318571765083,13.394545268670152,13.966542771255337,285404000
2021-05-14,14.174792289733887,14.25938527455248,13.68266022181972,13.823483068810868,258616000
2021-05-17,14.097664833068848,14.101396723447474,13.787159594813682,14.089205438627166,216980000
2021-05-18,13.948631286621094,14.335271049826762,13.936937334846162,14.198678365986758,186256000
2021-05-19,13.998390197753906,14.012074425864109,13.478392376887879,13.501530662163134,344000000
2021-05-20,14.542522430419922,14.613431183534683,14.202160225647615,14.23400657092492,321592000
2021-05-21,14.919955253601074,15.14910295826252,14.798291095690491,15.091131488505768,672992000
2021-05-24,15.537233352661133,15.669595828019027,15.103320571332281,15.139645747148807,554816000
2021-05-25,15.572813987731934,15.742745944567211,15.408355532354786,15.690497590957026,435408000
2021-05-26,15.624814987182617,15.718116033223644,15.511610211521978,15.658901227493464,370440000
2021-05-27,15.41382884979248,15.67457423164348,15.385963061533063,15.624564822611564,581476000
2021-05-28,16.166704177856445,16.19954708212294,15.426765997018279,15.426765997018279,644536000
2021-06-01,16.186609268188477,16.30976731502325,15.827089363864259,16.19208371844466,472804000
2021-06-02,16.697898864746094,16.837727029046853,16.157748681493572,16.17441879999118,594168000
2021-06-03,16.88848114013672,17.17634723996849,16.503584018913063,16.620770279953966,580008000
2021-06-04,17.49407386779785,17.57642602333586,17.013635674761947,17.030552566015743,617120000
2021-06-07,17.534622192382812,17.727196038292035,17.110414943863784,17.48710229431981,575756000
2021-06-08,17.37339973449707,17.53711123572053,17.16838498606947,17.443312869189647,323848000
2021-06-09,17.279083251953125,17.494845805819946,17.177051714798523,17.435866151003694,381656000
2021-06-10,17.34552574157715,17.412221498632054,17.09766275489283,17.27086894747683,287772000
2021-06-11,17.74395179748535,17.857432176144524,17.364191530157925,17.39977791669959,416308000
2021-06-14,17.93657112121582,17.957226532251276,17.582195733025387,17.82433623634231,321376000
2021-06-15,17.707368850708008,17.9340808879031,17.64714558818746,17.833292979468382,243032000
2021-06-16,17.729019165039062,17.872860848959444,17.50429881095447,17.709609271497378,307124000
2021-06-17,18.572160720825195,18.74909970508031,17.6752707710507,17.693437053578737,809656000
2021-06-18,18.553743362426758,19.286635432932194,18.499242623103743,18.698331232193887,968856000
2021-06-21,18.343204498291016,18.45195723428612,17.741461763180403,18.35116743365587,672384000
2021-06-22,18.800609588623047,18.877259967462265,18.30214384565627,18.387254606653663,580144000
2021-06-23,18.970325469970703,19.065390818730247,18.82150747314383,18.921051734580097,332356000
2021-06-24,19.11790657043457,19.331428697030866,19.001190887629537,19.14005621589849,320924000
2021-06-25,18.944202423095703,19.257268837868793,18.80832557277072,19.192564762102357,278364000
2021-06-28,19.893856048583984,19.987178487793155,19.230893075901268,19.272950069531685,495436000
2021-06-29,19.93541145324707,20.007081674259897,19.567346857383377,19.79181849083902,367632000
2021-06-30,19.91127586364746,20.07054600562494,19.773158579736535,19.908040564289646,326568000
2021-07-01,20.11981773376465,20.36270439094077,19.927697171358744,20.033214626548176,480136000
2021-07-02,20.393564224243164,20.411732403859773,20.195223675024934,20.347028318463767,342764000
2021-07-06,20.60409927368164,20.746944185216677,20.257438112216875,20.64292096446594,446708000
2021-07-07,20.278837203979492,20.779792073320536,20.239269348710295,20.758390496324644,418428000
2021-07-08,19.81197738647461,20.041176667969573,19.61089900392695,19.76593893142942,503300000
2021-07-09,19.95880699157715,19.988670855681487,19.66415741395061,19.87145770478307,296624000
2021-07-12,20.4189453125,20.4391013746128,20.09567556838624,20.14768717026247,321984000
2021-07-13,20.15764045715332,20.3679272570643,20.022261067377123,20.3074533787736,290708000
2021-07-14,19.751007080078125,20.324629020047354,19.66266291046804,20.264903197063806,380100000
2021-07-15,18.879751205444336,19.75648507376061,18.772492675300512,19.721396124960993,550564000
2021-07-16,18.078170776367188,19.06962851714903,17.990572779108614,18.94370627742423,688224000
2021-07-19,18.6940975189209,18.95515041008201,17.784016036287866,17.83354040544613,749060000
2021-07-20,18.52711296081543,18.752082041477266,18.081156267494258,18.644574810811843,434687000
2021-07-21,19.321470260620117,19.43793719732847,18.656517757575788,18.795878605842763,371017000
2021-07-22,19.504634857177734,19.79629780336461,19.18808441295278,19.552416271247484,323826000
2021-07-23,19.468795776367188,19.610148306398543,19.16220001414079,19.56634836932359,195672000
2021-07-26,19.206008911132812,19.353332761447216,18.82774086594712,19.222931578837176,203943000
2021-07-27,19.120391845703125,19.53250313723762,18.655520891552428,19.177131076940448,248863000
2021-07-28,19.41405487060547,19.556402355411265,18.908372232746423,19.230894005871093,202191000
2021-07-29,19.572324752807617,19.762453610725807,19.239846550542488,19.429975408460677,190781000
2021-07-30,19.41006851196289,19.540469658257,19.17514481205662,19.32943666500641,183497000
2021-08-02,19.659921646118164,19.869959730520304,19.27269590837672,19.610150452043428,217444000
2021-08-03,19.724626541137695,20.129769849720965,19.13233905420484,19.649967848258107,301811000
2021-08-04,20.181533813476562,20.225333759526567,19.737566897497963,19.89882869548474,231309000
2021-08-05,20.542877197265625,20.63844002549978,20.249222567431012,20.4065028973456,211435000
2021-08-06,20.273109436035156,20.476179458259256,20.117820818881334,20.430389736170728,178497000
2021-08-09,20.202434539794922,20.414462393227705,20.0511273868057,20.352744901947933,146443000
2021-08-10,19.845075607299805,20.33682202830791,19.744534522125157,20.229314798148827,179238000
2021-08-11,19.609155654907227,19.957559744802627,19.341383413828332,19.951586593338543,185925000
2021-08-12,19.81421661376953,19.937649714347675,19.53051661292987,19.779376396027782,151652000
2021-08-13,20.09592628479004,20.121808676083944,19.760463380904792,19.814217948269306,183063000
2021-08-16,19.859012603759766,20.194475504529578,19.364277685801866,20.043168322323123,210876000
2021-08-17,19.369258880615234,19.679836228431526,19.17912998166198,19.595222897143497,204585000
2021-08-18,18.953161239624023,19.544451924086907,18.91334276455746,19.41106231099318,285913000
2021-08-19,19.707704544067383,20.40152612998121,18.67642838900111,19.405090193128377,766555000
2021-08-20,20.72106170654297,20.76983801312774,19.8420894983611,19.899823633457626,675741000
2021-08-23,21.857852935791016,21.89667462197285,20.854450854471086,20.87535498538819,575807000
2021-08-24,21.693605422973633,21.858848692173698,21.43678269051183,21.653788842883614,297299000
2021-08-25,22.111690521240234,22.367518367862452,21.622930643720796,21.63786162430471,347701000
2021-08-26,21.96735382080078,22.238112654688,21.69062183507276,22.098751769400412,237940000
2021-08-27,22.532756805419922,22.61836499960409,22.065896052772057,22.08281871317179,304722000
2021-08-30,22.584524154663086,22.937904612772638,22.448149850901924,22.725876717636822,262580000
2021-08-31,22.286832809448242,22.59547280041693,22.022995550957603,22.59547280041693,259850000
2021-09-01,22.342592239379883,22.597470150724345,22.258960958809393,22.386399914481622,201767000
2021-09-02,22.297788619995117,22.493925233851396,22.197231693882596,22.41925336542852,187834000
2021-09-03,22.742826461791992,22.885199011095356,22.102646574319134,22.227098408861508,280532000
2021-09-07,22.5626163482666,22.798576497539244,22.423229027599902,22.732865956033955,198107000
2021-09-08,22.241037368774414,22.510848859948066,21.88062343636692,22.414274113005263,254434000
2021-09-09,22.07974624633789,22.43916319750874,22.033948443162565,22.214154452621685,196856000
2021-09-10,22.379426956176758,22.52677674082894,22.1723389246809,22.249995986999718,248376000
2021-09-13,22.054861068725586,22.863300618199723,21.762149673506425,22.584527770420298,297500000
2021-09-14,22.144466400146484,22.311728968222578,21.989150344510975,22.17732073359658,199755000
2021-09-15,22.243024826049805,22.268911777280785,21.869669360408633,22.211165569828992,166538000
2021-09-16,22.144466400146484,22.17931276849567,21.830847186019156,22.085725107931477,156033000
2021-09-17,21.80396270751953,22.223116047519348,21.734269978657856,22.202208228860844,294503000
2021-09-20,21.020408630371094,21.339004948738907,20.571386303264408,21.05326294994815,349440000
2021-09-21,21.152830123901367,21.331044106280054,20.8581286447772,21.32307976600177,204688000
2021-09-22,21.84477996826172,21.86369574938004,21.103046254185703,21.272300812492595,268726000
2021-09-23,22.383407592773438,22.436174664784662,21.794002797589656,22.04290644543416,248555000
2021-09-24,21.984167098999023,22.051869687132683,21.765132553304515,21.973215656561944,217655000
2021-09-27,21.56501579284668,21.703406185279654,21.231485755998357,21.614795771814215,245215000
2021-09-28,20.60822868347168,21.32507250371504,20.560438842257536,21.120971560225616,343069000
2021-09-29,20.42702865600586,20.92483604642628,20.377246777573124,20.848174042522803,218394000
2021-09-30,20.625152587890625,20.97361809338779,20.59727549936959,20.676924594998866,221009000
2021-10-01,20.651039123535156,20.7675247129361,20.114401382383377,20.659003463241838,240978000
2021-10-04,19.645471572875977,20.451919028744175,19.46924770779128,20.414085560020563,345635000
2021-10-05,20.361316680908203,20.557453280437706,19.766934576510337,19.86251425727249,279282000
2021-10-06,20.60922622680664,20.629137078715868,19.99194424199397,20.03176974378131,297202000
2021-10-07,20.982580184936523,21.22849675315436,20.880031234621082,20.99950393304236,256919000
2021-10-08,20.739648818969727,21.113004324739432,20.683894639844777,21.00846523888015,151258000
2021-10-11,20.604246139526367,20.970632383544228,20.421053017517437,20.484773437642136,163388000
2021-10-12,20.580350875854492,20.964657828842242,20.437978323976292,20.73666197268602,162134000
2021-10-13,20.847179412841797,20.897956364840443,20.62217061425667,20.82627159125142,180652000
2021-10-14,21.65064239501953,21.659601805123753,21.02937813642346,21.194650578176425,243589000
2021-10-15,21.76612663269043,21.834824285475865,21.56700484536949,21.71435462616983,226994000
2021-10-18,22.124549865722656,22.19324752272249,21.5490835543678,21.653624540532604,189494000
2021-10-19,22.192251205444336,22.280859708119866,21.940360443621927,22.178310762287502,161473000
2021-10-20,22.006071090698242,22.334623846905142,21.88560143025834,22.207184914348492,146276000
2021-10-21,22.592485427856445,22.61140310749031,21.986156894632483,22.000095437948342,187590000
2021-10-22,22.626340866088867,23.02856856064082,22.46206541817937,22.72291561933294,249384000
2021-10-25,23.06441307067871,23.25258344955109,22.67014969676888,22.872258622224397,230235000
2021-10-26,24.608606338500977,25.148231194964065,23.819084651019782,23.88380013492317,485898000
2021-10-27,24.343774795532227,24.97997251638669,24.175515291453934,24.36667464722999,245990000
2021-10-28,24.831621170043945,24.84058247530801,24.415455039247025,24.768897730147334,234204000
2021-10-29,25.45488166809082,25.596259159623884,24.89036866878223,24.891363736621464,292503000
2021-11-01,25.713741302490234,25.78044692731383,25.11637208457716,25.536522381847643,265740000
2021-11-02,26.28522300720215,26.561008706984403,25.686858734167405,25.708763518692347,294112000
2021-11-03,26.48135757446289,26.666542716501237,26.119950495850016,26.553042329347175,239910000
2021-11-04,29.670312881469727,31.227453379184272,26.999078204026905,27.109591491333024,1153631000
2021-11-05,29.621524810791016,31.26229639946253,29.281023678591378,30.054616607068407,851260000
2021-11-08,30.668916702270508,30.963618188602332,29.775849037020173,30.01678837668219,503101000
2021-11-09,30.52255630493164,32.16830901202429,29.832596497880946,32.140431924829684,646746000
2021-11-10,29.329811096191406,30.714711794494157,28.65179777448314,29.227264049962503,636206000
2021-11-11,30.256729125976562,30.45585281899345,29.646418368081974,30.334388087867172,332172000
2021-11-12,30.256729125976562,30.54545829095262,29.500061751090385,29.87839638802561,413054000
2021-11-15,29.89333152770996,30.509616521619076,29.118743398652445,30.418020909460683,384909000
2021-11-16,30.070547103881836,30.256727308905166,29.575726902303593,29.628495874144114,264484000
2021-11-17,29.132678985595703,30.37520712128107,28.673700206648128,30.28460468714921,428508000
2021-11-18,31.53609275817871,32.61633372407065,31.18364508674992,32.22505942148186,781711000
2021-11-19,32.840354919433594,32.94290388231008,31.76509100701343,32.101608157533384,533867000
2021-11-22,31.815860748291016,34.49505972389229,31.760106571634346,33.37001411954836,754335000
2021-11-23,31.60679054260254,32.21809840324129,30.744586924863416,31.396715360540423,532163000
2021-11-24,32.53071594238281,32.71092196803006,30.792372310199486,31.323035910804574,435162000
2021-11-26,31.36484718322754,32.56655284259445,31.21251827008266,32.457034628286934,283069000
2021-11-29,33.22963333129883,33.26547475913897,31.895509575688923,32.22406422648845,454964000
2021-11-30,32.532711029052734,33.206744258077826,31.72427335918427,33.02354920307182,622066000
2021-12-01,31.300975799560547,33.14707322872775,31.246209989141473,33.077371978818604,484368000
2021-12-02,31.98902702331543,32.339527421049986,30.892721414598597,31.08091667285877,472890000
2021-12-03,30.56214141845703,31.992019863861056,30.001540138937465,31.863568243842334,544325000
2021-12-06,29.908939361572266,30.112068189261706,27.918461454083303,29.752607234466886,658938000
2021-12-07,32.28874969482422,32.310659060877626,30.520322375117104,30.82501943857468,593053000
2021-12-08,31.69031524658203,32.15233775708551,31.287041214384153,31.86257802352817,475551000
2021-12-09,30.36000633239746,32.06769651903593,30.29827039453706,31.59870204936308,488507000
2021-12-10,30.069255828857422,31.171536668842634,29.733692678385772,31.01719680171708,488825000
2021-12-13,28.040937423706055,30.16484489291169,27.9961292011688,30.12003667037444,598344000
2021-12-14,28.216188430786133,28.555734222401295,27.13382283364954,27.580907982463,667035000
2021-12-15,30.329143524169922,30.369969093174348,27.7193173668591,28.278921661014024,698297000
2021-12-16,28.26597785949707,31.02715654259987,27.97323253537963,31.019191226073666,707366000
2021-12-17,27.682476043701172,28.798697151084145,27.641650475156073,27.865691608084173,713758000
2021-12-20,27.600818634033203,28.024005867332622,27.029266501944093,27.188584182660335,461847000
2021-12-21,28.951047897338867,28.99585612880865,27.284182826193252,28.25303619559837,524385000
2021-12-22,29.274658203125,29.42899807324993,28.327712401555452,28.767829354035246,395184000
2021-12-23,29.51363182067871,29.9308460734299,29.305523238717626,29.628141300237914,343022000
2021-12-27,30.813068389892578,30.954463182806666,29.51363183960114,29.533547027159024,403686000
2021-12-28,30.192724227905273,31.19642609485194,29.884044529382255,31.17850318637374,420591000
2021-12-29,29.873092651367188,30.41776144298987,29.240799693853926,30.143934262767104,343139000
2021-12-30,29.459863662719727,30.32715053513794,29.41406024985419,29.699835409860693,308864000
2021-12-31,29.285612106323242,29.9019745214391,29.2059532443293,29.54749135107495,266530000
2022-01-03,29.992584228515625,30.580069009930835,29.658016270092954,29.687889053615017,391547000
2022-01-04,29.165124893188477,30.33810206507223,28.228136800951273,30.147916396398475,527154000
2022-01-05,27.486310958862305,29.290585804595278,27.41561451686952,28.825575893064034,498064000
2022-01-06,28.057865142822266,28.316756884231587,26.94961135088401,27.522158750832368,454186000
2022-01-07,27.13083839416504,28.300830190157978,26.941647883892415,28.021028032592206,409939000
2022-01-10,27.28318214416504,27.351888211869046,25.534668178229204,26.467673635110437,594681000
2022-01-11,27.698402404785156,27.945346157388915,26.724573342620975,27.206509077115893,404089000
2022-01-12,27.879627227783203,28.473084959973825,27.490293505962637,27.94733620165416,383413000
2022-01-13,26.461702346801758,28.358579457679358,26.385029059468522,28.2580102227296,540171000
2022-01-14,26.827136993408203,27.081050909641085,26.09825739628388,26.187873849164077,395832000
2022-01-18,25.79256248474121,26.524429421318242,25.660130107362825,26.14804076534196,424270000
2022-01-19,24.960124969482422,26.429831798989024,24.945189530517922,25.967811287613753,488315000
2022-01-20,24.047039031982422,25.46994751510898,23.97534549383341,25.19612032401024,435181000
2022-01-21,23.274349212646484,24.717171038870582,23.163822382731063,23.40678161092132,718958000
2022-01-24,23.272363662719727,23.280328980932143,20.798953831318883,22.23480594646101,913982000
2022-01-25,22.228824615478516,22.845186990931126,21.906206530046255,22.449878275649777,664616000
2022-01-26,22.674909591674805,23.954430766160627,22.20492187006913,23.14091465619821,755959000
2022-01-27,21.850440979003906,23.892697037716033,21.582586870222382,23.467517526484492,573353000
2022-01-28,22.742626190185547,22.760549101180075,21.20520811526972,21.918155191484143,543774000
2022-01-31,24.381610870361328,24.40451353042062,22.953724311798037,23.083169257619492,564680000
2022-02-01,24.532960891723633,25.03779935981821,23.788148758594023,24.996973791149287,518925000
2022-02-02,25.134384155273438,25.70693156804896,24.448320550364187,25.684030811068062,543419000
2022-02-03,23.845901489257812,24.970087889771477,23.678618459668993,24.35372741378853,410178000
2022-02-04,24.215314865112305,24.529967566747224,23.531243653456503,23.869794196918324,354829000
2022-02-07,24.622573852539062,25.074636814466327,24.098815458966705,24.268090747101677,376868000
2022-02-08,25.000951766967773,25.12243136129767,23.877760740156685,24.255144583805702,410359000
2022-02-09,26.59115219116211,26.611067383740508,25.244916699869542,25.512769012944993,524282000
2022-02-10,25.713903427124023,26.81020934447509,25.490859383243375,25.884175827584478,513200000
2022-02-11,23.846893310546875,26.040501880764474,23.671644989793617,25.80550800141122,605472000
2022-02-14,24.163543701171875,24.76895144242699,23.653725456398867,23.831963183959466,440424000
2022-02-15,26.38204002380371,26.43182609028829,24.67833439160507,24.84262993037753,699869000
2022-02-16,26.397972106933594,26.468670452357063,25.443061093040882,26.147047583163317,732676000
2022-02-17,24.402517318725586,25.675068597680315,24.06197633665846,25.5207287378447,810595000
2022-02-18,23.541202545166016,24.8794722652551,23.001513544155017,24.562827267983952,761255000
2022-02-22,23.290279388427734,23.96140567068865,22.901942706800956,22.936793337243518,633422000
2022-02-23,22.291553497314453,24.052017284731818,22.20592161177353,23.700521640999543,566511000
2022-02-24,23.646757125854492,23.698535485921912,20.800941500265946,20.925408602396242,735801000
2022-02-25,24.054006576538086,24.1137502356423,23.281315967911333,23.619866534863007,528866000
2022-02-28,24.281038284301758,24.559845228253224,23.605929341272788,23.88971413278726,477319000
2022-03-01,23.376909255981445,24.273073784814436,23.033380786073458,24.187439989958865,412056000
2022-03-02,24.120851516723633,24.309078898961875,23.31914848717471,23.658752163102065,389642000
2022-03-03,23.616920471191406,24.22641458306048,23.37292261489187,24.16267550692926,365095000
2022-03-04,22.84210205078125,23.583055637492034,22.389960231661586,23.288267916908396,431415000
2022-03-07,21.26459503173828,22.93871552707428,21.24268572682127,22.72359821703987,450821000
2022-03-08,21.425928115844727,22.281410884459255,20.565464751978574,21.22176739996016,557467000
2022-03-09,22.919784545898438,23.12494059396146,22.15592431561285,22.295350571622645,492742000
2022-03-10,22.565242767333984,22.694709732633942,21.792418612832495,22.43876187931811,428066000
2022-03-11,22.00952911376953,23.050251249791206,21.955749323787682,22.927753683517206,367209000
2022-03-14,21.24268341064453,22.170867384126904,21.072383887534045,21.7794765189099,385354000
2022-03-15,22.878952026367188,22.943686459312385,21.23471186606526,21.42990862446335,491996000
2022-03-16,24.395719528198242,24.49630589121448,23.077140259936503,23.403796625061247,671422000
2022-03-17,24.66461753845215,24.740304734658185,23.808137465094195,24.021262124146144,471941000
2022-03-18,26.344711303710938,26.460237571454236,24.523199913712308,24.697482775125827,730719000
2022-03-21,26.624557495117188,27.040847486368627,25.860697187971265,26.398487485905324,591727000
2022-03-22,26.415416717529297,27.126494456861913,25.965267440901066,26.6175847985813,547007000
2022-03-23,25.52906036376953,26.503055368285953,25.470301882639813,26.019044893201844,502120000
2022-03-24,28.034761428833008,28.204065572576116,25.80094361026962,26.058884112048176,877379000
2022-03-25,27.578636169433594,28.241910117249173,27.159360096245305,27.771842231076484,579016000
2022-03-28,28.10348129272461,28.134354526494057,27.094627668908103,27.642377303838558,425494000
2022-03-29,28.538692474365234,28.827504327820737,27.865459189769126,28.577532381283703,488984000
2022-03-30,27.57664680480957,28.37934706350977,27.390412047597884,28.188133610446798,463487000
2022-03-31,27.17429542541504,28.13235706761943,27.158362081398682,27.668265181187795,523440000
2022-04-01,26.602649688720703,27.383440643848896,26.15947167732759,27.26293568960486,517235000
2022-04-04,27.24799346923828,27.445182845672498,26.504051817215565,26.618580799031673,397120000
2022-04-05,25.824846267700195,27.207164711525582,25.714300606563835,27.142430269538746,436615000
2022-04-06,24.307083129882812,25.19642705051053,23.904737678545857,24.831926142575206,703833000
2022-04-07,24.108896255493164,24.62079195567915,23.38188522206564,24.340942190832628,557992000
2022-04-08,23.024362564086914,23.825072265677427,22.967596682052196,23.819096309818732,524781000
2022-04-11,21.827274322509766,22.22862436863828,21.57132647920845,22.12305932252328,575207000
2022-04-12,21.415969848632812,22.631972169880864,21.194878517496804,22.44474204972869,662258000
2022-04-13,22.112106323242188,22.40789137072251,21.367169228856223,21.639052358381548,516943000
2022-04-14,21.170974731445312,22.683757345759695,21.07636432042871,22.41286958131203,569097000
2022-04-18,21.693824768066406,21.9975745504491,20.992706362195054,21.11321129596641,525701000
2022-04-19,22.10712432861328,22.281407142339205,21.22674253068013,21.631080558064472,512781000
2022-04-20,21.394062042236328,22.577198594461343,21.113216842382243,22.42482503392664,468974000
2022-04-21,20.10037612915039,22.30033264038632,19.918124725646763,21.620128118741523,656209000
2022-04-22,19.43510627746582,20.402131736554576,19.420168294323013,20.21988036414399,624713000
2022-04-25,19.820526123046875,19.863349361314793,19.017825948530263,19.12339100546342,641566000
2022-04-26,18.711090087890625,19.706996516542763,18.593573098917023,19.637283370463635,653143000
2022-04-27,18.339614868164062,19.088535288837406,18.21512658445252,18.52186437824128,499460000
2022-04-28,19.701019287109375,19.95497647373352,18.41430844686625,18.8893550683818,570327000
2022-04-29,18.4710750579834,20.045602297833724,18.441197185099483,19.32257448999954,500435000
2022-05-02,19.453039169311523,19.493869793767686,18.315713949725147,18.46509951842047,572049000
2022-05-03,19.521759033203125,19.743847662826795,19.05467900868322,19.320586249014987,475751000
2022-05-04,20.250755310058594,20.316485100829365,18.67423569064355,19.841438581021603,648855000
2022-05-05,18.76685905456543,19.84343319196136,18.424267408174938,19.785671961147454,626331000
2022-05-06,18.59855079650879,19.432124326152934,17.916355461387795,18.659301905995807,633297000
2022-05-09,16.8806095123291,18.18026540474069,16.758111965299616,17.96017138288135,644455000
2022-05-10,17.522972106933594,18.12350429350738,16.955305773137006,17.616587170071877,761474000
2022-05-11,16.561920166015625,17.680323983243905,16.50017560428246,17.275985907406866,670167000
2022-05-12,16.108783721923828,16.719275153017346,15.503273835867764,16.152604222388675,708728000
2022-05-13,17.63351821899414,17.854609562915,16.52507542137206,16.719276866807252,670437000
2022-05-16,17.193323135375977,17.71517810760899,17.03597092632894,17.437320969728997,521446000
2022-05-17,18.102588653564453,18.295794716695035,17.561812268275418,18.00000966759252,585830000
2022-05-18,16.868661880493164,18.043831705127655,16.79496540151223,17.632522266505582,545161000
2022-05-19,17.053903579711914,17.614598669841808,16.665498750139765,16.867668789295024,621310000
2022-05-20,16.62565803527832,17.338726466049714,15.690502001783667,17.26104666528793,739105000
2022-05-23,16.82882308959961,16.845753691955995,16.112766693765444,16.207377095601466,639889000
2022-05-24,16.087867736816406,16.529054964044875,15.715399228807048,16.44241123290059,588550000
2022-05-25,16.905506134033203,17.04094904216001,15.93449732347587,15.954415901019841,781132000
2022-05-26,17.777925491333008,18.017938165633957,15.956412162178278,15.970354791394591,996575000
2022-05-27,18.733993530273438,18.80370666474349,18.02590373672392,18.111552116018746,738379000
2022-05-31,18.595561981201172,19.121400348314285,18.27487967412374,18.902299762323565,664100000
2022-06-01,18.2450008392334,18.97499986864279,18.047811461986903,18.64734816521392,544514000
2022-06-02,19.511795043945312,19.53868493920684,18.123502575652576,18.21711762991746,648656000
2022-06-03,18.643362045288086,19.252858009305765,18.446172677395946,19.003881477132655,598779000
2022-06-06,18.709095001220703,19.25783996366541,18.488003681659272,19.06065056239769,422406000
2022-06-07,18.848522186279297,18.92221865575563,18.113542511249516,18.396380279945216,388914000
2022-06-08,18.575586318969727,19.105520032436974,18.46302425711577,18.72599902469666,363252000
2022-06-09,17.977914810180664,18.859478331118886,17.97094202357339,18.409233910241724,395574000
2022-06-10,16.908084869384766,17.62827677855805,16.8034911776423,17.53165334233973,465248000
2022-06-13,15.586241722106934,16.24865943434733,15.545400563694251,15.937870682447913,604153000
2022-06-14,15.774506568908691,16.0036129839423,15.35215229559049,15.669913807719103,469680000
2022-06-15,16.462820053100586,16.802495430465633,15.864153172658016,16.032496557191926,563936000
2022-06-16,15.540417671203613,15.880094046952882,15.341194505792407,15.79841174165895,545749000
2022-06-17,15.818333625793457,15.932886820587377,15.268477150817528,15.587234197190497,630334000
2022-06-21,16.50166893005371,16.941951940881246,16.343285982511887,16.41102270722772,483089000
2022-06-22,16.29647445678711,16.597301831379568,16.11717309578013,16.162994005831898,437135000
2022-06-23,16.16199493408203,16.5205956784527,15.79143880496092,16.454851986991518,463680000
2022-06-24,17.059494018554688,17.07343959152511,16.24666280838682,16.43592551294382,472153000
2022-06-27,16.80349349975586,17.2627037776178,16.561437091028537,17.24477402510874,427968000
2022-06-28,15.919939994812012,17.135201879170452,15.883083017438073,16.83437454206532,461149000
2022-06-29,15.481647491455078,15.758567846845672,15.111092291433094,15.752591579090298,482352000
2022-06-30,15.10013484954834,15.506550493203868,14.80428823063541,15.30135010720161,686070000
2022-07-01,14.46660327911377,15.004506284421517,14.336112418461335,14.841143578722336,577610000
2022-07-05,14.905891418457031,14.91286420559904,14.000421809691066,14.119955710684517,651397000
2022-07-06,15.071245193481445,15.259511371588435,14.731568857330023,14.951711308169411,529066000
2022-07-07,15.796420097351074,15.883082152996206,15.329241452564782,15.395981666093258,492903000
2022-07-08,15.77649974822998,15.974727368388931,15.329242903234574,15.370084060896657,467972000
2022-07-11,15.093162536621094,15.466706345467303,14.97960489954158,15.465709825855997,437321000
2022-07-12,15.023435592651367,15.371080384780623,14.819231694264086,15.208713215824096,458483000
2022-07-13,15.105116844177246,15.31529795939853,14.408831695585608,14.533346313141694,521918000
2022-07-14,15.312308311462402,15.412915948428,14.670808992131683,15.049333517821207,456235000
2022-07-15,15.700794219970703,15.720716063425629,15.38502478396033,15.59819449374581,385935000
2022-07-18,16.038480758666992,16.831389474301076,15.939866141619524,16.238700502303253,670517000
2022-07-19,16.9260196685791,17.043561498221212,16.109204079525067,16.421983978769592,702366000
2022-07-20,17.737852096557617,17.86336417339984,16.735759920763662,16.88119289080597,760538000
2022-07-21,17.979907989501953,18.073542834559365,17.476869827222348,17.815549700814543,557049000
2022-07-22,17.251747131347656,17.897229633267205,17.07045276387724,17.823517582725398,536671000
2022-07-25,16.957895278930664,17.05750735482923,16.584351419267783,16.952913630167462,480748000
2022-07-26,16.46879768371582,16.85329839532214,16.414010963419933,16.823414211540268,397865000
2022-07-27,17.720916748046875,17.86634969294112,16.847321609237287,16.965858978034504,569776000
2022-07-28,17.914161682128906,18.069556021471275,17.372275483342808,17.90519775674753,474646000
2022-07-29,18.092470169067383,18.173155009470385,17.623298471299282,17.743828897049305,435460000
2022-08-01,18.3693904876709,18.77281848869698,17.920141583548578,18.111395452950937,476469000
2022-08-02,18.454055786132812,18.86445649184929,18.02174115290596,18.05162533582695,489527000
2022-08-03,18.81963348388672,18.8943430004141,18.06656870107235,18.11338707008379,418146000
2022-08-04,19.14038848876953,19.199159407527212,18.68715532546292,18.77581043848367,409652000
2022-08-05,18.915260314941406,19.154328094688672,18.59351466678954,18.736954574661173,386068000
2022-08-08,17.723905563354492,18.168174706690454,17.175046511530418,17.43403710855411,981859000
2022-08-09,17.0196475982666,17.3792457290548,16.659053898124192,17.185003308258562,668263000
2022-08-10,18.0267276763916,18.047646040112355,17.249755809744542,17.62927686575505,597422000
2022-08-11,17.872325897216797,18.634356491462075,17.80658220790549,18.06059303930121,509327000
2022-08-12,18.6363525390625,18.645318367215353,17.883287572264184,18.08948452029827,478094000
2022-08-15,18.958093643188477,19.08958102425809,18.54072200021173,18.628379620944163,457666000
2022-08-16,18.80568504333496,19.06766419608737,18.42915270932747,18.846526188812202,451240000
2022-08-17,18.263803482055664,18.61543340601533,18.074542628314358,18.451075096193428,446799000
2022-08-18,18.700103759765625,18.79174557455485,18.11239462163172,18.2299364492585,415447000
2022-08-19,17.779693603515625,18.44808765223727,17.700999887810255,18.334529992854037,441588000
2022-08-22,16.96784782409668,17.489813005542324,16.900111115841213,17.422076297286857,409593000
2022-08-23,17.114282608032227,17.397180176245477,16.904101521089547,16.923028743581053,369986000
2022-08-24,17.15512466430664,17.338410181530257,16.829394785860185,16.945939135983163,522661000
2022-08-25,17.843442916870117,17.87731128814007,16.767636693793882,16.778593660983034,770691000
2022-08-26,16.196861267089844,17.85439937298572,16.17394986366487,17.78766010205869,769127000
2022-08-29,15.739643096923828,16.27455758661338,15.705775676424397,15.957793515595643,496132000
2022-08-30,15.407934188842773,15.97671599783805,15.12304454959439,15.898023253937998,530181000
2022-08-31,15.03538703918457,15.479655236596056,14.900911041431531,15.324260876966457,573710000
2022-09-01,13.882878303527832,14.32415782874737,13.218468667025244,14.153821399390251,1178865000
2022-09-02,13.59400749206543,14.11597195898287,13.538224239518152,14.045248511057261,743157000
2022-09-06,13.412712097167969,13.72549288368182,13.299154469269991,13.67767894562563,535751000
2022-09-07,13.664802551269531,13.788358264683946,13.298122673173946,13.514344221396037,512657000
2022-09-08,13.939813613891602,13.957749643269011,13.321041981068236,13.410718326942437,624873000
2022-09-09,14.335390090942383,14.422077892391746,14.07532668659429,14.10621466793855,486612000
2022-09-12,14.452967643737793,14.49481679850031,14.147068757337559,14.317455823482035,484159000
2022-09-13,13.083894729614258,13.872057540165086,13.052009933725518,13.75248813020251,714956000
2022-09-14,13.08090877532959,13.242327368226784,12.86667985035143,13.206456253054055,588507000
2022-09-15,12.882620811462402,13.185530199582288,12.744119495023593,12.968312751976555,523625000
2022-09-16,13.15065860748291,13.164608328538435,12.571742332918168,12.696293956773061,670751000
2022-09-19,13.333996772766113,13.414706540772462,12.963331449798705,12.965324131066843,569685000
2022-09-20,13.12873649597168,13.434635427165027,13.010163873448496,13.167597109836768,524818000
2022-09-21,13.21342945098877,13.980667741595738,13.062971099601787,13.165602253694058,807679000
2022-09-22,12.515941619873047,13.10183266935545,12.38341928920965,13.023115583255532,759162000
2022-09-23,12.47110366821289,12.565763159913388,12.213032901606326,12.375448310956983,663309000
2022-09-26,12.184136390686035,12.61359104915648,12.170186671175692,12.446193464778984,547343000
2022-09-27,12.3684720993042,12.690313385658438,12.214028382542947,12.462134764959494,553854000
2022-09-28,12.690313339233398,12.77700114543241,12.309683684312093,12.365482557221197,542414000
2022-09-29,12.176164627075195,12.455159943744142,11.903147353863744,12.403346432766009,532763000
2022-09-30,12.095453262329102,12.587681551450936,12.031682722625826,12.043639758211013,565638000
2022-10-03,12.467118263244629,12.632523169207891,12.061577674019702,12.30271017308679,547478000
2022-10-04,13.119767189025879,13.172577516081788,12.832800195456576,12.832800195456576,584182000
2022-10-05,13.16161823272705,13.273216946351093,12.575728074524495,12.86468779072066,507131000
2022-10-06,13.082901000976562,13.60701418955063,13.055997427970787,13.172578310658011,644157000
2022-10-07,12.03268051147461,12.624549544676155,11.978874322115674,12.460141479897947,672478000
2022-10-10,11.628137588500977,12.080508526082841,11.367077348214593,11.993820717893747,698699000
2022-10-11,11.544439315795898,11.803505925509853,11.242525784323794,11.51952842526829,667482000
2022-10-12,11.458745956420898,11.69290259691748,11.304302255253075,11.537463030403634,492590000
2022-10-13,11.917097091674805,12.034673832144149,10.774211301684586,10.931644516028966,850103000
2022-10-14,11.186726570129395,12.067555297007958,11.163809311742797,12.013749105457423,713432000
2022-10-17,11.845354080200195,11.90513926216049,11.475685618444233,11.476681483829186,580774000
2022-10-18,11.924072265625,12.44718861782601,11.576324213052954,12.299719755620746,659362000
2022-10-19,12.007770538330078,12.305698708951443,11.791548948755544,11.83638760168255,523131000
2022-10-20,12.150257110595703,12.723194242073287,12.061575677964084,12.069547352328092,652398000
2022-10-21,12.421281814575195,12.453167564548195,11.844359270919771,12.054601866532238,609494000
2022-10-24,12.553802490234375,12.664404351109903,12.020721894241168,12.463129337743284,517457000
2022-10-25,13.21342945098877,13.252290058434822,12.618570904437151,12.648463971781274,505482000
2022-10-26,12.849740028381348,13.339974778311161,12.662414686166759,12.82283740595862,532953000
2022-10-27,13.12873649597168,13.788362513806657,13.074930296219073,13.581108440535328,583113000
2022-10-28,13.784374237060547,13.800317586774417,13.014147382415905,13.05699335304701,521040000
2022-10-31,13.448583602905273,13.788360930226967,13.24930122851385,13.728575742782882,486341000
2022-11-01,13.49441909790039,13.875048766316969,13.470505022876246,13.761457385078938,432817000
2022-11-02,13.171582221984863,14.159027598253079,13.16361149639749,13.800319289979248,672628000
2022-11-03,13.372855186462402,13.731564388380816,12.909524051073214,12.99621185480263,500065000
2022-11-04,14.105220794677734,14.177958888937177,13.647866699718021,13.935830529915377,612576000
2022-11-07,14.249699592590332,14.360301478064772,13.903945167549931,14.1769615012651,410061000
2022-11-08,14.549620628356934,14.837583500238217,14.165004638425565,14.747906191962752,595292000
2022-11-09,13.726584434509277,14.160024473634925,13.70964521718475,14.111199503066569,454414000
2022-11-10,15.693501472473145,15.716418731024099,14.49481681539553,14.746909510215898,700819000
2022-11-11,16.268430709838867,16.330208574296904,15.426462616385566,15.750296571579392,655487000
2022-11-14,16.23654556274414,16.480667518589406,15.864883468839679,16.159822116780518,527852000
2022-11-15,16.606216430664062,16.93702431634431,16.323234794348377,16.66201530534491,545876000
2022-11-16,15.852925300598145,16.303303489339243,15.816058328582624,16.104022097240293,649547000
2022-11-17,15.62076473236084,16.207652616827055,15.479273906047151,15.658628528149201,710894000
2022-11-18,15.353726387023926,15.944599632440841,15.0657625567973,15.908727567818614,492072000
2022-11-21,15.262056350708008,15.421482258214427,15.025906036280436,15.092666086419097,404739000
2022-11-22,15.980469703674316,16.0003984171812,15.067755150531777,15.273016528487188,472866000
2022-11-23,16.459741592407227,16.467714217291594,15.990432410924427,16.040252289045704,427241000
2022-11-25,16.211637496948242,16.427858142364496,16.11398946353445,16.259465648152826,167934000
2022-11-28,15.770224571228027,16.298324023340506,15.668591183311177,15.968510119436205,303741000
2022-11-29,15.582898139953613,15.874847281240129,15.464325545701916,15.77022345370602,298384000
2022-11-30,16.866607666015625,16.873584309435355,15.54502609510109,15.644692293883454,565298000
2022-12-01,17.07790184020996,17.20746780911725,16.57956797350174,16.942355347832123,470977000
2022-12-02,16.81976318359375,16.876574351409886,16.390199657775565,16.60348724039677,371389000
2022-12-05,16.55465316772461,16.9383705081479,16.41711252133541,16.62342349091921,352255000
2022-12-06,15.93372631072998,16.517773048794822,15.766285923687203,16.474917069486207,352694000
2022-12-07,16.0662841796875,16.132064232758374,15.614792692114394,15.719443294997907,372388000
2022-12-08,17.111791610717773,17.121758517727503,15.905822476444317,16.218777273371813,515456000
2022-12-09,16.944345474243164,17.524406752700667,16.91843304409184,17.1028160194911,465338000
2022-12-12,17.4765682220459,17.47955848372448,16.741028482869503,16.9802285062354,457328000
2022-12-13,18.011783599853516,18.727391594817203,17.65198641095761,18.469253821514982,656589000
2022-12-14,17.6151065826416,18.19118159319031,17.361953248979066,17.927063332040404,496888000
2022-12-15,16.895511627197266,17.26228539533921,16.64435244524807,17.088865417042985,478542000
2022-12-16,16.515779495239258,16.98421452775994,16.355316696171542,16.80780430040909,478232000
2022-12-19,16.1998348236084,16.553651364106894,16.09119880078537,16.51677591008969,354039000
2022-12-20,16.03139877319336,16.255649382131462,15.799176351187127,16.010468843091985,403260000
2022-12-21,16.446012496948242,16.571593975514052,16.04834193364069,16.060302979691098,325025000
2022-12-22,15.287885665893555,16.084223899243984,14.832408745526728,16.040369896727526,565045000
2022-12-23,15.155329704284668,15.287885933378956,14.833406075775102,15.145362798947778,349326000
2022-12-27,14.073945999145508,15.04968384623769,14.009162061218975,15.02377046116637,464902000
2022-12-28,13.989230155944824,14.214476922152242,13.837736217329413,13.88059315527946,351066000
2022-12-29,14.554338455200195,14.634071797044276,14.179591938632296,14.354008980352377,354923000
2022-12-30,14.565301895141602,14.580251302126825,14.185570989377842,14.28623425846336,310490000
2023-01-03,14.267298698425293,14.946030156445817,14.049028593833635,14.801512873667992,401277000
2023-01-04,14.699851036071777,14.803504564817873,14.193544438500394,14.518458311262469,431324000
2023-01-05,14.217467308044434,14.515470784077749,14.100856590990329,14.44271407621345,389168000
2023-01-06,14.809487342834473,14.959984206467885,13.987236581425599,14.425770004011499,405044000
2023-01-09,15.575922966003418,16.002496236779955,15.090545335630782,15.233069416455065,504231000
2023-01-10,15.855985641479492,15.908808523742264,15.420441615612981,15.455324830408456,384101000
2023-01-11,15.947680473327637,15.974590928995806,15.511140262906103,15.787217661590548,353285000
2023-01-12,16.455982208251953,16.581561807242853,15.440377637088012,16.046352430023713,551409000
2023-01-13,16.84268569946289,16.865609768709138,16.111132436686006,16.223754839739726,447287000
2023-01-17,17.64301109313965,17.668925426357585,16.842687440869174,16.842687440869174,511102000
2023-01-18,17.319095611572266,17.81344118394388,17.224410962438323,17.60812825910423,439624000
2023-01-19,16.70913314819336,17.139694698743703,16.675247952454153,16.979229999863364,452932000
2023-01-20,17.779558181762695,17.796501732635843,16.76893705940326,16.954316196674295,564967000
2023-01-23,19.129039764404297,19.180866519069262,17.758621977258553,18.003800565680926,655163000
2023-01-24,19.200801849365234,19.430036855773828,18.75728504510627,18.764261688305943,496204000
2023-01-25,19.25861358642578,19.30545785930098,18.518089313986763,18.84997990374146,449537000
2023-01-26,19.736011505126953,20.09879882435529,19.21375752485205,19.635348246628528,489535000
2023-01-27,20.297138214111328,20.559262315315294,19.34033810009434,19.39714737022937,542142000
2023-01-30,19.098148345947266,20.07288815679004,19.086187298640233,19.883522650362398,488611000
2023-01-31,19.471895217895508,19.621394975107712,18.886851453283832,19.106117637128893,498017000
2023-02-01,20.873212814331055,21.1213817226709,19.545650683627567,19.62538402504865,660477000
2023-02-02,21.636661529541016,21.87586158032404,20.631024815710933,20.93002440394146,564276000
2023-02-03,21.029687881469727,21.67253897459517,20.719723419819307,20.93002073586232,429366000
2023-02-06,21.018726348876953,21.49812252080445,20.716734629117404,20.736668439852636,452197000
2023-02-07,22.0991153717041,22.184829243176587,21.07952350178786,21.31075078020512,664150000
2023-02-08,22.131010055541992,22.801767868997864,21.93466598259575,22.312402817710073,559651000
2023-02-09,22.2625675201416,22.943292158985646,22.046291560362647,22.530672149758068,523876000
2023-02-10,21.194137573242188,22.00442812205311,20.74165187678693,21.6177224771655,550737000
2023-02-13,21.71539878845215,21.97453265239466,20.89215094788676,21.4662318309297,474919000
2023-02-14,22.894454956054688,22.972194156462287,21.294801814356916,21.506095265379177,675474000
2023-02-15,22.688142776489258,22.778839139042542,22.032336407803555,22.47385907538401,420575000
2023-02-16,21.928686141967773,22.47485853992091,21.85393529520588,22.059248242228534,412026000
2023-02-17,21.31673240661621,21.667558774123847,20.905108479188826,21.558922723947695,465888000
2023-02-21,20.586172103881836,21.422375105842487,20.549294744904135,20.930021777294268,410015000
2023-02-22,20.684839248657227,21.03367329167558,20.352948752679065,20.637996890010594,513184000
2023-02-23,23.585145950317383,23.808400461151948,22.94827529850247,23.361893340475753,1117995000
2023-02-24,23.208404541015625,23.395779705379205,22.870535374988126,23.14760888799269,589716000
2023-02-27,23.422685623168945,23.800422369181604,23.375843263094975,23.59112307758857,452994000
2023-02-28,23.138633728027344,23.745605429194818,23.1286668242865,23.294114004597965,455963000
2023-03-01,22.622364044189453,23.1785051990992,22.43299664359423,23.114717384744207,460026000
2023-03-02,23.236309051513672,23.302089102000206,22.35724820401247,22.413063250752206,389415000
2023-03-03,23.81039047241211,23.82035737741727,23.05292280095457,23.24229019406714,412393000
2023-03-06,23.475513458251953,24.167199231552658,23.408735379499408,23.81139038959998,437429000
2023-03-07,23.214340209960938,24.04869267419401,23.167487988654617,23.525353628386604,515154000
2023-03-08,24.104515075683594,24.12345598243845,23.34990950267541,23.412709959422333,513573000
2023-03-09,23.36186981201172,24.376649400404656,23.30903605829536,24.098530680368395,501257000
2023-03-10,22.892362594604492,23.55226936391661,22.654118224508185,23.334958480231546,474866000
2023-03-13,22.89335823059082,23.224308845911295,22.22647555282617,22.680036313439018,421890000
2023-03-14,23.986888885498047,24.14239559716936,23.385795524923413,23.421682859195702,474910000
2023-03-15,24.151369094848633,24.20918430620047,23.286114490388712,23.68584522635948,524486000
2023-03-16,25.4602108001709,25.507061113842557,23.81841921677658,23.950999843481604,583253000
2023-03-17,25.643632888793945,26.31550083175522,25.586812067911023,25.89981997420156,848547000
2023-03-20,25.818078994750977,25.941687335476704,25.050514016475315,25.533980590026932,432747000
2023-03-21,26.116132736206055,26.30852307379936,25.300721156644958,26.097193730071265,547408000
2023-03-22,26.3842830657959,27.50173767157012,26.154012813178745,26.34141790205971,797295000
2023-03-23,27.104991912841797,27.412018238340906,26.605577177571398,27.02923209610895,564889000
2023-03-24,26.69429588317871,27.081069104608634,26.271637231409848,26.94549959949804,454920000
2023-03-27,26.44708824157715,26.9146047576957,26.281612899125292,26.752120185462573,361026000
2023-03-28,26.32646369934082,26.42913854404045,25.768235539667923,26.36334732054611,356104000
2023-03-29,26.898645401000977,26.992347930047334,26.512870398647703,26.740149844240367,393694000
2023-03-30,27.296388626098633,27.412022850595726,27.016277275445294,27.142876388177367,364516000
2023-03-31,27.68914222717285,27.74596114615361,27.019266870020537,27.054156013485166,433933000
2023-04-03,27.876548767089844,27.911437912375046,27.24953854012971,27.421991687577037,398716000
2023-04-04,27.36616325378418,27.911433934646436,27.22062515381667,27.877541083680732,368592000
2023-04-05,26.795978546142578,26.912607163282487,26.31151565571502,26.74414297141955,515015000
2023-04-06,26.951480865478516,26.99434412357807,26.34340972671135,26.499912714821207,397654000
2023-04-10,27.491769790649414,27.53363676470612,26.584648216789198,26.738160454997114,395279000
2023-04-11,27.08306312561035,27.702099147015957,27.040197966487828,27.63630792496598,314378000
2023-04-12,26.41119384765625,27.381115701428637,26.364341632306775,27.283426113543882,446259000
2023-04-13,26.379297256469727,26.801955937603214,26.245722222126854,26.649439996093154,353615000
2023-04-14,26.673364639282227,26.79796926788527,26.13706621130104,26.420168322960834,395660000
2023-04-17,26.916595458984375,26.920582518277506,26.3493949209171,26.480977384169595,321471000
2023-04-18,27.57948875427246,28.0210883307405,27.270469820475103,27.445913723508724,604812000
2023-04-19,27.842653274536133,27.911435269103396,27.145864822992923,27.274456503625604,358660000
2023-04-20,27.018268585205078,27.941340187321615,26.914597451904964,27.58347456890567,427713000
2023-04-21,27.03322410583496,27.097022758549475,26.637480426106034,26.866752496922075,345103000
2023-04-24,26.956466674804688,27.27944127802104,26.586639849155418,26.92755907031357,339282000
2023-04-25,26.157997131347656,27.160815601118838,26.14204889645108,26.99234953614374,378527000
2023-04-26,26.870738983154297,27.243556588640125,26.62053343037328,26.91659491739221,406337000
2023-04-27,27.139883041381836,27.40803318885761,26.540784192741274,27.27645073990056,377161000
2023-04-28,27.661231994628906,27.670202402547503,26.98537507177856,27.138889210344786,292216000
2023-05-01,28.818557739257812,28.96609033128575,27.692132757184343,27.751942445275365,570329000
2023-05-02,28.120769500732422,28.744790786364405,27.994172302997715,28.58928408497182,402730000
2023-05-03,27.714059829711914,28.27727321647942,27.38510372531901,27.75193973878234,383387000
2023-05-04,27.474821090698242,27.77088065437449,27.153839081492926,27.563538380203276,321850000
2023-05-05,28.589282989501953,28.66404461724112,27.643285351598674,27.737984173927828,361494000
2023-05-08,29.058794021606445,29.127576016939173,28.260328904734493,28.43178384704761,344979000
2023-05-09,28.480628967285156,28.881357865661336,28.360013303057926,28.80759252115136,314869000
2023-05-10,28.793636322021484,29.02091579172388,28.370977656526804,28.91325569457964,369350000
2023-05-11,28.487606048583984,28.858431044188475,28.15665734572962,28.80460099601504,322149000
2023-05-12,28.2503604888916,28.688969297483915,27.957289789783168,28.438761858901234,274222000
2023-05-15,28.861419677734375,28.877369814441632,28.06295457930079,28.4178275338678,293926000
2023-05-16,29.120601654052734,29.775525121763952,28.74080810173077,28.74977851008436,449405000
2023-05-17,30.082548141479492,30.103481628369693,29.336914830555962,29.490427067750744,432535000
2023-05-18,31.577800750732422,31.727325914629347,30.22409635534029,30.313811833941568,748725000
2023-05-19,31.165111541748047,31.48011201484415,30.818212695710137,31.43625056372688,473908000
2023-05-22,31.077392578125,31.420304387689416,30.582961110509476,30.803260867315778,372000000
2023-05-23,30.59093475341797,31.18903735658012,30.534115833189922,30.901948183114918,356253000
2023-05-24,30.441410064697266,30.510192064798854,29.71172499125114,30.114446491845936,721419000
2023-05-25,37.859867095947266,39.3551225285011,36.51912017458201,38.40114883242656,1543911000
2023-05-26,38.822811126708984,39.04610163074743,37.43122683133464,37.770151547520655,714397000
2023-05-30,39.98412322998047,41.80534383299738,39.822636906417415,40.46659342474425,923401000
2023-05-31,37.714332580566406,40.16754710014043,37.702369501651916,39.363100391824844,1002580000
2023-06-01,39.644203186035156,39.92331629567859,38.218726142988906,38.367253104154614,635873000
2023-06-02,39.20261001586914,40.37190020075976,38.934459847678006,39.970174994520356,482731000
2023-06-05,39.04710006713867,39.43985101130171,38.584567040791214,38.785927762163986,396094000
2023-06-06,38.531742095947266,39.03614220536465,38.02734198652988,38.707187926911864,388729000
2023-06-07,37.36033248901367,39.378141523481524,37.241697122376735,38.79592881153469,511998000
2023-06-08,38.39216995239258,38.74508691604915,37.390247671514786,37.60857556261879,417772000
2023-06-09,38.6513671875,39.58948588191824,38.448989234454245,38.91754848393105,427717000
2023-06-12,39.3611946105957,39.40904807873509,38.49983979013749,39.080059763680346,388701000
2023-06-13,40.896480560302734,40.97524120979665,39.61840552630367,40.06304000704874,613208000
2023-06-14,42.86543655395508,42.868425731448234,40.427914429279454,40.699085309650826,740465000
2023-06-15,42.52248764038086,43.15654315104166,42.01803541267758,42.471645001516485,568622000
2023-06-16,42.561370849609375,43.587221609742976,42.53046366608263,43.317050916384595,655709000
2023-06-20,43.673946380615234,43.85539247343839,42.54341754115194,42.86642741086615,451153000
2023-06-21,42.91328811645508,43.481547516431846,41.95124449603973,43.367894115226505,551603000
2023-06-22,42.89335632324219,43.293126539128146,42.104776210367746,42.12371527633215,417737000
2023-06-23,42.07984924316406,42.678011851996246,41.886442597723466,42.33407006327904,358140000
2023-06-26,40.507667541503906,42.63314366936261,39.97729395118432,42.33106943872404,594322000
2023-06-27,41.74786376953125,41.81166711553178,40.32423568672819,40.6741595987626,462175000
2023-06-28,40.99119186401367,41.71696498768914,40.39402564201727,40.535589450400664,582639000
2023-06-29,40.69709014892578,41.4727094781301,40.47576930987673,41.430838173608656,380514000
2023-06-30,42.17255783081055,42.41980006839875,41.37401012697036,41.552463254955796,501148000
2023-07-03,42.28322219848633,42.76673879586181,42.07286928017555,42.38690406882019,198209000
2023-07-05,42.18751907348633,43.04488443654503,41.95622669958026,42.00607294813804,323618000
2023-07-06,41.974178314208984,42.04994599038348,41.219494533498526,41.7159719008241,303582000
2023-07-07,42.372955322265625,43.08178227500966,42.050945526720156,42.19250935690469,355881000
2023-07-10,42.050933837890625,42.680003559932054,41.521556604913506,42.52647545344216,353908000
2023-07-11,42.275245666503906,42.62716617688633,41.93828245284964,42.351013330555574,298244000
2023-07-12,43.767669677734375,43.80056964792914,42.64611193757971,42.901329149439654,481277000
2023-07-13,45.83631896972656,46.01377191487625,44.35586222212897,44.381783639889846,478204000
2023-07-14,45.32987594604492,47.94086182574558,44.92212700668265,46.44046575236375,772075000
2023-07-17,46.3188362121582,46.35372896631426,45.12350743190866,46.14736542203415,510488000
2023-07-18,47.34867477416992,47.74944513877749,45.59406179064249,46.55810196861849,569164000
2023-07-19,46.932945251464844,47.67167893614477,46.598971255607864,47.31876207580257,427502000
2023-07-20,45.38071823120117,46.942924858819666,44.92411943835553,46.36469771901338,537865000
2023-07-21,44.17341995239258,45.72565880367255,43.965059822678604,45.64789454996022,963769000
2023-07-24,44.47549819946289,44.970979149441135,43.9052497727291,44.59413357267698,382516000
2023-07-25,45.53923416137695,46.04168985274926,44.78554682129327,44.80349329728166,348081000
2023-07-26,45.312931060791016,45.912093926904774,44.49344751779218,45.88019034589932,364237000
2023-07-27,45.759559631347656,47.24998426093751,45.61001707056192,46.376665137451575,455976000
2023-07-28,46.606956481933594,46.88310935590441,46.23908604851757,46.52520665161332,331194000
2023-07-31,46.58601379394531,46.985787745643954,46.36369657868276,46.610938817532,251055000
2023-08-01,46.36469650268555,46.75649554152621,45.886165676964275,46.31783943234634,237858000
2023-08-02,44.133541107177734,45.699733110392835,43.254239992985966,45.69076177542876,530142000
2023-08-03,44.378787994384766,44.97994351428875,43.665975669938696,43.665975669938696,324176000
2023-08-04,44.54329299926758,45.50234756183001,44.25717237997522,44.84736009563098,362666000
2023-08-07,45.27803421020508,45.400658953676526,44.426647163135996,44.972970743442104,322154000
2023-08-08,44.52732849121094,45.10355891429691,43.92118728282694,44.715749324979605,353843000
2023-08-09,42.42379379272461,44.17641407263371,42.005076934408166,44.138528337331145,586449000
2023-08-10,42.2582893371582,43.44066089034064,41.70698016812913,42.03098639906445,492705000
2023-08-11,40.729984283447266,41.88942754104393,40.51464563346433,41.623242454978985,533085000
2023-08-14,43.61912155151367,43.665978621737146,40.187655955736346,40.36211972462702,690286000
2023-08-15,43.8055534362793,45.1294930156629,43.57625763398883,44.42365913256692,676512000
2023-08-16,43.352943420410156,44.538304546583966,43.273186375605505,44.38378002605648,527451000
2023-08-17,43.21137237548828,43.927173858554056,42.86941961752367,43.83545631480397,452395000
2023-08-18,43.16651153564453,43.44465716941068,41.53252668330837,42.504541812711565,583768000
2023-08-21,46.82328796386719,46.920987674468684,44.08668826541733,44.35785535241688,692573000
2023-08-22,45.52825927734375,48.03955236680591,45.194285260085415,47.98770953500303,755293000
2023-08-23,46.971832275390625,47.05557488119282,45.06966956482349,45.72565711329878,779046000
2023-08-24,47.01868438720703,50.11219017259599,47.014698817328394,50.0623439279402,1156044000
2023-08-25,45.877197265625,47.6587282173918,44.88623538665841,46.8681553415664,925341000
2023-08-28,46.691688537597656,46.836245308048305,44.75064756794707,46.339768044393274,685192000
2023-08-29,48.634727478027344,48.93081957760332,46.249048206065815,46.5232082617889,701397000
2023-08-30,49.11326217651367,49.77423173710802,48.27682864513261,48.893934114542816,735206000
2023-08-31,49.20398712158203,49.59179683011506,48.80820246885937,49.22891214982183,528570000
2023-09-01,48.36056900024414,49.64761910935292,47.99469138418687,49.609737178375475,463830000
2023-09-05,48.39944839477539,48.7015226451209,47.7135538785842,48.075442101099355,382653000
2023-09-06,46.920867919921875,48.40443608798967,46.441301191181296,48.296759777568035,468670000
2023-09-07,46.10331344604492,46.20600739114076,45.01755536389115,45.389445810595745,433330000
2023-09-08,45.43629455566406,46.46721591183993,45.136192180115536,45.80519551015305,473069000
2023-09-11,45.04347610473633,46.025539902373815,44.180053643461356,46.010585175997676,473966000
2023-09-12,44.736385345458984,45.53699557699163,44.39839411760551,44.60477844461375,349256000
2023-09-13,45.34955596923828,45.79323054977972,44.37047790444444,44.46718918081737,398355000
2023-09-14,45.44527816772461,45.8500674873585,44.99661733815953,45.81317890696642,370097000
2023-09-15,43.76927947998047,45.4632178335496,43.67755057038964,45.20598666420072,506831000
2023-09-18,43.835079193115234,44.110258303658966,41.874933874444345,42.62070760166484,500271000
2023-09-19,43.390411376953125,43.835082475156234,42.87395226873784,43.70247908606619,373064000
2023-09-20,42.113224029541016,43.7722706240914,42.09727282869751,43.470171462670386,367108000
2023-09-21,40.89486312866211,41.97463849257789,40.85797455001659,41.45917965283468,450736000
2023-09-22,41.48609924316406,41.98959657847822,41.10822617218465,41.448210386933276,479236000
2023-09-25,42.09627914428711,42.409343350786685,41.054388777119094,41.46715750384496,419091000
2023-09-26,41.78619384765625,42.6924873606105,41.53095566477393,41.87592599161224,402282000
2023-09-27,42.3415412902832,42.744341431006085,41.50504268914909,42.20395553022343,444935000
2023-09-28,42.960693359375,43.31662875856255,41.98959464052307,42.33356473794384,424663000
2023-09-29,43.369476318359375,44.01255619893268,43.178046685877014,43.696498771068015,397830000
2023-10-02,44.64865493774414,45.04048245716081,43.73039595276652,43.898891446595,433298000
2023-10-03,43.38741683959961,44.995616545503985,43.11722389309479,44.67457296774722,470850000
2023-10-04,43.909854888916016,44.01155233952571,43.163084716605525,43.61174546536846,361821000
2023-10-05,44.554931640625,44.7663021604217,43.75731457253386,43.918830935362585,393483000
2023-10-06,45.62574005126953,45.65266008201276,43.89490910599022,44.06141166404006,434436000
2023-10-09,45.13819122314453,45.46920337034592,44.235887222293606,44.70847483791379,409675000
2023-10-10,45.661624908447266,46.12125070086953,44.95374003044169,45.17507908955567,368582000
2023-10-11,46.6666259765625,46.71946955859621,45.91287659330196,46.05844175921358,378137000
2023-10-12,46.805206298828125,47.46723049196412,46.1920397832419,46.63770730152995,481325000
2023-10-13,45.32563018798828,46.97570471236393,45.145169391645375,46.82016719199545,474115000
2023-10-16,45.95774459838867,46.08735476029038,44.77826474104746,44.928816083518186,375099000
2023-10-17,43.80716323852539,44.62073527897283,42.353504619053396,43.86897889171314,812333000
2023-10-18,42.07035827636719,43.0903148552471,41.7004645615441,42.46418259890881,627294000
2023-10-19,41.975643157958984,43.168081135080946,41.75729348052896,42.68352817211386,501233000
2023-10-20,41.26376724243164,42.34354268783243,40.955685402910255,41.7652678682802,477266000
2023-10-23,42.8470344543457,43.119224175669935,40.82308027803106,41.10623502417962,478530000
2023-10-24,43.53298568725586,43.56688484318148,42.56388363101051,42.94873204239224,401463000
2023-10-25,41.654598236083984,43.52002933970915,41.431266191839114,43.268776986595036,398379000
2023-10-26,40.2059211730957,42.13017450154096,39.7612500826686,41.7283746394427,541001000
2023-10-27,40.379398345947266,41.08329728392404,39.89584197944323,41.00752338515214,416784000
2023-10-30,41.03843307495117,41.64163109365404,40.3604576251133,40.96465592174652,388028000
2023-10-31,40.658565521240234,40.757273552176585,39.11318181784756,40.329550161466386,517969000
2023-11-01,42.19896697998047,42.25479998188949,40.747301323669774,40.762256048704266,437593000
2023-11-02,43.3764533996582,43.75332619208585,42.76627622905822,43.19898202777144,409172000
2023-11-03,44.87099075317383,45.17408258825645,43.59280664299351,43.88892315557369,424610000
2023-11-06,45.61476516723633,45.798219181155844,44.765301009531704,45.15015318659169,400733000
2023-11-07,45.81816101074219,46.080374555632474,45.02353336587058,45.582863690228386,343165000
2023-11-08,46.43532180786133,46.72744863605115,45.831123444068034,45.96273036829276,346719000
2023-11-09,46.81019592285156,48.08638320008785,46.610790709948866,47.32565472798377,540496000
2023-11-10,48.191078186035156,48.327671293296795,47.142212446906164,47.35856537074028,421245000
2023-11-13,48.475215911865234,48.96974108943456,47.95576746252599,48.17611002726251,384136000
2023-11-14,49.50813674926758,49.6856081153753,48.89397370012533,49.532067353089744,416954000
2023-11-15,48.742427825927734,49.81123435682442,48.05647674137133,49.78631108074614,475497000
2023-11-16,49.33266067504883,49.37752865421783,48.186087364869636,48.534047157885986,339756000
2023-11-17,49.15121078491211,49.568961894077866,48.86107690035848,49.37653577909823,325205000
2023-11-20,50.2588996887207,50.397485733557765,49.03455561243681,49.16516605663654,414120000
2023-11-21,49.7952766418457,50.366568411025234,49.07542649691953,49.97673388984551,565747000
2023-11-22,48.57094192504883,50.185120642893004,47.54799598832388,49.703560932235554,899420000
2023-11-24,47.63373947143555,48.77533048753054,47.60282974083701,48.32567320692598,294645000
2023-11-27,48.09835433959961,48.385494990493825,47.51011098197541,47.65766910789753,395662000
2023-11-28,47.6786003112793,48.17910819028839,47.33163699319086,48.09236545909725,401491000
2023-11-29,47.99665069580078,48.616800180789156,47.71748568176772,48.2349412356402,382005000
2023-11-30,46.630733489990234,47.96674352591701,46.28377015509841,47.88099726514556,526247000
2023-12-01,46.6257438659668,47.05944990418179,46.049465900778685,46.38646066120802,369317000
2023-12-04,45.37448501586914,45.93979802137365,44.87597384591377,45.93979802137365,437543000
2023-12-05,46.431427001953125,46.46532533448676,45.14016755025648,45.33460369954444,371718000
2023-12-06,45.371490478515625,47.25004822206123,45.2807538725136,47.07854443551646,380590000
2023-12-07,46.46133804321289,46.49424361639184,45.47220434901942,45.56792757808214,350823000
2023-12-08,47.368709564208984,47.60303102965734,46.41547109826504,46.4603430274887,359224000
2023-12-11,46.49224090576172,47.393627560593224,45.69754725900702,47.353746056504626,509728000
2023-12-12,47.51926803588867,47.5282408991093,45.91292392475919,45.91292392475919,372387000
2023-12-13,47.94902420043945,48.45356234904266,47.47041188410191,47.49135110162281,447792000
2023-12-14,48.210262298583984,48.52933716331639,47.28494671232897,48.25014760759364,391232000
2023-12-15,48.74870681762695,49.261221291787095,47.980931668648175,48.05471911639448,479948000
2023-12-18,49.93227005004883,50.2872401555101,49.007951067399034,49.25722853202736,412587000
2023-12-19,49.46063995361328,49.55636317420033,48.75368939419547,49.281159865930675,464444000
2023-12-20,47.971954345703125,49.85449831929735,47.95899143016388,49.511490749608875,397894000
2023-12-21,48.84841537475586,48.95311145717248,48.279062673701084,48.669931851728876,300425000
2023-12-22,48.688880920410156,49.24028032151343,48.326927237730985,49.05282392386867,252507000
2023-12-26,49.13658142089844,49.45665286845571,48.81850309781851,48.82647939940057,244200000
2023-12-27,49.27418518066406,49.536425600159234,48.94314392704513,49.36791528650649,233648000
2023-12-28,49.37887954711914,49.73983287122963,49.26919684127221,49.49953204501984,246587000
2023-12-29,49.37887954711914,49.85250906748791,48.61010784761711,49.66903891502132,389293000
