Date,Close,High,Low,Open,Volume
2018-01-02,23.040376663208008,23.09095907026543,22.913919374458082,23.002439222361755,17059833
2018-01-03,23.211091995239258,23.2490268907991,22.907595035272717,23.0466972789631,14183151
2018-01-04,23.261672973632812,23.343867784524665,23.141538185079508,23.21109057377152,13046517
2018-01-05,23.30593490600586,23.318579871511197,23.14786266833869,23.280642432782575,13167517
2018-01-08,23.046701431274414,23.26800107297431,22.970829084272307,23.217418660901906,19964341
2018-01-09,23.021411895751953,23.16683665075977,22.989796934328325,23.040379347278304,16876226
2018-01-10,23.059345245361328,23.147865097613717,22.958180426276563,22.977147876525127,18755825
2018-01-11,23.11625862121582,23.204775954003544,23.02773874621457,23.16684104375746,15102555
2018-01-12,23.103601455688477,23.267996166920945,23.053019054281364,23.160508881707386,20240700
2018-01-16,23.14154052734375,23.38180758655653,23.059343165919927,23.122573078805626,30536699
2018-01-17,23.50826644897461,23.62839871554299,23.249029381600216,23.280644340166386,25332363
2018-01-18,23.38812828063965,23.501940589801766,23.204766123277725,23.501940589801766,19946528
2018-01-19,23.356515884399414,23.571490453717104,23.0783114069898,23.51458557020433,31133684
2018-01-22,23.350194931030273,23.438712232172772,23.223737648778304,23.324902457694833,21380495
2018-01-23,23.280637741088867,23.445032428378617,23.103598090842087,23.280637741088867,18527212
2018-01-24,23.350194931030273,23.438712232172772,23.223737648778304,23.388129827714508,18673191
2018-01-25,23.539884567260742,23.6094344347865,23.331229880257155,23.375489811305602,18988232
2018-01-26,24.665348052978516,24.71593046876021,23.58414224233524,23.58414224233524,51441419
2018-01-29,24.671669006347656,24.930903553367198,24.51359674240139,24.65902403874012,36779014
2018-01-30,23.900279998779297,24.50094893939333,23.615753007258874,24.159517058011364,48483684
2018-01-31,23.419742584228516,24.02041144074427,23.286962831666624,23.97615152322364,35859926
2018-02-01,23.502704620361328,23.866445381086848,23.36231367462206,23.36231367462206,29697926
2018-02-02,23.362316131591797,23.770726898266343,23.29850299164091,23.355935074173203,25588907
2018-02-05,22.124319076538086,23.41974270334689,21.696765238213217,23.279354341641977,42463657
2018-02-06,22.513587951660156,22.641216789619975,21.696769033399864,21.798871077461804,56035067
2018-02-07,22.322145462036133,22.74969936527343,22.31576440515024,22.417866446853964,30955980
2018-02-08,21.460651397705078,22.44338780102636,21.44150694880468,22.334904728727526,45850792
2018-02-09,21.798866271972656,21.97116503694747,21.186251576885155,21.818012004616648,49851776
2018-02-12,22.117937088012695,22.251946953914292,21.715910056072143,21.983927222111102,38743670
2018-02-13,22.296619415283203,22.354051488335,21.958405467573147,22.060507500946237,21559570
2018-02-14,22.45615577697754,22.551876763598624,22.054128659474895,22.143466023325097,24494749
2018-02-15,22.787981033325195,22.800743143042855,22.385951485343668,22.571014905069315,22588379
2018-02-16,23.138965606689453,23.394220696381737,22.768843802312205,22.81989482025066,27659595
2018-02-20,22.979429244995117,23.285737922581394,22.89647037754835,22.985810301604158,27202370
2018-02-21,22.81989097595215,23.349546801439296,22.8007452438477,22.953900837626666,25872327
2018-02-22,22.807126998901367,23.068765674829383,22.724170709784595,22.89008585378237,23983454
2018-02-23,23.138965606689453,23.16448983277639,22.864564781667383,22.928377912649307,17940029
2018-02-26,23.668617248535156,23.74519247873651,23.107053586825998,23.158104595548274,25407302
2018-02-27,23.483562469482422,23.764344373149004,23.445273561570655,23.6558587064382,23543093
2018-02-28,23.170862197875977,23.78985780323768,23.17086219787598,23.630323752742015,28360927
2018-03-01,22.7369327545166,23.14534340631943,22.462531968106777,23.049622440433605,30282896
2018-03-02,22.941139221191406,23.017717028295948,22.590163164451994,22.685884140450423,22271336
2018-03-05,23.04962730407715,23.15172934713109,22.826277481293666,22.858185331909812,22319609
2018-03-06,22.896472930908203,23.126203823275798,22.81351661997497,23.126203823275798,18003479
2018-03-07,22.928375244140625,23.024096212355364,22.685882295714244,22.717790140373918,23440328
2018-03-08,23.292112350463867,23.292112350463867,22.928371701148937,22.966660595671122,21646630
2018-03-09,23.46441078186035,23.560131744481687,23.31125775481904,23.36230876383281,19300743
2018-03-12,23.362316131591797,23.611190199741703,23.292121934222315,23.560139174628002,26571656
2018-03-13,23.451650619506836,23.58566049146362,23.24744656648565,23.483558464953028,29560695
2018-03-14,23.196399688720703,23.604807867574724,23.087916586933204,23.50908687993521,23378458
2018-03-15,23.343170166015625,23.489942166374913,23.19639816565634,23.19639816565634,20508310
2018-03-16,23.470796585083008,23.636711738361665,23.36869199179879,23.381456669562052,34125253
2018-03-19,23.18363380432129,23.483558832612335,23.02409714035697,23.483558832612335,20003761
2018-03-20,23.18363380432129,23.324022168648018,23.049623930266442,23.20915802846637,20295824
2018-03-21,23.145341873168945,23.43888580700586,23.100671920996888,23.28573278488626,19071392
2018-03-22,22.71778678894043,23.062381710524384,22.634827944522325,22.992184975781708,22094686
2018-03-23,22.009456634521484,22.653976686751037,21.97754878671286,22.64759563034222,29385731
2018-03-26,22.360431671142578,22.43062841994702,21.900969973149,22.29023492233814,24926468
2018-03-27,22.341283798217773,22.692259771038984,22.194509275400378,22.449766860873876,28835227
2018-03-28,22.52634620666504,22.85179541712804,22.41147951553334,22.44976841257724,26349684
2018-03-29,22.64759635925293,22.76246307560223,22.3795791526338,22.666742094860123,24804731
2018-04-02,22.36680793762207,22.807123807213934,22.181747086830445,22.602919792173743,28323299
2018-04-03,22.768842697143555,22.807129034415592,22.283856767386478,22.40510196694352,21347927
2018-04-04,23.05600357055664,23.119816692765312,22.488058829030354,22.539109839950136,22010682
2018-04-05,22.800750732421875,22.97304953401673,22.673124461236206,22.762464390525036,25781789
2018-04-06,22.44339370727539,22.890090790467447,22.264713847692658,22.69226775982861,22288200
2018-04-09,22.628446578979492,22.928371546817345,22.47529356768552,22.526344571450174,20457297
2018-04-10,22.941139221191406,23.036860197189835,22.794367229044777,22.973047068445712,20667254
2018-04-11,22.83903694152832,23.017716778993996,22.711408119657914,22.800748038390754,13879915
2018-04-12,23.1772518157959,23.29211852983646,22.95390457572984,22.99219091464546,23817976
2018-04-13,23.1772518157959,23.29211852983646,23.056006611033965,23.234686455698466,17774340
2018-04-16,23.311260223388672,23.43888904232055,23.2219203067128,23.292117055142874,15932369
2018-04-17,23.18363380432129,23.470796720539795,23.14534490233928,23.451650986666593,17675580
2018-04-18,23.285736083984375,23.349549210800838,23.15172620848183,23.215539335298292,14652497
2018-04-19,23.311260223388672,23.41336225222841,23.1453450679652,23.2219203067128,16636652
2018-04-20,23.37508201599121,23.47718407147678,23.272977394740565,23.292123133747282,22371993
2018-04-23,23.483562469482422,23.54099454846768,23.35593363169813,23.40060359663439,25381058
2018-04-24,23.64947509765625,23.783484978005497,23.464414200854605,23.553754121087433,27106350
2018-04-25,23.406972885131836,23.63670365133392,23.29848983872878,23.56012587401206,27730213
2018-04-26,23.515464782714844,23.675001451224126,23.451651654769805,23.483559501624555,20405651
2018-04-27,23.611183166503906,23.681379908728314,23.419741237912522,23.47079481358346,14425149
2018-04-30,23.362316131591797,23.726056930571236,23.228306228506483,23.69414907771332,28295789
2018-05-01,22.590160369873047,23.00495206980811,22.105174493579465,22.705024500555776,51278154
2018-05-02,22.264707565307617,22.571016176128257,22.168986605506927,22.44338737447265,29550260
2018-05-03,22.18175506591797,22.25833288198609,21.96478886333296,22.22004397395203,23517902
2018-05-04,22.232803344726562,22.328524320118262,21.932878306036432,22.054126072222676,19795912
2018-05-07,22.29023551940918,22.417864342440403,22.149847149568668,22.20089816562826,21580018
2018-05-08,22.322145462036133,22.3923422193104,22.149849228822873,22.277475498070164,28269650
2018-05-09,22.44339370727539,22.59654677301854,22.251951733655257,22.347672720465326,20430209
2018-05-10,22.578710556030273,22.75269128677354,22.482055170242013,22.5529371682526,30906653
2018-05-11,22.875120162963867,22.91378283561482,22.59804328905587,22.63670337089582,21619964
2018-05-14,23.107086181640625,23.145748841865736,22.86866946619765,22.88155615600263,21485052
2018-05-15,22.997549057006836,23.055541764346962,22.862231012672726,22.881561051515856,19345643
2018-05-16,22.991106033325195,23.119978142375803,22.920224041617676,23.023322765182467,21870711
2018-05-17,23.010435104370117,23.055541117883408,22.836454396417327,22.958885744756447,13021432
2018-05-18,22.965328216552734,23.036210202579667,22.8300101811645,22.94599817898751,15734639
2018-05-21,23.068429946899414,23.113535964590852,22.88800846694457,23.01043723581354,17802903
2018-05-22,23.016881942749023,23.25529873869046,22.997551901515006,23.068431310184113,14477322
2018-05-23,23.17797088623047,23.216630960197353,22.95888417969905,22.99110349881527,20358642
2018-05-24,23.126422882080078,23.25529758970596,23.049100130153285,23.17152890020859,17523066
2018-05-25,22.991106033325195,23.145754118672382,22.900894002503314,23.08131806414708,15005376
2018-05-29,23.00399398803711,23.02332402821189,22.75913385843533,22.791353182870875,28179639
2018-05-30,23.229524612426758,23.358396731514972,23.132869227705115,23.165085962071686,29093773
2018-05-31,23.152193069458008,23.326173751699024,23.126417098055153,23.1650797597543,30926468
2018-06-01,23.358394622802734,23.377727252488363,23.268182593098423,23.364840559905097,22345011
2018-06-04,23.487266540527344,23.558148522965393,23.345505166461667,23.461493158411997,19015319
2018-06-05,23.480819702148438,23.609694365985906,23.41638107482468,23.52592570495105,21476093
2018-06-06,23.44216537475586,23.564596737532423,23.319734011979293,23.455052068476245,19368093
2018-06-07,23.51304817199707,23.57748423360275,23.435722825421415,23.51304817199707,17083337
2018-06-08,23.629024505615234,23.654800474822284,23.487263152001578,23.53881249960563,16453783
2018-06-11,23.390609741210938,23.712795133563116,23.377723050943725,23.712795133563116,19505640
2018-06-12,23.390609741210938,23.455045783357267,23.29395438258631,23.44860243822366,16371887
2018-06-13,23.339061737060547,23.525929119966968,23.326175046049187,23.435717101266597,16029232
2018-06-14,23.300397872924805,23.448602584352138,23.229518485203158,23.339060534777648,19959387
2018-06-15,23.42928123474121,23.448611277428697,23.21663781112266,23.319736553745066,49156979
2018-06-18,23.300397872924805,23.339060534777648,23.023318485591414,23.281067837403523,24143451
2018-06-19,23.339061737060547,23.429273755760917,23.113531690309625,23.126418381320985,18484630
2018-06-20,23.493715286254883,23.571040631995555,23.332623838574676,23.384173205464784,21354251
2018-06-21,23.390609741210938,23.429272402822843,23.29395438258631,23.37127970581012,16893090
2018-06-22,23.525930404663086,23.609699082432186,23.45504841860906,23.51304371294801,27018447
2018-06-25,23.44216537475586,23.493714740448368,23.287517277678322,23.403502702783733,20424517
2018-06-26,23.44216537475586,23.57748343125281,23.390616009063347,23.455052068476245,25435023
2018-06-27,23.332622528076172,23.55170667735131,23.313292488132205,23.39061523871895,29396165
2018-06-28,23.42928123474121,23.513049934676136,23.268187182433863,23.268187182433863,16506167
2018-06-29,23.377729415893555,23.571040185774667,23.377729415893555,23.487271494609924,20974705
2018-07-02,23.40995216369629,23.435725555016006,23.197308731251855,23.197308731251855,14556372
2018-07-03,23.422836303710938,23.571041060062882,23.351954303692885,23.448609692218547,9608159
2018-07-05,23.757905960083008,23.78367934584609,23.525932534161324,23.545262573483633,20391106
2018-07-06,23.912555694580078,23.996324385703023,23.764350943799233,23.841673697226515,18955452
2018-07-09,23.94477081298828,24.1445248945631,23.84811544507721,24.015650207078163,22329412
2018-07-10,24.11875343322754,24.16385945274583,23.970548680756302,24.034984741149145,20253875
2018-07-11,23.976985931396484,24.105860610225875,23.944769204796895,24.0027619034865,17795314
2018-07-12,24.176740646362305,24.20251661914191,23.9769865728594,24.105861255136606,16974881
2018-07-13,24.183185577392578,24.22184823954961,23.983428921382963,24.16385295090891,15227243
2018-07-16,24.086532592773438,24.19607465401261,24.02853729841335,24.15096864218285,17888699
2018-07-17,24.260509490966797,24.33783481904209,24.131634807778116,24.138080744126412,15740014
2018-07-18,24.266956329345703,24.31206234541351,24.15097091134894,24.221852904088696,20803430
2018-07-19,24.073650360107422,24.22829847846438,24.041433621373464,24.13164308063987,16596811
2018-07-20,24.05430793762207,24.05430793762207,23.918989932145184,23.97053927840162,15532798
2018-07-23,23.976985931396484,24.170296654235397,23.931879923346717,24.060754602176104,20853074
2018-07-24,24.29273223876953,24.324951561817574,24.01565279666442,24.08008885194971,17804800
2018-07-25,24.47960090637207,24.531150271410272,24.2025214500349,24.27340344621926,17171030
2018-07-26,24.589147567749023,24.724465647757775,24.511824801180747,24.511824801180747,24840567
2018-07-27,24.750226974487305,24.795332979168705,24.531142886729192,24.550472921245444,22111971
2018-07-30,24.866222381591797,24.924215093273205,24.602029619427377,24.718017633601118,21981486
2018-07-31,25.729673385620117,25.768336050855222,24.576252319167562,24.621358330140094,50837371
2018-08-01,25.948759078979492,25.980975806405528,25.478368950455316,25.536361650632585,32734605
2018-08-02,25.766799926757812,26.137218828529814,25.688818787822903,25.74730529524187,31879284
2018-08-03,26.345169067382812,26.42315281046017,25.662820460503845,25.74730241335918,27368375
2018-08-06,26.67009735107422,26.78707035064706,26.20869833669857,26.22819557854124,27479572
2018-08-07,26.54012680053711,26.806569088581142,26.507635750437302,26.54662501055707,18928575
2018-08-08,26.910551071166992,27.060017770212315,26.371170789764932,26.45565014983649,25837440
2018-08-09,26.644105911254883,26.884552769131627,26.520634683434256,26.839062681810557,20121282
2018-08-10,26.598617553710938,26.845562638282857,26.449150860756127,26.520636408140064,18194148
2018-08-13,26.520633697509766,26.78057517763008,26.520633697509766,26.611613868769645,19860627
2018-08-14,26.455650329589844,26.67010436906604,26.345175510603866,26.540132303106876,17336824
2018-08-15,26.748083114624023,26.8000740266327,26.416658687449594,26.51413707494119,22428488
2018-08-16,26.917041778564453,26.94953543899276,26.68959138130776,26.793567959233467,16457472
2018-08-17,27.352455139160156,27.417439870446945,26.949545102013065,26.956043313854575,25910693
2018-08-20,27.508419036865234,27.794356024466282,27.352454119866003,27.42393967320205,22521029
2018-08-21,27.397937774658203,27.579898108160705,27.287462977690666,27.50841257162574,18633244
2018-08-22,27.33945655822754,27.51491610271854,27.170492612193836,27.39144486172911,15001687
2018-08-23,27.423940658569336,27.5019218134351,27.267973123094475,27.365451526330432,21032148
2018-08-24,27.553897857666016,27.612384351002905,27.293956435685118,27.57339509735865,21661703
2018-08-27,27.021028518676758,27.696879142241446,26.845566344394335,27.631894409815818,24485896
2018-08-28,26.969036102294922,27.150996460816916,26.85206307917154,27.04051903578781,19871694
2018-08-29,26.969036102294922,27.047019859624726,26.754584688944945,26.969036102294925,15785020
2018-08-30,26.969036102294922,27.235478429112316,26.774079321841736,26.79357395473853,16015425
2018-08-31,26.982032775878906,27.021024654907475,26.702596637395427,26.83256608366219,20983559
2018-09-04,26.884550094604492,27.001525713023643,26.78707171902399,26.956035630228016,15274779
2018-09-05,27.19648551940918,27.241975607315116,26.813070184003955,26.83256481616169,21819908
2018-09-06,27.150999069213867,27.23548104562545,26.936547635261533,27.196489163214597,18356780
2018-09-07,27.423940658569336,27.521419061805293,26.943044241350737,27.027526220921008,21221658
2018-09-10,27.332956314086914,27.761859132858564,27.326458103241436,27.54090951262726,21482206
2018-09-11,27.49542236328125,27.573406127506498,27.261473683477053,27.293967354049496,19658786
2018-09-12,27.56040382385254,27.807348897458027,27.475924470974963,27.4889208925144,17508205
2018-09-13,27.846336364746094,27.891826445800806,27.57339849128864,27.618888572343355,18666129
2018-09-14,27.91781997680664,27.94381281398048,27.61888667208362,27.78134974303205,16800655
2018-09-17,27.950315475463867,28.06079026646396,27.774853361511283,27.956813685184954,16904263
2018-09-18,28.275238037109375,28.385712814037447,27.833336316526594,27.943811093454666,20464991
2018-09-19,28.112783432006836,28.385721351975384,27.937321287628198,28.21676003131593,23783088
2018-09-20,28.431217193603516,28.51569917746311,28.171275642733764,28.184272067059304,18419809
2018-09-21,28.63266372680664,28.72364388753274,28.34022861570308,28.450703405354435,37092579
2018-09-24,28.548189163208008,28.892612653443695,28.483201824231983,28.55468737453132,18089591
2018-09-25,28.457202911376953,28.782131698362335,28.43770828156361,28.678152500745124,15318520
2018-09-26,28.385719299316406,28.795130068970376,28.35972645780439,28.48969850397771,18384817
2018-09-27,28.5286865234375,28.710646857579107,28.385718062736373,28.45720359952242,14887434
2018-09-28,28.639171600341797,28.68466169605485,28.418219333611,28.548191408915685,15454591
2018-10-01,28.769134521484375,28.931597604266724,28.535185905525626,28.613167035597986,16872537
2018-10-02,28.736648559570312,28.84712338094846,28.678159430255732,28.73015034806237,18167693
2018-10-03,29.120065689086914,29.13956032478068,28.775642168395247,28.775642168395247,23957631
2018-10-04,29.04857063293457,29.10705713376116,28.782130967893067,28.938095841054253,18960406
2018-10-05,29.185043334960938,29.2435298407137,28.983588363550833,29.055071289943974,18112568
2018-10-08,29.425495147705078,29.451487993373004,29.04857798254818,29.081071652504587,24679621
2018-10-09,29.548965454101562,29.769917699635467,29.107063575905165,29.237035638741077,21486844
2018-10-10,28.925107955932617,29.717931588079665,28.905610707990483,29.53597120926834,33746234
2018-10-11,27.82034683227539,28.912103681603853,27.553904524020584,28.827624332065305,44299198
2018-10-12,28.450698852539062,28.567671833113604,27.709861265999084,27.79434320356423,30417070
2018-10-15,28.02180290222168,28.40521824039982,27.930822725751828,28.366226362931133,24002742
2018-10-16,28.548189163208008,28.58068021982456,27.96981700097584,28.17127200348431,22353654
2018-10-17,28.964094161987305,29.113560840180703,28.43120955337898,28.444208587083132,23154167
2018-10-18,28.59367561340332,28.91860442828331,28.40521705754519,28.814625221739657,22498368
2018-10-19,28.918601989746094,29.13305336950335,28.580674169499172,28.626164252003882,19564875
2018-10-22,28.834121704101562,28.92510187437848,28.606671278409262,28.879611789240023,18026878
2018-10-23,28.65865707397461,28.801625527242752,28.392217409580375,28.52218683046354,23073114
2018-10-24,27.605894088745117,28.782135567371146,27.527912946138304,28.470203158330133,36927206
2018-10-25,28.210264205932617,28.55468770009522,27.073014502471956,27.547410063197017,38600642
2018-10-26,27.683876037597656,28.12577785976898,27.410935524107533,27.97631118224946,30295333
2018-10-29,28.093278884887695,28.385713974264647,27.65787535540175,27.911321189824914,31847559
2018-10-30,27.872343063354492,28.00231514922314,27.15100229802209,27.26147713393091,35424202
2018-10-31,27.98281478881836,28.37272839021137,27.755366929920164,27.95032373061667,28193235
2018-11-01,28.379222869873047,28.48319946818831,28.002308354198036,28.07379128571306,24278152
2018-11-02,27.898324966430664,28.48969602673197,27.605889847621924,28.43770773535736,24223028
2018-11-05,28.28174591064453,28.34673324752703,27.833345827937887,27.833345827937887,21628396
2018-11-06,27.950315475463867,28.327229929382565,27.74235970003504,28.320731719661477,22194183
2018-11-07,28.85362434387207,28.957600963657246,28.13228360463168,28.190770126651866,36794929
2018-11-08,28.716089248657227,28.945294810496332,28.467238624246246,28.72263760284785,25696520
2018-11-09,28.997690200805664,29.213796465377026,28.6309612269464,28.6309612269464,26042654
2018-11-12,28.886363983154297,29.174507461766883,28.74884060022088,28.9976939405962,21853847
2018-11-13,28.499990463256836,29.115570204073343,28.38866313662124,29.03043630345347,20159015
2018-11-14,28.10051918029785,28.716098910775788,27.969546786350126,28.657161070195876,28398871
2018-11-15,28.296972274780273,28.414850555109027,27.73378482332148,27.962987763399163,25936305
2018-11-16,28.49343490600586,28.67025101906527,28.100512550792693,28.22493919202593,24604576
2018-11-19,28.932205200195312,28.991145673801988,28.493441624547838,28.565478810940732,23671575
2018-11-20,28.506534576416016,29.069724748332927,28.42140332150275,28.820874073054334,22968557
2018-11-21,28.224943161010742,28.486890556976594,28.00883425543409,28.486890556976594,19665848
2018-11-23,28.25113296508789,28.51963131546277,28.028478365297747,28.126708955330752,8844009
2018-11-26,28.38210678100586,28.480337366948635,28.08086666851916,28.369010071689125,20147948
2018-11-27,28.860164642333984,28.912554115613315,28.139806093450936,28.29042615825824,19765873
2018-11-28,29.403705596923828,29.416802306327643,28.87980825740106,29.00423489583826,19892669
2018-11-29,29.803186416625977,30.012744370369603,29.27274054230719,29.31203331689276,26065315
2018-11-30,30.274688720703125,30.29433378776379,29.652560701005974,29.69840182384825,45054495
2018-12-03,30.11751937866211,30.37291840793425,29.96689930329475,30.36637005244445,26771178
2018-12-04,29.560874938964844,30.43185353632847,29.541229874241015,30.27468511943664,28703898
2018-12-06,29.45609474182129,29.46264309645078,28.565471117605444,29.194147391473578,32188528
2018-12-07,28.761940002441406,29.429906583231965,28.60476891704661,29.3513236735689,27963885
2018-12-10,29.076278686523438,29.181057661175835,28.205299839302956,28.906013510971917,26187895
2018-12-11,28.82087516784668,29.14831138798137,28.532731715413604,28.866716291326217,23904931
2018-12-12,28.919103622436523,29.370963834855157,28.912555267145024,29.04353027207673,20180938
2018-12-13,29.187599182128906,29.40370541811226,28.951845249125657,29.115562014778696,23613921
2018-12-14,28.683347702026367,28.89290822216944,28.441045407668526,28.86671216976391,33024982
2018-12-17,28.231489181518555,28.794679327551588,28.146355297484007,28.48688820058834,38651866
2018-12-18,27.766530990600586,28.486889596511652,27.530777025662964,28.46724452986435,31125779
2018-12-19,27.48493766784668,28.1529068392031,27.216441907930733,28.04812787762448,36937957
2018-12-20,27.47184181213379,27.773081994319742,27.19679768767604,27.314673364867325,34494680
2018-12-21,27.458736419677734,28.07431330180374,27.144399624511273,27.2688236185438,61928192
2018-12-24,26.555023193359375,27.478391485742282,26.535378123897036,27.380160872361852,19778205
2018-12-26,27.629003524780273,27.635554512391195,26.469884204822577,26.627052613778954,25437131
2018-12-27,28.061227798461914,28.06122779846191,27.019983786541058,27.38016183728445,28894672
2018-12-28,28.133255004882812,28.51308062402796,28.03502442289931,28.172547764282918,25480977
2018-12-31,28.585126876831055,28.637516366502513,28.224948806210456,28.29698336712073,20534028
2019-01-02,28.32317352294922,28.48689031490742,27.923700127073975,28.238039632595964,26430315
2019-01-03,27.53076934814453,28.382102726727872,27.47183153160464,28.316616556465025,28503533
2019-01-04,28.159454345703125,28.388659962888404,27.67484968824515,27.79272799124076,27145348
2019-01-07,28.310075759887695,28.565477445214196,28.06777605278968,28.205296796538768,20995469
2019-01-08,28.44104766845703,28.617863795406798,28.25768318614378,28.526181554250172,19677231
2019-01-09,28.38210678100586,28.59821301686651,28.290424549721447,28.460692302973534,20107580
2019-01-10,27.70759391784668,28.310074241302377,27.52422942530483,28.303525885573606,39731162
2019-01-11,28.08087158203125,28.080871582031254,27.60281527798515,27.72069094852858,21064506
2019-01-14,27.74688148498535,27.917146601124823,27.615906495854823,27.864757132079326,17605173
2019-01-15,27.982637405395508,28.31662193999608,27.786176224222675,27.897503524744945,25865371
2019-01-16,27.576622009277344,28.02193394628216,27.524232524514094,27.890961550891216,30169380
2019-01-17,27.81237030029297,27.936796946720545,27.393254508187077,27.471837402690017,24177284
2019-01-18,27.851665496826172,28.080871111300688,27.674849360940964,28.067774399911873,38618455
2019-01-22,27.681396484375,27.956443209500485,27.4587418685406,27.773078726083494,29444122
2019-01-23,27.609359741210938,27.635555793768436,27.209889029203623,27.49803244216746,24462813
2019-01-24,26.816970825195312,27.367061683757523,26.600861915486995,27.360513327862442,34394023
2019-01-25,26.613964080810547,27.013434897018698,26.5288301790839,26.915204282113926,35862455
2019-01-28,25.887054443359375,26.541924266938345,25.85431003061847,26.522279199114294,39329694
2019-01-29,26.699092864990234,26.751482345861994,25.847761826048536,25.86740689398763,51376808
2019-01-30,27.229536056518555,27.34086599662029,26.67289688814556,26.69909030955732,36067880
2019-01-31,28.04206085205078,28.15436044143695,27.315410981843957,27.33522761901929,40927452
2019-02-01,28.326122283935547,28.48466338877135,28.10812594075981,28.319514080540877,27239681
2019-02-04,28.035459518432617,28.29969466728451,27.7183746837803,28.29969466728451,19426485
2019-02-05,27.81746482849121,28.227032653276144,27.78443709296596,28.028855616003828,21127641
2019-02-06,27.962800979614258,27.989225829873313,27.606082765317115,27.691960208620564,16450410
2019-02-07,27.54661750793457,27.843882992521877,27.222927185236816,27.817458154411433,24248008
2019-02-08,27.896730422973633,27.903335968590998,27.407893486992645,27.434318325491702,27500125
2019-02-11,27.533409118652344,27.949579775500137,27.42110686570007,27.929763136994936,27102134
2019-02-12,27.658918380737305,27.751401334382518,27.341836244836298,27.55322433543697,30540177
2019-02-13,27.54661750793457,27.784430426810328,27.341834972689476,27.691947477468112,24757195
2019-02-14,27.724979400634766,27.82406791049207,27.49377464832104,27.546621676509602,19864949
2019-02-15,28.009033203125,28.08169952525805,27.79764509515595,27.99582211038441,19168993
2019-02-19,28.141155242919922,28.31291009185791,27.870311875296235,27.9033422668682,24432985
2019-02-20,27.876920700073242,28.114731025397788,27.69856030004957,28.094914383630826,27354884
2019-02-21,27.8372802734375,27.956185416933536,27.652314355972702,27.75800840708692,19611883
2019-02-22,28.37895965576172,28.491259234778283,27.890122756945676,27.942969773896376,24779329
2019-02-25,28.45822525024414,28.649796658447727,28.365744974310847,28.431803073128645,25274815
2019-02-26,28.41860580444336,28.55732761381778,28.27327579154745,28.378969863466228,16548959
2019-02-27,28.35914421081543,28.55071566925611,28.279875002652574,28.39217459690064,16475074
2019-02-28,28.6365966796875,28.92065113005465,28.319511839082516,28.372361525875093,39002427
2019-03-01,28.643207550048828,28.927262053209287,28.596966057533624,28.808356875901953,26667781
2019-03-04,28.451631546020508,28.795138583674728,28.326120840432903,28.69605006619813,22805820
2019-03-05,28.33272933959961,28.57054233752849,28.30630449270509,28.46484826201131,26529812
2019-03-06,27.652315139770508,28.319509852351654,27.493774058605375,28.286482120460942,22410359
2019-03-07,27.341838836669922,27.67213209553576,27.249355874257905,27.652315456174588,29046132
2019-03-08,27.011531829833984,27.374855327804234,26.648208331863735,27.302191690621722,31306119
2019-03-11,27.41450309753418,27.4277141907278,26.952090931487433,27.15026795351175,29161545
2019-03-12,27.56644058227539,27.691953944560268,27.328627607861534,27.54662394108681,24170539
2019-03-13,27.751401901245117,27.830673764854453,27.447530850792226,27.658918945710806,23715316
2019-03-14,27.209720611572266,27.797646132834448,27.170084675840997,27.74479910386942,32119596
2019-03-15,27.599475860595703,27.665533998951243,26.991730894808246,27.236149459563595,74768652
2019-03-18,27.619285583496094,27.79104041861914,27.513591526203445,27.592863397187926,18994345
2019-03-19,27.94297981262207,28.0288572420301,27.579656108555547,27.724983465357873,26403227
2019-03-20,27.857101440429688,28.00903699560858,27.599471816955067,27.87692073825405,23499035
2019-03-21,27.976001739501953,28.167570526776494,27.658916963815013,27.698552892779574,24262553
2019-03-22,27.64571189880371,28.15436557263701,27.632500804945735,27.876919321468904,19620105
2019-03-25,27.672130584716797,27.843885407256057,27.526800602579648,27.61928355994236,19823316
2019-03-26,28.02224349975586,28.20720941698886,27.830674692370053,27.876916171678303,20849279
2019-03-27,27.75800895690918,28.16757407709677,27.69195083766179,27.969397063324724,19455048
2019-03-28,27.936368942260742,27.989215968127898,27.784433410888937,27.863702621674747,16915541
2019-03-29,28.05527114868164,28.127937461658473,27.87030524950014,28.009029673886264,21681834
2019-04-01,28.299692153930664,28.36575292729918,28.108120692015632,28.12793998643811,20345046
2019-04-02,28.34593963623047,28.524300043658464,28.233640016161917,28.37236448238032,18625129
2019-04-03,28.299692153930664,28.45162768303055,28.108120692015632,28.398780657953626,16200402
2019-04-04,28.233633041381836,28.352538179606167,28.07509197173949,28.266660770872086,12990972
2019-04-05,28.398784637451172,28.590356126210956,28.332726510855796,28.392179090394652,15559043
2019-04-08,28.497867584228516,28.590350537000386,28.345932063540346,28.451626107842582,15410323
2019-04-09,28.299692153930664,28.405386204084518,28.12793998643811,28.392175111822738,18825072
2019-04-10,28.22702980041504,28.352540494786233,28.1741827728856,28.352540494786233,13202615
2019-04-11,27.92315673828125,28.293088595843184,27.738193465530276,28.26666375343305,20214877
2019-04-12,27.553226470947266,27.969397138576312,27.46734905647369,27.969397138576312,21338546
2019-04-15,27.804258346557617,27.82407499116003,27.394693109862637,27.6523227698472,18362788
2019-04-16,27.03136444091797,27.942980480668382,26.971911856071955,27.890133443468546,27506976
2019-04-17,26.344350814819336,27.084212006069563,26.0206630376645,27.0181538722897,42412117
2019-04-18,26.01405143737793,26.37737507268084,25.379884470134968,26.37737507268084,50579774
2019-04-22,25.74981689453125,26.093323934380198,25.637517282281646,25.78284728591121,31018904
2019-04-23,26.040470123291016,26.185800089090268,25.683752082158122,25.822476502606886,26672102
2019-04-24,26.007450103759766,26.185810523412663,25.868728284063682,26.093327539594906,21196994
2019-04-25,26.165990829467773,26.311320836236867,25.87533081592959,25.928177849661054,18130065
2019-04-26,26.403793334960938,26.417007081503836,26.060289045434715,26.205616353141487,20053193
2019-04-29,26.15277671813965,26.436831180545614,26.152776718139645,26.40380078890788,23229001
2019-04-30,26.82657814025879,27.203115552408036,26.291499638373566,26.687853690728538,34360400
2019-05-01,26.932273864746094,27.031362383959422,26.535919787892777,26.813368704102185,20703406
2019-05-02,27.090816497802734,27.097424701350544,26.80676467440078,26.95870023539311,20471210
2019-05-03,27.341838836669922,27.414502503690827,27.10402588418616,27.229536578866796,18664759
2019-05-06,27.51358985900879,27.592861725189767,26.97851140236176,27.024752881629027,25973406
2019-05-07,26.97190284729004,27.553222718354235,26.75390922365573,27.34183464015981,27603838
2019-05-08,27.051179885864258,27.104026915534895,26.71427841169515,26.95209137322805,23811968
2019-05-09,27.084501266479492,27.217789267645852,26.811255772873746,26.85790737715798,19732461
2019-05-10,27.137821197509766,27.204465208393994,26.571337726438944,27.077838640168142,17391527
2019-05-13,27.037853240966797,27.09116898440763,26.75794357821213,26.811259321652965,28010788
2019-05-14,27.097827911376953,27.237782715866285,27.03118123518973,27.05117630988051,26772759
2019-05-15,27.42438316345215,27.51768635528986,27.124481195225012,27.231112648872056,33520678
2019-05-16,27.75094985961914,27.977543753419695,27.424388623174437,27.424388623174437,25508486
2019-05-17,27.63765525817871,27.864246480637618,27.49103630499307,27.524356967362415,29187684
2019-05-20,27.71763038635254,27.79760534346157,27.511031540005856,27.591006497114886,24251591
2019-05-21,27.770944595336914,27.864247813608205,27.650984845894953,27.797603806094557,28785056
2019-05-22,27.984207153320312,28.130826097333916,27.69096926529311,27.78427247326419,25274604
2019-05-23,27.937559127807617,27.9775466048581,27.757616820873945,27.884243384935978,25495944
2019-05-24,27.957548141479492,28.197470295145955,27.904232405063244,28.030858953793516,15383341
2019-05-28,27.924224853515625,28.31076323626659,27.91755804245253,28.090836179191275,49440610
2019-05-29,27.80427360534668,27.884248574331384,27.511035625186118,27.790945337045066,26895761
2019-05-30,27.924224853515625,27.957545510898893,27.71095924833052,27.777605922269935,17344308
2019-05-31,27.67097282409668,27.977541640696717,27.624323901999727,27.784271102234612,22639288
2019-06-03,27.937559127807617,28.117498755154276,27.704301078002302,27.744288555052787,22643082
2019-06-04,28.14415740966797,28.490711071272017,28.01753084811072,28.310768767897756,18453537
2019-06-05,28.310768127441406,28.550690299983824,28.26411651945852,28.39074307815118,21418861
2019-06-06,28.46405029296875,28.717300698708193,28.31076454358164,28.524030158614778,24494222
2019-06-07,28.604005813598633,28.823935586511737,28.564021018147958,28.643993288636185,20023470
2019-06-10,28.70397186279297,28.817270150204752,28.437393173914455,28.817270150204752,15275727
2019-06-11,28.43739128112793,28.85725302311403,28.35741633999411,28.7906090252269,18813162
2019-06-12,28.71063804626465,28.77062060018611,28.29744037908583,28.30410451183556,16296843
2019-06-13,28.324094772338867,28.75062063247406,28.23745570215397,28.70396903157346,14464042
2019-06-14,28.49737548828125,28.570683629165696,28.310769050267034,28.33742826123492,13197872
2019-06-17,28.577354431152344,28.59068269870349,28.22413658393544,28.457391984429943,14094931
2019-06-18,28.70397186279297,28.877250020254074,28.537360517192244,28.537360517192244,22833434
2019-06-19,28.990537643432617,29.05051749696214,28.717294897537688,28.770610620629043,21753611
2019-06-20,29.05718994140625,29.397079448105977,28.997210070714953,29.210473024100356,23500300
2019-06-21,29.103845596313477,29.323775392227088,28.863926080170867,29.02387331746166,38141203
2019-06-24,29.1638240814209,29.25712461378489,28.970553525178122,29.117172475445514,24624075
2019-06-25,29.1638240814209,29.517041852613527,29.1638240814209,29.223803952078743,28429015
2019-06-26,28.650653839111328,29.19047798565861,28.32409530623812,29.110503045582515,41009348
2019-06-27,28.943897247314453,29.03053633569776,28.66399026270332,28.670654395719414,21994977
2019-06-28,28.870582580566406,29.13716123890567,28.64398871128819,28.95721896978513,39726209
2019-07-01,29.170494079589844,29.243802229671513,28.883920253769816,28.997215885526636,21341392
2019-07-02,29.47039031982422,29.47039031982422,29.09717747109429,29.11050573580985,16541898
2019-07-03,29.590347290039062,29.69697875695012,29.310437679707636,29.570354894838196,10297580
2019-07-05,29.27045249938965,29.557026237637206,29.17714929718875,29.530367031471304,18295227
2019-07-08,28.857255935668945,29.237132925015597,28.643992977236294,29.1904813179101,23955312
2019-07-09,28.903907775878906,29.19048155332572,28.85725616839717,28.937231118247823,14223308
2019-07-10,29.363759994506836,29.397080657602487,28.950559655838656,29.090514479601094,15298599
2019-07-11,28.643993377685547,29.03053450493879,28.24412398524064,28.87058728387821,38383518
2019-07-12,28.25745391845703,28.650659201516838,27.997539333942584,28.597343458016105,33580967
2019-07-15,28.490705490112305,28.504033753058888,28.15081602786934,28.170808422289213,20363912
2019-07-16,28.557348251342773,28.637323184741888,28.31076199954622,28.517360784643216,19553386
2019-07-17,28.48404312133789,28.783945133713722,28.477378989452195,28.717301135270183,16341532
2019-07-18,28.69730567932129,28.69730567932129,28.357416200553747,28.56401768420244,13728877
2019-07-19,28.504039764404297,28.79727768859005,28.504039764404297,28.783949422832606,23552579
2019-07-22,28.537363052368164,28.67065374844196,28.357420746647893,28.544027185233805,12552086
2019-07-23,28.71729850769043,28.810599025139915,28.49070464637675,28.557348638722484,19586904
2019-07-24,28.584007263183594,28.657315385317183,28.237453686765036,28.657315385317183,18117838
2019-07-25,28.43739128112793,28.65731834986606,28.344088076334,28.544022749581966,17514634
2019-07-26,28.71729850769043,28.77061423748429,28.277441727201303,28.43072478530695,21062187
2019-07-29,27.62432098388672,28.657314884357625,27.551010183448376,28.104162533903,64559186
2019-07-30,25.8515682220459,26.817918228222496,25.724941681309637,26.544675431287544,95739668
2019-07-31,25.88489532470703,26.438047867558076,25.664968206069904,25.72494808573574,56309423
2019-08-01,25.73017692565918,25.979070189861876,25.346748662456545,25.770538507221566,51624920
2019-08-02,25.562000274658203,25.925249006329988,25.39383021667162,25.730170332644786,29153640
2019-08-05,24.862415313720703,25.447651489930333,24.492440006202635,25.400563428465556,46030183
2019-08-06,24.855690002441406,25.09785680069169,24.53280003655564,25.01713363305621,31985843
2019-08-07,24.606796264648438,24.741333973308873,24.122462677195756,24.653884327446782,32017253
2019-08-08,24.801870346069336,24.855684878513895,24.620244608659203,24.687512098051002,23356429
2019-08-09,24.45207405090332,24.774961239206586,24.290627752096142,24.734599664504792,25391703
2019-08-12,23.806299209594727,24.431894210040866,23.395959650282112,24.425167731066924,44212665
2019-08-13,23.678485870361328,24.08882268819705,23.64485347850958,23.83320298684602,45549453
2019-08-14,23.032703399658203,23.530489729202955,23.00579749246926,23.496854640561846,38633421
2019-08-15,23.19415283203125,23.261423026353572,22.851086200540966,23.073070809700045,30713665
2019-08-16,23.30851173400879,23.550678490116347,23.20088266566225,23.35559978949236,30012334
2019-08-19,23.6650333404541,23.7592094486487,23.429593069967602,23.46322816708156,21997296
2019-08-20,23.281600952148438,23.651578882962955,23.254695039888723,23.61121730991795,19932510
2019-08-21,23.456501007080078,23.624671078452614,23.42286591094336,23.503589059809272,19208728
2019-08-22,23.59776496887207,23.698670268007678,23.409415442590724,23.517044516081725,16933142
2019-08-23,23.099979400634766,23.779388888954387,22.98562115228632,23.685212780740656,27765311
2019-08-26,23.436323165893555,23.449778829609407,23.194156379536555,23.288332502267387,17468680
2019-08-27,23.099979400634766,23.604492334168604,23.07979726050005,23.550677801568703,24715351
2019-08-28,23.59776496887207,23.644855731262176,23.059619601417058,23.11343413816256,26047924
2019-08-29,23.765933990478516,24.075368203813518,23.698666506387767,24.075368203813518,19610302
2019-08-30,23.913925170898438,24.02828070788752,23.73229944361129,23.961013222244905,18873346
2019-09-03,24.297359466552734,24.404988540534,23.887019903097393,23.954290102827557,26624989
2019-09-04,24.102279663085938,24.48570788368025,24.01483003019458,24.418440391655356,20649441
2019-09-05,24.445343017578125,24.539521821190714,24.14263528721068,24.290625913478454,22096794
2019-09-06,24.552978515625,24.600066572273896,24.29062961230013,24.458802402327215,20873416
2019-09-09,24.774967193603516,24.781693673561193,24.304089254660248,24.61352356065064,24675616
2019-09-10,25.144935607910156,25.144935607910156,24.230083295226564,24.613514143360685,32250397
2019-09-11,25.16512107849121,25.400561366704423,24.822051716996473,25.387108408708187,16963181
2019-09-12,25.07767105102539,25.306384856672853,24.929680401407804,25.27274975755111,16692303
2019-09-13,24.82877540588379,25.292926746497706,24.62697023999465,25.151665294099715,24099605
2019-09-16,24.774967193603516,24.902778426768,24.452079927697767,24.526073911888428,19877070
2019-09-17,24.552978515625,24.7547836999329,24.452075923471053,24.748057221076735,22091945
2019-09-18,24.472253799438477,24.70096758924165,24.391533353656328,24.600065003522282,19679550
2019-09-19,24.559701919555664,24.734598461885753,24.445343679351527,24.499160912774308,17746409
2019-09-20,24.680782318115234,25.05748669949231,24.53952087975407,24.815319983557796,45990658
2019-09-23,24.37807846069336,24.613518736346272,24.371351982054083,24.472254570954522,17295191
2019-09-24,24.223360061645508,24.6067909611257,24.20318062679098,24.3982593156735,24186560
2019-09-25,24.149370193481445,24.452077995595438,24.0148324909899,24.156096672907626,20269685
2019-09-26,24.068645477294922,24.378079738859448,23.927381304496556,24.26372418668469,17059728
2019-09-27,24.364627838134766,24.445348294196688,24.028284941351636,24.12246106063715,17583671
2019-09-30,24.16954803466797,24.4251677592517,24.162821555686264,24.404988322306593,17205391
2019-10-01,23.833202362060547,24.230086212751296,23.833202362060547,24.169545204349678,22013001
2019-10-02,23.342144012451172,23.725574933120292,23.315238097824945,23.718848454463735,22458000
2019-10-03,23.846660614013672,23.860113571863348,23.27487744953308,23.348874127017858,22076135
2019-10-04,24.16954803466797,24.203183134232287,23.8466608156114,23.87356673153821,18065349
2019-10-07,24.102279663085938,24.39153447670768,24.082097522219474,24.09555318434902,11759373
2019-10-08,23.833202362060547,24.13591010872412,23.826475883866532,23.981192996295324,14761270
2019-10-09,24.008100509643555,24.142635476647833,23.90047145417799,23.981191893449484,13634333
2019-10-10,24.07537078857422,24.223361433186636,23.947562284614577,23.99465033993015,12198680
2019-10-11,24.290626525878906,24.606789924536404,24.26372061387298,24.310808664538758,18446054
2019-10-14,24.418439865112305,24.452074962727316,24.203181731549762,24.324263755514778,8700981
2019-10-15,24.552978515625,24.71442212214017,24.492437501263783,24.519343416688432,15178232
2019-10-16,24.445343017578125,24.721144836617977,24.431890061914327,24.640424397979864,14435795
2019-10-17,24.526071548461914,24.76151184757371,24.465530530020576,24.546253691046317,15312090
2019-10-18,24.526071548461914,24.68751516585746,24.452077571401595,24.505892110533445,14219198
2019-10-21,24.526071548461914,24.67406220723848,24.458804050711084,24.653882769310012,13237081
2019-10-22,24.50589370727539,24.687516774433504,24.384808957847202,24.49244074777985,14549416
2019-10-23,24.734600067138672,24.741329250244796,24.36462481977005,24.425165830480466,14000598
2019-10-24,24.47898292541504,24.781690715312813,24.391535991747762,24.721149698264433,19998385
2019-10-25,24.734600067138672,24.808596739405747,24.425165830480466,24.48570684119088,17497665
2019-10-28,25.07767105102539,25.21220874285659,24.768236794003826,24.795145414232373,25800339
2019-10-29,25.703266143798828,26.073241378020906,25.50818745704276,25.562001987390417,32212032
2019-10-30,25.8848876953125,26.113601464756243,25.763805685089856,25.837799645858063,22019430
2019-10-31,25.810895919799805,25.952160080123114,25.68308471627236,25.82434887659567,24539860
2019-11-01,25.824344635009766,26.194322523372687,25.824344635009766,26.02614977242404,19263220
2019-11-04,25.582181930541992,26.059788939608648,25.582181930541996,26.03960679991742,17709730
2019-11-05,25.212207794189453,25.629271107120704,25.205481315549356,25.58218305198437,21688474
2019-11-06,25.299654006958008,25.380374444386682,25.124754767327836,25.299654006958008,18757722
2019-11-07,25.06873321533203,25.523787375983254,25.048358756369375,25.401535160618007,22727297
2019-11-08,25.163818359375,25.238530167150824,25.014397474617887,25.04835763549731,26626886
2019-11-11,25.082311630249023,25.136646235821992,24.960056719614442,25.068725930760383,12542916
2019-11-12,25.10948371887207,25.19098701259485,24.926102673393085,25.014397453127007,13338370
2019-11-13,24.858186721801758,25.095902401840977,24.654431204852347,25.095902401840977,25855252
2019-11-14,24.824228286743164,24.966857704695226,24.66801589492755,24.83102250446985,25190600
2019-11-15,25.32002830505371,25.449074719400116,24.80384810925664,24.87855990987674,36378810
2019-11-18,25.279281616210938,25.428705246734683,25.102694769692093,25.394745082452484,18084532
2019-11-19,25.5781192779541,25.59170497994614,25.34719784441627,25.421906916797813,26475110
2019-11-20,25.163818359375,25.598498041612384,25.13665241530709,25.51699474781958,19947582
2019-11-21,25.632457733154297,25.76829291259574,25.157026412725795,25.272487134489367,20942664
2019-11-22,26.033178329467773,26.087512955361653,25.598501322316714,25.666418921985347,25544006
2019-11-25,26.270889282226562,26.406727187838012,26.11467691963087,26.13505137661511,31592385
2019-11-26,26.006004333496094,26.209759800237975,25.843000506261397,26.175799645516314,34620633
2019-11-27,26.23693084716797,26.29126546682403,26.033175340759108,26.06713550209211,19201034
2019-11-29,26.16221809387207,26.406725213372813,26.155426608718468,26.175801064179282,9793873
2019-12-02,26.006004333496094,26.352389173116098,25.978835663559956,26.345597688330574,15645998
2019-12-03,25.843008041381836,25.94488580445757,25.70037862691684,25.781879198900526,20869832
2019-12-04,25.904136657714844,25.98563723757874,25.734341279769545,25.965262775311544,14501248
2019-12-05,25.829418182373047,26.060342349237963,25.66641433383014,26.060342349237963,13098058
2019-12-06,26.006004333496094,26.162216675945267,25.958461209203385,25.99921284871057,12868708
2019-12-09,26.026382446289062,26.06713409152456,25.87696156762185,25.87696156762185,15641571
2019-12-10,26.135051727294922,26.2029720464092,25.938090448087927,25.99242506490269,19171311
2019-12-11,25.95846939086914,26.196185087256605,25.944886417016974,26.06034715635021,15569372
2019-12-12,26.175806045532227,26.230140667895338,25.924507393054817,25.924507393054817,13414469
2019-12-13,26.033178329467773,26.27089402450031,25.856591478011378,26.16222477271255,16678496
2019-12-16,26.58332061767578,26.759910211961206,26.25731284009587,26.284481520291735,24187824
2019-12-17,26.420318603515625,26.787078062014878,26.37956694572787,26.787078062014878,29038016
2019-12-18,26.413528442382812,26.542574910059905,26.2437330456665,26.495031762052072,27339390
2019-12-19,26.467857360839844,26.590112313933584,26.359188111953067,26.488234551752875,22022276
2019-12-20,26.644439697265625,26.854986651113148,26.467850167719916,26.725940246384045,58199772
2019-12-23,26.70557403564453,26.841409236371387,26.576527591079607,26.773491636007957,17454345
2019-12-24,26.685195922851562,26.787073685277516,26.624069811554953,26.712364600536066,5187683
2019-12-26,26.746326446533203,26.87537016396205,26.62407148545877,26.691991818542895,9384078
2019-12-27,26.70557403564453,26.90932956752973,26.658030896151654,26.78028312296481,10117662
2019-12-30,26.427099227905273,26.77348408051914,26.41351625782469,26.6919835292415,11554264
2019-12-31,26.610488891601562,26.624071866094578,26.291269875450386,26.345607235012526,15175703
2020-01-02,26.58332061767578,26.725950044415143,26.40673375418543,26.691992607664158,16514072
2020-01-03,26.440692901611328,26.65123992452453,26.264103314138985,26.298063480374815,14922848
2020-01-06,26.406728744506836,26.48823203883718,26.284476533805872,26.365977097341663,15771951
2020-01-07,26.318431854248047,26.576521957877787,26.27088872483249,26.56973047236047,20108107
2020-01-08,26.528980255126953,26.637649490836672,26.318433269590063,26.325224755472608,16403507
2020-01-09,26.413528442382812,26.671618646941592,26.345610829855367,26.671618646941592,21971895
2020-01-10,26.821029663085938,26.916115923947086,26.46785329308498,26.47464477874729,21557357
2020-01-13,26.766700744628906,27.01120793449059,26.630862810084647,26.909330166281134,15392405
2020-01-14,27.21495246887207,27.221743953234483,26.6919808650277,26.780272892532913,20919160
2020-01-15,27.622468948364258,27.75830685539233,27.282875546191292,27.296461248450196,23925800
2020-01-16,27.58171272277832,27.71075912264387,27.384748746074784,27.70396763803947,16216422
2020-01-17,27.513797760009766,27.717553240676395,27.452671661968626,27.55454940230194,23083970
2020-01-21,27.398338317871094,27.615676779101,27.29646057282028,27.425504260127653,23115696
2020-01-22,27.296464920043945,27.445883087840013,27.14704129065829,27.38475697723348,18097812
2020-01-23,27.649633407592773,27.731136693594973,27.25570814070022,27.29645978370132,27148510
2020-01-24,27.045162200927734,27.826226819539794,26.922909985719677,27.80585236060334,34143698
2020-01-27,27.276090621948242,27.459471704010255,26.658032502102326,26.766701761548305,31964026
2020-01-28,25.904136657714844,26.821036614050637,25.775090204303943,26.705575866279638,70202408
2020-01-29,25.523786544799805,26.06713547151767,25.503412086500646,25.89054864054124,34165726
2020-01-30,25.43459129333496,25.503205428753816,25.17386475133708,25.45517663743658,32316589
2020-01-31,25.551233291625977,25.69531690165226,25.317950205320425,25.34539641022865,33894005
2020-02-03,25.736480712890625,26.10012838663438,25.592394367222425,25.70217641060489,20875735
2020-02-04,25.859981536865234,26.237348129926716,25.81881362011384,26.127568857715705,31150865
2020-02-05,26.189327239990234,26.4637782618533,25.949186044222408,25.96976862945169,29443490
2020-02-06,26.25107765197754,26.415749367929042,26.093269556432244,26.374581438941163,21047748
2020-02-07,26.10699462890625,26.34713582916768,26.024658769068655,26.319692381681772,21903596
2020-02-10,25.94232177734375,26.22363365394002,25.880571264504756,26.216772792367887,19998385
2020-02-11,26.134443283081055,26.161889494724928,25.908023761453677,25.997220500933153,16027335
2020-02-12,25.8942928314209,26.203048119549138,25.88056835113178,26.13443399417208,22944315
2020-02-13,25.338531494140625,25.784509493345332,25.311085293624195,25.784509493345332,22099745
2020-02-14,25.05036163330078,25.414006589423764,24.988611123523235,25.365977802110187,21006747
2020-02-18,24.91999626159668,25.160140191108383,24.88569195644472,25.077804341364487,17988513
2020-02-19,24.85824966430664,25.043503976029623,24.84452794008717,24.974889837552205,17750941
2020-02-20,24.59752655029297,24.741612950815895,24.295632023108865,24.501468949944353,42953135
2020-02-21,24.50832748413086,24.576941625682966,24.37796558082413,24.535773692489734,32425256
2020-02-24,23.78789520263672,24.288765680592842,23.739866413297513,24.041760872375452,37969296
2020-02-25,23.28016471862793,23.835924867866943,23.12921748354215,23.794756938536295,41878898
2020-02-26,23.822200775146484,24.158399520749587,23.341912911871166,23.49286013194489,47920005
2020-02-27,23.396804809570312,24.50146424265893,23.396804809570312,23.63008790255377,55444827
2020-02-28,22.930248260498047,23.287031088593764,22.319598313941526,22.978277062962636,66057447
2020-03-02,23.931982040405273,23.98001083068722,22.950825029143243,23.266442596803895,42034469
2020-03-03,23.53403091430664,24.549493652867554,23.232136437507993,24.137819867903936,46174475
2020-03-04,24.974885940551758,25.016053865476493,23.980008674766964,24.082927107733997,38712155
2020-03-05,24.32993507385254,24.82394472004253,24.12409818105504,24.460296967989645,35096303
2020-03-06,24.028038024902344,24.130956460285876,23.41052741260117,23.80847667304506,40931036
2020-03-09,23.16352081298828,23.801613959223715,22.751847103497173,22.957683958242725,43183856
2020-03-10,23.733001708984375,23.781030490546875,22.64892783165689,23.71927998816347,40548329
2020-03-11,22.072587966918945,23.245860146084606,21.72266470961243,23.163524288357237,65350213
2020-03-12,20.597423553466797,21.955947330752345,20.5837004501622,20.913039756677634,62731445
2020-03-13,22.44309425354004,22.559734414885643,20.74150682846538,21.455076416082917,60553038
2020-03-16,20.707204818725586,22.148064593266227,20.343559788612733,20.542535839584147,50995050
2020-03-17,22.065723419189453,22.401923517598224,20.988509001088893,21.708937980442645,54220606
2020-03-18,22.202951431274414,22.37448263058954,20.796398907318235,21.112015100234515,43884976
2020-03-19,20.871875762939453,22.12748124700062,20.590565214502906,22.106897279194012,59820929
2020-03-20,19.904438018798828,21.043403107451162,19.835825265214016,20.775814334011827,52488989
2020-03-23,19.547653198242188,20.29552708161992,19.129117209700816,19.732906108923853,52853041
2020-03-24,20.37786102294922,20.61800357649646,19.828963166550604,20.24749776481274,44466784
2020-03-25,20.412166595458984,21.077707363417872,19.8975744268754,20.240636792161,44601275
2020-03-26,21.7844181060791,21.949087074206478,20.50136653387024,20.50822877538432,43269967
2020-03-27,21.201210021972656,21.7775527061768,21.03653969838231,21.13259727219794,38290344
2020-03-30,22.415647506713867,22.539149905825145,21.304128673402044,21.304128673402044,29943508
2020-03-31,22.395065307617188,22.642068730737176,22.120615680361222,22.230394979525663,29466151
2020-04-01,21.7844181060791,22.148063111869167,21.633470862289823,21.90105828033307,26709625
2020-04-02,22.552873611450195,22.642068948041125,21.78441575123422,21.887334190024845,27186876
2020-04-03,23.081188201904297,23.25271938775913,22.388202597267334,22.388202597267334,32837370
2020-04-06,23.719287872314453,23.945707375877213,23.177249374135645,23.273306969189626,40503217
2020-04-07,23.060606002807617,24.130958367113468,23.046882899977824,24.014318200112477,24226295
2020-04-08,23.7398681640625,23.877093680678875,22.94396540919854,23.321333510876066,25523980
2020-04-09,24.281906127929688,24.54263267324361,23.911397516287327,24.034901306398094,30648107
2020-04-13,24.110370635986328,24.686716069563662,23.822200677887274,24.672991588747813,18270141
2020-04-14,25.002334594726562,25.132699243321422,24.24759842607444,24.652411336592856,21845309
2020-04-15,24.679853439331055,24.85824409025309,24.41226332491388,24.74160394316217,21312196
2020-04-16,24.61810302734375,24.878832311379504,24.412266151613224,24.782774734879958,20657451
2020-04-17,25.324811935424805,25.386562450223863,24.77591264664339,25.043502808589146,24404843
2020-04-20,24.755329132080078,25.324810984855652,24.755329132080075,24.96116601281076,22530620
2020-04-21,24.439716339111328,24.652414110874457,24.268186500942075,24.549495656234864,23975233
2020-04-22,24.871965408325195,25.386557529727433,24.782771463654345,25.359114087886976,20182624
2020-04-23,25.173860549926758,25.661009243599953,24.892551469466458,24.892551469466458,20185365
2020-04-24,25.64728546142578,25.681589761963576,25.235611785458428,25.276776946103784,17353794
2020-04-27,26.299104690551758,26.443191053064897,25.777651647952524,25.791376129160696,23394057
2020-04-28,26.010936737060547,26.909756529300672,25.647291751352416,26.793116361488043,35666728
2020-04-29,26.1550235748291,26.450054430490912,25.873711684301156,26.388303914593788,26518535
2020-04-30,26.319683074951172,26.42260148401089,25.6335585087604,26.072678341470052,29450973
2020-05-01,25.8256778717041,26.031514723806374,25.654148081182015,25.96976421991358,22679867
2020-05-04,25.81195831298828,26.017795182334886,25.66787195270773,25.798233831992768,19893512
2020-05-05,26.4226131439209,26.66275436523839,26.257944168497147,26.628450052873134,24123952
2020-05-06,26.4226131439209,26.765675578404686,26.4226131439209,26.738229369822303,24047432
2020-05-07,25.61184310913086,26.672074699403726,25.56333567220926,26.616635240479773,33546080
2020-05-08,25.79201316833496,25.902889306746754,25.667281343622832,25.81280366324208,19893618
2020-05-11,26.401813507080078,26.478040661111507,25.75043201137454,25.812797909829875,25620421
2020-05-12,25.889028549194336,26.498834784440824,25.87517007644311,26.415681161750747,19335314
2020-05-13,25.67420768737793,25.93060333034049,25.35544613908552,25.854378954088972,24596882
2020-05-14,26.277090072631836,26.30480702024066,25.487115273036714,25.500973746841126,22362507
2020-05-15,26.166213989257812,26.450326603622837,25.909818319619802,26.304804285258136,25460002
2020-05-18,26.381031036376953,26.651285174083608,26.076127932129545,26.568131555041408,22635177
2020-05-19,26.11077880859375,26.346383996993453,25.85438312427581,26.2285814027936,19476234
2020-05-20,26.076135635375977,26.471124497604897,26.020698944243563,26.297882399905628,17504200
2020-05-21,25.819730758666992,26.089984880590528,25.67420845111358,26.03454820907243,17652181
2020-05-22,25.98604393005371,26.006834425762676,25.61184565530265,25.715789775299207,15781226
2020-05-26,25.979116439819336,26.24244137576538,25.951396705738357,26.08998980377736,23260094
2020-05-27,25.92367935180664,26.01376500343016,25.618776212606196,25.92367935180664,25904158
2020-05-28,26.45725440979004,26.63742568550787,26.13849284556268,26.22164924761437,22521767
2020-05-29,26.464187622070312,26.63049764747141,26.041479143174776,26.51962429720401,48333067
2020-06-01,24.572406768798828,24.759504530698006,24.191276435473323,24.600123717443292,76884979
2020-06-02,25.057472229003906,25.057472229003906,24.426878369595524,24.620908106700355,42690900
2020-06-03,25.057472229003906,25.230714259782786,24.62783734214234,25.14755786211434,38751996
2020-06-04,24.95353126525879,25.14756102678108,24.738713794794542,24.74564303110853,27013388
2020-06-05,24.939672470092773,25.28615378458982,24.86344529925941,25.112911734249977,36705655
2020-06-08,25.355453491210938,25.362382728680988,24.724859447238458,24.80801308306223,30194149
2020-06-09,25.092126846313477,25.40395922856073,25.064407112117234,25.293085864141656,21675088
2020-06-10,24.89116096496582,25.25842992815141,24.870370473505695,25.196064026135403,29557217
2020-06-11,23.075611114501953,24.72486023593589,23.061752639119778,24.669423548223957,63166642
2020-06-12,23.387432098388672,23.6299664293377,22.902357864127207,23.616107961553574,37902472
2020-06-15,23.117183685302734,23.366650112218146,22.7014072358379,23.07560548311974,36247482
2020-06-16,23.144899368286133,23.532958829250507,22.67368629867384,23.27656180264571,55616945
2020-06-17,23.25577735900879,23.401299685999394,23.089467322240722,23.276566461877646,27509822
2020-06-18,23.03403091430664,23.19341171635729,22.853861009142555,23.054820017420074,32278855
2020-06-19,23.158767700195312,23.380515845676587,22.95087803019258,23.345866870796986,43986266
2020-06-22,22.943946838378906,23.117187518747595,22.80535512993886,23.09639841420871,23332503
2020-06-23,22.708337783813477,23.040959241220822,22.687548681520887,23.006310273036057,37690408
2020-06-24,22.306419372558594,22.68061902766364,22.17475691791737,22.666760555117897,30817695
2020-06-25,22.39650535583496,22.43808356028487,22.056954663131883,22.250983033351634,27418651
2020-06-26,22.202476501464844,22.368787932981704,21.904504001013063,22.34799882990567,42153992
2020-06-29,22.61825180053711,22.639039508147622,22.3133487051546,22.493518589417786,23956261
2020-06-30,22.65983009338379,22.784563312674873,22.33413926905348,22.542027503508177,25451676
2020-07-01,23.380512237548828,23.93487903297195,23.366652371117546,23.93487903297195,73503009
2020-07-02,23.91408920288086,24.149694373502626,23.58839839117074,23.99031358567538,45270881
2020-07-06,23.91408920288086,24.246709250646614,23.824003561792505,24.218992306424088,27150935
2020-07-07,23.581466674804688,23.803213349991765,23.53295924133473,23.59532514545831,25148018
2020-07-08,23.387432098388672,23.817066889150222,23.262698922877274,23.567600538127426,24256545
2020-07-09,23.186479568481445,23.47752418934431,22.93701314862506,23.373580079919353,20363702
2020-07-10,23.4428768157959,23.58839913610757,23.20727024464224,23.325072833673403,24459019
2020-07-13,24.399158477783203,24.75256898622716,23.92101615985658,24.066538461707893,56569129
2020-07-14,24.41302490234375,24.544685975091006,24.17048768125289,24.510039790780095,32854129
2020-07-15,24.752574920654297,24.946604702974664,24.579335635687094,24.939675465917933,26294454
2020-07-16,24.669418334960938,24.697135279868007,24.43381037233763,24.669418334960938,18421812
2020-07-17,25.11983871459961,25.175278171781144,24.759498960013953,24.849584595205965,23347365
2020-07-20,25.29308319091797,26.069199446006778,25.168348579492484,25.979113802118814,36815693
2020-07-21,25.424739837646484,25.694996722382605,25.306937269130025,25.59798185906946,23588520
2020-07-22,26.72058868408203,26.83839409271869,25.999908900515123,26.49191267741598,90705554
2020-07-23,26.616647720336914,27.31653987286026,26.457266863202804,27.184878758185196,59639536
2020-07-24,26.09691619873047,26.436468276783902,25.86824025874331,26.35331186977986,33870501
2020-07-27,26.013763427734375,26.159285751654096,25.798945953169287,25.88902881315344,27640307
2020-07-28,27.039342880249023,27.261089564482933,26.374100041364898,26.706720067715764,56393954
2020-07-29,27.205657958984375,27.33732181862742,26.64435912209661,27.23337769276609,37033660
2020-07-30,27.107694625854492,27.247642281500468,26.729839050365825,26.785817549941406,32273796
2020-07-31,26.925758361816406,27.11468752798809,26.4919243516902,26.785813540532004,28472124
2020-08-03,26.83480453491211,27.05172161646789,26.743838399609803,27.01673399210209,31036400
2020-08-04,26.862777709960938,27.065700756290145,26.652857705263568,26.80679922960251,29448549
2020-08-05,26.90477180480957,26.960750304998818,26.680857804052575,26.91876572650336,24292697
2020-08-06,26.778820037841797,27.35959871736498,26.694850883500177,27.128684949632532,20922111
2020-08-07,26.90477180480957,27.023725766034964,26.70184868659326,26.799811765277965,23097251
2020-08-10,26.862777709960938,27.051706839553813,26.771811624348587,26.97473467067779,19964552
2020-08-11,26.44294548034668,26.99573630161249,26.358979141811847,26.98173956734508,21326847
2020-08-12,26.82080078125,26.974742349410537,26.456939148635445,26.470935882769236,19957595
2020-08-13,26.708843231201172,26.71584019141508,26.505920131342474,26.63887081564825,15340021
2020-08-14,26.631877899169922,26.862788874945352,26.540911775749308,26.596890279374087,12901276
2020-08-17,26.83480453491211,26.876786308053514,26.55490916681496,26.617887453356328,17494187
2020-08-18,26.841787338256836,26.911759736663882,26.708836686528986,26.904762778164493,10846398
2020-08-19,26.771818161010742,27.0167258307592,26.67385790652514,26.925759722936377,15690055
2020-08-20,27.093698501586914,27.142680036410088,26.680855342397532,26.715840143404204,21957455
2020-08-21,27.205652236938477,27.28962137613666,26.988735242992245,27.226643115031276,25467170
2020-08-24,27.17766761779785,27.317615276383226,26.967747536626852,27.303621354548923,25011947
2020-08-25,26.87679100036621,26.98175107837355,26.554913802932386,26.94676626131452,26221201
2020-08-26,26.624879837036133,26.778821418992827,26.3519814780578,26.722842917682588,24083689
2020-08-27,26.49193000793457,26.58989309179776,26.36597907920432,26.561902433516458,22156556
2020-08-28,26.526912689208984,26.631872714749683,26.17004803968786,26.498922036138396,32830519
2020-08-31,26.44294548034668,26.603884010403526,26.240022374315455,26.477933095894315,30032465
2020-09-01,25.806184768676758,26.463935532641134,25.54728320145194,26.44294184083648,36145560
2020-09-02,26.030101776123047,26.100074192375022,25.470314005865657,25.729215603435986,29068688
2020-09-03,25.470312118530273,26.233022934157212,25.26039207191544,26.149053790145814,35956788
2020-09-04,25.44232749938965,25.631256690618894,25.099456733599467,25.533293614678843,26872257
2020-09-08,25.141437530517578,25.61725610395548,24.96650510030784,25.561277613751823,26736818
2020-09-09,25.316377639770508,25.645251684600986,25.288386982582278,25.393347023563418,27490533
2020-09-10,24.945510864257812,25.414332467876118,24.896529334720764,25.330366141107984,21650741
2020-09-11,25.239402770996094,25.26739061180771,24.805568731105406,25.00848901723111,24109301
2020-09-14,25.89715576171875,26.26801437726252,25.38634949021757,25.442327989917718,29565543
2020-09-15,25.862167358398438,26.13506288781986,25.75720732297374,26.023105891822045,22003726
2020-09-16,25.736221313476562,26.107079987958237,25.694236728675627,26.08608628885051,22208412
2020-09-17,25.764198303222656,25.869158314284288,25.575269157946387,25.736210467426663,17894390
2020-09-18,25.63125228881836,25.939132571652188,25.58926771870944,25.736212307383887,31694623
2020-09-21,25.20441436767578,25.526294220831417,24.75658642139619,25.44932203418102,26608968
2020-09-22,25.3653507232666,25.42133202518873,25.008486100640678,25.05746762976241,22727297
2020-09-23,25.19042205810547,25.45632062156103,25.169431176811845,25.42832996642227,23102521
2020-09-24,25.022483825683594,25.218407136530978,24.868542272823323,25.15543168613669,20859925
2020-09-25,25.22540855407715,25.295380968697526,24.8545499737857,24.868543894027017,14365598
2020-09-28,25.463315963745117,25.596266643730566,25.30237744381352,25.30237744381352,15044269
2020-09-29,25.309371948242188,25.568273509693736,25.211408891107713,25.491304143895775,13512491
2020-09-30,25.68023681640625,25.862169056911693,25.365356689452216,25.379353424931676,22629275
2020-10-01,25.449325561523438,25.953134884330996,25.302380941253386,25.82718114692204,22520396
2020-10-02,25.45631980895996,25.652245948435272,25.21141213461582,25.232405828653224,21461759
2020-10-05,25.715221405029297,25.806187514563728,25.428329156009575,25.561279840207117,19400029
2020-10-06,25.309371948242188,25.911144209664396,25.253393460367267,25.890150518327882,25233392
2020-10-07,25.519296646118164,25.603265799987053,25.211413499817567,25.372354846968594,22160034
2020-10-08,25.813182830810547,26.01610591758051,25.54728429276355,25.610259744040587,17857395
2020-10-09,25.743215560913086,25.974126532848352,25.603267897471408,25.771203405552892,23667465
2020-10-12,25.764198303222656,26.016102892453237,25.519290672941075,25.68022916900802,19413837
2020-10-13,25.8201847076416,25.981123253070663,25.631258317832284,25.659246162212543,21543233
2020-10-14,25.792192459106445,26.100072761788034,25.589269368343007,25.897152484438312,22120298
2020-10-15,25.57527732849121,25.708228031235983,25.4773170584965,25.63125864479423,16089205
2020-10-16,26.55489730834961,26.673854052705664,25.904146354284315,25.93913114961253,42993503
2020-10-19,26.449939727783203,27.18466269843892,26.337982745610987,26.883776550467573,31931352
2020-10-20,26.233028411865234,26.51292374140561,26.135065327867522,26.498927005538622,22384852
2020-10-21,25.946138381958008,26.205037195477214,25.932141646389095,26.13506477128939,18984859
2020-10-22,26.1910400390625,26.289003108876773,25.911147563460172,25.946135177940654,19243616
2020-10-23,26.715839385986328,26.785814612843478,26.344980811932956,26.540906945670965,30557884
2020-10-26,26.533912658691406,26.603885079183815,26.22602950706235,26.498925041738183,33783124
2020-10-27,26.1910400390625,26.67385842792054,25.799190573219242,25.9181445236735,36851529
2020-10-28,24.805570602416992,25.981121900291733,24.714604486089172,25.75021094252085,33857537
2020-10-29,24.68661117553711,24.938515801830405,24.210792576278095,24.82655881534755,27545341
2020-10-30,24.826560974121094,24.86154859046946,24.37873017583516,24.658625479794114,25631067
2020-11-02,25.351362228393555,25.365356150161322,24.868546606678642,25.141442148220627,21430666
2020-11-03,25.3233699798584,25.624256159439188,25.246400601559134,25.491308284173023,21636617
2020-11-04,26.121065139770508,26.673855891613062,25.862163569426055,25.93213597831979,40870536
2020-11-05,25.72518539428711,26.36849104150772,25.72518539428711,26.333146451449938,33926995
2020-11-06,25.732250213623047,25.9584697656973,25.51310242078136,25.72518129673744,23870676
2020-11-09,27.71165657043457,29.683992505980314,27.131974086117594,29.592090896402137,230153864
2020-11-10,27.344053268432617,28.65894295881652,27.18852855914647,28.59531986009654,80091668
2020-11-11,27.216812133789062,28.41859084268694,26.792654273625654,27.485445255736046,58980997
2020-11-12,26.54522705078125,27.103702875062574,26.326079209084654,27.061286521946034,46767877
2020-11-13,27.301639556884766,27.329918071460288,26.658333905526554,26.771442279133773,40175634
2020-11-16,26.389699935913086,26.827995579750063,26.050371983952736,26.76437247699104,75530167
2020-11-17,26.85356330871582,27.196310651197596,26.68963943085596,27.188860857816568,46984500
2020-11-18,27.062185287475586,27.881798799940665,27.047282861859323,27.516699320556913,63442700
2020-11-19,26.965328216552734,27.29317598385957,26.719445233420426,27.270820918230942,43261800
2020-11-20,27.345333099365234,27.79984725560809,27.151604356205414,27.345333099365234,60633800
2020-11-23,27.211206436157227,27.635915613867848,26.98022310487633,27.591208337454667,43673100
2020-11-24,27.27082061767578,27.375137623981423,26.838661532372132,26.920623473295528,42485300
2020-11-25,27.21866226196289,27.241017326299005,27.002584150596633,27.218662261962894,26955800
2020-11-27,27.7402286529541,27.762580869103356,27.3825789828314,27.40493119898066,25277000
2020-11-30,28.544950485229492,28.910050048209957,28.015924202935892,28.276712447412503,65425900
2020-12-01,29.364564895629883,30.17672882206581,29.06652199254691,29.357115102109308,72499700
2020-12-02,30.400259017944336,30.854773157712927,30.027706817130444,30.154376043427984,84347500
2020-12-03,29.871234893798828,30.571631992112632,29.446525621943444,30.534377341350304,68570100
2020-12-04,30.057510375976562,30.13947231138805,29.722212841269382,29.722212841269382,35368100
2020-12-07,30.73556137084961,30.84732818550106,30.079868599080665,30.295949591487776,48253700
2020-12-08,31.711645126342773,31.868116372319587,30.81006661830253,30.847324113166543,87039300
2020-12-09,31.182615280151367,32.09909611338897,30.646142091793404,32.091643478325025,86118500
2020-12-10,31.093204498291016,31.45830688410948,30.884576187736208,31.160264004161853,57749200
2020-12-11,30.638687133789062,31.346536766780986,30.31829206667006,31.272027475875415,60737000
2020-12-14,29.215532302856445,31.0410379928075,29.11121817926153,31.011233145395614,94809700
2020-12-15,28.842988967895508,29.19318892512246,28.470436789517066,29.10377719816895,65712800
2020-12-16,28.194746017456055,28.664162508856897,28.120236726530894,28.448081585887767,56515300
2020-12-17,28.33631706237793,28.403376566486596,27.799843871856073,28.187298468667542,52036400
2020-12-18,28.075531005859375,28.381023663374965,27.94141200086742,28.306514368311618,60259200
2020-12-21,27.852001190185547,27.866903618155597,27.50180123875809,27.777489050335287,40891800
2020-12-22,27.375137329101562,27.81474904557981,27.2708203239196,27.725334469709555,33634400
2020-12-23,27.89670753479004,28.05318161797609,27.479450892554432,27.576312417446157,36182000
2020-12-24,27.77003288269043,27.993563566232936,27.70297339339299,27.866897221086028,14790100
2020-12-28,27.43474006652832,28.001020925580583,27.330425919425885,27.837097070221137,26993700
2020-12-29,27.606115341186523,27.71788212958162,27.412389462628855,27.494351395138928,23152100
2020-12-30,27.375137329101562,27.747689534851,27.345332470478144,27.591215448251937,24889800
2020-12-31,27.42729377746582,27.50925287326687,27.039839151347564,27.315526981381588,30796500
2021-01-04,27.42729377746582,27.52415530223461,27.02493672237982,27.471998222021355,33565700
2021-01-05,27.71042251586914,27.844541491227858,27.27081095049263,27.360225495629635,29909400
2021-01-06,27.471988677978516,27.92650265537508,27.397479401372756,27.44218667274424,34962500
2021-01-07,27.613563537597656,27.680623031385757,27.322970502951193,27.59866111205063,27809500
2021-01-08,27.665721893310547,27.963761891079763,27.494348255065134,27.688074111497766,33462400
2021-01-11,28.142587661743164,28.1872949396675,27.680623825913568,27.732780895651725,47286900
2021-01-12,27.702972412109375,28.157486396542744,27.434734464421044,28.09042690962066,47831100
2021-01-13,27.464540481567383,27.69552095786163,27.30061665270292,27.56885461180954,31027900
2021-01-14,27.382585525512695,27.539056760637916,27.278271368762546,27.4049377470027,30272000
2021-01-15,27.345333099365234,27.404939975635145,27.121802339244372,27.3304306697108,34287800
2021-01-19,27.367673873901367,27.56885232655512,27.28571196626317,27.39002608785846,33451300
2021-01-20,27.196308135986328,27.427291502304172,27.166503280523226,27.412389074572623,35400100
2021-01-21,27.18140411376953,27.26336604031137,26.935521176491307,27.114344614085056,33829700
2021-01-22,27.23356056213379,27.44219169100566,27.0100298490935,27.06218692072466,26271200
2021-01-25,27.777488708496094,27.784941343563155,27.062189228821357,27.233562884846712,31728500
2021-01-26,27.79983901977539,28.015917079880982,27.688072251652475,27.77003416929635,27718700
2021-01-27,27.002578735351562,27.59866155506578,26.95041882392617,27.561406911773723,50561200
2021-01-28,27.01011085510254,27.36412047186647,26.995046310424488,27.077899869519715,39466700
2021-01-29,27.04024314880371,27.778388685891898,26.829342371586765,27.778388685891898,60251900
2021-02-01,26.964920043945312,27.258671512749004,26.904664732193265,27.062838157969345,40395800
2021-02-02,26.354820251464844,26.949853992328254,25.812508109646803,26.934789446914614,84062400
2021-02-03,26.241836547851562,26.580781622930402,26.19664291341834,26.354819197300554,38524200
2021-02-04,26.279495239257812,26.422606971608953,26.136386380174663,26.219239936111013,34284900
2021-02-05,26.30209732055664,26.422613704093823,26.196648358230338,26.30209732055664,31749600
2021-02-08,26.226776123046875,26.369885011331085,26.166520807605107,26.332225080021406,31633900
2021-02-09,26.339763641357422,26.407552679507287,26.18158730349499,26.211716403399176,30170200
2021-02-10,26.16651725769043,26.42260877842927,26.13638816742276,26.362350597893922,29039900
2021-02-11,25.933021545410156,26.21924216113376,25.820038891678458,26.211708451808587,30885200
2021-02-12,26.151453018188477,26.324690979349942,25.8802969491468,25.94055225711816,25578600
2021-02-16,26.128862380981445,26.256909616811278,26.030947117824056,26.2493759053259,28730300
2021-02-17,26.279495239257812,26.36234879519416,25.955614724198274,26.03846828013462,26389400
2021-02-18,26.030942916870117,26.271969926661345,26.000813822329064,26.196647190308713,24052500
2021-02-19,25.9405517578125,26.12132342478352,25.910425541040805,26.106258879763587,28145300
2021-02-22,25.804977416992188,25.887830989818934,25.639273144607273,25.85770476873805,34322500
2021-02-23,25.541353225708008,25.75225112476342,25.368115255302722,25.609142246585588,37624200
2021-02-24,25.420839309692383,25.646801751124872,25.360581126233942,25.511223711611713,30686100
2021-02-25,25.47356414794922,25.691995756207938,25.26266624936473,25.47356414794922,37506100
2021-02-26,25.225006103515625,25.53382211232642,25.127087991472685,25.488628474475444,41462800
2021-03-01,25.375646591186523,25.556418274840937,25.240068546762824,25.30032673240377,30407800
2021-03-02,25.240070343017578,25.526290998644622,25.232539505910733,25.368117559983087,27670400
2021-03-03,25.902896881103516,25.948090524972834,25.187346656150698,25.240071137363866,46020200
2021-03-04,25.759782791137695,26.43013923704844,25.488626729136012,25.804973552625874,45449600
2021-03-05,25.902896881103516,26.023410391486298,25.57901628321191,25.827577014590055,30589900
2021-03-08,25.872766494750977,26.264436102277134,25.85770482081449,25.970684614949665,24352300
2021-03-09,25.948083877563477,26.24936613970323,25.940550168880886,26.015872889366822,25167100
2021-03-10,26.309629440307617,26.46780287423286,26.000813409338477,26.091197818257392,33501800
2021-03-11,26.143918991088867,26.45273498301714,26.10625906490604,26.41507505683432,24557900
2021-03-12,26.317157745361328,26.347286836525267,25.993277198519692,26.030939999108753,16342400
2021-03-15,26.671167373657227,26.686231919233713,26.332222281357016,26.369882208664087,21896100
2021-03-16,26.987520217895508,27.010115602249773,26.595850607232837,26.71636411256992,25022400
2021-03-17,26.95738983154297,27.085434167773176,26.452737576752885,26.987518924750713,42540100
2021-03-18,26.942325592041016,27.09296818652837,26.754023067248948,26.76155390400249,24729800
2021-03-19,26.761552810668945,26.97998442008824,26.716362045456947,26.927259945161982,48348900
2021-03-22,27.115562438964844,27.123093275404244,26.63350845532841,26.723892858943145,25427500
2021-03-23,26.633506774902344,27.062836256569515,26.60337768450895,26.97998269462178,27970500
2021-03-24,26.82181167602539,27.062838674167754,26.641039990784385,26.72389356013366,22883400
2021-03-25,26.86700439453125,26.957391680353492,26.55065751395942,26.85194272016288,24875300
2021-03-26,27.30386734008789,27.333996435013148,26.844408698917913,26.87453779384317,27944500
2021-03-29,27.58255386352539,27.672941146920092,27.040244529500157,27.138159776608195,27004800
2021-03-30,27.19841957092285,27.590089202279046,27.130630541009882,27.559960106035778,26303300
2021-03-31,27.288799285888672,27.439441867888068,27.145690413286797,27.228543977049878,26582700
2021-04-01,27.341527938842773,27.454510610933298,27.13063001576041,27.34152793884277,21319900
2021-04-05,27.32646942138672,27.54490110322168,27.190891334266354,27.446982957352674,22096900
2021-04-06,27.153226852416992,27.416852143631424,27.115566917463177,27.311400303184335,20722900
2021-04-07,27.047773361206055,27.296334062210722,26.93479070197332,27.138157764631217,21933800
2021-04-08,27.08543586730957,27.228547632391994,27.017646839972805,27.08543586730957,18129400
2021-04-09,27.567493438720703,27.725669771680735,27.040248573084014,27.040248573084014,31686700
2021-04-12,27.846181869506836,27.891372642381153,27.364127803721637,27.4771076091763,29944900
2021-04-13,27.989282608032227,28.35835676070536,27.785915569612506,28.177585102131818,33967400
2021-04-14,27.9968204498291,28.154996768140464,27.838647004786495,27.9968204498291,23842900
2021-04-15,28.320695877075195,28.426147694442147,28.06460435286335,28.06460435286335,24945800
2021-04-16,29.051315307617188,29.14923343180762,28.47887685683121,28.524067627020095,52829500
2021-04-19,29.32245635986328,29.34505173335124,28.870531650500737,29.073895758426822,30905100
2021-04-20,29.39779281616211,29.555969139853556,29.186894882265324,29.186894882265324,26459400
2021-04-21,29.774396896362305,29.87984585971578,29.473114554390765,29.48064539180083,29365000
2021-04-22,29.104032516479492,29.75179354451329,29.013648125416257,29.736729000458087,33373600
2021-04-23,29.119102478027344,29.24714968968525,28.945864499064257,29.096507094374754,24375000
2021-04-26,29.13416862487793,29.17936226793358,28.991059731771376,29.17182855745663,19773400
2021-04-27,28.9609317779541,29.081445290917447,28.885609036559014,29.00612254952236,19061500
2021-04-28,29.23208236694336,29.32999760231889,29.01365076814887,29.028715313576242,21963300
2021-04-29,29.073904037475586,29.375189178355683,28.855475327268962,29.3676583428043,23569400
2021-04-30,29.111572265625,29.29987479548475,28.991058761445505,28.998589598401715,28413200
2021-05-03,30.000362396240234,30.00789323368841,29.34506748076686,29.405325673427352,46638600
2021-05-04,30.090740203857422,30.2564444507466,29.699070657383494,30.128400129365502,52802200
2021-05-05,30.105804443359375,30.949398833910184,29.322465358356713,30.26397785284988,76627500
2021-05-06,29.809165954589844,29.83959192986603,28.87358897670233,29.269117950550665,54944900
2021-05-07,30.10581398010254,30.32639504044775,29.702677073442768,29.702677073442768,33807800
2021-05-10,30.31878662109375,30.638250611824247,30.257934679099197,30.29596859363594,30831900
2021-05-11,29.930862426757812,30.478518292567706,29.83958741631625,30.181872332447437,30568600
2021-05-12,30.189476013183594,30.36442098430068,29.900438009553692,29.999318057415437,26208600
2021-05-13,30.501327514648438,30.63824144157655,30.044949692607688,30.044949692607688,25415000
2021-05-14,30.440481185913086,30.66867011712431,30.364416274456218,30.607821089538504,18041100
2021-05-17,30.508934020996094,30.729517881958905,30.43286911984721,30.47850806053654,18095000
2021-05-18,30.463298797607422,30.691487725740355,30.295961797819082,30.562181730377564,15805500
2021-05-19,30.295969009399414,30.349213008585185,29.99171509841186,30.349213008585185,20209500
2021-05-20,30.516544342041016,30.6154272798593,30.21229338952445,30.21989843016595,18621100
2021-05-21,30.387237548828125,30.881646421886124,30.356811583894785,30.58500051773538,21144800
2021-05-24,30.28075408935547,30.53176108354257,30.257933161461985,30.486125030915908,16922300
2021-05-25,29.91565704345703,30.318791062697706,29.847200049474583,30.288365087243125,25916300
2021-05-26,29.603784561157227,29.8928254214538,29.497296586726826,29.885220381100066,28036500
2021-05-27,29.398422241210938,29.80155619427594,29.36038832734573,29.641824201730966,38471200
2021-05-28,29.459266662597656,29.67985056148464,29.421235656274334,29.474479645442944,16154100
2021-06-01,29.284324645996094,29.664640550489548,29.269111661626745,29.619001597381505,23642400
2021-06-02,29.504907608032227,29.611395593576574,29.314749661965887,29.390811679760425,19629000
2021-06-03,29.64181900024414,29.69506298841598,29.3832040998753,29.482084134148874,17376300
2021-06-04,29.778736114501953,30.044956083725733,29.6798531681131,29.702671193595126,19375300
2021-06-07,29.657039642333984,30.12102267315307,29.641826655844437,29.72549663074672,24110700
2021-06-08,29.55054473876953,29.74831063479581,29.26911178074147,29.71788466593329,18880300
2021-06-09,30.28075408935547,30.3035721156688,29.649428279938547,29.664641264674152,29824000
2021-06-10,30.942502975463867,30.972928944943728,30.34160313534725,30.34921107850729,42613700
2021-06-11,30.539369583129883,30.934895587141515,30.387242634582222,30.927290545425222,21386900
2021-06-14,30.143831253051758,30.478508113955538,29.953673352215212,30.44808215344266,23408300
2021-06-15,30.11341667175293,30.303574644446098,29.96128971328232,30.20469168620314,20206900
2021-06-16,29.892824172973633,30.30356597283304,29.87761119132185,30.13622607624301,19177500
2021-06-17,30.029741287231445,30.1134112443894,29.71788238428444,29.870009315337096,19580100
2021-06-18,29.520122528076172,29.999318494455313,29.43645256206643,29.892830501926614,37775900
2021-06-21,29.98410415649414,30.029743109052685,29.573365189787406,29.573365189787406,19488100
2021-06-22,30.12862205505371,30.18947108213898,29.862399219514135,29.97649513497105,15975900
2021-06-23,29.70267105102539,30.16665691079979,29.649427057436203,30.14383888542729,22025400
2021-06-24,29.809165954589844,29.930866954113892,29.72549887495138,29.77113493628496,13436500
2021-06-25,29.649431228637695,29.976503179030825,29.580974241309356,29.755919230797236,22774300
2021-06-28,29.755916595458984,29.82437357672442,29.588579564705842,29.67224662929232,19225700
2021-06-29,29.740697860717773,29.877611796778748,29.649422870537002,29.763518784447687,14516600
2021-06-30,29.786346435546875,29.870016412585187,29.52773146178326,29.77113344866895,21248100
2021-07-01,30.09058952331543,30.14383350740525,29.74830469589548,29.793940738498463,20035900
2021-07-02,30.219900131225586,30.29596504982122,29.95368017009076,30.01452920338731,16592700
2021-07-06,29.88521957397461,30.15904744458862,29.695061652890395,30.029738549429958,18931900
2021-07-07,29.930862426757812,29.93847037021643,29.641824410096156,29.831982374437896,17665200
2021-07-08,29.854801177978516,29.908045177252305,29.61139920941824,29.66464320869203,23021200
2021-07-09,30.12862205505371,30.50132996259759,30.014526139596796,30.06777012638878,21578700
2021-07-12,30.242717742919922,30.615428584997666,30.121016776409213,30.166655726943198,24513000
2021-07-13,30.159048080444336,30.27314109455257,30.067770187262145,30.250323072046857,12222000
2021-07-14,30.387237548828125,30.44808657711508,30.166653655431006,30.212292602831013,15888600
2021-07-15,30.493732452392578,30.56979448042675,30.318787466649677,30.387244452512583,20250800
2021-07-16,30.69149398803711,30.69149398803711,30.372030003783454,30.531761995910284,24270400
2021-07-19,30.539369583129883,30.691493630097337,30.18187168927991,30.478517643078735,29818400
2021-07-20,31.223939895629883,31.725956849338264,30.577403920950175,30.61543493682889,48804100
2021-07-21,31.201114654541016,31.368454567624756,30.820798780499675,31.368454567624756,27530200
2021-07-22,31.54340362548828,31.604252664430213,31.109843704798685,31.277180738074172,18913300
2021-07-23,31.703140258789062,31.817236213183303,31.505374324716463,31.535800299432346,21609200
2021-07-26,31.802017211914062,31.900897258671026,31.482550340971265,31.657495310133708,23720000
2021-07-27,32.0225944519043,32.09865936532849,31.627068508417555,31.809618497476087,32544100
2021-07-28,33.0494499206543,33.27003382321753,32.13669124578353,32.21275325969783,53822400
2021-07-29,32.842220306396484,33.23365468062684,32.711740229746425,33.17992845137679,29015000
2021-07-30,32.85757064819336,33.149226480937386,32.76546603251221,32.911296876744096,24763300
2021-08-02,33.7402229309082,33.87837694707622,33.19528371594563,33.233659180912234,43066900
2021-08-03,35.06035614013672,35.19851014107006,33.82464698059962,33.90139790206926,45643300
2021-08-04,34.684268951416016,35.15245717608785,34.54611495305843,34.80707218019388,43391200
2021-08-05,34.58449935913086,34.64589952027433,34.30819131433417,34.53844704237793,23505400
2021-08-06,34.5921745300293,34.77638087583003,34.2544663118986,34.607525302834404,20413000
2021-08-09,35.290611267089844,35.32898672720993,34.6228688918485,34.6228688918485,32374300
2021-08-10,36.98683166503906,37.27849043116161,35.22153415445297,35.459466691008195,81189400
2021-08-11,35.54389953613281,36.9024120946305,35.505521142794976,36.67215344604487,50878200
2021-08-12,36.2576904296875,36.380493662755754,35.56692041376605,35.68972364683431,29676400
2021-08-13,37.20941925048828,37.224770022459346,36.31909497118924,36.388171981128835,35379200
2021-08-16,37.53944778442383,37.585500093290705,36.464917333742875,37.017533328705646,38045800
2021-08-17,38.69841003417969,38.75213920144813,37.38594973802377,37.439675977431754,68817000
2021-08-18,37.84645462036133,39.80363222570697,37.738999240673486,38.55257240543736,88598000
2021-08-19,37.45502471923828,38.34534897412346,37.04056267096579,37.224769001706996,57741600
2021-08-20,37.39363098144531,38.16882604673695,37.34757865888768,37.593185190140126,35157500
2021-08-23,38.32232666015625,39.41988200732473,38.069043305643305,38.59863470949384,88652400
2021-08-24,37.132667541503906,38.41442623173335,37.025215067815246,38.17649659081142,52624100
2021-08-25,36.46492385864258,37.05591541948097,36.01976317138043,36.871712006772654,51036800
2021-08-26,36.365142822265625,36.963808216332325,36.30373974192031,36.610749287926836,29029300
2021-08-27,35.766475677490234,36.45724571480962,35.71274944434985,36.357467169894576,32924500
2021-08-30,35.889286041259766,36.19629565833662,35.42877454350518,35.459476090785,25774400
2021-08-31,35.35969543457031,36.18094274463527,35.25224295330731,35.858585300846265,34547800
2021-09-01,35.336666107177734,35.50551872937333,34.86080099844978,35.451792495784716,32900100
2021-09-02,35.950679779052734,35.97370446958969,35.405740632038516,35.674371781169484,26106300
2021-09-03,35.950679779052734,36.0965076988867,35.5669193215171,35.99673208798659,20817200
2021-09-07,35.88160705566406,36.457247810567765,35.72042834697749,36.06581338549177,26236900
2021-09-08,35.69739532470703,35.9123031649665,35.49784118145878,35.69739532470703,15839600
2021-09-09,35.32899475097656,35.85858617563605,35.19084072087936,35.666705903596664,21695300
2021-09-10,34.991275787353516,35.57459034707467,34.929872713772504,35.51319020135335,20801500
2021-09-13,34.21608352661133,35.17548466280577,33.924424761407444,35.10640766388537,37086200
2021-09-14,34.315860748291016,34.737996682469344,34.193057514205314,34.285159207804575,24100200
2021-09-15,34.36191940307617,34.82243088395427,34.13166366263712,34.2007406775549,28674600
2021-09-16,34.13166427612305,34.530775599726006,33.79395311807251,34.44634781021337,22424200
2021-09-17,33.68649673461914,34.12398347705365,33.24133607032626,33.90140168097706,56370500
2021-09-20,33.92442321777344,34.26980819665966,33.302730255778236,33.302730255778236,41873000
2021-09-21,33.70952224731445,34.331215335922444,33.65579600941924,33.962805592700796,23645600
2021-09-22,33.7325553894043,34.070263643990685,33.6404536704918,33.763256938328745,22616700
2021-09-23,33.916751861572266,34.32353998162493,33.8860532468134,33.98582886853515,19719200
2021-09-24,33.72486877441406,34.08560455018608,33.62509316108734,33.82464731560079,16150700
2021-09-27,33.44089126586914,33.870704099565046,33.39483894973231,33.709522457016334,19955900
2021-09-28,33.03409957885742,33.218302951576575,32.565911370751515,33.05712426848236,28512200
2021-09-29,33.41019058227539,33.53299383394274,33.06480844986503,33.17226092909141,18037200
2021-09-30,33.011077880859375,33.80930044673774,32.980379265141245,33.60974626919832,21103300
2021-10-01,32.949676513671875,33.080153677306775,32.00562604219388,32.63499302317921,38483000
2021-10-04,32.5582389831543,33.27203373792367,32.397060277976756,32.94967632756858,28906500
2021-10-05,32.48149490356445,32.842230781755035,32.450793354811886,32.64267364272418,19342600
2021-10-06,32.2512321472168,32.38938615877206,31.997948816745417,32.28193368930913,30483800
2021-10-07,32.80384826660156,32.972700892765545,32.397060152621485,32.63499271257737,19778300
2021-10-08,32.58127212524414,32.93433113771067,32.49684433359764,32.79617710190016,12778600
2021-10-11,32.28193664550781,32.71174656271914,32.243558250447826,32.581269388668694,11984200
2021-10-12,32.120758056640625,32.39706613135886,31.974930096255225,32.35869066050594,16222300
2021-10-13,31.79071807861328,32.16680465289673,31.42230835385044,32.04400141130911,28205700
2021-10-14,31.98259925842285,32.205181055241816,31.867472863001545,31.89817440625802,17590300
2021-10-15,31.844436645507812,32.25889561804302,31.76000889603569,32.1591200303571,23550300
2021-10-18,31.713966369628906,32.005625159165135,31.499061434107563,31.81374491591817,21733000
2021-10-19,32.304962158203125,32.38938994489602,31.882826152599215,31.928875543260393,17159800
2021-10-20,32.84989547729492,33.0878280214995,32.31263023648911,32.32798100655328,22788300
2021-10-21,32.89595031738281,33.07247979490689,32.565916055271636,33.04945510196991,22142300
2021-10-22,33.12620162963867,33.149226319516906,32.71941649320398,32.865244408865884,17183000
2021-10-25,33.118534088134766,33.18761109893468,32.67337047901079,33.15690955461018,22846200
2021-10-26,33.43321990966797,33.58672178618406,32.94200395009038,33.25669040938597,29729100
2021-10-27,32.980384826660156,33.433222423294005,32.75780298997248,33.35646855140472,22317500
2021-10-28,33.14155578613281,33.51763942259488,32.957349464700265,32.965026314017535,18023400
2021-10-29,33.57136917114258,33.640446176904895,32.895949884562164,33.0724793597636,30307500
2021-11-01,33.49461364746094,33.993503433988714,33.341108872540076,33.87837412083306,32681500
2021-11-02,34.883827209472656,35.33666467990062,33.04177578756162,34.599845282280214,69248000
2021-11-03,34.40028762817383,35.298288633012895,34.13933039652983,34.93755286130678,44593100
2021-11-04,33.95121765136719,34.43125981615939,33.53312050793834,34.29189311716299,38172500
2021-11-05,37.63669204711914,37.79154427977552,36.04171907181154,37.23407742363681,173959100
2021-11-08,37.41989517211914,37.77605318718417,36.854684163287814,37.63668649371346,57423300
2021-11-09,36.622413635253906,37.45861394015214,36.50627667305854,37.41990161942035,29920400
2021-11-10,37.95413589477539,38.10124388397557,36.69983848482081,36.69983848482081,42696200
2021-11-11,38.85227966308594,39.10004206961845,37.72960459710749,38.11673372650965,42370400
2021-11-12,38.50385284423828,39.09229062191957,38.37997167318329,39.038089840620415,27780600
2021-11-15,38.44192123413086,38.7903350651135,38.22512692732576,38.50386035496041,27763200
2021-11-16,38.4031982421875,38.83678381509055,37.853475733486185,38.30254682187435,31297200
2021-11-17,39.38650894165039,39.556846669748246,38.47288414222415,38.666448668313436,36889800
2021-11-18,39.80461120605469,40.03688805936632,39.18520527937021,39.56459011728176,32872600
2021-11-19,39.33230209350586,40.91178897314371,39.239391969279986,40.2304411705149,47966200
2021-11-22,39.642024993896484,39.851075086387475,39.00713343309911,39.448460421615316,27287900
2021-11-23,39.54910659790039,39.83558127827762,38.94518324960955,39.16197753388129,24946200
2021-11-24,39.40199279785156,39.74266823969196,39.26262610865506,39.62652834750816,18556800
2021-11-26,41.80994415283203,42.53774582109946,41.229250484042694,41.840915190688705,66561300
2021-11-29,40.571128845214844,43.12618018752773,40.346593269518735,42.70033878940233,72660800
2021-11-30,41.600894927978516,42.16610308939258,40.191745165864376,40.50144964364012,64598400
2021-12-01,42.3364372253418,42.71582207691918,40.15302940915516,40.625327368252364,59810400
2021-12-02,41.06665802001953,42.64614554853432,40.85760793946074,41.67057850592662,46361700
2021-12-03,42.01898956298828,42.127385229891594,41.11310600439841,41.585403941814626,37574800
2021-12-06,39.85880661010742,41.72476851186649,39.68072760163949,41.639599648346994,53724000
2021-12-07,40.04462814331055,40.64854849002308,39.02260773184621,39.68072590692729,41575400
2021-12-08,39.79686737060547,41.097621209960806,39.51038974812775,40.84211462022018,37429200
2021-12-09,40.32335662841797,40.91953266815338,39.882026866786134,39.882026866786134,38325700
2021-12-10,40.8653450012207,40.91954283648276,39.57233528345378,39.64201863644221,26079400
2021-12-13,42.739051818847656,43.14940770615234,41.376355777869726,41.376355777869726,54923200
2021-12-14,43.002288818359375,43.31973447128103,42.057693139810155,42.40610982071436,48685700
2021-12-15,45.5263786315918,45.619288782599575,43.2732875331202,43.44362527126816,75202900
2021-12-16,47.42331314086914,47.562679848425105,44.713409532819476,45.18570749136353,75183600
2021-12-17,46.052879333496094,47.37686020275767,45.4489588570387,46.40129612897565,104192100
2021-12-20,47.2452278137207,47.77946481905446,46.32386177315838,46.920037888277434,55712200
2021-12-21,45.642513275146484,46.486454679565966,44.25659063745172,46.46322492932095,63877900
2021-12-22,46.10707092285156,46.912300084671735,45.077309148660305,45.87479407520815,62594900
2021-12-23,45.45669937133789,46.51743525892807,45.14699785558338,46.31612646780496,39203200
2021-12-27,45.836082458496094,45.975449159919464,45.08505111788801,45.56509033747937,27362600
2021-12-28,44.91471862792969,46.02965236953756,44.19466119122227,45.71994789607743,36901700
2021-12-29,44.581787109375,44.93020092508248,44.186913786351056,44.372737047814184,26170200
2021-12-30,45.2166748046875,45.47992268022562,44.54306812243506,44.713405851771576,24559000
2021-12-31,45.719940185546875,46.30063376018183,45.247642272274135,45.31732561937274,28579600
2022-01-03,43.861724853515625,45.33281354875755,43.621703766609016,45.29410123243337,57219200
2022-01-04,42.22029113769531,43.69138263559443,41.763478763384335,43.528789151575296,66993100
2022-01-05,43.07198715209961,43.699134442538515,42.870678353677604,43.23458067528297,52956400
2022-01-06,42.46031951904297,43.071984201761694,42.18933033229955,42.70808190508285,37000400
2022-01-07,43.14167022705078,43.18038254847243,42.29772862439142,42.86293678711767,27703400
2022-01-10,43.544281005859375,43.55976357020629,42.38289374484517,43.13392216521319,34044700
2022-01-11,43.892696380615234,44.46564874930317,43.21135128984552,43.93915293598798,33576600
2022-01-12,43.861724853515625,44.25659520571897,43.281031247971605,43.621703766609016,27608500
2022-01-13,43.002288818359375,43.93914026313306,42.754526501618564,43.76880256278883,28117900
2022-01-14,42.54547882080078,42.878410005928856,42.20480340147348,42.56870561627857,27072500
2022-01-18,41.89510726928711,42.23577977818347,41.368611512363444,42.19706746296621,35598000
2022-01-19,41.45378112792969,42.189326944605924,41.384097777853825,41.53894999508467,27300400
2022-01-20,41.84865951538086,42.21256185274726,41.08988675410103,41.77897615191838,35105300
2022-01-21,40.87308883666992,42.48354426815805,40.61758222702721,42.1351275066273,41059000
2022-01-24,39.9052619934082,40.3078765478348,38.573537155963315,40.06785548070736,59036400
2022-01-25,40.679527282714844,40.91180415626152,39.67299219497212,39.76590235367865,43983200
2022-01-26,41.04342269897461,41.51572063691138,40.617581312716354,40.70275018068009,39644800
2022-01-27,41.6363410949707,42.58031888106812,41.347688255528254,41.36329151387883,36957200
2022-01-28,42.38527297973633,42.65051938334252,41.42569215344188,41.948390773294,28590400
2022-01-31,41.1058349609375,42.23704569557603,40.871792079016316,42.12782588241393,38644600
2022-02-01,41.40229415893555,41.47250732669926,40.871795330502366,41.14484786114656,27883300
2022-02-02,42.01860809326172,42.22924758994217,40.918603816830625,41.22285987558565,32039300
2022-02-03,41.644134521484375,42.04200710077786,41.41789179207409,41.605127872693494,22635800
2022-02-04,41.347686767578125,41.68314937000022,41.05903393852322,41.36329002536719,24932200
2022-02-07,41.511512756347656,41.80016853531582,40.754774166123056,41.58172592204034,32358500
2022-02-08,40.33349609375,40.41150940140618,38.765403016115165,39.506541342916606,67922000
2022-02-09,40.15406036376953,40.349096595610625,39.70937799325318,40.28668357293345,38522200
2022-02-10,39.4753303527832,40.07604227686678,39.31150063967402,39.818596009983295,34200600
2022-02-11,39.615760803222656,39.97462975281653,39.069661702569384,39.26469794595038,34997800
2022-02-14,38.851219177246094,39.39732125519475,37.82142804786493,38.86682243387513,42973100
2022-02-15,38.84342575073242,39.03846202828056,38.39094015833236,38.85122589238668,29150000
2022-02-16,38.75760269165039,39.615760975859686,38.562566447419464,38.68738952468658,27672600
2022-02-17,38.149085998535156,38.976037670502485,38.03206307558826,38.859017723572144,21231700
2022-02-18,37.860435485839844,38.632780336885986,37.60298918616911,38.0554717337183,26955300
2022-02-22,37.08027648925781,37.688791376496546,36.9398502057424,37.08807960279525,34814800
2022-02-23,36.565391540527344,37.57177920083957,36.495178378737734,37.12709683484425,25793000
2022-02-24,35.85546112060547,36.479576484233256,35.41858185407442,35.77744781615829,44227300
2022-02-25,37.228519439697266,37.470362479117796,35.6838327346861,35.73844264526602,31199200
2022-02-28,36.619998931884766,36.79943189390952,36.15191320277814,36.526382381266735,35296100
2022-03-01,35.69163513183594,36.77603624765685,35.44978910110652,36.424970388861595,29854500
2022-03-02,37.212913513183594,37.39234648878979,35.88666654564133,35.972482963543584,36516200
2022-03-03,37.314334869384766,37.90724372960245,37.041282347744676,37.19731193496518,30553300
2022-03-04,37.95404815673828,38.0476647054878,36.98666723293851,37.05688038850475,33217300
2022-03-07,37.431358337402344,38.10228354214556,37.072492336359225,37.64199785349734,33171300
2022-03-08,37.010074615478516,37.77461629404596,36.253336052824224,37.119297406145364,32913300
2022-03-09,38.032073974609375,38.398743127305536,37.44696514423077,37.548384841447934,24718900
2022-03-10,38.38312911987305,38.453342278897864,37.48596130744669,37.68880064508131,24542300
2022-03-11,39.21788787841797,39.70938004129125,38.180293643020704,38.33632323174425,33701900
2022-03-14,40.762569427490234,41.277464922270504,39.311499494195886,39.56894872959427,42314500
2022-03-15,40.73136901855469,41.28527124455745,39.92782063502907,41.051228343881895,30172100
2022-03-16,41.28527069091797,41.558323218058575,40.707965075394455,40.98881774284564,29891400
2022-03-17,42.3150634765625,42.32286361662969,41.18385270174415,41.285269402701665,30598600
2022-03-18,42.525691986083984,42.90796424975624,41.901576737654416,42.424275304225354,51815000
2022-03-21,42.276058197021484,43.14201965838279,42.04981839959848,42.315067829420705,34592500
2022-03-22,41.37888717651367,42.37747171950706,40.95760820643208,42.2838551626056,32253600
2022-03-23,40.715763092041016,41.737754028401554,40.69235969631307,41.363284816670614,29183700
2022-03-24,41.0278205871582,41.23065695258654,40.79377771135116,40.988813937193136,25177500
2022-03-25,41.17605209350586,41.54272119534893,40.965412586660925,41.144848555319825,17429600
2022-03-28,41.566123962402344,41.78456658249259,40.95761182475991,40.98101522204863,21863700
2022-03-29,41.14484405517578,42.190238358503066,41.05122452280617,42.12782533692332,39970000
2022-03-30,40.91080856323242,41.909396329340105,40.54414238463095,41.503720514361575,27599600
2022-03-31,40.38810729980469,41.254068732242814,40.364703901960524,40.56754029398295,26055200
2022-04-01,40.23207092285156,40.692356517652364,39.86540187966651,40.66115000844161,19073100
2022-04-04,39.74058532714844,40.46612041702836,39.29590291412745,40.39590724781362,20462800
2022-04-05,39.974632263183594,40.68456411463276,39.59235989270308,39.63916966542021,21176700
2022-04-06,41.24626159667969,41.41789443352541,39.912214481242614,39.912214481242614,31717500
2022-04-07,43.03279495239258,43.22783118821307,40.957609522303215,40.957609522303215,36305700
2022-04-08,43.040592193603516,43.36045445578258,42.48669003542254,42.790946066648246,24612200
2022-04-11,42.073219299316406,43.93776533819823,41.95619636110349,43.26684017461364,22054300
2022-04-12,41.433502197265625,42.07322087108982,41.07463620483099,41.581728678658095,22810700
2022-04-13,41.425689697265625,41.987394932813544,41.113633547751746,41.449096066091045,15777800
2022-04-14,41.44130325317383,42.05761854249893,41.37889319816288,41.65974588575493,17240100
2022-04-18,40.44270706176758,41.433491327401555,40.27887736594257,41.215051732968206,17065000
2022-04-19,39.147674560546875,40.47392159553087,38.51575606787357,40.302288750998564,33441500
2022-04-20,38.81221008300781,39.13206938374671,38.39093110856633,39.00724631458072,24751800
2022-04-21,38.31291580200195,39.015044413322485,38.16468636911048,38.95263437001284,19105600
2022-04-22,37.54838180541992,38.30512047449723,37.36894880240089,38.18810050349377,22156800
2022-04-25,38.188087463378906,38.37532054345669,36.7604210917091,37.329926422304595,27390600
2022-04-26,38.25050354003906,39.20228127149317,38.16468712477463,38.219300005774684,25366500
2022-04-27,38.80440902709961,38.9370322329502,37.61078529436109,38.31291690185434,25819200
2022-04-28,39.405120849609375,39.607960206959945,38.60937560467056,39.35051094017273,28225400
2022-04-29,38.281707763671875,39.272492085787256,38.227097861950405,38.905823051929005,28343300
2022-05-02,37.71220397949219,38.039863403742956,37.02567564523119,37.19730847280058,36228400
2022-05-03,38.45334243774414,39.03845110669575,37.21291194052605,38.125680035602606,33716900
2022-05-04,38.74199676513672,38.905826484756524,37.37674314960489,38.14128481718071,28613700
2022-05-05,37.79801940917969,38.65617757265078,37.09588783832771,38.585964415565584,28333000
2022-05-06,38.25830841064453,38.398734737334195,37.47816347393164,37.51717012556393,19891400
2022-05-09,37.94624710083008,38.35972294159289,37.26752187753611,37.74341073819642,25012300
2022-05-10,38.609375,38.929234311412486,37.98525665732674,38.25830917625049,27335900
2022-05-11,38.578163146972656,39.194478288231714,38.250500764828494,38.281707272845345,29699500
2022-05-12,39.6320915222168,39.6635525256769,38.318626130765104,38.538847154412956,33468400
2022-05-13,39.262428283691406,39.94669153884395,39.07366828248708,39.62422378652427,22423700
2022-05-16,39.85231018066406,40.15118369522427,39.22310515023698,39.22310515023698,19435600
2022-05-17,40.37926483154297,40.520836315198,39.46691693703596,40.072527617052316,19918200
2022-05-18,39.63996124267578,40.44219588899917,39.45119820806127,40.28489686048817,22276000
2022-05-19,39.836578369140625,40.0253383576985,39.00287991886656,39.325347649581694,19865500
2022-05-20,41.26803207397461,41.44892836261931,40.21411234861527,40.3242228721132,31250400
2022-05-23,41.590484619140625,42.23542002016977,41.275880667293684,41.354533155398244,24035800
2022-05-24,42.00733947753906,42.16464148032069,41.456783967946436,41.456783967946436,26729800
2022-05-25,42.24329376220703,42.51070628445222,41.72419921905889,41.84217647898243,24003900
2022-05-26,42.46352005004883,43.1949688996913,42.377003788186144,42.518575307545724,23516300
2022-05-27,42.40059280395508,42.79384630909296,42.093855549993314,42.408456553931934,21407500
2022-05-31,41.716331481933594,42.078123977371305,40.85117199250759,41.9365524791068,66058200
2022-06-01,41.189361572265625,41.905082662779975,40.77251391523756,41.881488418128704,17430600
2022-06-02,41.43319320678711,41.480384711681516,40.14332207587065,41.18937493192894,21903400
2022-06-03,41.84217834472656,42.10172412773061,41.26016177025736,41.26016177025736,18125000
2022-06-06,41.889366149902344,42.25116169028175,41.684875627328275,41.834310893813694,16544400
2022-06-07,42.43992233276367,42.44778908391239,41.69273998881848,41.90509726553679,15091200
2022-06-08,42.05453109741211,42.91182386469641,42.00733959635829,42.51857035677308,12789800
2022-06-09,40.72533416748047,42.196104514024185,40.66241516350795,41.8972309943674,17572700
2022-06-10,39.3017578125,40.40286587011035,39.28602731164019,40.35567736781718,23826000
2022-06-13,37.68154525756836,38.75905886472869,37.524243278352046,38.39726641273117,26989000
2022-06-14,37.68940734863281,38.121988522522024,37.13885494602031,37.55570262236565,23290300
2022-06-15,38.15345001220703,38.52310923092964,37.107397351122884,37.65795280446047,25748000
2022-06-16,37.34334945678711,37.752333428968576,37.013017979420866,37.50851519547023,20424500
2022-06-17,36.59617614746094,37.77593685370055,36.39954936308767,37.264709014502024,45047700
2022-06-21,37.838863372802734,38.098409198947614,36.92651510462885,37.21752194009038,19622100
2022-06-22,38.59389114379883,38.99501132010198,37.571432832118255,37.775923294340146,20382900
2022-06-23,39.39613723754883,39.45905623977578,38.52311395453904,38.71974071196336,20061700
2022-06-24,40.575897216796875,40.61522196767663,39.561302442553874,39.8365816992845,24343200
2022-06-27,40.803985595703125,41.07926185635325,40.3163490764283,40.489381583286224,16154300
2022-06-28,39.84444808959961,40.87477343252525,39.64782132188538,40.764662922651105,16417900
2022-06-29,40.06467056274414,40.45792411243836,39.84444953500705,39.899504791941325,13925700
2022-06-30,41.2365608215332,41.598353308931564,40.18264135803094,40.65454434156915,33495700
2022-07-01,41.14218521118164,41.189373714394776,40.308486651075825,40.929827945863565,16143300
2022-07-05,40.61521530151367,40.81184202392633,39.63994843850685,40.701731539420955,18406800
2022-07-06,41.48824691772461,41.653412678276226,40.568035108691646,40.615223611542795,21305500
2022-07-07,42.01520538330078,42.10958838998414,41.51970809950157,41.645549108126396,17847600
2022-07-08,41.818580627441406,42.40846094624307,41.496112839841295,41.72420061651335,11322700
2022-07-11,41.598365783691406,42.26689871118774,41.48825525453097,41.68488205668515,12921400
2022-07-12,40.92982864379883,41.511842195451685,40.670279870555476,41.44105643913863,14633500
2022-07-13,40.73319625854492,41.142180238583244,40.51297226911754,40.788251505830274,12927300
2022-07-14,40.4185905456543,40.57589253129504,39.82084660056247,39.915226591832585,14023800
2022-07-15,40.70174026489258,40.82758127420253,39.66355118801388,40.143320973597554,19885700
2022-07-18,39.91523361206055,40.874773192974125,39.734337346857984,40.8669064421513,15742900
2022-07-19,40.40285873413086,40.512969220415485,39.805114808463316,40.143313016500784,13402100
2022-07-20,39.97029495239258,40.47365907138538,39.72647664462997,40.41860380838846,12774400
2022-07-21,40.206241607666016,40.221972109503106,39.46692602304141,39.77366330814857,15103800
2022-07-22,40.292747497558594,40.528698963815685,40.07252652909006,40.3163417440986,10932100
2022-07-25,40.717464447021484,40.80398069004904,40.37926622443334,40.37926622443334,12995800
2022-07-26,41.13431167602539,41.56688988575495,40.67027246915184,40.772519209726916,16632500
2022-07-27,40.859039306640625,41.09499080691016,40.261292305652624,40.851172556469514,19203500
2022-07-28,40.201175689697266,41.4772781313282,38.91714545575175,40.304212801252,38984900
2022-07-29,40.034725189208984,40.193247775785665,39.05981536357766,40.0743581035283,25037900
2022-08-01,40.11398696899414,40.660886703960095,39.74938714568351,39.88412937551131,19709900
2022-08-02,39.38478469848633,40.79563237135231,39.337230039743,40.34384497188984,17802000
2022-08-03,39.51953125,39.68597860819689,39.10737372715514,39.4640487972677,16500100
2022-08-04,39.51953125,39.67012604690668,39.0043335905522,39.551236372580426,17026300
2022-08-05,39.05188751220703,39.60671500964545,38.88544017004549,39.34515230890593,16376600
2022-08-08,39.289669036865234,39.479896726461874,38.790323997294784,39.14699902555939,16071800
2022-08-09,39.456119537353516,39.71768225356343,39.25004229537914,39.43234220808599,12095600
2022-08-10,39.59086608886719,39.6701258714007,39.13907867657901,39.57501352764711,17355100
2022-08-11,38.2751350402832,38.940927516253566,37.89468262880971,38.21965258591626,44048800
2022-08-12,39.71768569946289,39.939615521392476,38.4812130696401,38.4812130696401,25835500
2022-08-15,39.432342529296875,39.685977455439165,39.14700248149509,39.60671767485726,15797800
2022-08-16,39.51953125,39.77316618350962,39.12322628844535,39.13907884973557,12874800
2022-08-17,39.05188751220703,39.519527442732276,39.036034952444034,39.353080100570736,13607200
2022-08-18,38.50498580932617,39.25003793814429,38.346463243484784,39.14699781681242,18916300
2022-08-19,38.95677947998047,39.1945618555553,38.62388173532214,38.7110693118652,15350200
2022-08-22,38.75862121582031,39.154926123861145,38.631803766189904,39.00432832372307,13601200
2022-08-23,38.05320358276367,38.457436363353416,37.85505108894398,38.37817355168528,16248900
2022-08-24,37.5934944152832,38.05320666593711,37.55386451802176,37.96602210138889,15551500
2022-08-25,37.966007232666016,38.00563711440711,37.46666225674305,37.66481468901465,14460000
2022-08-26,37.11000061035156,38.01357554246184,37.014888255278706,37.7440880167827,16546700
2022-08-29,36.642356872558594,37.00695671640886,36.555169296079846,36.761249572041784,13400500
2022-08-30,36.341163635253906,36.737468595392194,36.301533743953456,36.72954382655886,16303000
2022-08-31,35.84974670410156,36.68991431681615,35.7704869206764,36.46798148080523,26416800
2022-09-01,36.95939636230469,36.97524892136501,35.778406412625934,35.778406412625934,19947600
2022-09-02,36.22226333618164,37.09413278331137,36.087518117005004,37.04657813712692,14667700
2022-09-06,36.26982498168945,36.80879991527496,36.08752508114827,36.42834755454989,17153500
2022-09-07,36.56309509277344,36.626502311754216,35.96863767494055,36.22227259799724,15378900
2022-09-08,37.31607437133789,37.34777646843145,36.35701412454801,36.47590681524071,18271000
2022-09-09,37.91845703125,38.03734972346404,37.33192438579644,37.41118718846139,17501700
2022-09-12,37.85504913330078,38.32268911549902,37.799566679782934,38.10868709396844,13744800
2022-09-13,36.61064910888672,37.50629911597531,36.475906881186994,37.35570432791678,16603200
2022-09-14,36.57894515991211,36.78502238701034,36.285677343471164,36.618575047019476,17162500
2022-09-15,36.412498474121094,36.68991375902552,36.222273787365886,36.54724373217567,15802000
2022-09-16,36.48383331298828,36.95147328241048,36.174715930814884,36.531390996232986,30629500
2022-09-19,36.01618957519531,36.36493983536634,35.49306720850531,36.206417264703745,16256200
2022-09-20,35.48514175415039,35.88144666135747,35.2235790640818,35.66744164863767,15369000
2022-09-21,34.811424255371094,35.65159181127506,34.79557471861132,35.516849583849925,17505200
2022-09-22,35.32662582397461,35.66744835009421,34.49438596718583,34.613275647545905,18508100
2022-09-23,34.9382438659668,35.318696233606914,34.54193893839585,35.2235808740219,18871700
2022-09-26,34.740089416503906,35.13639432142282,34.613268944306036,34.72423685747917,18680200
2022-09-27,34.946170806884766,35.33455099042069,34.668758549763986,35.04921094105827,21562700
2022-09-28,35.21565628051758,35.51684887356414,35.049208935768156,35.40588095349787,16532600
2022-09-29,35.00165557861328,35.3662554331609,34.83520821330681,35.19980806785443,13559900
2022-09-30,34.68460464477539,35.358324810809115,34.66082731754396,35.00957455239327,22962300
2022-10-03,34.98580551147461,35.0967704295918,34.47061081684945,34.93032305241601,22834300
2022-10-04,35.23942947387695,35.54062203158264,34.94616470702912,35.072982148657886,28198800
2022-10-05,34.96995162963867,35.16810412553757,34.62120432534078,34.96995162963867,15673400
2022-10-06,34.153564453125,34.70046425554836,34.1139345584973,34.68461169298385,22068200
2022-10-07,33.54325485229492,34.12185978764152,33.22620964386823,34.12185978764152,20095000
2022-10-10,33.091461181640625,33.78103090337795,33.091461181640625,33.567025881411205,17888000
2022-10-11,33.22620391845703,33.74140153748174,32.85367933984994,33.02012668498715,20981200
2022-10-12,33.31339645385742,34.19319401442456,33.22620887238614,33.36095414108733,18803600
2022-10-13,34.066368103027344,34.20903810582131,33.051828548551484,33.09938320043856,23135200
2022-10-14,33.97126388549805,34.38342143378802,33.57495889947696,33.99504121711784,16980500
2022-10-17,34.5974235534668,34.72424101729036,34.232820699353056,34.232820699353056,16678400
2022-10-18,34.946170806884766,35.16017584390658,34.57364318426529,34.914465685051866,18442800
2022-10-19,34.16941452026367,34.930319326387554,33.87614969315556,34.80350185870024,23054700
2022-10-20,34.010887145996094,34.40719205472295,33.9395521414826,34.29622716405007,17715000
2022-10-21,35.62781524658203,35.79426259822951,34.07430058407204,34.32793550760156,36575700
2022-10-24,36.09545135498047,36.35701101917029,35.65951656561979,35.7308515692291,24972000
2022-10-25,36.13508605957031,36.3173859767573,35.58025851568082,35.88145112926086,23127000
2022-10-26,36.507606506347656,36.97524638405409,36.15885627808547,36.39663860054024,21407900
2022-10-27,36.25397491455078,36.54723970472843,36.20641723631932,36.309457360704215,20377700
2022-10-28,37.5934944152832,37.66482943978073,36.40457935603596,36.444209253297394,27854000
2022-10-31,36.895992279052734,37.56178475278518,36.88806750998424,37.31607760529088,29961700
2022-11-01,38.05320358276367,38.37817355168528,37.56971403764,38.045278813380406,30614500
2022-11-02,37.308143615722656,38.180013199654226,37.213031284864016,37.862971088936604,25813100
2022-11-03,37.22820281982422,37.412065170327786,36.90044766466901,37.060328897557596,20124600
2022-11-04,37.74781036376953,38.00361907796737,37.26017404936726,37.94766111232912,24528500
2022-11-07,37.643898010253906,38.091564914340985,37.37210079160841,37.69985599207963,20304400
2022-11-08,37.85173797607422,38.17150045623297,37.3720973053171,37.603924950958145,18054500
2022-11-09,37.34812545776367,37.97165909442747,37.33213702483873,37.699861833667036,15348100
2022-11-10,37.8757209777832,38.17149928065825,37.45203524719903,37.99562961703913,20480600
2022-11-11,38.05158996582031,38.131532113125814,37.0203621861688,37.62790725828505,20909800
2022-11-14,39.362606048583984,39.82625821447782,38.31538699451745,38.36335227353289,26143000
2022-11-15,38.82701110839844,39.594437407576365,38.515244364949965,39.44255190549356,25440500
2022-11-16,38.41132736206055,39.218726390304575,38.41132736206055,39.01087982780389,15822200
2022-11-17,38.63515853881836,38.771055620541425,37.9956335322966,38.21147276457551,13231100
2022-11-18,38.55521011352539,39.03485379035623,38.267424517323036,38.88296525376013,20666500
2022-11-21,38.5152473449707,38.5951864470981,38.14752259601463,38.45129362368377,14736000
2022-11-22,39.234710693359375,39.370607774209724,38.56321188040883,38.64315098097007,16358600
2022-11-23,39.05084228515625,39.346623643460774,38.787040833903085,39.138777118734296,10710800
2022-11-25,39.33863067626953,39.34662641596603,39.04285234660438,39.11479875646685,6760200
2022-11-28,39.62641525268555,39.76231537854947,39.21872097405602,39.314648501472185,20704000
2022-11-29,39.56246566772461,39.70635543804897,39.250695858491746,39.57045835794438,17160900
2022-11-30,40.07408142089844,40.07408142089844,39.20273185112191,39.682372529199554,35572700
2022-12-01,40.83351516723633,40.897465834761434,40.19399019509884,40.21797436371669,23592600
2022-12-02,40.69761657714844,41.033367505122484,40.35387295898792,40.41782667840438,16881600
2022-12-05,40.55373001098633,40.79355039681397,40.2499558958811,40.69762285237925,17959800
2022-12-06,39.73832702636719,40.6496460645898,39.31464436285547,40.505753263872464,21787100
2022-12-07,40.162017822265625,40.88947460707876,39.770308915298,39.770308915298,15929900
2022-12-08,41.39310073852539,41.46504715548905,39.98615231171338,40.11405671415084,26116800
2022-12-09,41.34513473510742,42.24046547078064,41.27318832468396,41.3691158554215,19933500
2022-12-12,41.69687271118164,42.04061634697794,41.369117506059744,41.66489584983284,18532200
2022-12-13,42.42432403564453,43.19974605069484,42.27243853814724,42.44830515380701,29461800
2022-12-14,43.55147933959961,43.91121133472872,42.28842406162275,42.48027909270445,36260300
2022-12-15,42.85599899291992,43.51150926517304,42.688125080399644,43.223723672577876,21627100
2022-12-16,41.08932876586914,42.4802887299528,41.08932876586914,42.37636545234332,65689500
2022-12-19,41.057350158691406,41.41708222014235,40.5297441517238,41.18525455282049,16081900
2022-12-20,41.02537155151367,41.17725706011393,40.641658385459465,40.93743671251519,12433800
2022-12-21,41.29716491699219,41.69686647563496,40.92944021491625,41.25719537102409,12925000
2022-12-22,41.28117752075195,41.32914280680135,40.72959045384818,41.097315165117365,14822300
2022-12-23,41.433067321777344,41.528994847296815,40.96141933454177,41.21722810224774,10666500
2022-12-27,40.87348175048828,41.51300362675106,40.80952803812158,41.45704565317062,12033800
2022-12-28,40.60967254638672,41.08132044714954,40.56970300553844,40.80952330010858,10053900
2022-12-29,41.03336715698242,41.30516131375283,40.761569950730845,40.78555107056796,8971300
2022-12-30,40.961421966552734,41.08932635862432,40.56971305050029,41.00139151729737,11396200
2023-01-03,40.97740173339844,41.03336275615182,40.62566546575943,40.777550957573375,15603800
2023-01-04,40.07408142089844,40.47378300245682,39.586445003480236,40.20198580501788,21808400
2023-01-05,39.698360443115234,39.9621649472705,39.106800768315594,39.75431841984859,20057400
2023-01-06,40.705604553222656,41.249198907384226,39.61841889438035,39.95416673399029,29635900
2023-01-09,38.68312454223633,40.17800783399809,38.619173865052645,40.0101338757242,30839100
2023-01-10,38.06757354736328,38.74706799026119,37.8757185172251,38.65113742571138,29212000
2023-01-11,37.93168640136719,38.16351408539294,37.460038342254784,38.13153722218632,23022200
2023-01-12,38.139522552490234,38.147518291489504,37.23619921235181,37.787786273545436,23345300
2023-01-13,38.251441955566406,38.49925804573829,37.963659364714125,37.971652054953964,18737500
2023-01-17,36.83650207519531,37.364108081765394,36.540720686291124,37.20422682685419,29391400
2023-01-18,35.97314453125,36.65263604149222,35.94916341072983,36.4128156878468,33835000
2023-01-19,35.9411735534668,36.18898968750034,35.68536472777877,35.74931845894165,26614900
2023-01-20,36.06107711791992,36.31688588574598,35.757303062571076,36.19697419167956,25197600
2023-01-23,35.957149505615234,36.22894666975382,35.829245137166524,36.005114787338755,19398600
2023-01-24,35.74131774902344,35.933175866358084,35.29365389104479,35.90919169576543,18853100
2023-01-25,36.02910614013672,36.06108300370441,35.64539292576908,35.99712927656903,20828000
2023-01-26,35.698333740234375,35.73867022501052,35.18201934915604,35.65799725545823,38465500
2023-01-27,35.32723617553711,35.77094370094878,35.319167031406344,35.674135513717104,23798600
2023-01-30,35.13362121582031,35.60959922366053,35.01261173567752,35.32724069251683,24402200
2023-01-31,35.62572479248047,35.72253296588377,34.44788227073181,34.68990424297825,49722500
2023-02-01,35.472450256347656,35.641865354619874,35.02067358347828,35.424044623636966,24482300
2023-02-02,35.77094650268555,35.867754697499656,35.09328298403273,35.19816032360961,35279200
2023-02-03,35.54505920410156,35.81128250557815,35.3998453751227,35.787081226574,23742000
2023-02-06,35.30302429199219,35.73866565784615,35.278823019714565,35.649923556193365,18071200
2023-02-07,35.1658935546875,35.415984751218765,34.89160107630646,35.35144389631624,22999500
2023-02-08,35.48051452636719,35.57732270940951,35.117479993112674,35.13361520319917,19362300
2023-02-09,34.96419906616211,35.7628750153979,34.88352609562282,35.593456853302904,20809200
2023-02-10,35.399837493896484,35.48051045760105,34.89965527100403,35.0932746923618,18619600
2023-02-13,35.48858642578125,35.50471855964373,35.10134750859018,35.23849526623637,17878000
2023-02-14,35.27076721191406,35.65800306834917,35.15782380513845,35.56926094088918,17506900
2023-02-15,34.94806671142578,35.18202265356848,34.77865161296802,35.02873968855515,18994700
2023-02-16,34.64957809448242,34.83512843112617,34.5043642523304,34.81092714992659,17832000
2023-02-17,34.85932922363281,34.988407850683146,34.35108386070308,34.60117196953215,18293400
2023-02-21,34.4478874206543,34.633437729698684,34.38334657708574,34.536629541822656,17356600
2023-02-22,34.18973159790039,34.60116872128731,34.13325989620957,34.464024039317316,17394200
2023-02-23,34.12519073486328,34.4882253008944,34.060652966167154,34.11712466783011,21104300
2023-02-24,33.681480407714844,33.92350240592764,33.4878609626586,33.90736719571656,16806100
2023-02-27,32.89894485473633,33.66535053515458,32.85860836155161,33.4313945662152,26370300
2023-02-28,32.72952651977539,32.842469920581856,32.34229068380598,32.673054819372155,31086900
2023-03-01,32.41489791870117,32.882806737777344,32.38262749601264,32.721460779288456,21104400
2023-03-02,32.769859313964844,32.89893791140013,32.116400260844664,32.31808576167958,19110600
2023-03-03,33.19743728637695,33.221638563593174,32.8666731620226,33.00381783621688,20922000
2023-03-06,33.16516876220703,33.28617823268686,32.931212810811665,33.149033550647665,19434800
2023-03-07,32.543975830078125,33.181302815784946,32.35035637559975,33.124831116036425,23205800
2023-03-08,32.366493225097656,32.72952779719964,32.19707811727573,32.52784226575154,16756100
2023-03-09,31.834041595458984,32.72952579263984,31.713032130487683,32.600447183517716,18585100
2023-03-10,31.777570724487305,32.213212195681834,31.648492112001172,31.6968977457373,26328100
2023-03-13,32.156742095947266,32.681122638881725,31.672694966918886,31.672694966918886,35299400
2023-03-14,32.18901443481445,32.39069998120433,31.88245154260823,32.31002391616205,24583600
2023-03-15,32.49557113647461,32.69725666354305,31.834042853888278,32.07606487087502,25498400
2023-03-16,32.568180084228516,32.664991359053666,32.04379952757261,32.31809198462298,21095900
2023-03-17,32.35036087036133,32.907014955905204,32.26162181376769,32.7779363274777,57457800
2023-03-20,32.92314529418945,32.96348178257341,32.22127747090606,32.38262650191868,20825400
2023-03-21,32.80213165283203,33.00381716547302,32.51977316612532,32.96348067844016,19982000
2023-03-22,32.277748107910156,32.9554115538805,32.261615975068906,32.83440209271094,15444200
2023-03-23,32.41489791870117,32.67305514525565,32.26968409407966,32.40682877429059,16958100
2023-03-24,32.584312438964844,32.64078413892157,32.16480618394572,32.34229042808219,17218100
2023-03-27,32.44717025756836,32.76986527107989,32.245484720069754,32.70532749936841,20262800
2023-03-28,32.26161575317383,32.51170381769018,32.15673842556686,32.431030844132,13537500
2023-03-29,32.47136688232422,32.48750209230828,32.26161530748464,32.398759976134244,14429500
2023-03-30,32.57624053955078,32.664982645730156,32.471363225204584,32.60850787840813,12634500
2023-03-31,32.915077209472656,32.93928156526354,32.495570946327796,32.71339168358437,23393600
2023-04-03,33.358787536621094,33.45559881291525,32.79407047895763,32.82633782691186,20817200
2023-04-04,32.995750427246094,33.50399569297003,32.882803957386365,33.43138878679852,19514500
2023-04-05,33.5201301574707,34.06064890861019,33.21356732962258,33.31037858734929,29697600
2023-04-06,33.47979736328125,33.963841395374075,33.37492002791961,33.826696714689305,25931800
2023-04-10,33.66535186767578,33.673421013118414,33.1732386299031,33.19744298875371,15137300
2023-04-11,33.71376419067383,33.87511327925904,33.64115725468437,33.721830260238036,15304100
2023-04-12,33.37491989135742,33.7137531744175,33.29424691216435,33.58467456122244,17035100
2023-04-13,33.45559310913086,33.64114340751145,33.318445363168124,33.503995661548714,22880900
2023-04-14,33.22970962524414,33.649215932420276,33.01995801039468,33.48786687927911,20627500
2023-04-17,33.22163772583008,33.30231069950097,33.0441534907821,33.173232095141536,17608600
2023-04-18,32.71338653564453,33.34264737007668,32.697251326815355,33.30230780926554,18541500
2023-04-19,32.46330261230469,32.72145983138061,32.431032190550994,32.61658249941952,17214300
2023-04-20,32.14866638183594,32.42295877565923,32.10026383305773,32.33421974374039,20131600
2023-04-21,32.43909454345703,32.511701445352024,32.197072562965865,32.34228636675586,19227100
2023-04-24,32.19707489013672,32.4310308217614,32.03572586565499,32.422961677925144,17633700
2023-04-25,31.729169845581055,32.20514475383599,31.68883027659664,32.068000067215486,24492400
2023-04-26,31.164447784423828,31.616221385036134,30.978897473104222,31.592020107139575,22401400
2023-04-27,31.253198623657227,31.325805555074897,30.906299182159223,31.1563873301152,22434000
2023-04-28,31.37419891357422,31.390334124427604,31.156378183268725,31.22091902668226,21015300
2023-05-01,31.632360458374023,31.882451644589214,31.35000192351592,31.46294533745916,23917800
2023-05-02,31.511354446411133,32.366499290415625,31.164455021115046,31.696904800817343,38834100
2023-05-03,31.01923942565918,31.77757601559707,30.94663250170404,31.62429609945951,27721900
2023-05-04,30.841751098632812,31.003100139280864,30.672335990817,30.7933454631953,23675100
2023-05-05,31.051504135131836,31.05957020187369,30.72880607087489,30.962762013587334,19225100
2023-05-08,31.196714401245117,31.245120033385682,30.93855718478231,31.083771003727236,20101700
2023-05-09,31.043439865112305,31.196719777088923,30.970832943128162,31.043439865112305,15987900
2023-05-10,30.898221969604492,31.23705525359331,30.72074079939787,31.196715686409313,15858200
2023-05-11,30.64542579650879,30.70250856258096,30.343699049238808,30.66173249186303,28566400
2023-05-12,30.457870483398438,30.759597289135943,30.36001473842365,30.669894893418203,16541300
2023-05-15,30.30292510986328,30.466020055131203,30.180603123218003,30.417090638317624,16650400
2023-05-16,30.18060302734375,30.368164235811314,30.033820998923975,30.188759485508776,25451700
2023-05-17,29.968582153320312,30.213223018130716,29.772867595005565,30.156140253367536,23206400
2023-05-18,29.748401641845703,29.993042483630575,29.49560434256099,29.935959724240007,27772400
2023-05-19,29.984893798828125,30.702509742309008,29.781025880514726,29.88703806905541,33068300
2023-05-22,31.599529266357422,31.697385002099985,29.968585820351876,30.058288207606623,85718600
2023-05-23,32.32529830932617,32.733034167134576,30.98792519343903,31.43643401487273,75379500
2023-05-24,31.501670837402344,32.733031665120016,31.477204572475117,32.70041205240204,39326400
2023-05-25,30.84929084777832,31.403808650973872,30.70250571697512,31.403808650973872,30266600
2023-05-26,30.66173553466797,31.346731906289037,30.62911902994525,31.020545083617613,20234600
2023-05-30,30.18060302734375,30.466019958350277,30.107210457745197,30.466019958350277,24371100
2023-05-31,31.004230499267578,31.167325440865298,30.066436918163653,30.253995012228984,46166300
2023-06-01,31.004230499267578,31.15916898285791,30.74327983702214,31.085776414677802,20256100
2023-06-02,31.281492233276367,31.526133100189334,31.118397285075257,31.191789856226887,22736400
2023-06-05,31.51798439025879,31.81970806682186,31.37119922635722,31.37935257511715,18392200
2023-06-06,31.28964614868164,31.68922862348712,31.22441003468373,31.648455663391243,19508200
2023-06-07,31.71369171142578,31.852323508396356,31.09393463123615,31.273336277440347,25295100
2023-06-08,31.876785278320312,31.958331194802145,31.583215001742012,31.836012320079394,17347600
2023-06-09,31.7789306640625,32.28452220758268,31.697381633960905,32.03172488043388,19775100
2023-06-12,32.537322998046875,32.67595169780927,31.795243854410327,31.81155055138893,28334600
2023-06-13,32.84719467163086,32.92058723921084,32.170354869084186,32.34975650367516,26533800
2023-06-14,32.09696578979492,32.896127662086705,32.06434617604157,32.87981785521002,22056400
2023-06-15,32.41499710083008,32.48023632401747,32.0317244415476,32.13773662383843,19905900
2023-06-16,32.66779327392578,32.91243413070727,32.4965418744792,32.50469833247903,60338600
2023-06-20,32.080657958984375,32.51285698011691,32.07250461043261,32.3823816278442,26881200
2023-06-21,31.72184944152832,31.999109935806565,31.607680793832216,31.966490322179105,17982900
2023-06-22,31.583208084106445,31.79523239776346,31.32225747558753,31.754456337676366,18039800
2023-06-23,31.232563018798828,31.697381602191044,31.216253212794857,31.566906264936694,23492200
2023-06-26,30.082748413085938,30.213223751537182,29.48745448697854,30.188760597695527,56135500
2023-06-27,29.69947624206543,30.172451296096355,29.585310707858653,30.139831683243706,32414900
2023-06-28,29.593469619750977,29.797337550814383,29.381445229409486,29.764717935257575,30062000
2023-06-29,29.4548397064209,29.536388750566076,29.16126936905418,29.348830615199105,26284900
2023-06-30,29.911497116088867,29.9685798765153,29.471141726418868,29.528224486845296,30867900
2023-07-03,29.887042999267578,29.960435586398457,29.642398968312598,29.764720983790088,14115800
2023-07-05,29.732097625732422,30.188762900535558,29.675014855229243,29.82995647011875,26829400
2023-07-06,29.055252075195312,29.57715336727378,29.047095617694477,29.520070607876264,30177300
2023-07-07,28.97370719909668,29.169421767013876,28.82692205085316,28.965553851206494,22903300
2023-07-10,29.096031188964844,29.365135238687603,28.981865646005023,29.006328802131346,17777500
2023-07-11,29.373291015625,29.389600822922947,29.047101091221414,29.063410898519358,17731300
2023-07-12,29.348827362060547,29.56084863178083,29.291741482097567,29.520075669616652,17229700
2023-07-13,29.405908584594727,29.650549455490108,29.29173994145126,29.36513251379762,16664400
2023-07-14,29.617931365966797,29.756563170094307,29.36513402360346,29.601621558964876,17915100
2023-07-17,29.242816925048828,29.45483820748073,29.177577693052676,29.45483820748073,20557300
2023-07-18,29.552690505981445,29.748401937040565,29.259120248615655,29.291736746607434,22808300
2023-07-19,29.715789794921875,29.92781419441766,29.528231663538918,29.634243863286812,18589700
2023-07-20,29.984893798828125,30.22953467864869,29.65055053722525,29.68317015074201,22358400
2023-07-21,30.498645782470703,30.523108940394607,30.009360848546816,30.009360848546816,24149700
2023-07-24,30.58834457397461,30.824832132701747,30.474179024458863,30.506798641685624,19414700
2023-07-25,30.221384048461914,30.759595276779425,30.213227588960432,30.498644566733226,21771000
2023-07-26,30.343698501586914,30.457864031670763,29.976735647190694,30.066438023907256,20983700
2023-07-27,29.848968505859375,30.51685776295133,29.832476985933724,30.384928748981924,25346300
2023-07-28,29.74176788330078,30.055100393944283,29.700540666345457,29.972642814598608,24054100
2023-07-31,29.7335262298584,29.840716373982342,29.61808560894482,29.83247218806331,40265200
2023-08-01,29.362478256225586,30.442646022882016,29.16458317212973,29.585109046295052,40931600
2023-08-02,29.148090362548828,29.593351922975003,29.090371620875306,29.378968474678427,34301600
2023-08-03,28.859498977661133,29.090373962942977,28.79353289876017,29.00791950975254,25676500
2023-08-04,28.875991821289062,29.139849858118716,28.579150743496722,28.818273072322317,25746500
2023-08-07,29.420198440551758,29.560371641844476,28.777044890270727,28.86774353175882,31069100
2023-08-08,29.3872127532959,29.989139022232322,29.181073490834017,29.989139022232322,25225500
2023-08-09,29.5521240234375,29.733527576223395,29.28001869425866,29.354228952631487,17210500
2023-08-10,29.453182220458984,29.75826748333017,29.354233098363558,29.53563667676929,18955200
2023-08-11,29.717037200927734,29.914929133907947,29.345985894795383,29.37072160005902,16609400
2023-08-14,29.74176788330078,30.104571796116655,29.535628653089137,29.535628653089137,20295500
2023-08-15,29.181074142456055,29.60984419540359,29.15633843694764,29.585108489895173,20484300
2023-08-16,29.255279541015625,29.395455854943428,28.851248406178282,28.974930058595092,22215600
2023-08-17,30.104578018188477,30.277737397885794,29.34598700403141,29.354231190952387,31113600
2023-08-18,30.228261947631836,30.384926657990665,29.94791241906011,30.05510571848225,24145100
2023-08-21,30.516855239868164,30.665275761492055,30.211770010057066,30.269488752306852,28496500
2023-08-22,30.37668228149414,30.632296103000236,29.453179253031575,30.516855472186293,18524100
2023-08-23,30.228261947631836,30.615804775625705,30.14580749911363,30.582821738044185,19370900
2023-08-24,29.81598472595215,30.211771758036623,29.733530273806277,30.079842747341797,19380800
2023-08-25,29.99738311767578,30.252993762471252,29.651067558478275,29.79948806307218,16421300
2023-08-28,29.857208251953125,30.112822054625394,29.70878774013508,30.046855984735,15101900
2023-08-29,29.8077392578125,30.459136950814347,29.68405443947379,29.898437893100553,21076500
2023-08-30,29.601606369018555,29.89020014674364,29.535640279574952,29.832481391198627,16833000
2023-08-31,29.172828674316406,29.67580896713081,29.172828674316406,29.63457859918042,27919500
2023-09-01,29.502649307250977,29.73352741282849,29.354228791320946,29.387211827179936,17522500
2023-09-05,29.172828674316406,29.923175447655883,29.148089824459078,29.651070117273484,25856100
2023-09-06,28.340028762817383,29.090375654038667,28.24932697177372,29.07388413335473,35370200
2023-09-07,28.26581382751465,28.562654859963416,28.067921902839092,28.422481675437847,26777700
2023-09-08,28.241077423095703,28.356514900533593,28.076165392997858,28.224585905542384,19467700
2023-09-11,27.98546600341797,28.282307053796654,27.65564506055825,28.232835642357287,27574400
2023-09-12,28.158628463745117,28.208099880602678,27.828804339326854,28.010207922300495,17987200
2023-09-13,28.100906372070312,28.546164798018754,28.03494029685686,28.20809652613879,23853300
2023-09-14,28.158628463745117,28.34827623438303,28.018452109964766,28.232838734467425,23759900
2023-09-15,28.0926570892334,28.381250784663706,27.878273650547364,28.08441290312198,58063800
2023-09-18,27.73809814453125,28.133885143742027,27.573186108501226,28.133885143742027,25421900
2023-09-19,28.02669334411621,28.043181715856683,27.639150554074167,27.663886257120158,30323300
2023-09-20,27.72160530090332,28.109148095228576,27.663886562867894,28.100903909267224,24651400
2023-09-21,27.086694717407227,27.696868248185,27.070206346287836,27.597922294292854,26980600
2023-09-22,26.954769134521484,27.284593216395656,26.79810442562081,27.276349029794805,28570800
2023-09-25,27.193889617919922,27.193889617919922,26.723892377215087,26.95476733182508,19443700
2023-09-26,26.715652465820312,27.1774024489229,26.68266942547417,26.97951049771775,26015500
2023-09-27,26.468280792236328,26.798104879699178,26.303370321222708,26.74038613620852,26430100
2023-09-28,26.460037231445312,26.64968498532037,26.19617921340734,26.435301525202902,28197600
2023-09-29,27.350553512573242,27.400028063722306,26.633189820805743,26.674417040712335,42421400
2023-10-02,27.98546600341797,28.001957522376298,27.012488402925893,27.16915626031221,44620600
2023-10-03,27.952484130859375,28.12564034950249,27.795816284570982,27.90300957748903,31059900
2023-10-04,27.46599578857422,28.100905078824056,27.21862616334369,27.985464452513266,23722300
2023-10-05,27.597925186157227,27.85353585594919,27.25160959309308,27.581433667874602,21279400
2023-10-06,27.317575454711914,27.67213523145438,27.268100900247106,27.639152195144508,23760400
2023-10-09,27.37529182434082,27.59792258199541,27.020732078309646,27.25985435269071,17468100
2023-10-10,27.350553512573242,27.540204385927023,27.218624521610998,27.276346404002535,19212100
2023-10-11,27.301084518432617,27.48248807656776,27.061962218242762,27.408277816006613,24221200
2023-10-12,27.144418716430664,27.39178836728329,27.020737036440124,27.301086581362096,21809900
2023-10-13,26.476526260375977,27.202137314447423,26.40231600319327,27.160906947340614,32388100
2023-10-16,27.433015823364258,27.968976065343618,26.847581021713466,27.07021182208119,63317400
2023-10-17,27.004243850708008,27.367047826574453,26.550738094516056,27.210383116743948,40015800
2023-10-18,25.899335861206055,26.946523653606405,25.882844343360922,26.831086174125886,30307600
2023-10-19,25.717933654785156,25.973545888245027,25.48705712515572,25.874598354770214,26880300
2023-10-20,25.272674560546875,25.651971640759555,25.13249979196882,25.610742842520217,39407900
2023-10-23,25.429340362548828,25.882846125491607,25.17372810922023,25.371621618834414,29412100
2023-10-24,25.09126853942871,25.586003029873524,25.00056677057718,25.46231822772413,26923800
2023-10-25,25.338638305664062,25.561269091331155,24.918114012532158,25.116007519996973,28857900
2023-10-26,25.69319725036621,25.866355046645374,25.148989729576403,25.23969150728062,27162700
2023-10-27,24.82741355895996,25.668460564186116,24.753203297805037,25.61074182166957,33877100
2023-10-30,25.190216064453125,25.297409356636905,24.82741211186198,24.934603831328072,33063500
2023-10-31,25.198461532592773,25.412846541769415,24.4893435805506,24.97583233739035,42648200
2023-11-01,25.157236099243164,25.627233371993594,25.124253061925625,25.1984633231723,23568300
2023-11-02,25.148990631103516,25.27267387704079,24.90986832593602,25.157236390528375,29640900
2023-11-03,25.77565574645996,25.882847480008085,25.429341693332173,25.478814680145316,28071000
2023-11-06,25.70969009399414,25.899337845590697,25.528286529234112,25.825127582319382,27381200
2023-11-07,25.767410278320312,25.882847773097456,25.47056920864433,25.627235503497534,18086400
2023-11-08,25.412851333618164,25.808638391627287,25.190220523718793,25.49530736388289,29398300
2023-11-09,24.80280876159668,25.49641823491704,24.761024098190674,25.47970436955464,28737700
2023-11-10,24.635671615600586,24.919800931695345,24.25961923412587,24.86130400083851,33844100
2023-11-13,24.21783447265625,24.53539151587272,24.176051406195995,24.518677651719894,35519900
2023-11-14,24.451826095581055,24.827878510961973,24.226193689999327,24.30976142472463,40084300
2023-11-15,25.229001998901367,25.362709729897603,24.410040154147065,24.410040154147065,43614600
2023-11-16,24.878013610839844,25.446272145855303,24.627310472139264,25.295850581419266,32407200
2023-11-17,25.003366470336914,25.078577258833008,24.852944893344727,25.003366470336914,27009200
2023-11-20,25.053508758544922,25.187216485019626,24.869661033122657,24.98665489530757,26335700
2023-11-21,25.320924758911133,25.371066352864535,24.86966157078353,25.086937029482694,25988700
2023-11-22,25.337636947631836,25.55491239195955,25.18721536356482,25.39613387611973,19226800
2023-11-24,25.488056182861328,25.655191615071686,25.387774604750792,25.387774604750792,11129700
2023-11-27,25.187213897705078,25.696975548726623,25.095290841397507,25.696975548726623,26066700
2023-11-28,24.8111629486084,25.162146112768447,24.769378289826395,25.162146112768447,29497700
2023-11-29,25.13707733154297,25.2540711976629,24.84459107232126,24.878018802025174,26185200
2023-11-30,25.462989807128906,25.49641753693861,25.036795815586544,25.329282075733875,45356600
2023-12-01,24.15933609008789,24.56881617369189,23.649574421515577,24.20947608561119,103624000
2023-12-04,24.468538284301758,24.769379877203214,24.25126282647624,24.25126282647624,47410400
2023-12-05,24.309757232666016,24.73595117174094,24.293043369818758,24.41003722190618,39853000
2023-12-06,24.059057235717773,24.56881733445212,24.000558711934808,24.30975881910045,33410500
2023-12-07,23.92534637451172,24.150978741351775,23.816709453767448,24.08412488383491,35782900
2023-12-08,24.050701141357422,24.209478072532637,23.89192261626036,23.94206261589875,31890700
2023-12-11,23.933704376220703,24.075769029037172,23.766570521915412,24.050699827548346,37833900
2023-12-12,23.88356590270996,24.117555226368253,23.691361240734505,23.91699363205623,48587500
2023-12-13,22.279069900512695,22.337566828604565,21.526963579191126,21.961514464904656,158100700
2023-12-14,21.836164474487305,22.83061714272258,21.735884470753785,22.362640072815008,101889800
2023-12-15,22.25400161743164,22.554844817488632,21.794381478608503,21.83616454798445,138388400
2023-12-18,22.613340377807617,22.81390196768206,22.329211060338366,22.496346515527982,63329400
2023-12-19,23.53257942199707,23.599433277414953,22.78883008123294,22.797187012400382,70094700
2023-12-20,23.08967399597168,23.616149555932974,23.072961725848597,23.557652625697678,56184300
2023-12-21,23.65793228149414,23.699716941004738,23.215026048134284,23.28187990942946,51056600
2023-12-22,23.73314094543457,24.059054884690205,23.549293241847483,23.766568670044027,35162300
2023-12-26,23.741497039794922,23.84177861616713,23.607789333913036,23.758210901510555,30119100
2023-12-27,23.908634185791016,24.008914175441923,23.657931023820353,23.791638739302694,35000700
2023-12-28,24.059057235717773,24.259618821208274,23.883564852212466,23.90863564811945,30472900
2023-12-29,24.059057235717773,24.12591109754794,23.85013871825828,24.05070030374878,30363100
