Date,Close,High,Low,Open,Volume
2018-01-02,235.36984252929688,235.40487919746303,234.17009721479332,234.55542038917878,86655700
2018-01-03,236.85850524902344,237.00739098934096,235.53614545169597,235.53614545169597,90070400
2018-01-04,237.85691833496094,238.338585679426,236.91990791692345,237.49789269519266,80636400
2018-01-05,239.44190979003906,239.56449799129422,238.154586688609,238.64499294390268,83524000
2018-01-08,239.87989807128906,240.0375230077794,239.056709991639,239.34568904187134,57319200
2018-01-09,240.4227294921875,241.0444898121158,240.01987477211014,240.30011456212813,57254000
2018-01-10,240.05496215820312,240.3176970387955,239.00410281126253,239.66963904678204,69574300
2018-01-11,241.8064727783203,241.8064727783203,240.4403366278896,240.6067274035964,62361500
2018-01-12,243.38279724121094,243.54916128836368,241.77143115943943,242.06920275998172,90816100
2018-01-16,242.55084228515625,245.28311451775946,241.85900837845608,244.63508312865815,106555100
2018-01-17,244.86276245117188,245.2480856475253,242.55084999820028,243.47912131892016,113258800
2018-01-18,244.45123291015625,245.16931104593868,243.96079962757244,244.74897783965685,100728000
2018-01-19,245.5633087158203,245.5633087158203,244.451141888114,245.0290998315473,140920100
2018-01-22,247.55995178222656,247.55995178222656,245.30055491341997,245.3531232657294,91322400
2018-01-23,248.08551025390625,248.374489337842,247.27982705373884,247.60384281380882,97084700
2018-01-24,247.9890594482422,249.32018531746706,246.81558519125946,248.72466897985188,134816100
2018-01-25,248.09417724609375,248.94363600058514,247.30602597572388,248.84731857566186,84587300
2018-01-26,250.96656799316406,251.01037050667838,248.67216079961221,248.92612985752962,107743100
2018-01-29,249.30264282226562,250.83516929466805,249.14501794199515,250.39730458826736,90118300
2018-01-30,246.7455596923828,249.35521657465551,246.27265826550448,247.4811692868912,131796400
2018-01-31,246.86813354492188,248.09414946433438,245.79974251690325,247.59500397492036,108364800
2018-02-01,246.58787536621094,247.88396451331243,245.79972424269462,246.14127154046471,90102500
2018-02-02,241.21971130371094,245.40569741543945,241.1846746392417,245.27431660496606,173174800
2018-02-05,231.1312713623047,241.56997834773023,230.58832336984216,239.46823297604135,294681800
2018-02-06,235.68515014648438,236.18432251432046,226.55129533572622,227.6371916656286,355026800
2018-02-07,234.406494140625,238.51364033232687,234.32765497855863,235.13333776459748,167376100
2018-02-08,225.61419677734375,234.8443932483276,225.57916011408363,234.70427332043076,246449500
2018-02-09,229.0032501220703,230.85102642500632,221.48948987210917,228.39022881983215,283565300
2018-02-12,232.3660888671875,233.82856905831616,229.14341035308112,231.04372861908254,143736000
2018-02-13,232.94406127929688,233.48700932655623,230.58834664188186,231.16633135432912,81223600
2018-02-14,236.08795166015625,236.44700402142874,231.4553343575839,231.46410020607644,120735700
2018-02-15,239.10040283203125,239.1091686782895,235.36978694519354,237.82184535995404,111200300
2018-02-16,239.17050170898438,241.10588339525876,238.4348920412954,238.47869455702082,160420100
2018-02-20,237.67298889160156,239.66091202707622,236.88483766031146,238.22470277104793,86369700
2018-02-21,236.49073791503906,240.58040638947253,236.39442049927678,238.11084281540718,98883700
2018-02-22,236.79737854003906,239.11805761547882,236.13184193595458,237.4104002090946,110511300
2018-02-23,240.5716552734375,240.5716552734375,237.54163853771126,238.01453997396973,92766400
2018-02-26,243.36521911621094,243.46156325686482,241.0533071673779,241.64003095764554,86491400
2018-02-27,240.32647705078125,244.25852128064295,240.26516956236426,243.54915568994895,99099200
2018-02-28,237.89190673828125,241.8677260411564,237.5766569550853,241.42109545648609,121907800
2018-03-01,234.4328155517578,239.22305734767247,232.9440645992234,237.68176475917994,176855100
2018-03-02,235.64126586914062,236.20174553860167,231.9106766292142,232.76887437600675,139083200
2018-03-05,238.3648223876953,238.97784374741312,234.3539661829814,234.4590761754729,97307400
2018-03-06,238.9690704345703,239.41570103198728,237.480319593276,239.33686185879554,79213200
2018-03-07,238.8815155029297,239.2318019924513,236.62214492914111,236.8148065071499,87063500
2018-03-08,240.03741455078125,240.16000275983416,238.56619569131692,239.55574738449377,66901200
2018-03-09,244.21470642089844,244.21470642089844,241.1233820380445,241.43865858743482,113625300
2018-03-12,243.90817260742188,245.12544944991558,243.52284948642702,244.50368898314173,71924800
2018-03-13,242.33189392089844,245.56333825543905,241.7276383640236,245.06416597364745,91968900
2018-03-14,241.08834838867188,243.47033397164122,240.53666118934015,243.28643823853065,105895100
2018-03-15,240.82566833496094,242.23558032877742,240.32649599019436,241.59631474965676,83433000
2018-03-16,241.08673095703125,242.13302485074888,241.03397889786703,241.35049125285224,100343700
2018-03-19,237.8247833251953,241.26260286497254,236.18061459577604,240.33941484185743,109208400
2018-03-20,238.229248046875,238.86229968619318,237.55221846338517,238.22044709160454,59757300
2018-03-21,237.77197265625,240.26900164669325,237.56096443604125,238.18521497560846,78709600
2018-03-22,231.8284454345703,236.4004620081749,231.55585726268973,235.55640195080238,148785900
2018-03-23,226.8870391845703,232.59330410343725,226.6936060206735,232.26799078965104,183534800
2018-03-26,233.0944366455078,233.3757988388718,228.08280338306812,230.47432836231067,141956100
2018-03-27,229.12911987304688,234.5539960078321,227.58165448885407,234.02647538338294,129941400
2018-03-28,228.45208740234375,230.92276751178565,227.35304139529825,229.2609970696875,146452300
2018-03-29,231.37118530273438,233.22638911794968,228.46091330484768,229.5863354656723,111601600
2018-04-02,226.37710571289062,231.3535893470145,223.9152399272108,230.84361696405603,186286300
2018-04-03,229.278564453125,229.75335982524743,225.82317036263714,227.608019944904,119956900
2018-04-04,231.7317657470703,232.43514480898403,225.61228204540876,225.74416226549366,123715300
2018-04-05,233.56053161621094,234.43976862395363,232.39993232626645,233.48137667319213,82652600
2018-04-06,228.35540771484375,233.0944806318079,226.84311918035417,231.6085949630932,179521200
2018-04-09,229.48085021972656,232.85711698010886,228.54886117383796,229.8061636069654,105442900
2018-04-10,233.129638671875,233.91217232519995,231.22170978854876,232.35590597309297,103529000
2018-04-11,231.9075164794922,233.56048602453347,231.58220314327897,231.65253028400932,91140200
2018-04-12,233.8154754638672,234.75626543924633,233.05054361120307,233.22640173391812,68890500
2018-04-13,233.129638671875,235.23102756207518,232.12732264458262,235.11672248173076,85079200
2018-04-16,235.04640197753906,235.81136066287758,233.9385816667049,234.7562655902731,63405300
2018-04-17,237.56106567382812,238.1589404406564,236.2949621486706,236.8049078422157,64682000
2018-04-18,237.73684692382812,238.53692878501482,237.27962662351885,238.0006072261779,57303900
2018-04-19,236.41798400878906,237.2884198102276,235.3892651989447,237.08618569692788,77655900
2018-04-20,234.413330078125,236.56747115211715,233.5340932041984,236.34766193363552,99953100
2018-04-23,234.3782196044922,235.53881891429748,233.30554936340266,234.9848952967911,65558000
2018-04-24,231.22171020507812,235.61789433591494,229.7269968677222,235.3980851293731,112885500
2018-04-25,231.79327392578125,232.2328924624285,229.34899593530997,231.16022215972177,103840900
2018-04-26,234.14955139160156,234.97603613487092,232.37350270509603,232.81312110759345,67731900
2018-04-27,234.36940002441406,235.0552037744062,233.43741100089093,234.75626643027448,57053600
2018-04-30,232.5669403076172,235.53876505828364,232.49658633585722,234.98484156743206,82182300
2018-05-01,232.98019409179688,233.085698222423,230.4567617508169,232.00422721914586,74203400
2018-05-02,231.41519165039062,233.59568226151407,231.0283252196073,232.78679923873736,86368900
2018-05-03,230.9051971435547,231.55582388230098,227.76631487895474,230.588684729737,136311500
2018-05-04,233.89456176757812,234.57159127006764,229.6126828833328,229.93799620325126,91222100
2018-05-07,234.68597412109375,235.65311344714152,233.9737673978864,234.65959808187765,55304900
2018-05-08,234.68597412109375,235.04643771298495,233.12970731078494,234.31668273988203,67499200
2018-05-09,236.95431518554688,237.27962850508365,234.8353512992768,235.3540977861297,59666100
2018-05-10,239.17001342773438,239.49535362187376,237.58739773035467,237.69290186588918,72063900
2018-05-11,239.8998565673828,240.16361697381603,238.78320823837726,239.29318080039857,59871500
2018-05-14,240.01405334472656,240.9811922865384,239.46890403053305,240.3305656895721,54790600
2018-05-15,238.36114501953125,238.80953762286538,237.42035503340827,238.79196254326607,87036100
2018-05-16,239.3634033203125,239.82062360116055,238.36986150345558,238.39626436474398,53942600
2018-05-17,239.1612091064453,240.2338790692386,238.38747643398094,239.09965609109528,56536400
2018-05-18,238.5633087158203,239.17878520760263,238.211619362878,238.81829490037902,64368000
2018-05-21,240.3570098876953,240.8933584003689,239.6536310337644,240.0404974530814,58025900
2018-05-22,239.6887969970703,241.1307586245383,239.36348358487416,240.8757723694987,52966400
2018-05-23,240.3481903076172,240.37459317397244,238.2644031113261,238.42268614855146,64694200
2018-05-24,239.85574340820312,240.2250346012332,238.07969506424806,239.95247339082854,76043800
2018-05-25,239.28428649902344,239.90853710552315,238.7831150901173,239.28428649902344,56374800
2018-05-29,236.53236389160156,238.42274519355385,235.42454334976165,237.66658730633534,115908600
2018-05-30,239.6887969970703,240.12841551780784,237.7632925618502,237.83361971900675,69678400
2018-05-31,238.22042846679688,239.58323481813724,237.62255386312358,239.2842975163006,93519900
2018-06-01,240.5592498779297,240.85818723969737,239.44260170924423,239.51295569565073,71258400
2018-06-04,241.70217895507812,241.95716512742996,241.13948138374377,241.37686564837566,45385200
2018-06-05,241.8780059814453,242.2560712984103,241.0690964633088,241.83402804996868,51135000
2018-06-06,243.90028381347656,244.00578793670007,241.86924894489002,242.48472543993108,62732200
2018-06-07,243.87391662597656,244.67402536567218,242.96830375923162,244.3838890162866,72969400
2018-06-08,244.5948486328125,244.64760068584744,243.24961761607486,243.41667472807663,72139700
2018-06-11,244.92027282714844,245.63245269783636,244.70046356256117,244.81476867329624,58892500
2018-06-12,245.2367706298828,245.59723415049666,244.59491802629464,245.33347381049114,72329000
2018-06-13,244.4542236328125,245.72912781539785,244.25198949499742,245.47414161244484,79070600
2018-06-14,245.06967163085938,245.59719222080923,244.48057119584672,245.31585685022813,77097600
2018-06-15,244.7571563720703,245.0927711120333,243.18508755277847,244.28906922230018,120041600
2018-06-18,244.25367736816406,244.37733622363186,242.8317622463117,243.30866281053295,52917600
2018-06-19,243.31752014160156,243.5383164393707,241.57764423707374,241.99274235498666,97531500
2018-06-20,243.73251342773438,244.39490203614187,243.39689888704874,243.99745809003278,53785500
2018-06-21,242.2046661376953,243.741426494707,241.7100846523284,243.72374554351353,71061400
2018-06-22,242.64625549316406,243.5736159805693,242.4254592274965,243.45879760999512,54898500
2018-06-25,239.3431396484375,241.65708008095126,237.66509350638052,241.498113246504,137854200
2018-06-26,239.87303161621094,240.72088159957022,239.15765398139763,239.90836656004487,68547400
2018-06-27,237.88589477539062,241.8778814341139,237.73574146013553,240.45596646380378,105110700
2018-06-28,239.24598693847656,240.0055130673899,237.12632147068877,237.83288561084004,76650500
2018-06-29,239.59043884277344,241.69242357031283,239.4756204740588,240.33231104908108,97592500
2018-07-02,240.10260009765625,240.26159384124662,237.78866029858509,238.02713743764045,63554800
2018-07-03,239.2547607421875,241.09180024895247,238.83084928113527,240.9946359040203,42187100
2018-07-05,241.20663452148438,241.26846393810172,239.3077922241397,240.37646544509775,56925900
2018-07-06,243.2468719482422,243.61779462701128,240.85342072603245,241.2332108340498,66493700
2018-07-09,245.43714904785156,245.49013800090842,244.20069522207166,244.2448436987284,50550400
2018-07-10,246.32028198242188,246.41744634420857,245.5960638406166,245.8875299733104,51966800
2018-07-11,244.51856994628906,245.56074866119906,244.21829030052362,244.7747011260493,77054700
2018-07-12,246.73533630371094,246.78832523615094,245.17210889140773,245.7726680941688,60124700
2018-07-13,246.92970275878906,247.22998243887085,246.10834713803578,246.5587801344927,48216000
2018-07-16,246.7089080810547,247.11516565639909,246.26731555704208,246.9738797670635,48201000
2018-07-17,247.70689392089844,248.09549747066842,245.88753500727847,245.94052395018647,52315500
2018-07-18,248.2279815673828,248.33395945821087,247.3447965402584,247.7863890538206,44593500
2018-07-19,247.29183959960938,247.94538797941058,246.81491207649066,247.56562483723806,61412100
2018-07-20,247.00914001464844,247.7157040880866,246.85017320537366,247.08862341928582,82337700
2018-07-23,247.46847534179688,247.67159066471092,246.4616313923837,246.80608651802618,47047600
2018-07-24,248.71372985839844,249.55276643988464,247.8482257560957,248.87272365197978,68026900
2018-07-25,250.83340454101562,251.15133823423943,248.42229955672244,248.46644802989135,78882900
2018-07-26,250.2416534423828,250.9216962404491,250.0208571758155,250.11802154849315,57919500
2018-07-27,248.54595947265625,250.66559829458888,247.62743943383978,250.56843391946245,76768700
2018-07-30,247.24761962890625,248.7843527057693,246.72651682779656,248.6253858949208,63742500
2018-07-31,248.4663848876953,249.0757845975121,247.6273754420126,248.00713846330046,68570500
2018-08-01,248.05128479003906,249.17294680266315,247.40657709727742,248.66952496798916,53853300
2018-08-02,249.40260314941406,249.57038348820197,246.54990614738182,246.7530483824733,63426400
2018-08-03,250.47125244140625,250.52424138118405,249.34959032655735,249.52623809426015,53935400
2018-08-06,251.38975524902344,251.69884839251776,250.11796687538163,250.50657037580902,39400900
2018-08-07,252.21990966796875,252.59969962554263,251.91963006273627,252.05212934819744,43196600
2018-08-08,252.11395263671875,252.51139662062386,251.6547061941744,252.0521501780795,42114600
2018-08-09,251.76953125,252.5643922863209,251.637058902724,252.17578876586805,35717000
2018-08-10,250.0825958251953,250.87745670578855,249.37603185704398,250.3387269481914,77076000
2018-08-13,249.14654541015625,250.965904730158,248.8550792063919,250.35650479793023,65732900
2018-08-14,250.7362518310547,250.9747290647368,249.48214404587964,249.87074765745612,43842000
2018-08-15,248.86386108398438,249.5350902895857,247.43310573744802,249.39377745931876,102925400
2018-08-16,250.8775634765625,251.7430945986613,250.2593231103961,250.29465806200673,69967900
2018-08-17,251.76060485839844,252.20219716706083,250.26802069890707,250.6742780761329,65618500
2018-08-20,252.29945373535156,252.5643984363551,251.7606969064238,252.21112985079523,39807500
2018-08-21,252.8911590576172,253.74784948203643,252.33474826253425,252.81167565155732,67272000
2018-08-22,252.74114990234375,253.26222599655273,252.22004685545832,252.48501861784226,44993300
2018-08-23,252.4054718017578,253.4211292541969,252.08751115726497,252.5644386476694,49204900
2018-08-24,253.9245147705078,254.06582759747945,252.9265114599783,252.97950040100943,57487400
2018-08-27,255.9292755126953,256.0352533701604,254.95776689816628,255.11673368436388,57072400
2018-08-28,256.0531005859375,256.49469324723503,255.59382696847473,256.38868836827487,46943500
2018-08-29,257.4306945800781,257.6603042818709,256.02643409491515,256.2648842688511,61485500
2018-08-30,256.3885192871094,257.3246929554652,255.796800604692,256.9537704580876,61229500
2018-08-31,256.3974304199219,256.8390229116999,255.49659143965482,255.9823323995439,66140800
2018-09-04,255.955810546875,256.3090791119726,254.95780730979303,255.98230501544074,57594400
2018-09-05,255.2668914794922,255.80564820137695,254.2600748630529,255.6025060025253,72452400
2018-09-06,254.4985809326172,255.67320506851195,253.47408314620807,255.3729254168747,65909900
2018-09-07,254.00401306152344,254.97552195844804,253.21796546907208,253.45644267034794,73524800
2018-09-10,254.44558715820312,255.27578315982285,254.2512853928737,255.01081150564704,50210900
2018-09-11,255.28463745117188,255.72622999265644,253.4564648134547,253.8008929804244,50530500
2018-09-12,255.34646606445312,255.94702545032362,254.56044535849583,255.2934771158569,59810800
2018-09-13,256.8567199707031,257.0422082542672,256.1236881706315,256.40631388139195,51034200
2018-09-14,256.9008483886719,257.24527651158894,256.1236413026373,257.0598152146336,55079900
2018-09-17,255.5406951904297,256.88312642756125,255.26691004965062,256.84781844031767,68244000
2018-09-18,256.9272766113281,257.51899529516726,255.7261313464429,255.75262581060497,61930400
2018-09-19,257.20111083984375,257.61620882608855,256.8566557873011,256.98031461211065,49080600
2018-09-20,259.2854309082031,259.60339151190027,257.2187813185035,258.45526183517813,100360600
2018-09-21,259.0484619140625,260.1397063566886,258.8887755296782,260.024368276411,105479700
2018-09-24,258.1878967285156,258.6137541666479,257.61123339487847,258.4718016872705,53409600
2018-09-25,257.948486328125,258.7469457031988,257.7089566380067,258.6404880631462,44370000
2018-09-26,257.1766052246094,259.2703440505764,256.75962814321076,258.09040260622646,79739700
2018-09-27,257.8952941894531,258.97765880840194,257.37185933495834,257.64688396910503,59249500
2018-09-28,257.92181396484375,258.4186342232433,257.23869287821276,257.2741607004745,70091400
2018-10-01,258.8180236816406,259.88262751951237,258.1526361299625,259.1551306317523,62078900
2018-10-02,258.6670227050781,259.37675813634576,258.29442107979753,258.6670227050781,47258200
2018-10-03,258.80902099609375,260.13091497744125,258.4541532176749,259.7139378922632,64694600
2018-10-04,256.7862548828125,258.38317348526033,255.20707019384005,258.3299446701572,111545900
2018-10-05,255.34902954101562,257.5226117482122,253.92953125946568,257.00805749692273,105951700
2018-10-08,255.34902954101562,255.70389734273365,253.29075838650212,254.66588127116367,87742200
2018-10-09,254.9762725830078,256.27155159179216,254.41734321578423,254.96741916782267,74339000
2018-10-10,246.90296936035156,254.54162756220535,246.5303677356784,254.47063777439158,214731000
2018-10-11,241.46461486816406,247.43533927490867,239.85878869058828,245.82065967789862,274840500
2018-10-12,244.818115234375,245.82948959193328,241.64198550916652,245.54558458555246,183186500
2018-10-15,243.4429931640625,245.78516911999583,243.35426945518478,244.46324812946958,102263700
2018-10-16,248.76612854003906,249.1387573439858,244.92463774239474,245.39484368863774,118255800
2018-10-17,248.81044006347656,249.43145181105547,246.24646864194278,248.801559571119,110626000
2018-10-18,245.21734619140625,248.47331932132207,243.9486811524354,247.87889487020155,134557500
2018-10-19,245.0843048095703,247.79020214139808,244.39230314956563,245.86503018489384,139901600
2018-10-22,243.9841766357422,246.06903477940648,243.45186148376848,245.74966193302623,82415800
2018-10-23,242.7421112060547,243.85997037429763,238.30619650626488,240.38222841148024,146352700
2018-10-24,235.3874053955078,242.875232251274,234.8373562549833,242.49372297586885,177806700
2018-10-25,239.6103973388672,241.14523383340236,236.1947640977696,237.2150192376304,138061500
2018-10-26,235.39630126953125,240.42664181369634,232.69928389572428,235.91976317152478,201574600
2018-10-29,234.0920867919922,239.7611989981916,230.5345014729558,238.47477285454744,160749100
2018-10-30,237.56101989746094,237.87153941171934,233.43562370711567,233.92359067943056,157116000
2018-10-31,240.098388671875,242.40507035804447,239.64591658554255,240.11612258861433,128296300
2018-11-01,242.65345764160156,242.84863900602303,239.87657021470125,240.95893467655137,99495000
2018-11-02,241.21615600585938,244.17934345039046,239.17561922362194,243.7534859391745,122634100
2018-11-05,242.54696655273438,243.09701566533533,240.73710570266368,241.70413189653885,65622500
2018-11-06,244.08177185058594,244.2414582856126,242.4227440457888,242.4848533509687,60085900
2018-11-07,249.30723571777344,249.38707891710627,245.82058689889206,246.2464443700029,102752100
2018-11-08,248.85482788085938,249.49360071455664,247.71923474036157,248.5088135200468,65584900
2018-11-09,246.42388916015625,247.7369023016023,245.0221252541593,247.55060150511824,98812600
2018-11-12,241.81948852539062,246.15779952677357,241.3049071986375,245.9182698520506,99673600
2018-11-13,241.36705017089844,244.2681293791758,240.64843397183265,242.2808477496291,98176600
2018-11-14,239.7168731689453,243.62932663010966,238.1643028170083,243.23011049870425,125335900
2018-11-15,242.21868896484375,242.68004144511647,236.88673763253698,238.45704177005678,135101400
2018-11-16,242.8485870361328,243.7535038549721,240.6128687812642,241.12745002947233,126668000
2018-11-19,238.740966796875,242.538109209669,237.82716932830735,242.2453236381277,103061700
2018-11-20,234.32272338867188,236.87781425641884,233.46215496550255,235.42282142769082,136021300
2018-11-21,235.12124633789062,237.01095059988435,235.11239291801454,235.8664768641583,75563700
2018-11-23,233.55091857910156,234.94380235022106,233.3912321412432,233.48880927282028,42807900
2018-11-26,237.3214874267578,237.54328320939965,235.40516861577075,235.7955313591948,79981400
2018-11-27,238.11988830566406,238.11988830566406,235.68901578925252,236.292293671845,75502400
2018-11-28,243.60269165039062,243.60269165039062,238.05779800456682,239.18453772119085,127629600
2018-11-29,243.07037353515625,244.4632300704117,241.69522383582375,242.83081683141555,82346400
2018-11-30,244.55198669433594,245.11091631207717,242.60020035383283,242.9195732355842,98204200
2018-12-03,247.79025268554688,248.7661596037664,246.20221427852104,248.65970195353918,103176300
2018-12-04,239.76119995117188,247.3909789815745,239.45068049374675,246.96512140499067,177986000
2018-12-06,239.39744567871094,239.5127837949778,232.83229721703475,235.9197036518377,204185400
2018-12-07,233.8347930908203,240.6217365601886,233.00083903579494,239.0602860614735,161018900
2018-12-10,234.27845764160156,235.24548401261418,229.44329871185786,233.65741861541554,151445900
2018-12-11,234.3316650390625,237.64972100638724,232.86781841081208,237.46342014543708,121504400
2018-12-12,235.51158142089844,238.65221668607788,235.43173820331026,237.2948278377277,97976700
2018-12-13,235.4316864013672,237.3125095342979,234.32270794330245,236.45194116785288,96662700
2018-12-14,231.08453369140625,234.2429026855889,230.53448461905714,233.2936104737999,116961100
2018-12-17,226.55105590820312,231.2442481147202,224.92750936156915,230.1352693427575,165492300
2018-12-18,226.3026580810547,228.84888268565493,224.70572585491885,228.18349538620993,134515100
2018-12-19,222.91358947753906,230.13525835424576,221.21908028326692,226.38247815956686,214992800
2018-12-20,219.28501892089844,223.23298053526167,217.0493139863957,221.67154333984448,252053400
2018-12-21,214.79196166992188,222.83216813756005,214.14945865139123,220.18184659021884,255345600
2018-12-24,209.11654663085938,214.91691180258488,209.05408824030314,213.31065410867478,147311600
2018-12-26,219.68211364746094,219.68211364746094,208.59895689050683,210.5710868788151,218485400
2018-12-27,221.36874389648438,221.565051449296,213.23930731621283,216.46074189913128,186267300
2018-12-28,221.0830841064453,224.34020583239675,219.92300869158998,222.71611114470974,153100200
2018-12-31,223.0196075439453,223.2605496346968,220.83331848390992,222.69835596174136,144299400
2019-01-02,223.2515411376953,224.1706882642769,219.47684654649836,219.50361636785237,126925200
2019-01-03,217.92417907714844,221.81488595919683,217.4422949789893,221.5114719055297,144140700
2019-01-04,225.22366333007812,225.8661662538114,220.56552394120638,220.94031504398598,142628800
2019-01-07,226.99952697753906,228.40053118136873,224.59906597413217,225.49142984951663,103139100
2019-01-08,229.13223266601562,229.61411672120437,226.6603948566166,229.17686719364798,102512600
2019-01-09,230.20306396484375,231.04188801850194,228.61465767376785,229.83719158120317,95006600
2019-01-10,231.01512145996094,231.26498220929608,227.99892776477134,228.67713289844357,96823900
2019-01-11,231.1043701171875,231.13113993995213,229.36424993914574,229.94428092089964,73858100
2019-01-14,229.69444274902344,230.4975647437102,228.81101127814628,229.2125586590983,70908200
2019-01-15,232.3269500732422,232.6392828891841,230.06033811024096,230.06927046385758,85208300
2019-01-16,232.88916015625,233.77259177760342,232.5500574882755,232.75528377367993,77636700
2019-01-17,234.6559295654297,235.51261824704372,231.97883870913282,232.02347322973696,96118400
2019-01-18,237.77926635742188,238.24331299330493,234.69169502898802,236.4585852744533,127900300
2019-01-22,234.5667724609375,236.52998402426385,232.9605282602423,236.31582539291418,115531200
2019-01-23,235.05755615234375,236.28902257625495,232.60355565717606,235.59297988875502,86030300
2019-01-24,235.1824951171875,235.76255343882323,233.8707190939541,234.87909465890846,59204100
2019-01-25,237.17245483398438,237.99344153026766,235.28064789407634,237.02074100226002,96883400
2019-01-28,235.369873046875,235.43231781289492,233.61191535787162,235.03970281433,85613700
2019-01-29,235.05755615234375,236.07483674202095,234.22766433893665,235.5126704132107,66136300
2019-01-30,238.77874755859375,239.61757189869584,235.807187415781,236.56570226367603,92473700
2019-01-31,240.87571716308594,241.35760116657454,238.50202655014016,238.7162123476783,104012100
2019-02-01,240.99180603027344,242.0091140044702,240.20652139744502,241.07211551779636,85782500
2019-02-04,242.68728637695312,242.7497583878186,240.3671347162264,241.03640766262146,60744800
2019-02-05,243.70458984375,244.00799030593308,242.6159047816646,243.11562639382325,79552800
2019-02-06,243.38327026367188,243.91869393779575,242.65155271624124,243.42790478897015,58347800
2019-02-07,241.0631866455078,242.32139572551998,239.41230805498316,241.77706684167765,95482000
2019-02-08,241.3575897216797,241.45573664828157,239.00173668991644,239.8227232038639,75788900
2019-02-11,241.49151611328125,242.26786835499118,240.96502467617663,242.00910242961137,68021400
2019-02-12,244.59690856933594,244.9716860928263,243.02633965967624,243.09774400981368,72270200
2019-02-13,245.39114379882812,246.2299680559357,245.00743385198552,245.42684598053933,65277200
2019-02-14,244.84686279296875,245.97125025820532,243.49938430575926,244.3114388936756,83234400
2019-02-15,247.51492309570312,247.55062527003284,246.40840078649993,246.61362701514128,97088700
2019-02-19,247.94325256347656,248.59466061729628,246.71178633464183,246.72071868588148,59120800
2019-02-20,248.44300842285156,248.8981226746034,247.4078631485972,247.90758469716386,76610800
2019-02-21,247.5595703125,248.16637114331283,246.60473453788555,247.80943108005712,64214700
2019-02-22,249.09449768066406,249.2907916153348,247.5417658170236,248.175336625863,78114600
2019-02-25,249.43348693847656,251.03082555667353,249.3531774749174,250.51326660281055,69030700
2019-02-26,249.255126953125,250.1296262719881,248.880322078763,249.0855756091028,56844100
2019-02-27,249.14794921875,249.4959568913264,247.6130826068024,248.5411212221916,56921600
2019-02-28,248.68386840820312,249.37100577297227,248.36263060086256,248.93372911372614,69268300
2019-03-01,250.23666381835938,250.6471435330441,248.80887632010388,250.2545012902043,78880500
2019-03-04,249.32647705078125,251.53061705121806,247.0420275644321,251.289688593481,106494600
2019-03-05,248.98731994628906,249.6476876295679,248.44299113877628,249.4513665182331,59114600
2019-03-06,247.4792022705078,249.11224302146866,247.1579644240893,249.10331067036444,75039800
2019-03-07,245.40896606445312,247.17582887820254,244.57014195241382,247.0330474088362,94885100
2019-03-08,244.918212890625,245.0877642272237,243.09780995996707,243.56182943062322,85795800
2019-03-11,248.46975708007812,248.63037601426655,245.60527715593278,245.63204697829752,65098900
2019-03-12,249.40679931640625,249.92438567363297,248.8357005319486,249.02308934201264,79667500
2019-03-13,251.0576171875,251.9856831238809,250.1295512511191,250.29019742497135,80639200
2019-03-14,250.89697265625,251.50377341581668,250.45972317255902,251.0843614017207,67518400
2019-03-15,252.13656616210938,252.9432256217653,251.2581878355714,251.4464293465867,81309000
2019-03-18,253.05078125,253.3465737140762,252.1275991291348,252.35167272500243,62199800
2019-03-19,253.11354064941406,254.87027006711818,252.22621791978662,254.10844168655152,90268100
2019-03-20,252.35174560546875,254.09953109909895,251.2493207011639,252.89849956071265,84609200
2019-03-21,255.20188903808594,255.60520506642865,251.4912174609429,251.5360485881354,79550400
2019-03-22,250.2902069091797,254.36833541817302,250.22745973759913,253.84849671028795,122659300
2019-03-25,250.1019744873047,251.13270748383408,248.84716791097622,249.94959241783928,85575200
2019-03-26,251.96624755859375,252.91631732203692,250.5680306481403,251.8497249239341,68125900
2019-03-27,250.648681640625,252.539876732289,249.10705443590894,251.95726358737582,72224700
2019-03-28,251.5988311767578,252.0469784441076,250.12892236327448,251.27617827358043,56238500
2019-03-29,253.18519592285156,253.50784870612804,251.9841649749975,253.10453272703245,82186800
2019-04-01,256.1878662109375,256.48365873807614,254.90617153397596,255.17507631798742,77617900
2019-04-02,256.3132629394531,256.5463081929377,255.52451963787078,256.3760101004266,40070400
2019-04-03,256.7165832519531,257.91761413424587,256.11605413444335,257.5232425188391,68243200
2019-04-04,257.3978576660156,257.6488190413837,256.3492083789462,257.03934532302384,48997500
2019-04-05,258.64361572265625,258.69739118474644,257.77420928189554,258.06102998152795,58621700
2019-04-08,258.8409118652344,258.94846283525817,257.56816156356155,258.22246643485846,53566300
2019-04-09,257.51434326171875,258.20448010644867,256.9676168040888,257.8818272500247,66142300
2019-04-10,258.39276123046875,258.4823961552368,257.51438273212386,257.9266705627704,52601500
2019-04-11,258.3210144042969,258.88568428123676,257.756344527357,258.8767125839089,55093100
2019-04-12,260.0688171386719,260.34666624730795,258.36586304784964,259.9254067353859,69727800
2019-04-15,259.8984680175781,260.23906423948523,259.1007529344028,260.1404576397442,49596700
2019-04-16,260.0688171386719,260.8306729393059,259.47725948239383,260.77689745716583,52153200
2019-04-17,259.4325256347656,261.2071717292626,259.0202103568919,261.18028398094435,58268300
2019-04-18,259.94329833984375,260.21220307800036,258.72435105561925,260.0150172111129,68708500
2019-04-22,260.1673583984375,260.31974047739857,259.09182156001907,259.1814564680707,40160100
2019-04-23,262.5067443847656,262.73978971372134,260.3018675160108,260.5348854922284,52246600
2019-04-24,261.9241027832031,262.7576499482489,261.7806924075933,262.4260254214715,50392900
2019-04-25,261.7627868652344,262.41709166992746,260.5796989626639,261.82553404227406,57770900
2019-04-26,262.9817199707031,263.05341148117117,261.03674925919904,261.80757659857346,50916400
2019-04-29,263.3939514160156,263.913817328566,262.98166377527735,263.0712986587577,57197700
2019-04-30,263.5284423828125,263.8152631258013,261.64624621968596,263.05340749405735,81111700
2019-05-01,261.5476989746094,264.3620768674727,261.53872727662645,264.1559192830297,71671900
2019-05-02,260.98297119140625,262.3453560513314,259.4951193512274,261.4311183473855,65030200
2019-05-03,263.5374755859375,263.81532469782667,261.09058170896674,262.45296687976565,56543700
2019-05-06,262.45294189453125,262.89211741292036,258.9394556892126,259.2531642106628,107198100
2019-05-07,258.070068359375,260.6514008912022,256.16992839920704,260.05984323993033,144729900
2019-05-08,257.71160888671875,259.4145633124021,257.1200511141195,257.71160888671875,91568300
2019-05-09,256.9317932128906,257.53229523036543,253.92022936912662,255.65009859984357,103471100
2019-05-10,258.2223815917969,258.9752654873306,253.0238584758782,255.99956198160442,112429300
2019-05-13,251.73329162597656,254.0905508322464,250.89974420137844,253.13153638537906,127290500
2019-05-14,254.00985717773438,255.5335687769172,252.62061163645527,252.74607864369779,77003200
2019-05-15,255.49769592285156,256.1340573290502,252.1813954882787,252.38755306053397,73956400
2019-05-16,257.8638610839844,259.2172467723307,256.12504808840697,256.1967395916539,76749600
2019-05-17,256.19683837890625,258.6706201620972,255.5515051899321,255.56944858720954,100353000
2019-05-20,254.5028076171875,256.30434077404203,253.75886794240608,254.6013868725707,62877600
2019-05-21,256.7973327636719,257.1737611168127,255.93687039387783,256.1878317468838,46847100
2019-05-22,256.00860595703125,256.95867595197024,255.53357095956173,255.84727950945393,49482500
2019-05-23,252.880615234375,253.83962983387073,251.47342590475924,253.79482603723133,98733800
2019-05-24,253.45408630371094,254.72683617081282,252.83564108449852,254.31452112285137,55268100
2019-05-28,251.09689331054688,254.68207123353233,251.0789772679172,253.73200127216015,70029400
2019-05-29,249.4117889404297,250.38874638214097,248.01357211075765,249.98543038477186,104972900
2019-05-30,250.09303283691406,250.9982989609334,248.99955254201674,250.16472435586059,62523800
2019-05-31,246.7229461669922,248.38109625419122,246.69605842948016,247.55652073533304,86862800
2019-06-03,246.09564208984375,247.87028808825758,244.7691160882242,246.75889141428175,96428000
2019-06-04,251.43740844726562,251.57184710544496,247.93289487617494,248.38104197192473,77231900
2019-06-05,253.61546325683594,253.6423509955208,251.24926019436202,253.0507933917185,71169700
2019-06-06,255.26463317871094,255.93685397607697,253.26591418029244,253.91124723987323,69430400
2019-06-07,257.819091796875,258.89465607265004,256.10716612351325,256.27746425638986,74272200
2019-06-10,259.0022277832031,260.6603781109152,258.9125928609169,259.36074011961,60799100
2019-06-11,258.9394836425781,261.18021996235245,258.2941504883736,260.8127359235809,58641300
2019-06-12,258.4822998046875,259.2620713893022,257.9714055414129,258.70637335671375,47096300
2019-06-13,259.5489196777344,259.90745931903905,258.68848471461854,259.3875932507878,48945200
2019-06-14,259.26220703125,259.8627091473257,258.50035108522394,259.26220703125,52324700
2019-06-17,259.36077880859375,260.12263473256604,259.19048063666787,259.4952175357084,39205700
2019-06-18,262.076416015625,263.12509225444643,260.8126379238055,261.1711774824396,85434800
2019-06-19,262.66802978515625,263.19684018898215,261.24292499801845,262.21091089679237,78674400
2019-06-20,265.1777038574219,265.58104736339334,262.7308371362649,265.33905767145455,116570000
2019-06-21,264.79217529296875,266.1611589574299,264.57602721062443,264.90926466616133,83309500
2019-06-24,264.4679260253906,265.3145150896043,264.3148028256005,264.99930833046005,47582700
2019-06-25,261.87408447265625,264.5490271209979,261.76601042395885,264.52200860882357,82028700
2019-06-26,261.61297607421875,263.2701761840348,261.5049019888059,262.76581212825516,51584900
2019-06-27,262.5404968261719,263.04486059033877,261.9911113810401,262.36937046128344,40355200
2019-06-28,263.8915100097656,264.3868585052382,262.9998717236081,263.51322339656014,59350900
2019-07-01,266.2873229980469,267.42215565476,265.0894379746776,267.20598003847806,78705600
2019-07-02,266.9808044433594,267.034841473531,265.404660263216,266.24226171664947,61504500
2019-07-03,269.1154479980469,269.1334786718794,267.5122847166,267.6563926783437,40898900
2019-07-05,268.80908203125,268.971220578247,266.60249706914334,267.8904251985188,51677300
2019-07-08,267.33203125,268.6289747449363,266.7916335461484,267.5031576476492,45841800
2019-07-09,267.6653137207031,267.962517390623,266.12520336866174,266.1792403995563,41101300
2019-07-10,268.9442138671875,269.8899168340314,268.1966833184836,268.72806575397624,58448500
2019-07-11,269.57464599609375,269.8178125905179,268.57493362213694,269.5836613281804,50826100
2019-07-12,270.7815246582031,270.85359234497,269.7547937508127,270.06101270514915,40326000
2019-07-15,270.8716125488281,271.21386536805954,270.36724865283577,271.21386536805954,33900000
2019-07-16,269.998046875,270.9887717422666,269.69182782253176,270.78161143363604,36650100
2019-07-17,268.1605529785156,270.13298625914246,268.1605529785156,269.97087523256664,36036300
2019-07-18,269.1423645019531,269.52065119386003,267.22399498501346,267.6653065540941,51392600
2019-07-19,267.6472473144531,270.2591373052025,267.47612092845327,270.2321187961376,58678600
2019-07-22,268.3048095703125,268.8452074442404,267.53026035677874,268.0436122255215,43638100
2019-07-23,270.22308349609375,270.22308349609375,268.5929027695212,269.42151612922413,44564500
2019-07-24,271.4930419921875,271.4930419921875,269.37650038995713,269.4665712532843,47213200
2019-07-25,270.19610595703125,271.09675964355466,269.39451098285616,271.0427226212248,55394100
2019-07-26,272.0064697265625,272.2046146669419,270.75454772012597,270.88065244844626,45084100
2019-07-29,271.5111083984375,272.00648451921296,270.96172273001054,271.8893951181974,38126500
2019-07-30,270.8445739746094,271.24987912226163,269.7367600605903,270.11504669745034,45849000
2019-07-31,267.8814697265625,271.2769523537297,265.8730292190799,271.0877952542594,104245200
2019-08-01,265.5487060546875,270.9796462027079,264.7561264832074,268.0345188041901,142646600
2019-08-02,263.54931640625,264.9002971362273,262.0001907364451,264.6571304997098,116749700
2019-08-05,255.62356567382812,259.57742152550486,253.73218721471815,259.46934746825957,178745400
2019-08-06,259.2081298828125,259.42430546615407,256.0378386800961,257.50590864289825,120711700
2019-08-07,259.36126708984375,260.1268282910362,254.02039683355144,256.14592653629853,140572300
2019-08-08,264.449951171875,264.449951171875,260.2979505540792,260.847336151514,87713900
2019-08-09,262.64862060546875,264.10767516291054,260.87433176426345,263.51324043844005,93730000
2019-08-12,259.451416015625,262.6397115288918,258.5057127817333,261.153637859382,65527600
2019-08-13,263.48614501953125,264.92719597770594,258.8117516064786,259.1540043011932,94299800
2019-08-14,255.69554138183594,260.0547013343165,255.5694641754447,259.4512788383251,135622100
2019-08-15,256.3710021972656,257.26266781404627,254.33554406555913,256.57816238818685,99556600
2019-08-16,260.15386962890625,260.5861658852784,256.4251495030518,258.01932440574643,83018300
2019-08-19,263.2881164550781,263.96360681327474,262.48654885595346,263.16203921415007,53571800
2019-08-20,261.27056884765625,263.31504238472087,261.14449165105873,262.783660121407,51596400
2019-08-21,263.3961486816406,263.7653924594661,262.7386616778172,263.42316718942703,49524700
2019-08-22,263.3150939941406,264.7291268538394,261.54982049544003,264.09868577575924,51666400
2019-08-23,256.55120849609375,263.67538246569245,255.30830200906564,262.0181829782447,149161500
2019-08-26,259.3882141113281,259.3882141113281,257.20862049623975,258.7307271459625,72423800
2019-08-27,258.37054443359375,261.1445734568892,257.6139985597237,260.7753021102791,66668900
2019-08-28,260.18988037109375,260.35199145283605,256.91148746063425,257.71308250775724,59696700
2019-08-29,263.51324462890625,264.03563916134016,261.7389557594857,262.7386956483744,57899400
2019-08-30,263.3961486816406,265.00829878917193,262.46847659995325,264.99029561256964,62901200
2019-09-03,261.85601806640625,262.61256378979675,260.5320561790313,261.70292234690453,69101400
2019-09-04,264.8282165527344,264.8462197315112,263.2700757868123,264.01763373547163,46887300
2019-09-05,268.23272705078125,269.1423687179154,264.79222286459446,267.30505471636684,83258100
2019-09-06,268.4398193359375,269.07930324088835,267.8724306034567,268.5479208659887,49584300
2019-09-09,268.5750427246094,269.5117031259932,267.63835483744583,269.4216597116222,51260300
2019-09-10,268.5119323730469,268.57498473811705,266.5665167900906,267.81841132882255,57947100
2019-09-11,270.42132568359375,270.5023812339653,268.16969099846807,268.8181628872153,68821100
2019-09-12,271.35797119140625,272.41172066807127,270.56539150782567,271.3219373460333,72908700
2019-09-13,271.17779541015625,272.150516712728,270.8085241273065,271.79924860741954,62104800
2019-09-16,270.34027099609375,271.2229216903592,269.700814439494,270.05205515889173,58191200
2019-09-17,271.0247497558594,271.11479314596744,269.97097273102594,270.1420991494671,41475500
2019-09-18,271.1868591308594,271.2949331869254,268.6109750229394,270.6374460314941,73375800
2019-09-19,271.16888427734375,272.5649144175921,270.83564670729453,271.57418955678503,76560500
2019-09-20,269.8876037597656,272.0501199494442,269.1004209167277,271.7696025331954,89565000
2019-09-23,269.8242492675781,270.5390591956708,268.97372292597385,269.2270694354284,43476800
2019-09-24,267.70709228515625,271.29920199787654,266.7479924476479,270.91013892680803,94869400
2019-09-25,269.2904052734375,269.73375474914366,266.31356316285877,267.78841257718466,71854000
2019-09-26,268.7294616699219,269.507587597765,267.32701256150625,269.29949827937514,56179700
2019-09-27,267.28173828125,269.5890278573318,265.7345158777197,269.48042710932464,84746600
2019-09-30,268.52130126953125,269.2270541925325,267.7522324322751,267.7974620299853,51662400
2019-10-01,265.3273620605469,270.05048714568625,265.1102157710653,269.39902066453936,88242400
2019-10-02,260.6404724121094,263.7620888083091,259.3556532089676,263.75303184079075,122539500
2019-10-03,262.77581787109375,262.80296115805885,257.70885927355687,260.4142414543203,85278800
2019-10-04,266.33160400390625,266.5849504365985,263.37284902234313,263.42716318398953,65091200
2019-10-07,265.18255615234375,267.1550692865488,264.9020663585836,265.5354464421896,59610500
2019-10-08,261.065673828125,264.06965938553134,261.02947357933596,263.3367631205743,95708100
2019-10-09,263.544921875,264.476878334848,262.4501056717316,263.07442896754986,62359400
2019-10-10,265.3273620605469,266.2050317974711,263.3005897248464,263.4634494419576,55296300
2019-10-11,268.07794189453125,270.30377370590077,267.95128245800737,268.06888493024525,98720400
2019-10-14,267.7795104980469,268.4309771866274,267.43567702175284,267.7613965596876,40394800
2019-10-15,270.43048095703125,271.1724341538124,268.7022850237621,268.8199151174833,46754500
2019-10-16,269.9962463378906,270.6839131880785,269.5619536853145,269.9691030471046,48928200
2019-10-17,270.79241943359375,271.66103213680316,270.1047527533405,271.154339092206,45736600
2019-10-18,269.6070861816406,270.90096193087385,268.75655989311184,270.2585525385415,64304000
2019-10-21,271.4348449707031,271.6339049366315,270.48480235900485,270.91912254267635,39048600
2019-10-22,270.5480651855469,272.2581468989858,270.4575783893553,271.9686001962502,48594700
2019-10-23,271.33526611328125,271.3895526721118,270.08662003478764,270.2947369187683,34352200
2019-10-24,271.77874755859375,272.4121278695281,270.9553641994625,272.2673544380943,35453100
2019-10-25,272.89166259765625,273.4345560321508,271.15440912981506,271.2086957119938,45205400
2019-10-28,274.42974853515625,274.92741221048794,274.0768858537456,274.10402913693105,42147000
2019-10-29,274.34832763671875,275.27125452053383,274.0316375807567,274.15832464822154,44284900
2019-10-30,275.1898193359375,275.56076834015374,273.2444494353092,274.5473822708717,49643900
2019-10-31,274.4568786621094,275.18074553352045,273.0092001446827,275.18074553352045,69053800
2019-11-01,276.9993896484375,277.0446192410411,275.7326297032093,275.8955169845089,71141500
2019-11-04,278.1123352050781,278.68237174713806,277.74135860448837,278.5466553353853,60606900
2019-11-05,277.80474853515625,278.61004540055967,277.51520173325594,278.31144163213037,42933200
2019-11-06,277.8680419921875,278.1394748121064,276.9270288619723,277.80469846330715,46487100
2019-11-07,278.84515380859375,280.1752294988642,278.3746611746068,279.1980439936019,54272300
2019-11-08,279.5329895019531,279.5872760844092,277.80479299321394,278.5014892098723,49032100
2019-11-11,278.9990539550781,279.17097060937425,278.0218405924795,278.1575846131219,35797300
2019-11-12,279.5871887207031,280.482944664036,278.81809222595433,279.3609854935828,46484600
2019-11-13,279.6776123046875,280.0757321034284,278.37467980202507,278.6008829780055,53917700
2019-11-14,280.0847473144531,280.16620475286317,278.7637285649699,279.39710847081733,51219900
2019-11-15,282.11163330078125,282.1568629025422,280.7272706119639,281.4149096673068,62023600
2019-11-18,282.3197326660156,282.5549928740358,281.4239766627088,281.8763831472396,49228000
2019-11-19,282.2382507324219,282.9259172980814,281.5958413744846,282.9168603339979,67804700
2019-11-20,281.18865966796875,282.16587294031694,279.6414375348948,281.6501230250607,79406200
2019-11-21,280.7362976074219,281.40587795167755,279.94008542437876,281.2973048182035,54664700
2019-11-22,281.360595703125,281.6139421962558,280.35626669515204,281.47822579148874,44850200
2019-11-25,283.5412292480469,283.5412292480469,282.2835536082596,282.2835536082596,48647200
2019-11-26,284.18365478515625,284.3646284301698,283.2607554660706,283.5774455384936,37569000
2019-11-27,285.45037841796875,285.45037841796875,284.4460217587132,284.66316801468287,44444600
2019-11-29,284.3916931152344,285.1336461969463,284.1654899278364,284.8893290824325,36592700
2019-12-02,281.9759826660156,284.708508432103,281.5507193819938,284.6451648847005,75767800
2019-12-03,280.0847473144531,280.16620475286317,277.89511614460883,279.27042144457147,73941700
2019-12-04,281.8130798339844,282.41025979232126,280.78160726064203,281.125440655991,49080000
2019-12-05,282.3197326660156,282.52784958947194,281.01679978155096,282.5097632706629,40709000
2019-12-06,284.8984069824219,285.2965268305146,284.2107404061352,284.2197973703587,48927000
2019-12-09,284.0027160644531,285.1789619492192,283.9303155595032,284.5094091482941,34838500
2019-12-10,283.6860046386719,284.60890391207636,283.03453820665106,283.9484081271428,52649800
2019-12-11,284.4913330078125,284.744679558798,283.6046062730117,284.13844266213465,53429100
2019-12-12,286.9433288574219,287.72145472298655,284.2650903166584,284.5003229017807,96389600
2019-12-13,287.11529541015625,288.3367986002163,285.93902182936716,286.7081184759016,81503900
2019-12-16,289.08770751953125,289.67583035344785,287.0518785933374,288.834361024335,82749700
2019-12-17,289.1510925292969,289.7663587326568,289.0696626740905,289.46778259690007,61097700
2019-12-18,289.16912841796875,289.76630819803626,289.11484185729864,289.540104991012,48133000
2019-12-19,290.3544921875,290.42689269211144,289.10584580362206,289.35919234435806,85310500
2019-12-20,291.62750244140625,292.75497802122635,290.4090951458185,291.3819840339873,147142100
2019-12-23,292.072998046875,292.4639738562155,291.92751286814024,292.40942038274756,52990000
2019-12-24,292.08209228515625,292.3457581508804,291.78202044007725,292.30030617360654,20270000
2019-12-26,293.6368713378906,293.64597283116717,292.45484264705334,292.4639163918748,30911200
2019-12-27,293.5641174316406,294.4188253533874,293.0367580376793,294.3642718901657,42528800
2019-12-30,291.94573974609375,293.78246617257753,291.4638321462517,293.64608246478554,49729100
2019-12-31,292.6549377441406,292.90045614563235,291.10010811136635,291.44563197386356,57077300
2020-01-02,295.3918151855469,295.4100181767864,293.2641463451921,294.1825094519957,59151200
2020-01-03,293.1549987792969,294.2734003955614,291.9638684535366,292.01842192277303,77709700
2020-01-06,294.27337646484375,294.35520666204394,291.29097239733835,291.4091808205573,55653900
2020-01-07,293.44598388671875,294.182483506946,293.0004268675797,293.70964975181556,40496400
2020-01-08,295.0099182128906,296.2192238536559,293.39143377910256,293.63692440584015,68296000
2020-01-09,297.01025390625,297.08301036305517,295.98278400442655,296.56472466503584,48473300
2020-01-10,296.1554870605469,297.7466943183919,295.691782671494,297.59213543819175,53029300
2020-01-13,298.19232177734375,298.20139552344506,296.34652203143133,296.77387604888196,47086800
2020-01-14,297.7376403808594,298.8014606220253,297.1829765277459,297.7558156184295,62832800
2020-01-15,298.4105529785156,299.1652278624306,297.56494638909675,297.64677659951207,72056600
2020-01-16,300.89288330078125,300.89288330078125,299.55626753925185,299.7835829561891,54050300
2020-01-17,301.829345703125,302.0384580750324,300.8291525707732,301.6020303434294,95846000
2020-01-21,301.2383117675781,302.0384662952364,300.80188402409743,300.8746127318583,77742400
2020-01-22,301.2746276855469,302.7385527682541,301.1200688078495,302.09295728378254,48914900
2020-01-23,301.62017822265625,302.02935693237424,299.51978670947346,300.62908667410085,51963000
2020-01-24,298.9378967285156,302.35672888648327,297.65583466927774,302.27489868037776,87578400
2020-01-27,294.1460876464844,295.61908679865473,293.3823113360426,293.7187336425929,84062500
2020-01-28,297.228515625,298.10139892647504,294.23703741404154,295.5645514816852,63834000
2020-01-29,296.9830017089844,298.81062629591605,296.78296305892985,298.5833109094205,53888900
2020-01-30,297.94683837890625,298.1559785391256,294.18250973419447,294.9280831672491,75491800
2020-01-31,292.5367431640625,297.4831284643793,291.6274815683934,297.3285417837924,113845600
2020-02-03,294.70977783203125,296.56467871474905,293.8914481847437,294.00965659739313,69083000
2020-02-04,299.2015686035156,300.0653780748739,297.9831615981231,298.30140865327917,62573200
2020-02-05,302.65679931640625,302.86593947140614,300.665541964284,302.12033830849697,65951100
2020-02-06,303.67510986328125,303.8660469735678,302.6021604019457,303.6114549103678,50359700
2020-02-07,302.0566101074219,303.6841678293923,301.5110477864947,302.6203476646141,64139400
2020-02-10,304.31158447265625,304.3752394273112,301.138271214443,301.17464943831084,42070000
2020-02-11,304.8389892578125,306.4392704707863,304.31160210077036,305.65731897728693,54864500
2020-02-12,306.80303955078125,307.0121519449544,305.9028517615865,306.2665508261337,43992700
2020-02-13,306.4755859375,307.4394006150512,305.1116941015181,305.3844613693343,54501900
2020-02-14,306.9666442871094,307.08485270504895,305.69368391786554,306.8848140935639,64582200
2020-02-18,306.1756591796875,307.0303672773859,304.79356383100367,305.97562052387593,57226200
2020-02-19,307.63946533203125,308.3123098154446,306.8575139322214,307.1393827157299,48814700
2020-02-20,306.3756408691406,307.9122948602321,303.4023383220383,307.0939373986902,74163400
2020-02-21,303.220458984375,305.33902553887464,302.4021016407909,305.0298800362003,113788200
2020-02-24,293.16412353515625,303.2932828550101,292.0911738086347,293.81879296639795,161088400
2020-02-25,284.2806091308594,295.15536915780245,283.40772583983846,294.54617947757,218913200
2020-02-26,283.2350158691406,289.2452223087701,282.5076176179797,285.6718305338407,194773800
2020-02-27,270.51434326171875,283.28945366437136,270.51434326171875,277.7429540817692,284353500
2020-02-28,269.3778076171875,270.85990822902744,259.63052370677684,262.50379323523845,384975800
2020-03-02,281.043701171875,281.107356151786,267.7411977937539,271.150929237286,238703600
2020-03-03,272.9967346191406,285.3626997730892,270.5690213242109,281.4165071703707,300139100
2020-03-04,284.4715576171875,284.68979925998445,275.8062960824147,278.343143597917,176613400
2020-03-05,275.0152282714844,280.4798988206558,272.78755422327566,277.3065850334191,186366800
2020-03-06,270.46893310546875,271.66916501204014,263.89498985282967,266.5500180417733,228667200
2020-03-09,249.3467254638672,258.4029598491535,248.63750279059389,250.3196139238083,309417300
2020-03-10,262.2492370605469,262.3401410197597,248.68304208033334,258.81222939877176,276444100
2020-03-11,249.4649658203125,256.35718336366966,246.30075363543554,255.22970801029587,255316300
2020-03-12,225.5968780517578,242.46368215490747,225.20588838049142,232.77095094586227,392220700
2020-03-13,244.88229370117188,246.84630170947224,225.96965328165044,239.21758503257703,329566100
2020-03-16,218.0863800048828,233.5892777421095,215.8223138369543,219.29568561096787,297240000
2020-03-17,229.86129760742188,232.92551813203102,215.55861886674538,222.80541986754847,262070500
2020-03-18,218.22271728515625,225.83323011072352,207.32977053212235,214.81298732757568,327597100
2020-03-19,218.68646240234375,224.93309788570622,211.14869122239375,217.54079799071988,289322000
2020-03-20,209.2623291015625,223.59423587653282,208.98794388953863,221.81989398869834,347158800
2020-03-23,203.911865234375,210.06717360219906,199.622351177988,208.70441651751094,326025200
2020-03-24,222.386962890625,223.2558517852743,213.8353851846469,214.40243776362843,235494500
2020-03-25,225.7161407470703,234.45980644396235,219.27730546743715,223.96009476171582,299430300
2020-03-26,238.8957061767578,240.35905717065114,227.7832066302322,228.2130736603869,257632800
2020-03-27,231.77999877929688,238.53895253940948,229.6123819008434,231.64281313729845,224341200
2020-03-30,239.3071746826172,240.02056779740272,231.8805622795626,233.86525994052337,171369500
2020-03-31,235.74026489257812,240.8437663965274,234.34091545507368,238.31031171628476,194881100
2020-04-01,225.1307830810547,235.65793147048535,223.07291481173678,226.80451761479742,189554600
2020-04-02,230.32574462890625,231.10315309023304,223.70397738828532,224.252747795184,177660400
2020-04-03,226.99664306640625,231.68858825298818,224.28025521689204,229.34717921138076,135561200
2020-04-06,242.2431182861328,244.20039326267332,226.97831890956317,235.82257866876083,188061200
2020-04-07,242.49008178710938,251.5446975810157,242.27058474607313,250.79471214197147,201427200
2020-04-08,250.6300811767578,252.4318604274332,242.59982238542267,245.07840276494375,153774500
2020-04-09,254.44395446777344,257.18777844300485,251.94706460212936,253.87687406713079,189999200
2020-04-13,252.12091064453125,253.81294146989543,248.23382562674,253.4745408871483,114839100
2020-04-14,259.556640625,260.57184221885353,251.9836866702338,256.98659409583337,134143400
2020-04-15,254.04151916503906,259.6937897316661,251.93790408304156,253.8677414174769,121775000
2020-04-16,255.2671356201172,256.1177144854086,252.21234780388616,255.31285486213815,131798300
2020-04-17,262.16326904296875,262.7668858033959,258.28531186903615,261.01085394981624,146684800
2020-04-20,257.5445861816406,262.3005612141923,257.3250890886914,258.4774767383091,100109300
2020-04-21,249.7246551513672,254.2976965983367,248.79173683274226,253.09956197216107,126385700
2020-04-22,255.2671356201172,257.004885491292,253.26414157499525,254.58117952005145,92951600
2020-04-23,255.2489013671875,259.6939127292044,254.9470928746788,256.538502567537,104709700
2020-04-24,258.8067626953125,259.4744369338839,254.71846167335374,256.7580486318894,85063200
2020-04-27,262.53826904296875,263.6540921481232,260.31577784625483,260.77308193998005,77896600
2020-04-28,261.3310241699219,266.5168372940742,261.02918781823894,266.1692816947441,105270000
2020-04-29,268.1722412109375,269.6996490647606,265.6113496189512,266.6357062557457,118745600
2020-04-30,265.6753845214844,268.2728683089117,263.94676172651174,266.8003346785692,122901700
2020-05-01,258.6421203613281,265.8400840900195,257.48054981591537,260.9469235088545,125180000
2020-05-04,259.3555603027344,259.6573688513531,255.29469599694121,256.76720240505466,80873200
2020-05-05,261.7517395019531,264.5504385375619,259.4835009746892,262.1633243825663,79569900
2020-05-06,259.9774169921875,263.82791023422936,259.5475499619621,263.44379036734006,73632600
2020-05-07,263.11456298828125,265.0352463943809,262.6115394848048,263.17859228119966,75250400
2020-05-08,267.46795654296875,267.9344155386255,265.1082523537147,266.23323020316093,76452400
2020-05-11,267.5228576660156,268.8947697566106,265.12658901363613,265.54730090616414,79514200
2020-05-12,262.19073486328125,269.11429745742555,262.0535213092714,268.70274053027424,95870800
2020-05-13,257.5536804199219,262.6663370220257,255.13910132073806,261.6328252672218,144721100
2020-05-14,260.6358947753906,260.7639254068416,249.67887870539946,255.1299635672098,121977900
2020-05-15,261.8340148925781,261.8797341345246,257.3158484879118,258.2578937473351,111146300
2020-05-18,269.8094177246094,271.40998206704353,267.70583003920393,268.0259205783891,119703800
2020-05-19,267.0381164550781,270.9160456986361,267.01983434205823,269.2148881042302,95189300
2020-05-20,271.5746765136719,272.43441067742714,270.33082243687204,270.55947454613386,85861700
2020-05-21,269.6996154785156,272.25137965135684,268.6112297095541,271.4465201336419,78293900
2020-05-22,270.2119140625,270.38569189537526,268.1814822519457,269.41620920229957,63958200
2020-05-26,273.5410461425781,276.3854925534355,270.2301684648863,276.147685456707,88951400
2020-05-27,277.6109924316406,277.647584570494,271.5196992030563,276.3213916753903,104817400
2020-05-28,277.098876953125,280.6384065978622,276.4312028479003,278.6354121938182,90405200
2020-05-29,278.33355712890625,278.918891827122,273.8977020474156,276.63237146672736,119090800
2020-06-01,279.4585266113281,280.06217137761803,277.1811611065829,277.6933394698057,55758300
2020-06-02,281.7724304199219,281.818177568528,279.0469163460415,280.37308124642124,74267200
2020-06-03,285.5224304199219,286.47363092722657,283.4737166303105,283.7480879729792,92567600
2020-06-04,284.7724304199219,286.2724014480952,282.68712458654153,284.54377834208793,75794400
2020-06-05,292.0710144042969,293.83620174403694,290.0771749870268,290.1412042675265,150524700
2020-06-08,295.6014099121094,295.79346983737577,292.33625162443076,292.87586716507536,73641200
2020-06-09,293.3971252441406,295.674490365222,292.08921451504034,292.9489483181037,77479200
2020-06-10,291.7599792480469,294.86051405519015,291.0465860578865,293.97334309587063,95000800
2020-06-11,274.9403991699219,285.49498720882065,274.3916564962647,284.8639052224834,209243600
2020-06-12,278.2329406738281,282.68707794933687,273.1020022913101,281.9188104439579,194678900
2020-06-15,280.8304138183594,281.9553918611026,271.4008062757648,272.57150356014085,135782700
2020-06-16,286.2358093261719,288.6869808136118,281.3975514551438,288.5406401343892,137627500
2020-06-17,285.0468444824219,287.5437353503911,284.3151410483271,287.2510539767532,83398900
2020-06-18,285.156494140625,285.6320802741514,283.08034393403454,283.53764795491,80828700
2020-06-19,283.52685546875,288.7997990416287,281.5885255828859,288.606893993327,135549600
2020-06-22,285.3458251953125,285.74083072241143,281.7907193825039,282.9298155199833,74649400
2020-06-23,286.6593933105469,288.910055192761,286.2551925803986,287.98222696658627,68471200
2020-06-24,279.34716796875,285.24480548052856,277.5190968616675,284.62930889796206,132813500
2020-06-25,282.34185791015625,282.60826932957065,276.7657488767601,278.77755738775835,89468000
2020-06-26,275.6358337402344,281.45999191166675,275.05711847124337,281.24869621906464,127961000
2020-06-29,279.6870422363281,279.8248316025457,274.6070020157389,276.88522233022,79773300
2020-06-30,283.2696838378906,284.9599933798619,279.09910982852165,279.2552617532368,113394800
2020-07-01,285.25390625,286.5124569965103,283.9219052338294,284.3812217292925,72396500
2020-07-02,286.8247985839844,290.012456292064,286.1633816866912,288.6712318949843,69344200
2020-07-06,291.2525634765625,291.83130671638787,289.8838093619901,290.6278998033505,61713800
2020-07-07,288.2487487792969,291.68442826715244,287.872105771273,289.71856763063164,82910000
2020-07-08,290.4534606933594,290.56369220028824,287.2566348545714,289.0111997306271,54638600
2020-07-09,288.7998046875,291.29848720257166,285.4008518720043,291.05963368656217,83354200
2020-07-10,291.74871826171875,292.01512974268957,287.31173218555597,288.7356024495262,57550400
2020-07-13,289.2224426269531,296.45208065811465,288.5702209738263,294.08201958882603,102997500
2020-07-14,292.9704895019531,293.74213796529875,286.6135359213563,287.807747773912,93657000
2020-07-15,295.6620788574219,296.7552545262097,293.29198967983916,296.1765111680916,87196500
2020-07-16,294.6882019042969,295.1383229718875,293.1265150463496,293.76956917243285,54622500
2020-07-17,295.5426025390625,296.32344617655446,293.7236991518469,295.6895871795454,62774900
2020-07-20,297.9309997558594,298.67509008942426,294.5320471440715,295.2761374776364,56308800
2020-07-21,298.56494140625,300.3287011916338,297.5819972984977,299.887775262516,57292200
2020-07-22,300.264404296875,300.57676422399317,298.09644361801094,298.20667510548435,57792900
2020-07-23,296.6817321777344,300.6043133781374,295.32217315904694,299.9061432651097,75738000
2020-07-24,294.7709655761719,295.7906347636458,293.27358928008266,294.8352766153247,73766600
2020-07-27,296.9205322265625,297.0950747233561,294.6698703686147,295.45990925427805,48293000
2020-07-28,295.037353515625,297.3063779975777,294.74338424671515,296.1948119559722,57495000
2020-07-29,298.66595458984375,299.2263352942239,295.8733024378187,295.910055607234,48454200
2020-07-30,297.600341796875,298.0137378647775,293.631868503502,295.70796004076783,61861700
2020-07-31,299.9520263671875,300.05309057149844,295.1843190245131,299.38247841301813,84986800
2020-08-03,302.0373229980469,302.79977597987823,301.0635743540446,301.6055644080118,53077900
2020-08-04,303.2040710449219,303.2040710449219,301.1830667958323,301.1830667958323,41917900
2020-08-05,305.087158203125,305.344402327558,304.23283633651965,304.499247726503,42697700
2020-08-06,307.12652587890625,307.24595264171285,304.1869174123309,304.5084445350137,43679400
2020-08-07,307.3470764160156,307.631850428163,305.2617613816024,306.16203189273534,57308300
2020-08-10,308.2657165527344,308.4494263523326,305.8680695802584,307.79720470001274,44282100
2020-08-11,305.7210388183594,310.07537812563476,304.9953389625245,309.441519138521,69601100
2020-08-12,309.9834899902344,310.75513826700785,308.1186663127522,308.14622417854946,53774400
2020-08-13,309.4231872558594,310.7276586457943,308.5045541186952,309.2210868443049,41816100
2020-08-14,309.43231201171875,309.9651348090941,308.31157871851264,309.0373065810643,47260400
2020-08-17,310.4152526855469,310.81025811201846,309.4415040352229,310.4428105517088,35481000
2020-08-18,311.08587646484375,311.50843977331124,309.2210246583516,310.8102697584453,38733900
2020-08-19,309.79058837890625,311.9769111702149,309.23020772218825,311.4624789799715,68054200
2020-08-20,310.7551574707031,311.2328365188577,307.9441428478694,308.0727368847193,42207800
2020-08-21,311.8575439453125,312.07800689641704,310.0845609319981,310.42447869422375,55106600
2020-08-24,315.0176696777344,315.0911479893347,311.8300117530821,314.28274638944663,48588700
2020-08-25,316.1199951171875,316.20266872609784,314.4205183977049,315.5780049913605,38463400
2020-08-26,319.28924560546875,319.55562896318577,316.16589933451434,316.70788938447674,50790200
2020-08-27,319.9874267578125,321.42968732403983,318.33389853954054,320.1528020072036,58034100
2020-08-28,322.0542907714844,322.1829128264426,319.8220196842775,321.00706390510135,48588900
2020-08-31,320.88763427734375,322.71570465324675,320.65797606793086,321.8430202781473,66099200
2020-09-01,323.9100036621094,324.0110398362748,320.8233821827026,321.71445732028485,54908700
2020-09-02,328.5950927734375,329.5596463783221,324.672511235466,325.81163541808746,69540000
2020-09-03,317.2866516113281,327.38241887389745,314.71446250184243,326.91390709312424,148011100
2020-09-04,314.6961364746094,319.52812734335566,307.6226506452831,317.96646795020814,139156300
2020-09-08,306.0976257324219,314.7603542943237,305.7944892452685,309.31284051450297,114465300
2020-09-09,312.1423645019531,314.59509930226375,309.2210897917374,310.08460719165936,91462300
2020-09-10,306.7223815917969,314.6593560242993,305.76699543534016,314.0071344529514,90569500
2020-09-11,306.8785705566406,309.5517962366656,304.0675555187705,308.4953737805765,84680200
2020-09-14,310.92059326171875,312.68438138762156,307.02559736152904,310.0295179127269,65605700
2020-09-15,312.4913330078125,314.1907812662179,310.9296460285526,313.36401735020615,52920900
2020-09-16,311.2512512207031,315.1462463127431,310.9756444899073,313.72237632422525,82096000
2020-09-17,308.5136413574219,310.222312971966,305.89553222666234,306.41915965970395,91523300
2020-09-18,304.96185302734375,309.42583088639304,302.49006851927624,309.3151581691173,105877900
2020-09-21,301.5677490234375,301.71532202413385,296.73485287398734,300.39642527291704,99450800
2020-09-22,304.6390075683594,305.19239924460896,300.5439485694505,303.04342914695485,63612100
2020-09-23,297.57421875,305.46919293283975,297.0761632901137,305.19248294549067,93112200
2020-09-24,298.36737060546875,301.4109832200537,294.9548113676943,296.26450432799584,76681300
2020-09-25,303.191162109375,303.97510357213275,296.65198358233243,297.5189296183227,71069400
2020-09-28,308.2268981933594,308.9370670302283,306.34537719783094,307.33225602777424,64584600
2020-09-29,306.5483703613281,308.7619101773546,305.85663740965197,308.02407295424103,51304000
2020-09-30,308.87249755859375,312.0083468241908,307.0186449225947,307.2123221968008,104081100
2020-10-01,310.8554382324219,312.4233486871583,308.9831496490162,311.454934234135,88698700
2020-10-02,307.9040832519531,310.827819440157,305.4599664586662,305.9303537431645,89431100
2020-10-05,313.3641662597656,313.54861143748366,309.9055025274307,309.95160678519085,45713100
2020-10-06,308.9093017578125,315.58684573448136,308.40204248328774,313.5024159911563,90128900
2020-10-07,314.28643798828125,315.08884337216455,311.82385732877054,311.85152550936397,56999600
2020-10-08,317.07183837890625,317.13640685603946,315.30099019284074,316.2140965427438,45242500
2020-10-09,319.90325927734375,320.36441432080346,318.09553938804925,318.71347138415,59528600
2020-10-12,325.0498352050781,326.51630530793193,321.9416537782736,322.43047714589153,80388500
2020-10-13,322.9285583496094,325.08676139819215,321.9693476124568,324.911520163135,73255500
2020-10-14,320.8993225097656,324.5885626358251,320.17071785047017,323.50024355383795,57727900
2020-10-15,320.5027770996094,320.9823682447695,316.4722862478962,317.00721375031816,60357700
2020-10-16,320.3091735839844,323.5003595562706,320.13393236342415,321.849416126788,89501900
2020-10-19,315.43939208984375,322.19068289440474,314.5447498669606,321.5635185712875,68425600
2020-10-20,316.702880859375,319.9309665581509,316.0203803185693,316.77665329081066,60051900
2020-10-21,316.10345458984375,318.8150494267142,315.79907639467757,316.65681831436444,63575000
2020-10-22,317.8373718261719,318.418431878702,314.18503054171345,316.31556530320415,55399300
2020-10-23,318.9164733886719,319.11015068212924,316.47235657754385,319.05481431257,49143900
2020-10-26,313.0229187011719,316.33400943251553,309.5457907177374,315.55004001693953,91473000
2020-10-27,311.94378662109375,313.69617053832854,311.73164512212657,313.36415234517256,65994100
2020-10-28,301.2818298339844,311.97140084146156,300.79300659194,306.29919918276926,127094300
2020-10-29,304.3439636230469,307.49824909412393,299.83385273532434,301.5124642403669,90597700
2020-10-30,301.1711730957031,304.07644452408306,297.5372687463835,302.7759837968387,120287300
2020-11-02,304.5468444824219,306.5390097792582,301.81678597834804,304.5468444824219,86068300
2020-11-03,309.9239196777344,311.9714496081248,304.62986772162367,307.76571701813515,93294200
2020-11-04,316.8504638671875,320.90862324436983,313.20732720493976,314.37865106265446,126959700
2020-11-05,323.0299377441406,324.8284540169857,321.757145076795,322.10762748046125,82039700
2020-11-06,322.9562072753906,324.2013319224955,320.64119920578634,322.7440657543736,74973000
2020-11-09,327.0143737792969,336.07146867931255,326.55321857844086,335.693318037009,172304200
2020-11-10,326.53472900390625,327.5861480533205,323.2789749451511,326.0274414780705,85552000
2020-11-11,328.9604187011719,329.7812602109788,327.4754845197472,328.71137691264624,58649000
2020-11-12,325.7691955566406,329.00651354142656,323.97070745695135,327.9550663459089,67546200
2020-11-13,330.2794189453125,331.0172561386151,327.1527726196535,327.66926428430224,62892200
2020-11-16,334.4020690917969,334.59574638349557,331.65357412637275,332.93559901843656,74541100
2020-11-17,332.6035461425781,333.80256645757106,330.5006797195766,332.0040500584204,66111000
2020-11-18,328.6006774902344,333.4151378683076,328.5637772011029,332.8709782269809,70591300
2020-11-19,329.98419189453125,330.35311040072077,326.6362008611728,327.9735621111223,59940900
2020-11-20,327.72454833984375,329.9288837485737,327.6507758909664,329.72597433081063,70417300
2020-11-23,329.68896484375,330.9433212326786,327.3001850306235,329.52295577874605,63230600
2020-11-24,335.0015563964844,335.54571610904793,331.3768835849959,332.22539331938475,62415900
2020-11-25,334.48504638671875,334.9462015223956,333.3967270217236,334.918533340122,45330900
2020-11-27,335.41656494140625,335.88692400664513,334.4112220479706,335.5733419142613,28514100
2020-11-30,333.931640625,334.90928722000234,331.2661786885653,334.6418093714301,83872700
2020-12-01,337.5840148925781,339.11505340908474,336.5787000163199,337.16899213449574,74231400
2020-12-02,338.294189453125,338.45096643579234,335.90540924809943,336.4772371080401,45927000
2020-12-03,338.2019348144531,339.5854001362347,337.1043834074392,338.1927027053722,62882000
2020-12-04,341.1165466308594,341.1165466308594,338.6908654940685,338.7831021741017,50749900
2020-12-07,340.4155578613281,340.9043812700097,339.15199705851046,340.3509893751465,48944300
2020-12-08,341.4116516113281,341.9742474423822,339.1058756217369,339.1519798828569,42458900
2020-12-09,338.34954833984375,342.22323481665705,337.51947467671783,342.0664578235537,74098300
2020-12-10,338.2388610839844,339.2810480632366,336.1175305396437,336.9845044596191,57735400
2020-12-11,337.8422546386719,338.24807342601844,335.03845156732064,336.5510258365132,57698600
2020-12-14,336.3296813964844,341.070341758888,336.15444018565523,340.00048656717314,69216200
2020-12-15,340.87664794921875,340.87664794921875,337.49178503398645,338.8567862142581,63865300
2020-12-16,341.4116516113281,342.32472989626876,340.21263120873294,341.0888373434494,58420500
2020-12-17,343.32073974609375,343.52364911590456,342.2231883566635,343.0440579448397,64119500
2020-12-18,341.949951171875,343.7746487031401,339.94926543201143,343.60793195814915,136542300
2020-12-21,340.7272644042969,350.5454322565791,335.3272876322013,338.05044054116735,96386700
2020-12-22,340.1529846191406,341.1625846556748,339.03224010396457,341.0514401770329,47949000
2020-12-23,340.4587097167969,342.35749412526934,340.13451942917413,341.11633348883834,46201400
2020-12-24,341.7832336425781,341.8110197666795,340.3475701195771,340.93107872570647,26457900
2020-12-28,344.7193908691406,345.1083965593925,343.70051933120067,344.32108544977285,39000400
2020-12-29,344.06182861328125,346.4144910931243,343.4782916590949,346.23850286038044,53680500
2020-12-30,344.5527038574219,345.5808470308338,344.16369810171034,344.87689416495385,49455300
2020-12-31,346.3033142089844,347.0257817355218,343.84877891155986,344.35820063241187,78520700
2021-01-04,341.588623046875,347.7573950518518,337.9114430282921,347.6277076691734,110210800
2021-01-05,343.94134521484375,345.0250605268472,340.9032733293273,340.949602377982,66426200
2021-01-06,345.9975891113281,349.17461974787045,341.8943450056138,342.4408242377529,107997700
2021-01-07,351.1382141113281,351.87919612243684,348.1835009953903,348.3594891696927,68766800
2021-01-08,353.13885498046875,353.3518724418389,349.2856868214086,352.51826071767914,71677200
2021-01-11,350.7585144042969,352.5090967320955,349.86005871507695,349.9804746734245,51034700
2021-01-12,350.8325500488281,351.8421500854146,348.600304213812,350.9437227941285,52547700
2021-01-13,351.77740478515625,352.7684620951219,349.98049331102504,350.7585330833306,45303600
2021-01-14,350.5454406738281,353.01851855461456,350.2120072157381,352.51834010082484,49989100
2021-01-15,347.989013671875,349.7303243022452,346.13653029489757,348.9337700181384,107160000
2021-01-19,350.7214050292969,351.25864103080227,348.96155149790013,350.43427237101565,51233300
2021-01-20,355.5749816894531,356.40859366437286,352.6109965934532,353.00000232397593,61836100
2021-01-21,355.8990783691406,356.5567302849031,354.9821081917429,356.13063877891994,47840100
2021-01-22,354.6394958496094,355.79729820062977,353.67619637889595,354.0559589420297,52860500
2021-01-25,356.0381164550781,356.39006461227206,350.5454808302178,355.37122119584785,70402000
2021-01-26,355.4822692871094,357.39032470947745,355.2507088886021,356.9827761467726,42665300
2021-01-27,346.794189453125,352.2682817840443,344.57121482669146,352.17565195238956,123351100
2021-01-28,349.7767028808594,353.7595313987344,348.1650511599813,348.6003576792307,94198100
2021-01-29,342.7743835449219,348.8875863950607,341.1071309857954,347.9242868008984,126765100
2021-02-01,348.4800109863281,349.50812595911594,343.06149005048155,346.155134700123,75817600
2021-02-02,353.4075012207031,354.9543372615442,348.5632753314943,351.6476476844072,64450700
2021-02-03,353.6853942871094,355.3989470635839,352.4164476969592,354.2318734911407,52427100
2021-02-04,357.7053527832031,357.7516535703952,353.7966109311243,354.7135813441343,47142600
2021-02-05,359.1131591796875,359.8171119122872,357.6589812031138,359.56703683096254,48669800
2021-02-08,361.7066345214844,361.7529352971616,359.7059491724851,360.55807565817906,38365200
2021-02-09,361.4658508300781,362.05865913101644,360.4655221555642,360.8730425291398,35551100
2021-02-10,361.308349609375,363.34609265440474,358.9186584626159,363.197890590525,59154400
2021-02-11,361.8919372558594,362.7996644246822,359.4744596490832,362.3828442947827,42913300
2021-02-12,363.6795654296875,363.92036905749677,361.0212279279476,361.09534309546916,50593300
2021-02-16,363.3646240234375,365.09671982469814,362.6514280582041,364.90218870691695,50972400
2021-02-17,363.4480285644531,363.69810367108147,360.6137026893847,361.62333111241526,52290600
2021-02-18,361.90118408203125,362.6421661884554,359.14097344228867,360.8545263633819,59712800
2021-02-19,361.2621154785156,363.43878952666716,360.8175092048532,363.1516568082577,83241000
2021-02-22,358.4832763671875,360.8822386592953,358.21465839523194,358.5110624838278,67414200
2021-02-23,358.918701171875,360.26176310227765,352.1571472693643,356.28817782496253,107284100
2021-02-24,362.87371826171875,363.2998098164091,356.85314691923423,357.83496090759934,72433900
2021-02-25,354.1299743652344,362.97559950131625,352.69431104645696,361.61402308071797,146670500
2021-02-26,352.3053283691406,357.14031184524765,350.3324570181541,356.0010524866953,152701600
2021-03-01,360.84521484375,362.08640354754476,352.4997966765975,357.1495196515627,105348800
2021-03-02,358.02947998046875,361.29911209964035,357.5293015403347,361.0675516711816,79595300
2021-03-03,353.2871398925781,358.29808287365273,353.18523860165686,357.3348118079067,119940200
2021-03-04,348.91522216796875,355.676774544047,344.4507308701646,353.10182402567017,183433000
2021-03-05,355.3341369628906,356.3807946921803,345.1547488924629,352.39793809635813,152039600
2021-03-08,353.5649719238281,359.0853643704964,353.28711072907987,356.2881246989713,123149200
2021-03-09,358.613037109375,361.15093050380403,356.89021272533046,357.39039119381505,113633600
2021-03-10,360.84521484375,362.5309814553855,359.53923897281567,360.9471161253984,109899400
2021-03-11,364.50390625,366.4675341915617,362.8459256414853,363.29980330973046,86245000
2021-03-12,364.9947509765625,365.13368155879493,362.3457136531662,363.15153929676364,64653600
2021-03-15,367.1715393066406,367.43088589690996,363.1145954350534,365.2449404075043,73427200
2021-03-16,366.7083740234375,368.48674235114737,365.9395775428918,367.7828178436457,73722500
2021-03-17,367.95880126953125,368.75535559488856,364.2908636411773,365.43015115301284,97959300
2021-03-18,362.6051025390625,367.45859988992873,361.92893593764336,365.38382757505207,115349100
2021-03-19,361.9342041015625,363.8763863440196,359.7689764719853,362.30590860111545,113624500
2021-03-22,364.82427978515625,366.1996177896849,362.3895824149107,362.44533667840955,73778600
2021-03-23,361.9527282714844,365.6326505079344,361.1721404249181,364.1922851409189,90686600
2021-03-24,360.11285400390625,364.972975381263,360.06640156970496,363.34674315486654,97588600
2021-03-25,362.1385803222656,362.92844160622286,356.7487667963971,358.6816752192018,116128600
2021-03-26,367.9744567871094,368.3740383743186,362.68687787049055,363.28159933715943,114409100
2021-03-29,367.7886962890625,368.6900947565483,365.02874661927524,366.50629142199597,108107600
2021-03-30,366.81280517578125,367.4818844455236,365.2237241856257,366.52473213623387,76262200
2021-03-31,368.2996826171875,369.8515849113352,367.3518319807586,367.3797091065585,112734200
2021-04-01,372.27703857421875,372.3328211938381,370.0189059510316,370.22334769217844,99682900
2021-04-05,377.6203308105469,378.1593264135541,374.85110832067795,374.92543787321307,91684800
2021-04-06,377.3973083496094,378.43809222549146,376.72822894950895,377.062782829176,62021000
2021-04-07,377.8340759277344,378.17790328320166,376.7747167341118,377.23005259846207,55836300
2021-04-08,379.6275634765625,379.68331772995526,378.15001904318626,379.0792944120443,57863100
2021-04-09,382.3875732421875,382.55486438819275,379.3860314735494,379.50684182818276,61104600
2021-04-12,382.5270080566406,382.7964775524493,381.1888489712664,381.7928724180384,56704900
2021-04-13,383.6606750488281,384.2833021211937,382.04374472962985,382.42475109343,56551000
2021-04-14,382.3503723144531,384.68283426978144,381.81137670460754,383.6327485367833,61659900
2021-04-15,386.4577941894531,386.7272920226282,384.43198042379737,384.4784328546867,60229800
2021-04-16,387.74945068359375,388.3534740033724,386.32766049921406,387.74014885492164,82037300
2021-04-19,385.844482421875,387.26627283938177,384.52492705882344,386.82023873772533,78498500
2021-04-20,383.0195007324219,385.73296934964173,381.55122954047414,384.6364310503438,81851800
2021-04-21,386.64361572265625,386.8480574414504,382.26670824654997,382.4061222414996,66793000
2021-04-22,383.1123046875,387.30334522286734,382.0529456283418,386.47630498080514,97582800
2021-04-23,387.26617431640625,388.66938907577,383.59555394557486,383.6698834905282,73209200
2021-04-26,388.0746765136719,388.6415492403517,387.33126755588586,387.9167155807785,52182400
2021-04-27,387.9909973144531,388.567171798845,386.8572803600537,388.37200357511193,51303100
2021-04-28,387.8795471191406,389.375695263148,387.4149094181452,388.260553437065,51238900
2021-04-29,390.3514404296875,390.96476562535156,386.9874678625414,390.59306111989224,78544300
2021-04-30,387.78656005859375,388.9388806813294,386.89446373714577,388.0932367798367,85527000
2021-05-03,388.62298583984375,390.1469827577325,388.1304710094045,389.76597643845156,68128300
2021-05-04,386.2254943847656,387.13619462090406,382.5548730269321,386.64367972036484,101591200
2021-05-05,386.3462219238281,388.0932640974251,385.7886510489646,387.8609452628347,60162200
2021-05-06,389.4314880371094,389.5615718594526,384.42267951252586,386.4206161525747,74321400
2021-05-07,392.2657470703125,392.9162512267745,389.5150996883385,390.1934809738354,67733800
2021-05-10,388.38134765625,392.8418580569698,388.2605373215281,392.61884104470386,81852400
2021-05-11,384.9151306152344,385.9001602068303,381.05864362633724,383.88364860033465,116888000
2021-05-12,376.7375183105469,383.40970843345315,375.4272366804108,382.1459075857726,134811000
2021-05-13,381.2630920410156,383.1866988347354,378.2336453045816,378.2801260879357,106394000
2021-05-14,387.1175231933594,387.9631671876168,383.95799259058225,383.9858697174596,82201600
2021-05-17,386.132568359375,386.94106191389204,384.1253297576997,386.0117863590001,65129200
2021-05-18,382.80572509765625,386.6343353537289,382.6477357955868,386.39271466558824,59810200
2021-05-19,381.8020935058594,381.9786581081242,376.66320145918377,378.1407743642917,106467100
2021-05-20,385.9095458984375,387.1640735518261,382.5548748046777,382.6756568033617,78022200
2021-05-21,385.5935974121094,388.6230447677026,385.13826146942415,387.3870924100726,76578700
2021-05-24,389.52435302734375,390.59301398629543,387.5821426291598,387.82376329020775,51376700
2021-05-25,388.66015625,390.95546775246584,388.084010006822,390.6023385429732,57451400
2021-05-26,389.4314880371094,389.93327638516723,388.2141394088324,389.2456215946333,43088600
2021-05-27,389.63592529296875,390.9647824277328,389.35712563246545,390.45369225566577,56707700
2021-05-28,390.3328552246094,391.457270541841,390.10053636968837,391.19707455869894,58520200
2021-06-01,389.989013671875,392.8232922551266,389.55225310614026,392.68390661909086,54216600
2021-06-02,390.60235595703125,391.43872658911135,389.6359298618181,390.63953491738175,49097100
2021-06-03,389.1526794433594,390.2863966542775,386.83879259158886,388.2977618897576,58138800
2021-06-04,392.7117919921875,393.0091669281305,389.21770739294345,390.99262682035794,55938800
2021-06-07,392.33074951171875,392.8790185472602,391.4014741919741,392.70245396777017,51555000
2021-06-08,392.4144287109375,393.27864805740666,390.59305680285246,393.18571484226,47134300
2021-06-09,391.82904052734375,393.3251889499002,391.6060234643003,393.2508310227257,48436300
2021-06-10,393.65032958984375,394.5982086261025,391.7360245783089,393.0463062654877,51020100
2021-06-11,394.3008117675781,394.41232026935137,392.9162006051728,394.1986050940301,45570800
2021-06-14,395.1836853027344,395.2858919893771,393.1764469359521,394.41237080126155,42358500
2021-06-15,394.4588317871094,395.3695035287047,393.585310642845,395.3323529313738,51508500
2021-06-16,392.2564697265625,394.82127919481803,390.2213824615084,394.59826214861766,80386100
2021-06-17,392.1263427734375,393.1020706024834,389.66376862836967,391.84757149634856,90949700
2021-06-18,386.8363952636719,389.5494085797688,386.6312846967765,388.85950415112694,118676300
2021-06-21,392.3743591308594,392.5608336456239,387.7780497072785,388.5891597876732,72822000
2021-06-22,394.4720458984375,395.3018204521082,391.64713072526837,392.3650319575485,57700300
2021-06-23,393.99658203125,395.34842259301394,393.91267704068656,394.54664482628675,49445400
2021-06-24,396.3273620605469,396.74688700384473,395.879840335682,396.13158375367453,45110300
2021-06-25,397.735107421875,398.1826291109268,396.7468552540623,397.0731713740786,58129500
2021-06-28,398.5369873046875,398.70479729962966,397.0639410401673,398.2573039797839,53159600
2021-06-29,398.75140380859375,399.553181588353,398.2199770743729,398.91921379244826,35970500
2021-06-30,399.0870361328125,399.75830454102925,398.2665938058792,398.2945621373876,64827900
2021-07-01,401.2966003417969,401.45510651405067,399.77692134836326,399.84219026940974,53441000
2021-07-02,404.3638916015625,404.7181760542259,401.38047053367126,402.4526561515775,57697700
2021-07-06,403.62725830078125,404.6341747636425,400.90491354238947,404.41973200069856,68710400
2021-07-07,405.0538635253906,405.333575301401,402.3035493327299,404.30802236006286,63549500
2021-07-08,401.75341796875,402.50859126674294,398.5835224267415,399.75824909118023,97595200
2021-07-09,406.0420227050781,406.34037048355896,401.5575875765757,403.25440855817396,76238600
2021-07-12,407.49652099609375,407.74826443657537,405.529348587086,405.95820582921755,52889600
2021-07-13,406.1072998046875,408.2050096516596,405.8462526062558,406.7132991811884,52911300
2021-07-14,406.71337890625,408.2796908558834,405.47341158364054,407.7948684980379,64130400
2021-07-15,405.32421875,406.05142380082106,403.43161916568266,405.3801554114466,55126400
2021-07-16,402.14501953125,406.54555043309637,401.7534629006535,406.4989460325066,75874700
2021-07-19,396.2061462402344,402.21026074657135,393.4091995491586,397.34357236601903,147987000
2021-07-20,401.8839111328125,403.1518749888616,396.075575412109,396.8680492656384,99608200
2021-07-21,405.1378173828125,405.2776875136946,401.83743995358924,403.07740744219234,64724400
2021-07-22,405.986083984375,406.2284951096567,404.33589585582877,405.3148157122187,47878500
2021-07-23,410.16290283203125,410.4985227710104,407.2261145579136,407.90668669595885,63766600
2021-07-26,411.1697998046875,411.17913206497195,409.52894375936796,409.5755481567641,43719200
2021-07-27,409.2958679199219,410.1629145724487,406.48025668627827,410.1349462433999,67397100
2021-07-28,409.1280517578125,410.4985568598125,407.71094225553276,409.9205257266722,52472400
2021-07-29,410.8248291015625,411.8969862615193,410.04168747728073,410.051019737145,47435300
2021-07-30,408.8297424316406,410.274820300012,408.1398095072434,408.27034735445915,68951200
2021-08-02,407.97198486328125,411.08591559023773,407.6177003787268,410.53585279390853,58783300
2021-08-03,411.2909851074219,411.4121906770932,406.58280312195876,408.7644180200078,58053900
2021-08-04,409.2679443359375,411.2630850809124,409.0348654177105,410.0137854934574,46732200
2021-08-05,411.8597412109375,411.9436461991985,410.10698336189347,410.4239672459952,38969700
2021-08-06,412.5403137207031,412.9598671143708,411.8970136914866,412.1767254379363,46930000
2021-08-09,412.2047119140625,412.8293474498061,411.44020627292963,412.51236355148603,41222600
2021-08-10,412.717529296875,413.4260983713757,411.9716880778355,412.6522603659039,43339300
2021-08-11,413.74298095703125,413.83621819957546,412.66149153794436,413.78028154445127,44034300
2021-08-12,414.9830322265625,415.12290234474574,412.69887580714226,413.5938909226204,38909400
2021-08-13,415.7381896972656,415.75682576675683,414.9457157376628,415.43050961256574,39470300
2021-08-16,416.717041015625,416.8475503845794,412.894541950952,414.4421890240444,73740000
2021-08-17,413.98541259765625,414.8431269867084,411.0113236608944,414.17185863996565,92673900
2021-08-18,409.4543762207031,414.53550784290934,409.2119935015114,412.9785282041807,89351900
2021-08-19,410.0882873535156,411.2816785225219,406.6014364441112,406.7412780804755,92812200
2021-08-20,413.35137939453125,413.6776955043849,409.94843356779614,410.4332558288395,72008700
2021-08-23,416.98748779296875,417.89183507049324,413.42603534317016,415.02961932645024,54973000
2021-08-24,417.6494140625,418.18084077483024,417.1366518711725,417.6494140625,38744700
2021-08-25,418.52581787109375,419.03858009290565,417.46296438324526,417.8359134013071,40529700
2021-08-26,416.0551452636719,418.4791429251638,415.9619080185347,418.24606403832706,57829600
2021-08-27,419.7750549316406,420.1479754421771,416.8009662029935,416.8569028569734,77235100
2021-08-30,421.6210632324219,422.40420486497374,420.203925414651,420.44633655758804,48357400
2021-08-31,420.9964294433594,421.8634761216063,420.39976225528045,421.5278561630646,59300200
2021-09-01,421.2200927734375,422.44142368993295,420.98701391987714,421.9286615929036,48721400
2021-09-02,422.5161437988281,423.31792162382027,421.3227808707356,422.6373493891215,42501000
2021-09-03,422.41357421875,422.92636491207014,420.98713237168766,421.38804973614276,47170500
2021-09-07,420.90325927734375,422.1618912265063,420.2319908012583,422.0686539613797,51671500
2021-09-08,420.3904113769531,421.0989803051799,418.47914741318687,420.3717753085308,56181900
2021-09-09,418.5910339355469,421.938043250285,418.34862279482104,420.19461777386266,57970400
2021-09-10,415.29071044921875,420.931209090967,415.169504855089,420.51168409438407,89948200
2021-09-13,416.3534851074219,418.535128633361,414.0506644540541,418.2740814053361,83738600
2021-09-14,414.1066589355469,417.99439930193716,413.2209476783512,417.789288718798,78197100
2021-09-15,417.5655212402344,418.05964737696985,413.4260376429731,414.5261632376649,78792200
2021-09-16,416.903564453125,418.01299380157405,413.9667476565997,417.04340609771833,77786700
2021-09-17,412.8424987792969,416.55565067502687,412.4870792787578,416.13478169530885,118425000
2021-09-20,405.9587097167969,408.3156617681073,401.11382101879656,406.744360400567,166445500
2021-09-21,405.5752258300781,409.5783193704684,405.0514587158713,408.2875973593277,92526100
2021-09-22,409.53155517578125,411.5611742401926,405.68747544919097,407.8386598671586,102350100
2021-09-23,414.5072937011719,416.1066812903445,411.1589238061392,411.3927493965041,76396000
2021-09-24,415.1901550292969,415.9009940953473,412.6648267475049,412.8799566078013,62094800
2021-09-27,414.0022888183594,415.32104015057223,413.31014559826434,414.16127425016805,61371100
2021-09-28,405.65936279296875,411.57048088015347,404.9298280542011,411.24311932770905,130436300
2021-09-29,406.34222412109375,408.76465441878804,405.78103685503703,407.03433890810066,82329200
2021-09-30,401.37579345703125,408.51212870978463,401.03906966013284,407.8106517213491,140506000
2021-10-01,406.1457214355469,407.819920791209,399.5892707562588,403.0966548978282,129240100
2021-10-04,400.9080505371094,405.88383781213133,398.7755335780304,404.9859554641585,128570000
2021-10-05,405.0795593261719,407.31491768424513,401.609594693182,402.40457906385245,90682500
2021-10-06,406.7630310058594,406.9687986871979,399.87921865411016,401.4972736297954,113032200
2021-10-07,410.27978515625,413.10438834176847,409.8495540118839,410.0272637647416,72437500
2021-10-08,409.53155517578125,411.43024672745184,408.90491846012617,411.0467692620776,74557400
2021-10-11,406.566650390625,411.77629222213716,406.5011723645591,408.8768487322521,65233300
2021-10-12,405.56585693359375,407.8854173602366,404.7802062753356,407.48324414407466,71181200
2021-10-13,407.02490234375,407.83861088635894,403.62041636017756,406.5853090624002,72974000
2021-10-14,413.8713073730469,414.0209591805535,410.2049094470439,410.6725606418157,70236800
2021-10-15,417.02325439453125,417.3880360118953,415.3584173525913,415.9757203290179,66260200
2021-10-18,418.2579650878906,418.59466031762287,414.59156639728883,415.24628962377227,62213200
2021-10-19,421.4847412109375,421.55019069451413,419.26805026281613,419.87601973520236,46996800
2021-10-20,423.14019775390625,423.4395013974078,421.830779992545,421.9430117230665,49571600
2021-10-21,424.2438049316406,424.46826836998736,422.1113166378559,422.54154774240834,41305400
2021-10-22,423.8042297363281,425.2539656192229,421.86814686856104,423.8135918943795,58845100
2021-10-25,426.07696533203125,426.4043268564078,423.12143508500935,424.8891416475836,45214500
2021-10-26,426.46051025390625,428.82682438361206,426.0863949710087,427.62030473700503,56075100
2021-10-27,424.5711975097656,427.58287254810574,424.4963573294037,426.9188157990134,72438000
2021-10-28,428.6678161621094,428.742627797446,425.98350275745725,425.9928363723962,51437900
2021-10-29,429.5376892089844,429.8276307113878,426.0864205712987,426.3763620737021,70162400
2021-11-01,430.2766418457031,430.8939450238256,428.5556883838942,430.5198011268991,48433600
2021-11-02,432.01617431640625,432.32484009362486,430.31391709227427,430.4448731294371,48908400
2021-11-03,434.65374755859375,435.05592075419565,431.0154073955712,431.45500068055804,52509800
2021-11-04,436.7021179199219,436.78629172441015,434.90632446133264,435.2523818386185,52847100
2021-11-05,438.2172546386719,440.20009126070624,436.71143139873345,438.91873147438207,66390600
2021-11-08,438.59130859375,439.807218731562,437.90855617006724,439.31150964535385,50405200
2021-11-09,437.1416015625,439.18991592053965,435.73864808675563,438.9560903412489,51149100
2021-11-10,433.62493896484375,437.14168548634404,432.1471735790114,435.45812386633844,69429700
2021-11-11,433.7652282714844,435.1869063329562,433.7465324971055,435.1120661491066,34848500
2021-11-12,437.0388488769531,437.59067400250336,434.0832891461637,435.02795393461923,53466700
2021-11-15,437.18841552734375,438.4791374698599,436.06606971793025,438.32015203819657,46980500
2021-11-16,438.91876220703125,440.0504702557984,436.8517516451615,436.926563287216,48857500
2021-11-17,437.85247802734375,438.8345341273656,437.2351750198691,438.6568243884033,47858300
2021-11-18,439.339599609375,439.601483135465,436.1689108233059,438.88128203134477,50625600
2021-11-19,438.5539245605469,440.4712829256674,438.1891429500095,439.2273148387784,57315600
2021-11-22,437.3194274902344,442.903184949133,437.1136597840557,440.4246388586872,72762000
2021-11-23,437.8992004394531,438.75032898546374,434.40117885688176,436.9919560370604,73206500
2021-11-24,439.0683898925781,439.18998377950254,435.09335443045563,435.90706300520714,61858800
2021-11-26,429.2757873535156,433.88682180438246,428.1534129420354,432.4277521953583,112669600
2021-11-29,434.5415344238281,436.37471927780655,431.8572208947111,434.0458252551393,86268800
2021-11-30,426.08636474609375,434.0083773215289,425.8431769850362,432.10971456592034,148559600
2021-12-01,421.35369873046875,434.6069452761653,421.1572932336897,431.77298036427726,131939200
2021-12-02,427.8072814941406,429.3692489495653,421.1759913769771,421.5688309159097,127637800
2021-12-03,424.0849304199219,430.51978852844314,419.8760685912108,429.462920534386,137331600
2021-12-06,429.1074523925781,430.9780574380259,424.21580992319184,426.61954425695245,98977500
2021-12-07,437.9834289550781,438.5446161321875,428.976461819127,434.36381305031244,95484700
2021-12-08,439.1432800292969,439.5922355666938,436.6273136741955,438.3763535664373,72238800
2021-12-09,436.17840576171875,439.24619737687857,435.98200019315266,437.8619391500584,61272600
2021-12-10,440.28424072265625,440.43389253118346,436.32792985552976,438.871953514165,77159800
2021-12-13,436.38409423828125,440.11594207915067,436.1034863624048,439.76988472108684,87724700
2021-12-14,433.3816833496094,435.60770751030805,430.4729067407916,433.129161990558,97264100
2021-12-15,440.1533203125,440.39647953000116,430.9312236978613,433.4378558520737,116899300
2021-12-16,436.2718811035156,442.2765074248097,434.7286090783232,441.99592808013927,116568600
2021-12-17,431.628662109375,436.19958323758465,429.9298193213432,433.20548381703225,135511600
2021-12-20,427.0389099121094,427.4331009530433,423.43473432064894,426.56961576775086,107134800
2021-12-21,434.6227722167969,434.76355475782685,428.28730007942625,430.4460420910775,69806300
2021-12-22,438.96844482421875,439.0810708579234,434.1722428370173,434.36936703944747,58890200
2021-12-23,441.6996765136719,443.19202853023717,439.8600513958449,439.96328236392037,56439700
2021-12-27,447.9507141113281,447.9976320744908,443.02312495455095,443.07004291771364,56808600
2021-12-28,447.58465576171875,449.4055195900255,446.8244014321464,448.3824616482978,47274600
2021-12-29,448.1571960449219,449.1708589058926,446.6930004438283,447.6879018485856,54503000
2021-12-30,446.9182434082031,449.5838309519996,446.45834427104364,448.5795345178264,55329000
2021-12-31,445.79193115234375,447.5752433544864,445.5197611440757,446.4301930229222,65237400
2022-01-03,448.3730773925781,448.5044935235423,444.7501397489699,447.0496642498278,72668200
2022-01-04,448.222900390625,450.5036920806799,446.3738800084919,449.7903556966754,71178700
2022-01-05,439.61602783203125,448.62648196413437,439.5221632658069,447.8568326219161,104538900
2022-01-06,439.2030029296875,441.90614176454653,436.8471371761855,439.15608497296836,86858900
2022-01-07,437.4666442871094,440.385668974707,436.1150747602866,439.21243352735695,85111600
2022-01-10,436.9222717285156,437.1381287170904,428.5594460975087,434.28484075797536,119362000
2022-01-11,440.90179443359375,440.99565897961685,433.67465404138375,436.659386201666,74303100
2022-01-12,442.0938720703125,444.140016431985,440.1416209152974,442.62887430153415,67605400
2022-01-13,436.0024719238281,443.8396908575435,434.9794139965531,443.1920625646944,91173100
2022-01-14,436.1807861328125,436.52805924491486,431.6567833390416,432.86757035006775,95890900
2022-01-18,428.45623779296875,431.71314090139424,427.3487102823898,431.5066502940451,109709100
2022-01-19,424.0072937011719,431.3845844979552,423.735095055278,429.9954920501737,109357600
2022-01-20,419.3143005371094,430.5679644846723,417.20247697536684,425.88441828475294,122379700
2022-01-21,411.08294677734375,420.5439049938418,411.05479027183264,418.19743405643766,202271200
2022-01-24,412.8287048339844,413.3355505734703,394.92045135440037,405.4983319626778,251783900
2022-01-25,407.78857421875,412.7161641757857,400.9180990613694,406.4651609073607,167997300
2022-01-26,406.7654113769531,416.7707663219055,402.52297383173703,413.6546462199283,186391100
2022-01-27,404.7568359375,414.4712312098772,403.0767833933203,411.34574456850135,149878300
2022-01-28,414.8091125488281,414.856030506667,401.54685522592445,406.10838063603705,164457400
2022-01-31,422.28033447265625,422.6276076174351,412.8005853653847,414.14275997921226,152251400
2022-02-01,425.13360595703125,425.7718391626573,419.49268078948916,423.00299206387587,123155400
2022-02-02,429.2633972167969,429.986099950846,425.22745003532464,427.52700300171256,117361000
2022-02-03,419.1735534667969,425.1523565396717,418.338196105121,423.25641842670075,118024400
2022-02-04,421.1446533203125,424.9740816327315,416.5737034611267,418.9389647113515,118454400
2022-02-07,419.7930603027344,423.293976730891,418.46964721095105,421.90488421960123,84472900
2022-02-08,423.24700927734375,424.16683612077446,417.87828306849536,419.2955605639941,81012000
2022-02-09,429.44171142578125,429.7608280199488,427.0670841027158,427.26417963134577,92589900
2022-02-10,421.72650146484375,429.6012424004276,419.73669885351933,423.6224395175612,140103700
2022-02-11,413.41064453125,423.87589961159756,411.98400045457316,421.81102228825836,153214600
2022-02-14,412.05908203125,414.4806562198295,408.6050834849175,412.9038345326054,123006300
2022-02-15,418.70428466796875,418.8732237029998,415.96359397809533,416.4798347763938,88482700
2022-02-16,419.1735534667969,420.54388440699483,414.79972841637374,416.667510025212,84863600
2022-02-17,410.219482421875,419.14546811188006,409.6188006839309,416.0011909472556,102259100
2022-02-18,407.5632629394531,411.72120279634646,405.30126139332725,410.4728641481939,132642900
2022-02-22,403.1894226074219,408.7552449000615,399.70723904825377,405.36695455226914,124391800
2022-02-23,396.03741455078125,406.65284780613894,395.47425574268425,406.089688998042,132578000
2022-02-24,401.99737548828125,402.4291467489523,385.42193057202616,385.7785700815535,213942900
2022-02-25,410.8670654296875,410.9515349471028,401.58441255553527,403.22694222886923,121804500
2022-02-28,409.81585693359375,411.2894475933548,404.2500346060891,405.4983445727152,145615000
2022-03-01,403.5743103027344,410.32276418948436,400.8805371353614,408.3235660185028,137785900
2022-03-02,410.99847412109375,412.716078231037,405.0665887622246,405.81744799908034,117726500
2022-03-03,408.9523010253906,414.0206721272684,407.15959393144027,413.4199905086059,105501700
2022-03-04,405.6297912597656,406.7560802365222,401.60323870750193,405.2355714996603,113978200
2022-03-07,393.6720886230469,405.7517156092554,393.6063805668149,405.04777437562143,137896600
2022-03-08,390.68743896484375,400.974360268534,389.6268294424803,393.85047743128945,164772700
2022-03-09,401.16204833984375,403.1330895948316,396.8539312695745,399.0314631063885,116990800
2022-03-10,399.3506164550781,400.24225827962516,394.6201227364952,396.57237407240876,93972700
2022-03-11,394.2728271484375,402.4385288577548,393.76598140373204,401.82845214023683,95636300
2022-03-14,391.3913269042969,398.4776572170098,390.2556430646185,395.04244919429476,95729200
2022-03-15,399.9982604980469,400.6270987320428,392.7241998621839,393.99127138077023,106219100
2022-03-16,408.8678283691406,408.92414137534934,398.7122961456911,403.48973577211655,144954800
2022-03-17,413.983154296875,413.983154296875,406.58707380377643,406.96250340047624,102676900
2022-03-18,418.5173645019531,418.8374724268859,411.6443965195938,412.3787685197155,106345500
2022-03-21,418.39508056640625,420.34397249520026,414.9020791690174,418.3479881152232,88349800
2022-03-22,423.2908630371094,424.22294298577435,419.77904208379323,419.77904208379323,74650400
2022-03-23,417.8396301269531,422.2552879442442,417.75489818109617,420.76772367403294,79426100
2022-03-24,424.13824462890625,424.14766886587796,418.74344361122075,419.8544117415458,64736900
2022-03-25,426.2095642089844,426.48260848847235,422.1987468815837,424.7690638457169,77101300
2022-03-28,429.2411193847656,429.2411193847656,423.7333148880216,425.61632300776836,68529800
2022-03-29,434.5513000488281,435.04090067569854,430.43693083724736,433.1107996129039,86581500
2022-03-30,431.86798095703125,434.221741418466,429.7684162817575,433.41203287887015,79666900
2022-03-31,425.220947265625,431.92445220332144,424.7690149308357,431.1053481916122,121699900
2022-04-01,426.4261169433594,426.9345085502842,422.86723203273846,426.7932886594718,89048800
2022-04-04,430.07916259765625,430.18274301389283,425.80475366510456,426.62385782767655,59601000
2022-04-05,424.64666748046875,431.04888498929796,423.5074553649345,428.59157264929064,74214500
2022-04-06,420.40045166015625,422.6694802657768,417.5288752979102,420.74883235488153,106898000
2022-04-07,422.51885986328125,424.32656069949695,417.5853866950133,419.5248831878406,78097200
2022-04-08,421.3890380859375,424.2700386147041,419.85438165587385,421.76563401623116,79272700
2022-04-11,414.1865234375,418.9693519364392,413.68752738112,418.13139944100146,89770500
2022-04-12,412.6518859863281,419.6754993093874,411.1078052988178,417.1616704401845,84363600
2022-04-13,417.3782653808594,418.13145732147433,412.22823575440935,412.40712386848077,74070400
2022-04-14,412.1811218261719,418.7151631152427,412.0775414258065,417.6041663493815,97869500
2022-04-18,412.3506164550781,414.02649286644555,410.1286514899628,411.2584680800119,66002500
2022-04-19,419.00701904296875,419.72254266588925,412.0775334906012,412.24699734346973,77821000
2022-04-20,418.6963195800781,421.38903649977607,417.53828781709484,420.77706452379897,65224400
2022-04-21,412.4353942871094,423.68638279053573,411.5315581539449,422.3023702432998,85417300
2022-04-22,401.1184387207031,412.4541280731046,400.55353048054263,411.3525843005969,132471800
2022-04-25,403.4439697265625,403.6134335850115,394.33961156529534,398.88709289400344,119647700
2022-04-26,391.7598876953125,401.11844136754604,391.73164371973945,400.9207048061077,103996300
2022-04-27,392.8614807128906,398.18100288274366,390.7337005773798,392.8332367337777,122030000
2022-04-28,402.784912109375,404.5078808966821,393.17216221026155,397.58781923542455,105449100
2022-04-29,387.89971923828125,400.9583775193331,387.155922896604,398.81174915439897,145491100
2022-05-02,390.234619140625,391.5903873064927,381.32796990855087,387.96559087319963,158312500
2022-05-03,392.0235595703125,394.42438400889665,389.1801982351646,390.73370329446914,100028200
2022-05-04,403.9617614746094,404.52666970154934,389.50966726982307,392.6825316045225,144247900
2022-05-05,389.6038513183594,400.1392856315828,385.4894825550537,399.7155972479429,172929100
2022-05-06,387.2783203125,390.5359166827726,381.99649573119626,387.0523685069678,151770800
2022-05-09,374.87872314453125,382.63670821024124,373.3063985587751,381.40334006214687,155586100
2022-05-10,375.7449035644531,382.32600865511546,371.72469101869683,380.829020441603,132497200
2022-05-11,369.7757873535156,380.4053781846459,369.03199096468177,374.7845967667288,142361000
2022-05-12,369.3897705078125,372.6473671369606,362.62035271566276,366.5935017624292,125090800
2022-05-13,378.2209777832031,379.5955655408871,372.4683735581831,373.5040336766112,104174400
2022-05-16,376.6864013671875,380.33944215793855,374.3420651693036,376.5828496996567,78622400
2022-05-17,384.4350891113281,384.67046521476146,379.0308342384441,382.74978816566403,83029700
2022-05-18,368.937744140625,380.17930421421573,367.70437619757337,379.8968645068077,117674500
2022-05-19,366.6781921386719,371.08445332431154,364.4656516763447,365.8873321136663,98510700
2022-05-20,366.8383483886719,373.80547490627424,358.2800772040546,370.2465895747261,131432200
2022-05-23,373.701904296875,374.46452049127714,367.5444580490805,369.85112637485844,76414900
2022-05-24,370.84912109375,372.035396905163,364.32447483504643,369.5969043569321,91448800
2022-05-25,374.1255798339844,376.08392497670934,368.96615437272027,369.3615701104793,91472900
2022-05-26,381.60107421875,383.2298868677585,375.14236904234315,375.34950112064234,82168300
2022-05-27,390.96905517578125,391.08203108602834,383.85128550592344,384.0489933488559,84768700
2022-05-31,388.7752990722656,392.0988075494602,386.0449428026529,389.3590270440363,95937000
2022-06-01,385.63079833984375,391.89179709026445,383.1263930931884,390.8844091807962,86585800
2022-06-02,392.97442626953125,393.02148998349895,383.229852686857,385.47063713429924,79609600
2022-06-03,386.5251770019531,389.82044199768814,385.55542873821975,388.2763611795485,71874300
2022-06-06,387.7020263671875,392.2400548190691,386.5345416096812,390.517114758432,57508900
2022-06-07,391.4209899902344,391.87292239964444,383.76655540466106,384.22791205148525,59272400
2022-06-08,387.16534423828125,391.4962691477678,386.37448418684187,389.7168124827089,64350000
2022-06-09,377.95745849609375,387.6549405235344,377.95745849609375,385.39533612934156,86289800
2022-06-10,366.99835205078125,372.6285579152145,366.95128833036904,371.7812098207837,132893900
2022-06-13,353.0640563964844,359.4756973620504,351.4634878478497,357.63035727236417,170004900
2022-06-14,352.00018310546875,355.8321122307695,348.91205036955256,354.8058760643675,104011800
2022-06-15,357.0184020996094,361.4434545749502,350.3525363114145,355.28600909693944,125666800
2022-06-16,345.2025146484375,349.24157577546,342.7828419203488,348.83673585883366,134473300
2022-06-17,345.9466552734375,349.27508426837926,342.4575241953979,345.61572844834046,111113900
2022-06-21,354.65545654296875,356.0359826472647,351.57288467855716,351.6485465469434,76811900
2022-06-22,354.012451171875,358.10676218449237,350.03157524112396,350.4476289196659,90059400
2022-06-23,357.4826354980469,358.2107149131913,352.594048691356,356.1399405915164,79292100
2022-06-24,368.8484191894531,368.85788413601364,360.6125017111181,360.6408676942553,98050300
2022-06-27,367.4394836425781,370.058705296432,366.35208260935923,369.76558055330014,66009600
2022-06-28,359.9317626953125,371.760870638242,359.8182987396139,368.99035324591785,86548900
2022-06-29,359.63848876953125,361.4634339657698,357.8230085178606,360.48006085300585,65676000
2022-06-30,356.7167053222656,359.9411063069827,352.2819744571846,355.76166925616343,112508300
2022-07-01,360.4896240234375,360.9246076353703,353.45457064095484,356.06435688635764,74839700
2022-07-05,361.17041015625,361.1893400506747,352.60353638031745,355.42134927768956,81438000
2022-07-06,362.39019775390625,364.8675899225477,358.93886830851153,361.31223262960197,70426200
2022-07-07,367.8177795410156,368.61205598920736,362.4091104215268,364.15842313963157,64525900
2022-07-08,367.5151672363281,369.3779436355089,364.6689887193885,366.191344484654,72397800
2022-07-11,363.3168640136719,365.81315719235283,362.6265865895648,364.84868487322194,58366900
2022-07-12,360.10186767578125,365.1417783353174,358.3620201292297,362.7683853874002,62219200
2022-07-13,358.2107849121094,361.1326258025633,354.26776850827935,354.6838222143904,84224600
2022-07-14,357.3408508300781,358.4187870987838,350.84478066367626,353.27487695591316,89704800
2022-07-15,364.1678161621094,364.28128008136326,359.82764811140055,361.72822647198586,79060400
2022-07-18,361.1609802246094,367.912344500235,359.94118513181706,367.24099693727663,63203600
2022-07-19,370.91925048828125,371.4865990503367,364.41374406055814,365.06616172189337,78506000
2022-07-20,373.2830810546875,374.6920015719592,369.7466544856618,371.10827913549247,71843800
2022-07-21,377.0843811035156,377.1316481251823,370.3140872351293,372.70638143368456,64903900
2022-07-22,373.5857238769531,378.3986778470548,371.37309072029717,377.2072777513435,72197300
2022-07-25,374.0396728515625,374.89068131119404,371.80810941835625,374.20986877217916,53631500
2022-07-26,369.6143798828125,372.6118247488071,368.7255405509069,372.40379790822186,52946400
2022-07-27,379.2119140625,380.9517617542331,372.602351195438,372.89547598359957,82342100
2022-07-28,383.9681396484375,384.6583882201372,376.4792023544064,380.0156585921788,73966600
2022-07-29,389.5659484863281,390.54935081366597,384.63006466670873,385.39597518556786,87003700
2022-08-01,388.41229248046875,390.90861443486426,386.17129323209457,386.880471670519,69997500
2022-08-02,385.8497314453125,390.520854875102,384.67723254370253,386.85203447859953,63435400
2022-08-03,391.8919982910156,393.0550324074595,387.6841948771705,387.9678546966585,67820600
2022-08-04,391.6272888183594,392.4971982786844,389.9914400358886,391.8163857696468,45656600
2022-08-05,390.96539306640625,391.608374668419,387.3060365044083,387.3627684777301,56814900
2022-08-08,390.5115051269531,394.8895051228033,389.4146388910765,392.6485056258635,53886100
2022-08-09,388.960693359375,390.2844871811707,387.892193356466,389.7833356323287,44931800
2022-08-10,397.1305236816406,397.2723824771048,394.0385155870953,395.9863903656601,68665700
2022-08-11,397.1305236816406,401.8205786097931,396.39297914273305,399.9672378861389,59489700
2022-08-12,403.853515625,403.9575146188211,398.11389080007996,399.05946211792985,61694500
2022-08-15,405.5177307128906,406.03781228907377,401.593615232648,401.6503472072791,54048300
2022-08-16,406.31195068359375,408.2314590393534,403.6454330101121,404.4491742905428,59289000
2022-08-17,403.427978515625,406.12286241940274,401.43283697746534,402.7282650065522,63563400
2022-08-18,404.6004638671875,405.2812474108149,402.34053490810277,403.6264978547886,49023200
2022-08-19,399.1634826660156,402.11366050668937,398.2935443726278,401.84890169679676,68016900
2022-08-22,390.8518981933594,394.52071941279587,389.95359392592934,394.3504946497515,77695600
2022-08-23,389.9063720703125,392.80928319022877,389.3579244993357,390.426424797038,49105200
2022-08-24,391.1544189453125,392.5160148137086,388.99851794025284,389.67930144618055,49177800
2022-08-25,396.6766052246094,396.7238722445992,391.551596341063,392.6389975097295,50942300
2022-08-26,383.2494812011719,397.102094248587,383.1927492346699,396.5631405668187,103087000
2022-08-29,380.7153625488281,383.7506382256978,379.36320256720757,380.3087738309777,65370800
2022-08-30,376.5359191894531,382.1053477002366,374.44621480785787,381.8689548878579,85652400
2022-08-31,373.6708068847656,379.40096584880325,373.53844192677496,378.1622699284396,76029700
2022-09-01,374.8433837890625,375.1837756026024,368.8106343368199,371.5055182868605,78740100
2022-09-02,370.890869140625,379.70360038409405,369.08482453543763,378.493270301563,99632100
2022-09-06,369.491455078125,372.66856083501824,367.2788216710287,371.7324544703169,76637400
2022-09-07,376.1293029785156,376.8952133261025,368.9618861280906,369.1793490313916,70964200
2022-09-08,378.5878601074219,379.0417158852862,372.66857424769665,373.86946832524006,80821700
2022-09-09,384.4692687988281,385.329742082949,380.5545900462263,380.81934883699086,76706900
2022-09-12,388.6014404296875,389.3200838556924,386.22804721967884,386.5306369628963,69256300
2022-09-13,371.7040710449219,381.1597837204144,370.5883038747845,379.95888974243803,122947100
2022-09-14,373.1224365234375,374.6353563576037,369.8318380483669,372.9995076387831,85023700
2022-09-15,368.88623046875,374.4083627921359,367.6191685285438,371.5716492033494,87633800
2022-09-16,366.072021484375,366.72714802798475,362.7963887663263,364.7238110432356,103084800
2022-09-19,368.9109802246094,368.9109802246094,362.8629523864004,362.9389250642447,73278500
2022-09-20,364.67645263671875,366.6038466348681,361.9325406081142,365.597425865889,77274900
2022-09-21,358.31500244140625,369.6324950611645,358.3054986149796,366.5942260628629,106746600
2022-09-22,355.30523681640625,359.1790024904426,354.5646626886457,357.5459378785754,89472600
2022-09-23,349.3521423339844,351.8871721443201,344.9276764863623,351.849185813524,122346900
2022-09-26,345.8960876464844,351.4978686011886,344.68078591741266,347.88994974224795,92581200
2022-09-27,345.01312255859375,351.6782893189801,342.62998013123286,349.41858073488055,108294100
2022-09-28,351.8017578125,353.48228367645163,344.2725823827886,345.9626120741058,110802200
2022-09-29,344.4529724121094,348.5545981921768,341.5191583646997,348.2697731293536,112952300
2022-09-30,339.1264953613281,347.4152519853497,338.9935866635343,343.51297496490554,153711200
2022-10-03,348.07989501953125,349.9218411560904,341.05392954790506,342.8294068400838,89756500
2022-10-04,358.8656311035156,358.8941136043224,348.04184617078164,353.5771579781318,103602800
2022-10-05,358.03021240234375,360.28041756142954,352.20057002554404,354.51724403133267,88065700
2022-10-06,354.3368225097656,359.5778067097025,353.843087080186,356.63448871251217,82333500
2022-10-07,344.4529724121094,354.4222552620788,342.69647392447916,350.32060050692866,107789500
2022-10-10,341.8228759765625,345.80109587705783,339.5916792714558,345.5637320594869,76042800
2022-10-11,339.658203125,344.68083086003986,337.7308096086358,340.1329308775536,92482800
2022-10-12,338.53778076171875,341.6330143237362,338.2909131107378,340.0664188676814,76991800
2022-10-13,347.47216796875,348.9343372886657,330.5148807230557,331.5592873801383,147254500
2022-10-14,339.5537414550781,351.5453678678568,338.91759358407694,349.9217782616768,123737000
2022-10-17,348.2793273925781,349.38069942012754,339.2215124070173,345.611359342469,93168200
2022-10-18,352.3714294433594,356.4730842166548,348.94387997178285,356.16925149824414,97162900
2022-10-19,349.8743591308594,353.0550409179747,347.07345375673924,350.33958306364724,79746900
2022-10-20,346.9405517578125,353.8336082385052,346.18096994205536,349.42812063236454,88283100
2022-10-21,355.3717041015625,355.8559066992739,345.1650575657833,346.6651844936338,131038400
2022-10-24,359.72021484375,360.85006925134127,354.2513416759188,356.8908558861546,85436900
2022-10-25,365.46441650390625,365.77772406360737,359.53031974752065,359.64424976923016,78846300
2022-10-26,362.71099853515625,367.9899690715865,362.0748795431326,362.3312221104294,104087300
2022-10-27,360.7740783691406,365.54033411277726,360.15690917044486,363.7078921191661,81971800
2022-10-28,369.357177734375,369.83190549665636,360.4892666119688,360.66966547964233,100302000
2022-10-31,366.6891784667969,368.76848820462624,365.78721318114583,366.90756364967945,96631300
2022-11-01,365.0845947265625,370.65792248879427,363.91678308143315,370.42055862920466,85407600
2022-11-02,355.9223937988281,368.98691130694584,355.81796759742275,364.49597616975944,126990400
2022-11-03,352.2574768066406,355.2862420190042,350.1496845424735,352.6942182018951,87100100
2022-11-04,357.32757568359375,359.7201930621012,351.29852759073634,357.9447159505611,103505200
2022-11-07,360.74560546875,361.33426320464076,356.5489996813044,358.61880558333354,68286900
2022-11-08,362.6920166015625,365.6543132529755,358.628348045763,361.8469872621732,84641100
2022-11-09,355.21978759765625,361.87547986372505,354.7260521981255,360.7266178571878,78495500
2022-11-10,374.7405700683594,375.07288526749676,366.1480099232559,368.4361720364201,141455800
2022-11-11,378.36749267578125,379.16503175995996,373.71513788878525,375.59507007118657,93839900
2022-11-14,375.1488342285156,379.953076506213,374.873484033921,376.6110037402308,71903500
2022-11-15,378.3485107421875,381.9754376853018,374.55068876407796,380.8740658346402,93194500
2022-11-16,375.4621887207031,377.67440728463805,374.8355446142679,376.7249517855088,68508500
2022-11-17,374.3132629394531,374.9873970910537,370.4205192362281,370.7243229231331,74496300
2022-11-18,376.0128479003906,377.7028774747301,373.1739853225882,377.63640863793864,92922500
2022-11-21,374.6456298828125,375.81347054023524,372.81318778240984,374.693120041292,51243200
2022-11-22,379.687255859375,379.84867604647417,375.1773421488015,376.58254674649424,60429000
2022-11-23,382.07989501953125,382.56409762142516,379.1270733477937,379.3549333957438,68261600
2022-11-25,381.9944152832031,382.54511569451665,381.2443663067082,381.5196875372828,30545400
2022-11-28,375.89892578125,380.5512518780544,375.13934400569946,378.9181872794732,67881600
2022-11-29,375.2532653808594,377.21861602317534,373.420794451434,376.0317967820062,52310000
2022-11-30,387.07403564453125,387.07403564453125,373.59178408114326,375.5001700531818,144566700
2022-12-01,386.7892150878906,389.2767840474977,384.29214230054805,388.10894326432475,76398200
2022-12-02,386.34295654296875,387.24492191924827,381.8140640565856,381.91849025775207,85342700
2022-12-05,379.3929138183594,384.4630026318405,378.04470325554814,383.5325548004845,77289800
2022-12-06,373.9239807128906,379.7726290359641,371.84470019254604,379.23146151769544,77972200
2022-12-07,373.2879333496094,375.64259345528575,372.15807896997796,373.0790519775326,65927900
2022-12-08,376.21221923828125,377.2756047091014,373.39233538526526,375.16784142056355,60737900
2022-12-09,373.40191650390625,377.5225505438228,373.2784826335144,374.9780163583588,81447700
2022-12-12,378.7852783203125,378.7852783203125,373.52528680664847,374.1898882628355,75405800
2022-12-13,381.6526184082031,389.74196862339903,378.89920332598314,389.48562607620295,123782500
2022-12-14,379.2125244140625,385.00420881267286,376.27871036892407,381.31081297545614,108111300
2022-12-15,369.9364013671875,375.27233736621,368.2843578447377,374.37034292861597,117705900
2022-12-16,365.5688171386719,368.72594377762675,363.4418274301868,367.39060804195844,119858000
2022-12-19,362.46893310546875,366.09344924310705,360.80930355412653,365.75960801740996,79878100
2022-12-20,362.9649353027344,364.5768857232749,360.39916944320595,361.7154394063112,74427200
2022-12-21,368.39215087890625,369.5176461213456,365.01563604345074,365.5497703655622,78167400
2022-12-22,363.13665771484375,368.3730957748509,357.461443543547,365.35903514093155,100120900
2022-12-23,365.2254638671875,365.36853035773834,360.57083998702353,362.1160163012456,59857300
2022-12-27,363.78515625,365.45433305552007,362.11597944447993,365.11097351314567,51638200
2022-12-28,359.2641296386719,365.6833180737436,359.03522324607314,363.71843147410067,70911500
2022-12-29,365.7309265136719,366.59890189536134,361.5722768337163,362.09689269287287,66970900
2022-12-30,364.7676086425781,364.91067512789425,360.9523471240934,363.0603000709137,84022200
2023-01-03,363.23199462890625,368.5828851543406,360.38006673429567,366.61802772104494,74850700
2023-01-04,366.03619384765625,368.05827776448973,362.4498387600588,365.48296463530903,85934100
2023-01-05,361.85845947265625,364.20483700123856,361.26709863365966,364.0903838205467,76970500
2023-01-06,370.15673828125,371.2727153198515,361.88717348528235,364.93936588301403,104189600
2023-01-09,369.9468078613281,375.5171151232303,369.76560972422254,372.3408937056104,73978100
2023-01-10,372.54119873046875,372.60797279309605,368.43025676671084,369.3650063190875,65358100
2023-01-11,377.25299072265625,377.3293122418992,373.3042107916954,374.114959561899,68881100
2023-01-12,378.6265563964844,380.08589280712,374.2962553998828,378.3499708858858,90157700
2023-01-13,380.095458984375,380.6677540792538,375.1737677414377,375.44083490462947,63903900
2023-01-17,379.399169921875,381.74557694149377,378.7219690868492,380.07639986503904,62677300
2023-01-18,373.40924072265625,381.64067358456566,373.2089476072384,380.58195229493043,99632300
2023-01-19,370.6908264160156,373.01810918357603,369.37455652309,371.3775455516614,86958900
2023-01-20,377.596435546875,377.749049499946,370.44282022993093,372.08338384027553,91806400
2023-01-23,382.1270751953125,384.05377185885095,377.443838004556,378.3976534216192,84178800
2023-01-24,381.7169494628906,382.6230566629975,379.2751842732551,380.4579061003212,59524900
2023-01-25,381.8599853515625,382.19382654932406,375.383570904274,377.66320358749766,84800300
2023-01-26,386.0567932128906,386.2189546426973,381.55478324321655,384.5116168819161,72287400
2023-01-27,386.94384765625,389.3093204688235,384.80731034691763,385.01715091180836,68346200
2023-01-30,382.0888671875,386.4191967958499,381.79318677341877,384.196790848311,74202000
2023-01-31,387.7068786621094,387.75455778693544,382.2605719895161,382.6039606559222,86811800
2023-02-01,391.827392578125,394.56486749175457,383.7676691333913,386.495567469355,101459200
2023-02-02,397.5311279296875,398.9904641316318,393.8112541902346,395.69978979973183,101654500
2023-02-03,393.3057556152344,397.7123777653695,392.1039389895125,392.580846652655,94736800
2023-02-06,390.9021301269531,392.2947214888418,389.25204820891577,390.86399847100074,60295300
2023-02-07,396.0146179199219,397.25456629561944,388.74654923536696,389.98649761106446,90990700
2023-02-08,391.68426513671875,395.3850733282182,390.99751692481027,394.0497376684334,76227500
2023-02-09,388.28863525390625,395.42318359381403,387.06775293399943,395.2705696653094,78694900
2023-02-10,389.1948547363281,389.57637508525863,386.304795158678,387.115514984604,70769700
2023-02-13,393.7636413574219,393.8971894997695,389.38563169094465,389.84347361138623,64913500
2023-02-14,393.58233642578125,395.881005549657,389.6430748090616,392.24697179710046,88389300
2023-02-15,394.8605041503906,394.9367965737248,390.55878744301873,391.3981496403728,61555700
2023-02-16,389.42376708984375,393.8399372390062,389.2902480643342,389.91022227936105,76431500
2023-02-17,388.45086669921875,388.6893205477336,385.3890983264304,387.30627658309317,89257800
2023-02-21,380.65814208984375,385.4939926151098,380.40062243945897,384.4447899703579,82655900
2023-02-22,380.1336669921875,382.60404583574024,378.68384869057354,381.06838762544777,83742300
2023-02-23,382.1556396484375,383.6245233532482,377.94931070384274,383.0140675924474,96242400
2023-02-24,378.07330322265625,378.9031178542997,375.4598586847204,377.15764870927023,108194400
2023-02-27,379.3609619140625,382.7565419832926,378.4262124604374,381.4021114776833,80444700
2023-02-28,377.95892333984375,380.83943554893773,377.85398850305495,378.8841254999914,96438600
2023-03-01,376.5090637207031,378.36901530523187,375.21188881048784,377.1481328157973,99706800
2023-03-02,379.43731689453125,380.27667913690243,374.2103978176706,374.54423904245056,85127800
2023-03-03,385.5225830078125,385.7705842840577,380.6008928914555,381.24948026672485,90120000
2023-03-06,385.7896728515625,388.6320529045699,385.35092596691464,386.342872914107,72795900
2023-03-07,379.87603759765625,385.9804792628776,379.2656108960152,385.74202541995913,108310600
2023-03-08,380.49603271484375,381.2495258844479,378.2736266459541,379.9905117430244,74746600
2023-03-09,373.4759521484375,382.93781363415775,372.4935234600931,381.2781550603871,111945300
2023-03-10,368.0869140625,375.0020758920174,366.5703510301064,372.9322836127058,189253000
2023-03-13,367.562255859375,372.3599748381927,363.06979387547824,364.17622313398334,157790000
2023-03-14,373.6380615234375,375.27862493164645,369.1741839934809,372.46485827708165,149752400
2023-03-15,371.30126953125,371.5015626213284,365.98851059869224,368.06785035886526,172996900
2023-03-16,377.8157958984375,378.1591845711939,368.4493509964938,368.95487198316505,143254200
2023-03-17,373.39813232421875,377.62051539098667,372.019393803673,376.49072469808146,140553400
2023-03-20,376.98858642578125,377.4003145707897,373.47474047713115,374.17366441642594,93055800
2023-03-21,381.9386901855469,382.41741807740124,378.75034606302717,380.3397261702914,91524200
2023-03-22,375.42791748046875,385.36631171212144,375.3896402926609,381.7662983699507,111746600
2023-03-23,376.44281005859375,382.3024333278602,373.7427784049594,378.2811083450335,119351300
2023-03-24,378.9130554199219,378.9992229180059,372.8332064884797,375.169400500622,107682400
2023-03-27,379.62158203125,381.94822147173227,378.7311552876925,381.18223941875726,74010400
2023-03-28,378.7694091796875,379.62152939764496,376.9406656319968,378.9321602551606,62871700
2023-03-29,384.2748107910156,384.51417469094537,381.7183914833068,382.9152109829554,77497900
2023-03-30,386.5248107910156,387.14715104431514,384.66734471738545,386.8982032553057,69840000
2023-03-31,391.9728088378906,392.2696177717363,387.33869746852054,387.44403279107553,112062600
2023-04-03,393.4664306640625,393.8685456943349,391.0632075126421,391.45576785501316,67391100
2023-04-04,391.2834167480469,394.3951476376342,389.9142329500153,394.10789340859714,66601500
2023-04-05,390.2588806152344,391.3120875440854,388.61205593172843,390.55568949256184,65200200
2023-04-06,391.7812805175781,392.05895083799805,388.4206018294357,389.4642249836437,63743300
2023-04-10,392.1834411621094,392.26005398593924,388.6983173778572,389.311073872341,63681000
2023-04-11,392.28875732421875,393.68663448889265,391.52280443872803,392.8057915925013,59297900
2023-04-12,390.68975830078125,394.63450004221784,390.1057243914606,394.3472458215589,86420400
2023-04-13,395.879150390625,396.23340427170086,390.6322834184287,391.7716578689955,85814800
2023-04-14,394.9121398925781,397.4302528676945,392.6142522306835,395.2472552060106,78161500
2023-04-17,396.3292236328125,396.3483622283168,393.6004689831214,394.82601113767913,66436400
2023-04-18,396.58770751953125,398.0334749409728,395.21855291496564,397.89941712105417,63560000
2023-04-19,396.5206604003906,397.4206417468214,394.6248878690516,394.6823328652232,55227300
2023-04-20,394.35687255859375,396.09944900781187,392.81535363221457,393.7153643600863,75840400
2023-04-21,394.6631774902344,395.1227374400652,392.71954395114506,394.65359358487166,73457400
2023-04-24,395.074951171875,395.49623401848584,393.13131726469595,394.4621654970849,64332100
2023-04-25,388.8035888671875,393.667480074213,388.74614386404556,393.11213941820307,97766700
2023-04-26,387.1567687988281,390.48872511908525,386.6014573550663,389.4163794213185,80447000
2023-04-27,394.8642578125,395.1323442051522,389.4354718372607,389.68441963730396,92968400
2023-04-28,398.23455810546875,398.2441420130027,393.9260072843417,393.983452291085,89433100
2023-05-01,397.8324279785156,399.8526454839488,397.6026187410231,397.794121569062,62122300
2023-05-02,393.36102294921875,397.17170644373317,390.46951779319113,397.12381613612365,103998500
2023-05-03,390.6610412597656,396.2621626197753,390.42167734881843,393.85893960371277,91531800
2023-05-04,387.8940124511719,389.94295234971383,386.56313507144216,389.6174209347764,94901900
2023-05-05,395.074951171875,396.1185743812244,391.25471226930256,391.5132147900382,87891800
2023-05-08,395.1802062988281,395.6589340882948,393.78232933496844,395.40043160090397,50046800
2023-05-09,393.4472351074219,394.55788714476665,393.21745510632536,393.6387379211536,49220100
2023-05-10,395.2855224609375,396.90362464850057,391.47483892243093,396.2717004907046,96142900
2023-05-11,394.5962219238281,394.88344694585095,392.5281141075764,394.42388691061444,70157100
2023-05-12,394.07916259765625,396.04196418738917,391.6663849084535,395.83132277822824,70481500
2023-05-15,395.43878173828125,395.84089676313823,392.77705610324665,394.68238356588824,54289400
2023-05-16,392.79620361328125,395.25687179173696,392.7866197060623,394.33769327560117,57705500
2023-05-17,397.5643310546875,398.16750358670436,393.16961300605146,394.80685403141115,87287000
2023-05-18,401.3941955566406,401.8154784356876,397.0281995549095,397.2483956831172,97177200
2023-05-19,400.81011962890625,402.82078253891825,399.59416135067175,402.29419356642416,103793300
2023-05-22,400.97283935546875,402.50477416103354,399.5941009523831,400.82922685915275,60745400
2023-05-23,396.47283935546875,400.90586405626465,396.08027900023137,399.33562263531513,86383500
2023-05-24,393.6004333496094,395.2568421165078,392.44192021304394,394.8738657064858,89213700
2023-05-25,397.0090026855469,398.4547701518932,394.8643112540631,397.0951701927873,90961600
2023-05-26,402.15057373046875,402.8686655789213,397.58352009323403,397.66010370060684,93830000
2023-05-30,402.3037414550781,404.60162936229705,400.92500286690074,404.0750403987033,72216000
2023-05-31,400.0729064941406,401.38461624742513,398.51224888604935,400.4846054699889,110811800
2023-06-01,403.87396240234375,404.9271694953685,399.0579614953215,400.3026421930234,88865000
2023-06-02,409.71441650390625,410.4995078956091,405.9133165725639,406.43990546910896,91426200
2023-06-05,408.9292907714844,411.34206835375164,408.23033766769487,410.05908136180767,65460200
2023-06-06,409.8197326660156,410.34632157550055,407.8665149969257,408.51760703277364,64022200
2023-06-07,408.4026794433594,411.3420751836078,407.9813966367141,410.21228457452565,85373300
2023-06-08,410.87298583984375,411.32299120581996,407.7038096821584,408.4697625854569,61952800
2023-06-09,411.6101989746094,413.6112778783288,410.6240207738437,411.66764397898567,85742800
2023-06-12,415.34417724609375,415.4207900475737,411.8686383835333,412.5867299964894,76104300
2023-06-13,418.0826416015625,418.7241206070974,416.13900754994665,416.7996543712614,95899700
2023-06-14,418.5804138183594,420.3804349424088,415.1431518715733,418.41766273627127,100612100
2023-06-15,423.7698669433594,425.0145475724995,417.6708792659641,417.7666014534157,110303100
2023-06-16,422.3264465332031,426.31464161242656,421.8555599029222,425.7476478890072,114165800
2023-06-20,420.1352844238281,421.278891227802,418.0691141682308,420.39477647392715,76160400
2023-06-21,417.982666015625,419.9527293765365,417.3964332987813,419.15510212154635,76982300
2023-06-22,419.491455078125,419.59715234538584,416.69490598831976,417.0312661321085,70637200
2023-06-23,416.3201599121094,418.0980386592432,415.60902014436385,416.0510776220621,92074500
2023-06-26,414.61907958984375,417.6654716468784,414.37882655509753,415.75306687518275,72823600
2023-06-27,419.1646728515625,419.77970536315974,415.04192260990584,415.49359948325997,72813700
2023-06-28,419.37615966796875,420.3852108229733,417.4733448104481,418.08837741440095,75636000
2023-06-29,421.0290832519531,421.19246824661855,418.5593039384084,418.9629126794935,67882300
2023-06-30,425.9974670410156,426.97768888145606,423.9120577597363,424.22920819454237,104964000
2023-07-03,426.48760986328125,426.7662822836005,425.37283219871017,425.65153394679413,32793400
2023-07-05,425.8533630371094,426.5837417319984,424.6713074116075,424.6809269189928,58418400
2023-07-06,422.5186462402344,422.94149397333916,420.0200085430969,422.2880126868195,80658300
2023-07-07,421.4518737792969,425.38243934770526,421.21162073773354,421.5287711761449,86134200
2023-07-10,422.5186462402344,422.69162140529556,420.52934385873226,421.0963375627214,62443500
2023-07-11,425.20947265625,425.6995982894802,422.3072262142427,423.27785797330125,64463800
2023-07-12,428.6306457519531,430.03374466313784,427.56393630005715,428.9862448970164,91924500
2023-07-13,432.03265380859375,432.8206908722752,430.0049320898392,430.4373699947139,72425200
2023-07-14,431.7636413574219,433.7625342056591,431.0044333646652,432.9168679457163,69815800
2023-07-17,433.26275634765625,434.3102561737573,431.57136541418197,431.6194336230175,52680200
2023-07-18,436.48211669921875,437.1259784249401,432.5035122667073,432.9359794712025,80668200
2023-07-19,437.4527587890625,438.6347850080483,436.4052296979119,437.2701641275052,65891700
2023-07-20,434.55047607421875,437.35664451536627,433.8393364531686,436.4629102357604,70591600
2023-07-21,434.55047607421875,436.4629102357604,434.54088589539646,436.2610765640321,71275600
2023-07-24,436.4917297363281,437.298976422026,434.6657831913127,435.6940732292396,54023400
2023-07-25,437.68341064453125,438.93271480747865,436.1746144107411,436.2226826187103,55191200
2023-07-26,437.7507019042969,439.1729812727202,435.70374110756154,436.7512409467643,71052900
2023-07-27,434.8483581542969,441.52740401742074,433.945004429069,441.12376602896836,92194400
2023-07-28,439.105712890625,439.93216931576706,434.8484065015939,438.1062519781901,80011800
2023-07-31,439.94183349609375,440.2974033582614,438.26965213423165,439.5766441259426,62040400
2023-08-01,438.682861328125,439.42283016702106,437.7314393035273,438.48102764934566,55291500
2023-08-02,432.5804443359375,435.83826057949295,431.83085596175755,435.5787978326574,93933400
2023-08-03,431.3406982421875,433.2146837020939,429.92800918121173,430.5719002384005,64276100
2023-08-04,429.38983154296875,435.24239195100046,428.87087677605945,433.14739252633814,100128900
2023-08-07,433.1377868652344,433.29155233174345,430.5238325901082,431.21576252551705,58357500
2023-08-08,431.2542419433594,433.1282275391779,427.90990879603123,430.610350839472,71361300
2023-08-09,428.3712158203125,431.6867198555809,427.6120079214979,431.52333486681067,78789600
2023-08-10,428.5249938964844,434.08926326921943,427.3621772369706,430.71610074530616,93005500
2023-08-11,428.27508544921875,429.28416586620887,426.06476909769503,426.6605919753528,68690900
2023-08-14,430.63916015625,430.63916015625,427.0546034425639,427.3621343832933,47867400
2023-08-15,425.6226806640625,429.22647618823385,425.0556576931614,428.8708770611947,75707500
2023-08-16,422.49945068359375,426.8624252963623,422.39372408289853,425.2094830101528,80107200
2023-08-17,419.28009033203125,424.2196786069941,418.7611354463807,423.96021582805366,95711300
2023-08-18,419.4818420410156,420.510132174717,416.1279187140494,416.4738690425287,98852000
2023-08-21,422.2110900878906,422.9510589127824,418.3478316599045,420.4908700639508,68719000
2023-08-22,421.0675354003906,423.9794015102556,420.51016116793335,423.9794015102556,64994200
2023-08-23,425.7572021484375,426.37226398805007,421.98043152181,422.12457747554333,68441000
2023-08-24,419.8565979003906,427.86181593129874,419.8277393822269,427.3524806823666,88517300
2023-08-25,422.81658935546875,424.09472283005493,418.04035697735236,421.57687525748486,102325100
2023-08-28,425.4977111816406,426.11274365265666,422.8164793091644,424.9979661381943,61595400
2023-08-29,431.64825439453125,431.92695615148733,425.2094607575032,425.3920554264297,83081900
2023-08-30,433.4261779785156,434.0604496321948,431.2831099362862,431.9846594913636,69053900
2023-08-31,432.7918395996094,435.17513102782067,432.6092449398333,434.0411436980902,66084600
2023-09-01,433.5990905761719,435.9824113556043,432.1479527903315,435.5019052625726,58944100
2023-09-05,431.7251281738281,433.474177484678,431.65787960630774,433.15705635053166,55166200
2023-09-06,428.8228759765625,431.0236021823755,426.5068329962555,430.91787558724553,70758500
2023-09-07,427.50628662109375,428.17897757007677,425.4881551186145,425.83410543618885,70355400
2023-09-08,428.1501159667969,429.67812174261354,427.1987233377208,427.5542931353447,61659700
2023-09-11,430.9659423828125,431.27344400453364,429.06312762659996,430.76410870034374,60180100
2023-09-12,428.601806640625,431.042785754672,428.02522280308654,429.5243994362143,67565400
2023-09-13,429.1015319824219,430.2547289321733,427.72726235885176,428.82283025526624,60199300
2023-09-14,432.8014221191406,433.4933520471616,430.26436526823954,431.5617375492493,83430800
2023-09-15,427.5869445800781,431.5506524245771,427.15298130374185,431.22275924982887,111848900
2023-09-18,427.83770751953125,429.1300027993312,426.8057902109989,427.2783378211123,55752200
2023-09-19,426.9504699707031,427.5098397023098,424.27908659551923,426.9215390832902,66514600
2023-09-20,423.02532958984375,428.61884971067485,422.8227839687489,428.2041638924205,82562600
2023-09-21,416.0334777832031,420.4504268945841,415.8791698999767,420.19004889670043,104095800
2023-09-22,415.0979309082031,418.64692328267273,414.6832156713709,417.05566583396023,100829700
2023-09-25,416.843505859375,416.8820607506406,413.458445268684,413.8924379607471,70874500
2023-09-26,410.71954345703125,414.5192898301892,409.8901424025337,413.8152657492611,96168400
2023-09-27,410.8835144042969,412.4458705721393,407.2573824202832,411.88650085704063,104705800
2023-09-28,413.2655334472656,414.93395949847536,409.7454720420047,410.33377256481566,92258300
2023-09-29,412.2625732421875,416.47700522910236,410.7484550545368,416.30341993440965,115111300
2023-10-02,412.0986633300781,413.34275029290137,409.3501114299314,411.4332235195831,83798600
2023-10-03,406.5822448730469,412.15648738227026,405.2224344904491,409.92872106622235,103760600
2023-10-04,409.5429992675781,410.28557828924926,405.58894477181923,407.0452013606301,87453000
2023-10-05,409.3886413574219,410.2276663727646,406.1771957071079,409.25361095296023,70142700
2023-10-06,414.2492370605469,415.78263268562836,405.627480956343,406.9487069673823,113273300
2023-10-09,416.9013977050781,417.47039142005065,411.8093557252524,412.3590425619845,80374400
2023-10-10,419.0712890625,421.6558795794434,417.1328314591845,417.52823984465374,78607300
2023-10-11,420.7878723144531,421.03859681205853,417.7596360182193,420.1320860419277,62451700
2023-10-12,418.22259521484375,421.7715876841516,415.8791053042313,421.39548619007036,81154200
2023-10-13,416.1394348144531,420.91323616360404,414.5771083892652,419.717357751377,95143100
2023-10-16,420.517822265625,421.57867026595625,418.13574834128576,418.3768488217606,75433200
2023-10-17,420.4985046386719,422.543061383034,417.05561223325043,417.40278278927536,75324700
2023-10-18,414.8953552246094,419.6884340997793,413.8152297481562,418.733685585988,93559800
2023-10-19,411.24993896484375,417.41248188933355,410.57487522165394,415.60905485320427,121323000
2023-10-20,406.1965026855469,411.3560595506144,406.09040315558224,410.8159967559263,123919900
2023-10-23,405.49249267578125,409.3404770106009,402.92717959630676,404.67274501676764,92035100
2023-10-24,408.5496520996094,409.69729291312706,405.7625160007192,407.60452747929617,78564200
2023-10-25,402.6860656738281,406.90052736992106,402.1749337627123,406.8715964855641,94223200
2023-10-26,397.86407470703125,402.4739155692253,396.9479103704744,401.62526644318154,115156800
2023-10-27,396.0606689453125,399.84113833304036,394.6429966038168,399.4457299187491,107367700
2023-10-30,400.7958068847656,401.84700148905324,397.54577698969393,398.83807208389743,86562700
2023-10-31,403.3128967285156,403.6311364139704,399.4649130352955,401.36478600442194,79665200
2023-11-01,407.61419677734375,408.42429101289605,403.74693492260894,404.27737373849845,98068100
2023-11-02,415.42584228515625,415.5801501470598,411.3753418460295,411.3946192920617,94938900
2023-11-03,419.2159118652344,420.75896096668146,417.59572355276106,417.72110052299064,100167800
2023-11-06,420.1803894042969,420.6240061676707,418.2419315987604,419.96821974681916,67831700
2023-11-07,421.3761901855469,422.0126990847071,419.04235365317487,420.1803410344543,64256100
2023-11-08,421.6847229003906,422.49481694951754,419.3894417122594,421.9740316925039,61746000
2023-11-09,418.3961181640625,422.8613036849951,417.97177897214596,422.8227193681271,83174400
2023-11-10,424.9251403808594,425.23375607657056,418.386496162944,420.45998395564305,89462200
2023-11-13,424.5201416015625,425.6195446365516,422.8131605648516,423.5943238724324,52236100
2023-11-14,432.7561340332031,434.0387757848984,430.2100985439841,430.43192160638574,97176900
2023-11-15,433.6723327636719,435.31182811938703,432.82365419982955,434.0870186065259,77327600
2023-11-16,434.2027587890625,434.52099852551896,432.16785509736394,433.22870327091186,66665800
2023-11-17,434.7428283691406,435.3504063975986,433.2962252275612,434.2123895584984,83133200
2023-11-20,438.0892639160156,438.92828895080976,434.482380406505,434.4920338445369,69936200
2023-11-21,437.134521484375,437.9639225798321,435.8711571103787,437.0477288286672,49244600
2023-11-22,438.82220458984375,440.1338066653199,437.73245500948576,438.783649698811,59394900
2023-11-24,439.09222412109375,439.2851162959046,438.54253734218906,438.87043049439643,29737400
2023-11-27,438.30145263671875,439.2754786903425,437.9156682731926,438.4653845031241,50506000
2023-11-28,438.73541259765625,440.02770779834395,437.3563247451927,437.91566497815336,62115000
2023-11-29,438.4267578125,442.0047102493057,438.0313789111588,440.8763470143407,63146000
2023-11-30,440.15301513671875,440.50021512010716,437.20194771836225,439.26578188256724,79752700
2023-12-01,442.7569885253906,443.28739788218263,438.95724208115644,439.5455132066452,89183400
2023-12-04,440.4327392578125,442.77622898793436,438.1663887357716,439.3815446393366,72430900
2023-12-05,440.345947265625,441.3006958020075,438.6775212551753,439.05365215206086,69793500
2023-12-06,438.57147216796875,442.50621946104377,438.1374794863498,442.47728857768345,69124700
2023-12-07,441.9179992675781,442.5641322141357,440.0470567781608,440.6449813906353,66995400
2023-12-08,443.8178405761719,444.3482499376319,440.93425839840177,441.1753589138319,83194400
2023-12-11,445.5440673828125,445.7176821092958,443.1137849553907,443.3259545711253,65002200
2023-12-12,447.5789794921875,447.67542557959507,444.20357245141867,445.1969053461678,68327600
2023-12-13,453.75115966796875,454.0019136162734,447.59826994583597,447.95509399152206,93278000
2023-12-14,455.20745849609375,456.8662313358376,452.5456992010771,455.6800061214895,119026000
2023-12-15,454.4579162597656,455.7845286924067,452.6181291338484,454.61284974570634,141553700
2023-12-18,457.01434326171875,457.99234811060995,455.00026674232436,456.0557235705769,70375300
2023-12-19,459.7933349609375,459.8708164807692,457.4790843028072,457.5565362720974,55761800
2023-12-20,453.4218444824219,460.8197337409229,452.9957847839671,458.9412058569742,102921000
2023-12-21,457.72113037109375,457.99225657048584,453.98343038961036,456.39451800386655,86667500
2023-12-22,458.6410217285156,460.3162123050925,456.7528308577729,458.84435899601766,67160400
2023-12-26,460.57763671875,461.4781598644946,458.97023511368405,459.0477166286851,55387000
2023-12-27,461.410400390625,461.5556412930502,459.8417395433534,460.3742993690924,68000300
2023-12-28,461.5846252441406,462.4173593358635,461.1682581982792,461.7686068784581,77158100
2023-12-29,460.2484436035156,461.91394167612276,458.3021267345069,461.39104484329897,122283100
