Date,Close,High,Low,Open,Volume
2018-01-02,190.8189239501953,191.93194224774842,189.81806191855878,190.69813116468237,3485000
2018-01-03,192.8206024169922,193.10533104183185,190.266694477003,191.2157767277112,2417600
2018-01-04,193.6575927734375,195.08123637071532,193.41600716276523,193.56268320028565,2749100
2018-01-05,197.35037231445312,197.62647761658914,193.89051167664826,194.29603311076966,2432800
2018-01-08,193.9250030517578,197.33311013497683,193.7955869299195,196.83267918816134,2850800
2018-01-09,194.89134216308594,195.53844904932026,192.665292894589,193.9249869271548,2672200
2018-01-10,193.44186401367188,194.14073751819322,192.43237859987138,193.98543814626697,2311600
2018-01-11,194.46861267089844,194.9259006056171,193.01046265944856,193.42460749052026,2543600
2018-01-12,197.27273559570312,198.35987067207915,195.44358392786924,196.24599032974592,3943800
2018-01-16,200.94825744628906,202.76016203275117,199.52462753222855,201.35377882358844,6852600
2018-01-17,205.71961975097656,206.17692080255185,201.76796465281842,202.47546144886283,5124800
2018-01-18,209.80076599121094,210.43923660997942,205.8232135783738,206.43580096478294,6234200
2018-01-19,209.9646759033203,210.8274853162529,207.9974714950681,210.68079613047877,4293600
2018-01-22,210.14581298828125,210.35289194208391,208.247635324074,210.1716962118286,4012200
2018-01-23,211.5694580078125,213.09662087249654,209.1535895201456,209.6540204555885,3300000
2018-01-24,211.2589111328125,213.38141512807934,210.27530883039972,212.25976014609998,2733300
2018-01-25,211.5436248779297,212.41507089051262,210.43922978167137,211.17262311586498,2420500
2018-01-26,214.3822021484375,214.6151643178555,210.92234200936574,211.38825318277816,2615300
2018-01-29,213.46768188476562,216.3839687735538,213.4590453646874,215.08113128815765,2564700
2018-01-30,204.18389892578125,209.43841971337613,200.25812554063825,200.93111601611594,11565500
2018-01-31,204.29605102539062,213.1139659744082,203.41598156864978,209.5246749667151,5187400
2018-02-01,202.9499969482422,205.19330630984194,201.75069259307165,202.9845035261543,4268300
2018-02-02,200.06822204589844,203.88183752151446,199.47288153031909,201.0345642361577,3959900
2018-02-05,189.83534240722656,201.12951515815328,179.87851379633938,199.12779087750584,6290000
2018-02-06,194.287353515625,195.43489123803093,181.3711129555943,183.08809469790805,7064800
2018-02-07,194.83961486816406,197.83355121786306,191.12089548910552,191.82840547961962,5589200
2018-02-08,186.7637481689453,195.53851911041667,186.59117573844512,194.41686413930555,4902400
2018-02-09,190.6463623046875,192.648073177292,182.92420798712985,188.0924408019289,6225300
2018-02-12,194.72744750976562,196.72053503456874,191.67309498790607,191.9233170761588,4912000
2018-02-13,195.54710388183594,195.9612486693787,191.88016426951717,192.53589461357865,3536800
2018-02-14,197.39352416992188,197.87669530466783,193.20027015705367,194.08896274390986,2878400
2018-02-15,195.0121307373047,198.4461075202497,191.31930857233564,197.81626051748214,4662700
2018-02-16,197.90255737304688,198.92067915420068,194.73604894278074,194.98627100286646,3621700
2018-02-20,195.56434631347656,197.3676144728932,194.6583939746145,196.64285786797325,3172300
2018-02-21,194.24427795410156,197.8853345538542,194.22701808035796,195.1243340336319,3371900
2018-02-22,195.93533325195312,198.30805849362847,194.20109154213554,195.25371979349444,2767900
2018-02-23,198.5841827392578,198.72223538076685,194.91724337875596,196.63422538286042,2393900
2018-02-26,201.9491424560547,202.33740400759385,198.18729338507896,199.86114553192678,3307000
2018-02-27,200.62046813964844,203.52813193465792,200.55144179996452,202.24254104322242,2899500
2018-02-28,195.13296508789062,202.54449421932364,195.07256211419292,202.25976555494697,4368600
2018-03-01,193.6575927734375,197.8335876612623,192.1821958772195,194.7361046658775,3514600
2018-03-02,194.2960662841797,194.839640462177,192.0527564002989,192.58770722316666,2613600
2018-03-05,197.04837036132812,197.95430949382768,192.225256901847,192.7256878203705,2627300
2018-03-06,195.1501922607422,197.71273681818974,193.1743648465764,197.5142943745527,2652800
2018-03-07,196.09071350097656,196.56526134635615,193.05362045597508,193.57131140828514,3242200
2018-03-08,194.54112243652344,197.36320213667892,193.83993506850197,197.31125107951615,3500900
2018-03-09,195.1471405029297,196.0907267741363,192.61074467739468,195.7358004340044,4834600
2018-03-12,192.8444061279297,196.50616937413074,192.8444061279297,195.82229909003718,3117300
2018-03-13,196.4542694091797,197.42381122693712,193.18205256523174,193.50234479952306,3343800
2018-03-14,195.1038360595703,198.575152475897,194.7921957252829,196.61875178282523,3048200
2018-03-15,198.65306091308594,199.7611125088958,195.34622314687692,195.4933848047092,3330200
2018-03-16,197.2506866455078,200.20261134494191,197.15546284200937,198.80888833501973,5690300
2018-03-19,194.81813049316406,197.34587355738682,193.63215912420299,196.77453084320246,3407300
2018-03-20,196.31576538085938,197.02561795312513,193.80533886858916,194.9133904665997,3429100
2018-03-21,192.88771057128906,196.88708339111022,192.88771057128906,196.03006926871342,3419800
2018-03-22,186.2999725341797,191.8835151986279,186.20474875253424,191.87485008546943,5894800
2018-03-23,183.99732971191406,188.48147370902768,183.95404376569536,186.7674585527001,5741200
2018-03-26,189.64149475097656,189.935818079464,185.85852459499824,186.28270577477196,3561300
2018-03-27,188.68052673339844,192.1345248793578,187.33874207917071,190.72349858390325,3722100
2018-03-28,189.1480255126953,190.36861777197979,187.88414731057514,189.4856347323894,3179500
2018-03-29,185.2525177001953,193.34649980855264,185.2525177001953,189.90980484870167,5529400
2018-04-02,188.02264404296875,193.0348573530224,185.7978893924119,189.11339160734016,6220700
2018-04-03,194.41131591796875,194.86146603849528,190.17820874712288,190.74088649101762,4652000
2018-04-04,198.05572509765625,198.653036771515,190.81010465688286,191.04383818339613,4674000
2018-04-05,198.29812622070312,200.47094322692672,196.33306061041185,198.63573544810865,3348100
2018-04-06,193.87457275390625,197.53633641635886,192.02204795070878,196.20320331342256,3231700
2018-04-09,192.80982971191406,195.7531027277729,192.48953744366284,195.2769836742792,3031500
2018-04-10,196.3244171142578,197.5103887023637,193.4677294335039,195.12114171392915,2737500
2018-04-11,192.09129333496094,195.1124726381057,191.9095108595001,194.1429308782724,3482100
2018-04-12,194.1169891357422,195.42414031348972,193.39848462060382,193.94384533236993,2664500
2018-04-13,194.151611328125,195.75309905738916,193.11281454571858,194.8614639416637,2496600
2018-04-16,199.38023376464844,200.7047019158083,195.94353809662732,196.60143961457706,4510600
2018-04-17,206.50462341308594,209.20549706004908,204.36642737290188,207.16252480659847,6180300
2018-04-18,204.6434783935547,207.53481345559635,204.55691970150448,206.89421573114063,2940100
2018-04-19,204.08941650390625,206.2622466719637,203.25838452019136,204.47031166686526,2734900
2018-04-20,203.4835205078125,205.249487175464,202.1330831790317,204.34053490908627,2842000
2018-04-23,202.86016845703125,204.47897286863508,201.76943404589335,203.68254852004108,3051700
2018-04-24,202.75633239746094,205.4399028213476,201.3193233779857,204.25393118044693,2771200
2018-04-25,203.34495544433594,203.5180992263022,199.4840921523827,202.08974227917653,3118800
2018-04-26,205.1888885498047,205.89007616163377,202.85159210736776,204.0635196822551,2252800
2018-04-27,207.91567993164062,208.22732025955958,205.29271267541304,205.70824191864935,2301800
2018-04-30,204.6434783935547,208.6255480803552,204.6434783935547,208.6255480803552,3446900
2018-05-01,205.03305053710938,205.58707639237642,202.8775368830609,205.1628951871648,2633500
2018-05-02,202.09840393066406,204.47898559273216,201.57899901169742,203.76048117873515,3542700
2018-05-03,202.69569396972656,203.25838480999656,198.5058735892341,200.8085483802129,2731600
2018-05-04,204.21058654785156,204.85983599199568,200.97300444015514,201.78673252359127,1999900
2018-05-07,202.37542724609375,205.1542213412849,201.37991647807831,204.19333140657585,3237800
2018-05-08,200.86048889160156,202.32346660308164,199.66586553732498,202.32346660308164,2698300
2018-05-09,198.4193115234375,202.06375802039585,197.57094932503063,201.74346582429195,3504200
2018-05-10,202.3148193359375,202.81689402343196,198.5491667166191,199.23303708745968,2169000
2018-05-11,206.27093505859375,206.72108516797968,201.6569327621862,202.20230667915342,3044900
2018-05-14,210.27029418945312,210.9368607969702,206.73838806184358,206.8076297271549,3893600
2018-05-15,207.32704162597656,209.68165459594493,206.60853714089635,209.37001425553686,2396600
2018-05-16,209.248779296875,209.32668606400102,206.52193677534888,207.45684439888996,1906100
2018-05-17,210.322265625,210.84165741924605,208.2273417984484,209.04973525511937,2418700
2018-05-18,211.77651977539062,211.88039546363217,209.82877136677618,210.6771203084487,2283600
2018-05-21,214.59861755371094,215.69801718205957,211.94968144253798,212.08819118653798,3040700
2018-05-22,212.2440185546875,214.72848936669388,211.0840290934815,214.6852034177498,2644100
2018-05-23,211.44757080078125,212.52100138788393,209.17953012487067,211.24847132081572,3047800
2018-05-24,210.12315368652344,212.46911490784942,209.66435165580586,211.71598953837298,2610400
2018-05-25,212.04489135742188,212.59026518308005,209.8720743778723,210.31355929782418,1554900
2018-05-29,209.6383514404297,211.10132921812925,207.96762225885442,211.10132921812925,2837800
2018-05-30,212.03623962402344,212.7374269952857,210.03655320701174,210.99744302922693,2071900
2018-05-31,209.0670166015625,211.87177954154637,208.348512148168,211.40432565605732,2966100
2018-06-01,210.6598358154297,210.99744504218478,208.87655268001464,210.99744504218478,2371400
2018-06-04,211.76791381835938,212.2959706965169,210.13180532849708,211.22253991873288,2188900
2018-06-05,211.5947265625,212.18338629038612,209.41325783007778,212.1660692724739,1531900
2018-06-06,215.24786376953125,215.3084667349694,212.20072870303886,213.2308734433595,2650300
2018-06-07,215.53355407714844,216.41653724764362,214.9016214869101,216.2087726166397,2117200
2018-06-08,217.00518798828125,217.71504058419228,214.7458119773883,215.94908741885675,3034600
2018-06-11,219.68870544433594,220.7361670639556,216.76275028367579,217.14364541808294,2775200
2018-06-12,219.51559448242188,219.82723478301628,216.56367013637708,219.1866371626235,2567200
2018-06-13,218.9009552001953,222.24243966714923,218.56334599162957,220.00035470871032,3138300
2018-06-14,221.03050231933594,221.60184505196617,219.5848416781764,220.28602902776123,2456600
2018-06-15,222.37701416015625,222.37701416015625,219.4059656644263,220.89149654016066,4772200
2018-06-18,221.41273498535156,221.53435639372523,219.0411108941955,220.65694575158233,1961900
2018-06-19,219.80560302734375,220.04884585198616,218.18976811751068,219.76216396814195,2370200
2018-06-20,219.6231689453125,220.42239727978858,218.8152581011076,220.06622880054493,2580400
2018-06-21,218.82394409179688,220.35290094002005,217.98127668379163,219.7447938558256,2150300
2018-06-22,220.97837829589844,221.6212419077569,218.21582910387116,219.12799632499443,2604000
2018-06-25,217.79881286621094,221.63858921453115,215.97447867886632,220.96966491173976,3060800
2018-06-26,216.9822540283203,219.32781760151906,216.78243699100182,217.66854349847364,2158000
2018-06-27,215.5923309326172,218.71106278673318,215.5575876282587,217.434030945723,2481000
2018-06-28,212.75152587890625,215.44458853792634,210.432023230094,214.68879926352122,3556900
2018-06-29,213.1337890625,215.01024529371398,212.49093863095285,212.75154650550368,2772600
2018-07-02,214.9928436279297,215.21002567025587,212.07391644883617,212.8384014796611,1793300
2018-07-03,214.5584716796875,216.09612419460893,214.34998541036893,215.70519918389724,1248000
2018-07-05,217.61642456054688,217.98997134174743,215.07973968530047,216.40889283473197,2182900
2018-07-06,217.84228515625,218.68495259583858,216.67819251491306,218.05946721272662,1572300
2018-07-09,220.37030029296875,220.6656647255792,218.0942364505423,219.03246457978275,2039600
2018-07-10,221.99478149414062,223.17625228642024,220.43976396705597,220.813310701861,2012200
2018-07-11,221.16952514648438,222.39443517786538,220.43111407687766,221.64732834196008,1486000
2018-07-12,222.43783569335938,223.1067733467029,221.45618188235838,222.55077459646827,1592700
2018-07-13,224.74002075195312,225.00932440276108,222.411808770234,222.7332605093604,2356200
2018-07-16,223.24581909179688,224.52285081625763,222.77669836343773,224.38385110002213,3625400
2018-07-17,217.43397521972656,219.37124864873925,213.94169740187928,218.52858123476736,6932300
2018-07-18,221.89053344726562,222.9243087688506,217.56427114803154,218.14631739414276,3359800
2018-07-19,219.72744750976562,222.82881397343874,218.78923258966745,221.80372091908524,2307600
2018-07-20,219.52760314941406,220.26602738693148,218.1984501264745,218.1984501264745,1959600
2018-07-23,219.56236267089844,221.7254873326237,219.29304580311563,219.71004486925295,1479600
2018-07-24,220.4484405517578,221.49092488896483,218.92816635835976,221.4040467756179,2476500
2018-07-25,221.404052734375,221.76023445064885,219.58841411591465,221.36061367653244,3016900
2018-07-26,223.26312255859375,224.01891176666385,222.22065148573253,222.61157648108812,2021300
2018-07-27,222.35098266601562,223.94945264654595,221.86449698940484,223.94945264654595,1656800
2018-07-30,220.51795959472656,223.16759646941776,219.8837917304334,222.31623330284322,1681500
2018-07-31,219.97938537597656,221.6994637311278,219.6579601406924,220.77861383650887,2355900
2018-08-01,220.10964965820312,222.48128707914478,219.62316400951963,222.48128707914478,3006700
2018-08-02,222.46388244628906,222.65500369069264,219.11928718070456,220.22257559053625,1854400
2018-08-03,223.45428466796875,223.74964909574467,220.91759973298346,222.78537345019524,1422300
2018-08-06,223.05465698242188,223.73226390540643,221.93399020197347,222.8287791709336,1398100
2018-08-07,223.8278045654297,224.8615931941788,223.37607546748498,223.8191353116573,1462800
2018-08-08,224.83555603027344,225.43498064307533,224.06240167453961,224.22743565130617,1494300
2018-08-09,227.2505645751953,228.49283930840005,225.2698657064331,225.79110783220753,2315000
2018-08-10,226.18206787109375,227.1724307728229,225.09615759015293,226.29500678214865,1625000
2018-08-13,226.65982055664062,228.08452065858734,226.12988270260888,226.73800289350288,1635100
2018-08-14,228.89244079589844,229.6047775381257,226.607682135541,226.64243867538468,1941600
2018-08-15,226.39926147460938,228.2062311206877,225.16568217897242,227.58944147286923,2017700
2018-08-16,228.5623321533203,229.12700002644627,227.1289363180088,227.23317943163534,2115900
2018-08-17,227.89341735839844,229.45714375299883,227.36350597418144,228.95326663830858,1969700
2018-08-20,227.9542999267578,228.90121058950962,227.23326710499617,228.47554220747466,1786200
2018-08-21,227.33749389648438,228.0585266663505,226.5035222142518,227.47649359543675,1559300
2018-08-22,226.51219177246094,227.5633720262948,226.0865234204923,227.5633720262948,2148500
2018-08-23,227.1029052734375,228.09324149402434,225.48705726624848,226.75539283388585,1603500
2018-08-24,229.58749389648438,230.02185800832967,227.3896125510065,227.3896125510065,2238600
2018-08-27,232.01992797851562,232.3413796987676,229.70913417722895,230.21298489420943,2614000
2018-08-28,233.2621612548828,233.80946413083237,232.2370420771875,233.28822203414353,2603900
2018-08-29,233.6878204345703,233.9658197435658,232.1675465098101,233.15790910630395,2880600
2018-08-30,233.15797424316406,234.70430937817196,232.91470489622643,234.0874932681184,2976300
2018-08-31,233.2187957763672,233.87034201193185,232.12421612842783,233.0624310425879,2961500
2018-09-04,233.2621612548828,234.0440111441789,231.576826832091,232.81910149597616,2097300
2018-09-05,232.50637817382812,233.5140793390225,231.88956219620613,233.30559309953057,2230600
2018-09-06,235.04295349121094,235.36546321525884,232.6807639493783,233.25606234941,2556100
2018-09-07,233.8487548828125,236.35913791161283,233.1775868011817,235.0342253579374,2958000
2018-09-10,226.39610290527344,232.55871457489047,225.5418671268723,232.5412909634293,4146200
2018-09-11,227.5379638671875,227.86919867589256,224.4348587134226,224.81839095498296,2283300
2018-09-12,228.95872497558594,230.5451244419575,227.37229890828763,227.60763730691582,2236300
2018-09-13,231.41685485839844,231.5911973857517,229.61254004487301,230.25755951439731,2734500
2018-09-14,231.25990295410156,232.4279231037795,229.49043582124895,231.33834909091635,2084600
2018-09-17,230.0047607421875,232.43669790714793,229.60380486798246,232.29722921156926,1940400
2018-09-18,229.4991912841797,230.19650810428308,228.37474330590123,229.18538009448105,3557000
2018-09-19,231.27737426757812,231.52143783276537,229.38588828761044,230.52775996055072,2274300
2018-09-20,232.2012939453125,233.5523549886544,231.91363152903568,231.93105513571788,2095000
2018-09-21,232.4453887939453,233.46521524138814,231.73062180967932,231.94853662676556,5671600
2018-09-24,233.04689025878906,234.93840323328422,232.44546962734125,232.74183068952712,2699800
2018-09-25,229.69094848632812,233.02066676417823,229.27254244994404,232.99451804946239,3789700
2018-09-26,229.16798400878906,231.41685363451745,228.76702811911892,230.55391931083275,2238000
2018-09-27,230.68463134765625,231.3471009363478,229.18537626862303,229.2463988046196,2761400
2018-09-28,231.896240234375,232.02698380502466,229.98730430010005,230.44928265034883,2875100
2018-10-01,234.56349182128906,235.36540337434622,232.75042582137962,232.95091701010753,3314500
2018-10-02,235.8971710205078,236.60321295657667,233.16887303501443,234.4763620426874,2777300
2018-10-03,236.1324462890625,237.15229914659906,235.14746724399444,237.09127662501035,3002200
2018-10-04,233.8835906982422,236.7600552674582,233.00320643998137,236.21963084786591,2186600
2018-10-05,234.6506805419922,236.21965655029402,233.56110648041334,234.17125199433994,2045700
2018-10-08,234.48504638671875,235.04289443386787,231.55625768617193,234.33685262053362,1865000
2018-10-09,235.4438934326172,237.0564685446365,234.0143859361258,234.6419817299575,2510100
2018-10-10,229.316162109375,236.58582551214346,228.82803493330013,235.8710583611281,4267300
2018-10-11,224.12103271484375,230.46671129124223,222.95301245665544,228.3747343123836,4558500
2018-10-12,226.29148864746094,227.8430679477735,223.89442524892564,226.36996140387163,4006300
2018-10-15,226.8493194580078,228.7582553405991,226.02995763621388,226.74472460431994,3583400
2018-10-16,237.5881805419922,237.7973702605997,230.98971329129668,235.07779751497938,6453600
2018-10-17,232.9945068359375,236.21965670063523,231.5388507852621,235.5136148363571,3985100
2018-10-18,232.5674285888672,233.50011047575998,229.8652792889854,233.03813208520418,3132100
2018-10-19,231.251220703125,233.58728803630817,230.02220439768166,232.4018174581496,3336600
2018-10-22,228.54037475585938,232.5848604427796,226.68373602205196,232.51513939685563,2618100
2018-10-23,230.8677215576172,231.44302001762662,225.93415221447623,226.3874055764821,4081800
2018-10-24,223.4237060546875,231.27733783352934,223.0837461776604,230.12676783657687,5265600
2018-10-25,230.32730102539062,231.14666309505444,220.85236638252948,225.02762289484556,4675600
2018-10-26,225.0449676513672,228.72337056849202,224.03383977926015,227.93888260247408,4830600
2018-10-29,223.5980224609375,228.40959857194173,220.80872880618534,226.3873427166191,3697700
2018-10-30,225.1321563720703,226.36119914132652,221.38401883132352,223.74622131761456,4169200
2018-10-31,227.8081512451172,230.1790654789107,226.82317203241533,227.38974522706093,4230200
2018-11-01,227.44204711914062,230.71076938426006,226.4222206689441,229.176667156463,2771300
2018-11-02,227.51181030273438,232.19261665006655,226.24789363348873,230.649762610915,2593600
2018-11-05,227.51181030273438,229.2464038576481,226.69244840421806,228.50548810674312,3287000
2018-11-06,229.71707153320312,230.12675241859534,227.24156261329637,227.24156261329637,2582400
2018-11-07,239.38381958007812,241.2317332079427,232.64588300212557,232.64588300212557,5796800
2018-11-08,241.14453125,242.32127658236652,239.4448116374082,240.57795804580275,3809100
2018-11-09,241.05740356445312,242.3213203722361,239.00030008801514,241.32761585837616,2904300
2018-11-12,237.42262268066406,242.13830384354026,237.0913878091924,240.57802586520995,3140600
2018-11-13,234.66815185546875,238.486024399511,233.72677137930373,237.59691475992412,2516900
2018-11-14,230.95486450195312,235.80128858177093,229.5515056526482,234.72916455678066,3511900
2018-11-15,230.9374542236328,231.79169005139863,227.37237030518855,230.11809222173818,3657600
2018-11-16,236.31553649902344,236.9169835350487,230.91998998605948,230.98098591943435,3857800
2018-11-19,231.9049835205078,237.32670630482593,230.27498462281096,236.6381144994571,3670800
2018-11-20,227.93894958496094,232.54131048577474,226.9801188554298,231.53018231653604,3617700
2018-11-21,227.11080932617188,230.66719399994628,227.0236646810024,228.88900166305908,3234300
2018-11-23,228.04351806640625,229.1941148086523,225.13217898897707,226.63143415589184,1159300
2018-11-26,232.0008087158203,233.8661455138641,229.68219212314904,230.65844614092074,3879800
2018-11-27,236.35044860839844,236.4811922024261,231.01589716459245,231.4866007040267,3497300
2018-11-28,244.89266967773438,246.1565595922589,237.8060759288869,237.8060759288869,5044300
2018-11-29,246.2873077392578,248.81514081720832,244.33479955302255,244.43939440572387,4177800
2018-11-30,246.03375244140625,248.02751201203446,244.03129325599022,247.45910159798612,6143200
2018-12-03,250.3797149658203,250.55461456325918,247.21422972807238,247.4678261385792,4178800
2018-12-04,243.57652282714844,251.78757009907414,242.14244761769868,250.2223068561728,4635500
2018-12-06,242.09005737304688,242.16875420571068,231.94649197222915,238.74091871825726,6694600
2018-12-07,235.3829803466797,241.71397710994643,233.72154101922692,239.38795137714047,3506900
2018-12-10,233.06573486328125,235.22561424741417,227.55674416308688,234.86708873342397,4061300
2018-12-11,233.66909790039062,237.43795216604752,232.31371938199712,235.73277444271008,3102800
2018-12-12,236.65969848632812,240.08750636165,236.52851044806357,237.80521877325742,3167900
2018-12-13,237.98011779785156,239.00322983019356,235.76777379260236,236.85207667212765,2350400
2018-12-14,231.74526977539062,236.59845271990312,230.59974962518885,236.41480016262574,3360500
2018-12-17,225.6679229736328,229.76031727247337,224.49617041896983,228.26502448749918,5806800
2018-12-18,221.208251953125,227.34684344994716,217.03714746710554,227.09327372933208,5065500
2018-12-19,218.88226318359375,224.34754286974464,216.50377239674344,220.68361723327422,5468500
2018-12-20,212.00038146972656,217.7454763802119,209.91045910866598,217.2995143734972,7311700
2018-12-21,208.4151153564453,216.42503081015502,207.63686022381629,210.5050373424692,12209700
2018-12-24,203.6931610107422,208.03039947335992,203.36086773793232,206.57883133748965,3091000
2018-12-26,212.7960968017578,212.81357608666272,202.70499873795205,203.48325389111844,4159300
2018-12-27,215.08717346191406,215.08717346191406,205.704385150977,209.07974237633564,4295800
2018-12-28,215.32321166992188,218.42747887232116,214.0727491361493,215.7342016393539,3312700
2018-12-31,217.84165954589844,218.8560186009167,215.93537650319567,216.91475029812796,3123200
2019-01-02,212.9185333251953,215.4194455660565,211.15215139041365,214.2389399475264,4063600
2019-01-03,207.1122283935547,212.9097875654869,206.48262715469838,212.9097875654869,4623200
2019-01-04,209.534423828125,212.89230144184455,208.8173861498235,209.6918308042675,5367600
2019-01-07,209.93667602539062,211.59811554577664,208.31894806372532,210.2164913788497,4133000
2019-01-08,212.74368286132812,214.0553501435771,209.61318202284048,211.90422327275175,3618600
2019-01-09,213.0496826171875,215.66427678455767,211.66805854279883,214.02905630314777,3425400
2019-01-10,214.125244140625,214.36134791778252,211.0996733078714,211.6855495865495,3374100
2019-01-11,216.57366943359375,216.65236623690726,212.7261189402271,212.88351254685412,3967100
2019-01-14,216.91473388671875,218.54120144051385,215.20956951813508,215.62929920664038,4955500
2019-01-15,224.61856079101562,224.6622990288083,215.98779760193398,218.6111311760465,5325600
2019-01-16,228.63229370117188,229.27064791093986,225.75538997899267,226.24507685450968,6069400
2019-01-17,227.15447998046875,228.8771370300718,225.51054643397677,228.22130353432343,3583600
2019-01-18,232.1650848388672,232.82967139899787,227.72291717961915,229.6292003604887,4844800
2019-01-22,232.33119201660156,233.9139346357107,230.62601434208062,230.90584302365167,4052700
2019-01-23,233.49429321289062,235.6366941273571,230.5649238251971,234.13264766687723,2971100
2019-01-24,232.7159881591797,234.49110995386053,231.08078072835747,233.30185120403038,2927300
2019-01-25,234.39488220214844,236.45858549196043,232.33995858443436,235.05071570208275,2809100
2019-01-28,233.27557373046875,233.41548806721832,231.38677021324605,233.38925579694848,2837300
2019-01-29,233.77403259277344,234.74468004368086,232.11259307318346,232.60227994872716,2173000
2019-01-30,236.4236602783203,238.23376760248033,233.64293193699461,235.82904415865448,3659000
2019-01-31,236.27496337890625,237.6215889731944,235.21686610147916,236.51980682204353,4055100
2019-02-01,234.9807586669922,235.56664830248974,232.62850051119324,234.76214751263117,3946800
2019-02-04,234.53482055664062,234.95456364649692,231.08950608280338,234.62227036943605,3398900
2019-02-05,232.87332153320312,237.92760986834747,232.46233153510622,236.20495307027267,3597000
2019-02-06,235.66278076171875,236.0387854729684,231.71030142971753,231.85021574491142,2570000
2019-02-07,235.22557067871094,236.60718124795216,233.70404578705205,234.9107834677174,2458200
2019-02-08,229.01699829101562,234.9632366189971,227.63538778871296,233.91389259466888,4547000
2019-02-11,224.85470581054688,228.3874429151217,224.15513409236442,228.37871661522297,4856200
2019-02-12,230.41619873046875,230.8534211189516,224.66236383984645,226.6735761524929,4327900
2019-02-13,230.67848205566406,232.85586732453086,230.11009838498651,230.43363862740608,3066400
2019-02-14,232.0164031982422,233.5379551403123,229.72536232743872,230.18881695637273,3015300
2019-02-15,237.08816528320312,237.08816528320312,233.14441165400402,234.16752356320842,3673700
2019-02-19,236.4585723876953,238.27740545157144,235.47044569947246,237.12315883696348,2486700
2019-02-20,235.6715850830078,236.61597355887758,234.5085587597052,235.4092356776481,2802800
2019-02-21,232.95208740234375,236.04762944008917,231.81531984638312,235.63663932014575,2554300
2019-02-22,233.5729217529297,234.69223663891918,232.55858933788915,233.03952327064002,3191100
2019-02-25,231.3780975341797,234.49987184939897,231.1857186123078,233.98392593797286,3679100
2019-02-26,229.96148681640625,232.10386041304017,229.80406648224817,231.43054757168704,3212900
2019-02-27,218.68112182617188,228.7634543295333,217.68425544907592,228.7634543295333,8952900
2019-02-28,211.8079833984375,220.3163260750922,209.12343192835178,218.34882561994914,11034300
2019-03-01,215.24453735351562,216.86226523377655,212.97972899552312,212.97972899552312,6921300
2019-03-04,206.38641357421875,217.25575330250223,205.06599371849487,216.96718498985328,8646300
2019-03-05,211.11715698242188,212.6649276869114,205.44201997090352,206.83238370636,6924500
2019-03-06,209.05348205566406,211.3882475937907,207.26960755583667,211.3882475937907,4878700
2019-03-07,206.9810791015625,210.89858802429893,205.97547293036092,210.12908568240252,5033500
2019-03-08,208.2889404296875,210.14984787376855,205.96282286695367,206.4104869845287,4921700
2019-03-11,213.4327392578125,214.1964188892685,207.525268727776,209.97428859716942,4539600
2019-03-12,215.8291015625,217.23354511084847,213.9506481037397,215.01275711407698,4235800
2019-03-13,221.42059326171875,221.86825742926615,216.88246021224455,217.65491295050242,4881600
2019-03-14,222.31593322753906,223.88715769614825,221.49958870037352,222.07892824947226,3865200
2019-03-15,220.67445373535156,223.60625664888116,219.39289914255272,223.25513571024877,6466200
2019-03-18,223.83447265625,224.1065830093973,219.8142283636273,221.78046541582137,3927400
2019-03-19,225.7041778564453,227.56507213520737,223.95738617428006,224.66838772818838,4164800
2019-03-20,219.8844757080078,226.19573286237073,219.41925214029692,225.9675008823571,4193500
2019-03-21,221.21865844726562,222.0437758010461,218.26930992412068,218.73453338633436,2699700
2019-03-22,216.8912353515625,220.4989213076375,216.80346515382882,219.94592754083902,3777900
2019-03-25,216.68931579589844,217.1808716879791,211.35239837893477,217.1808716879791,4110900
2019-03-26,213.6434326171875,217.59345295158187,212.17753778924632,217.0404458187203,4416200
2019-03-27,212.16876220703125,215.6535455594876,209.0526324134714,213.2484306683409,4819200
2019-03-28,212.6251983642578,213.16943248680718,209.69340875766142,212.94120052145288,3601500
2019-03-29,217.04046630859375,217.47935749829367,212.30921981938465,214.43345157026465,4294200
2019-04-01,215.5306854248047,219.6211546389425,213.35378881479215,219.19104983339565,4809500
2019-04-02,214.53875732421875,216.28553538392683,213.12552740293626,215.5043097376212,4057100
2019-04-03,215.79400634765625,217.28623364063003,214.69677842724974,216.20656511724076,2851400
2019-04-04,217.15457153320312,218.66435822239782,214.74067010958197,215.47800405717132,2255500
2019-04-05,218.37469482421875,218.83991840430582,215.20589996342238,218.52391621840744,3343000
2019-04-08,218.34829711914062,219.16462804211594,216.20650665462765,219.16462804211594,2195400
2019-04-09,218.38343811035156,219.39289572506422,215.89053975741797,217.31255609741328,2903800
2019-04-10,215.96075439453125,219.33143484048378,215.5130902926745,218.37465545347374,2753700
2019-04-11,206.64752197265625,216.74201913164498,204.24239347992946,215.9783527630551,8223400
2019-04-12,195.9385528564453,207.84127789827892,193.78798904533483,207.59549994237452,13979400
2019-04-15,202.0654754638672,202.7413715606817,196.98312202422716,198.1769064447527,10021800
2019-04-16,193.95474243164062,208.920916808754,189.44294288680706,208.920916808754,27361400
2019-04-17,190.33827209472656,196.83386783300128,182.64013252940896,196.43885516303982,22101400
2019-04-18,194.64822387695312,195.7454517454816,188.02975126730306,190.60164696206428,13927200
2019-04-22,199.35316467285156,199.74816408055761,194.42880479224473,196.62326082827457,11191800
2019-04-23,202.39901733398438,203.59280163844656,198.46655690500612,200.3537832406245,10261400
2019-04-24,202.1971435546875,203.32070374600352,199.91490438201143,201.9689116010835,6104100
2019-04-25,202.58334350585938,203.75079541297012,200.248453085531,200.59956060010717,5954500
2019-04-26,208.0343475341797,208.13090409621702,202.934435925415,203.76832620088769,6186200
2019-04-29,208.4293670654297,208.96481470812986,205.54146970981233,208.38547527952457,5345300
2019-04-30,204.58473205566406,208.98241666360065,202.0567146842587,208.98241666360065,7632300
2019-05-01,203.6015625,205.94523918127499,202.19711912747124,204.58468759405173,4823200
2019-05-02,204.04046630859375,204.8216919178101,200.2045624446081,202.67990124250417,5499200
2019-05-03,203.6015625,205.31323497577472,199.4145379870338,204.38278806042499,4323100
2019-05-06,211.1066131591797,211.16806434051924,199.69544488030513,200.28355733048764,7180200
2019-05-07,208.95606994628906,213.43275144183357,207.50772117904972,209.9567411882479,5104700
2019-05-08,209.921630859375,211.37875268616196,206.74406323195578,208.9121865759149,3768400
2019-05-09,208.88583374023438,211.1417270567839,206.86693197695735,207.68327639768785,4299500
2019-05-10,211.1856231689453,212.96752002153065,207.481381092661,210.64140247324747,4374400
2019-05-13,210.2727813720703,210.75556438180902,207.33220490775926,207.5516505127408,4684400
2019-05-14,207.5340576171875,211.53675605687144,207.4023956330081,211.22952690192668,5329700
2019-05-15,207.22686767578125,208.49964945904597,204.18973472131364,206.2788610898878,5099700
2019-05-16,207.85003662109375,211.06272261616246,206.91081665281115,207.06003801622452,4456400
2019-05-17,211.87908935546875,212.80953642188132,206.84938728727363,207.3058378195514,4486400
2019-05-20,215.9256591796875,216.58399586316412,210.46585254654318,210.667738712519,5390800
2019-05-21,219.39291381835938,220.48135531619292,216.63667788672078,216.8210046721754,5345300
2019-05-22,218.8662567138672,220.34971108789645,218.313262919034,218.65559751351026,4038000
2019-05-23,216.37332153320312,217.82165686744992,214.52120047641264,217.6724354943495,3934600
2019-05-24,217.365234375,218.88379399770093,215.50432679851446,217.0316728162734,2973900
2019-05-28,212.4759979248047,218.8311470930134,212.4057737280741,218.12891851960367,6172700
2019-05-29,212.7744598388672,213.3274670666377,208.8244388265573,210.53612531367602,3958400
2019-05-30,213.73995971679688,215.3638620988965,211.84394700333738,212.35306227235296,2646600
2019-05-31,212.247802734375,213.84535985598828,210.2113409863258,212.37946474657755,3285700
2019-06-03,207.6481475830078,214.0032953030865,207.1741511054547,211.9756206374049,4999400
2019-06-04,211.33485412597656,211.58941848440284,206.12961170324192,209.02629586784767,4992000
2019-06-05,213.0992431640625,215.75013644515747,211.747450728368,213.4503507766628,3194400
2019-06-06,212.26531982421875,214.12621399321216,212.18630923874852,213.41521248124374,2630100
2019-06-07,216.61033630371094,216.8736736656605,212.59009186670468,213.21330978296095,2837400
2019-06-10,217.81288146972656,219.15588720674407,215.92565503752112,216.88243445128504,2331000
2019-06-11,215.82032775878906,220.05124483354984,215.69743877371565,218.14645886796453,3043000
2019-06-12,214.61770629882812,216.37327035853224,212.68658851193177,216.10993307079846,3251800
2019-06-13,215.02154541015625,215.35509355662074,213.40641589412542,214.89865643116528,3107800
2019-06-14,216.33523559570312,216.97886400120285,214.06052672719625,215.7621558160644,2165500
2019-06-17,216.86419677734375,217.86048738208999,216.20294480850276,216.89064577984092,2270300
2019-06-18,216.62615966796875,219.8354356092273,216.1412388279695,218.21316721105413,3482500
2019-06-19,220.58486938476562,221.62523281944422,216.4586495962326,216.89067244547783,4204600
2019-06-20,218.44241333007812,222.90367195058448,218.12501179686438,221.8280341687606,3800800
2019-06-21,222.4275665283203,223.49439247627768,217.6841806087677,219.34172347054317,6323500
2019-06-24,220.0999755859375,222.73617225977276,218.53060493690646,221.58999920796572,3163800
2019-06-25,218.35426330566406,221.33429695430016,218.14265779054563,219.80020069261892,3182700
2019-06-26,214.66004943847656,218.72454590197486,214.36028507188283,218.65401073573975,3852900
2019-06-27,217.19039916992188,218.78621835516026,214.3866974208035,215.35652552099447,3366200
2019-06-28,215.1361083984375,217.55188698152804,210.4103606902141,217.33146966949002,6727600
2019-07-01,213.92823791503906,217.04052946052542,212.235434477371,216.84656113872126,4102700
2019-07-02,215.1008758544922,215.11851300867363,211.195073575521,213.8841678269019,3863500
2019-07-03,216.19415283203125,218.23080693076463,215.16258782699333,215.40946762833727,2559400
2019-07-05,217.7635040283203,219.32404899425615,215.1802059981477,215.47115847989994,2965000
2019-07-08,218.5129852294922,218.63641843242314,215.90325080946295,217.25220418906937,1902500
2019-07-09,216.8906707763672,216.96120594222404,214.85401663012667,215.6827880124357,2774800
2019-07-10,218.195556640625,219.6326821815668,216.4322177008519,217.6136650149383,2753000
2019-07-11,230.25680541992188,230.72408916967723,219.5797874421594,225.5310564526904,10268800
2019-07-12,234.4359130859375,234.9825438672201,230.67119403266517,230.67119403266517,5336100
2019-07-15,234.4888458251953,235.97886964328546,232.98119830092497,233.69534854433837,2611400
2019-07-16,233.34263610839844,235.52918599549963,232.04658096151135,233.93333956279355,3121600
2019-07-17,235.09713745117188,236.89575054048342,232.31988425408525,232.76071894906454,3995200
2019-07-18,229.76307678222656,234.97374674921454,226.81830388482956,234.20669859023977,5825800
2019-07-19,226.2804412841797,231.6321808851415,226.0600239388987,230.20388079274696,4413200
2019-07-22,225.10784912109375,228.30831351098914,224.41132272585196,227.5941634131598,4104300
2019-07-23,224.83450317382812,225.79553302,222.19832034444386,224.35840762926068,2889300
2019-07-24,221.4136199951172,222.9124551441333,216.1236040904441,222.87718083764005,4864000
2019-07-25,219.27117919921875,222.84194299421864,218.90969151297068,221.41364285750169,3362800
2019-07-26,223.0094757080078,223.83824715419618,217.34033407581765,219.55333303387562,3362600
2019-07-29,223.785400390625,225.09026772537644,222.48051960266216,222.92135443430087,2005500
2019-07-30,224.7639923095703,224.8786136460948,220.8317539935208,222.7626122920349,1908800
2019-07-31,219.54452514648438,226.73013989852552,219.0772413711508,225.98954072100167,3532400
2019-08-01,219.756103515625,221.81039488403763,218.01921367737927,219.70320550279845,3613600
2019-08-02,220.46141052246094,221.80155162150962,216.97881948810436,220.1440090372443,2677600
2019-08-05,216.06195068359375,220.36450264976614,213.88422568868359,218.7686828214043,5812400
2019-08-06,218.9009246826172,218.9009246826172,214.7482684483938,216.82899576527157,3533000
2019-08-07,217.2874298095703,217.80761154803565,212.71156328425892,217.12873576863157,3205800
2019-08-08,218.31898498535156,218.36307114850965,214.57188982145485,217.05820412892155,2830700
2019-08-09,219.20948791503906,220.78767037056963,217.01412605869595,218.40716545654968,2535000
2019-08-12,214.42202758789062,218.61878317214618,214.27214538176855,217.5872179804194,2667400
2019-08-13,219.72967529296875,220.82295032322264,212.9319974844193,213.0818796860074,2763400
2019-08-14,214.42202758789062,219.01553177108218,214.254508224222,217.53431996098922,3464300
2019-08-15,215.34776306152344,216.23824436245096,212.87908591203936,215.43593538776537,2513500
2019-08-16,216.61740112304688,217.86937031145445,215.2860714480508,216.34408570593672,2810000
2019-08-19,215.75332641601562,219.08603569682316,215.2066822357235,218.20436629019244,2672300
2019-08-20,211.74172973632812,215.65634408776523,211.5301242337721,215.31249355436643,3201300
2019-08-21,211.90919494628906,213.26695957786785,210.9834396072469,211.7681246472875,2761900
2019-08-22,205.37608337402344,211.90925721261303,205.13802885616008,211.90925721261303,4498200
2019-08-23,203.36587524414062,207.28048969071548,202.23733944282995,205.34080616983033,4826600
2019-08-26,203.7362060546875,206.80441239447148,203.18957522576548,205.00581238927674,2918300
2019-08-27,196.55059814453125,204.90001036142246,196.25965901435865,204.3004814889074,4988100
2019-08-28,200.4475555419922,202.58119400409242,194.65498077763078,196.1009181425751,4847600
2019-08-29,203.3306121826172,204.8118239120436,201.02945429025786,201.3909420076236,4052500
2019-08-30,206.31065368652344,207.23640931037386,204.8029929901718,206.01970115027282,3384100
2019-09-03,203.3306121826172,204.69720257404745,201.43502817248432,204.31809115330435,3382300
2019-09-04,199.9009246826172,205.38491012334262,199.69814446176207,204.50324061137016,4526100
2019-09-05,202.42250061035156,204.11530446384884,200.6503497293175,202.7839883400758,4256900
2019-09-06,201.9022979736328,204.51204538650254,201.54081028124205,202.9338495847027,4183200
2019-09-09,203.38351440429688,204.54732460528103,201.51437936379273,201.9023160974541,3895600
2019-09-10,204.952880859375,206.56632407148618,203.51575538876241,204.06238612831467,4257600
2019-09-11,206.4958038330078,206.53106469091816,201.5320006199349,204.97933133191285,3168100
2019-09-12,202.8721466064453,208.42665340023913,202.51947075316417,207.19232154677564,4713700
2019-09-13,206.93814086914062,209.55132901367176,205.1044716506134,206.38893220271575,4523200
2019-09-16,207.66448974609375,209.0995391792771,205.64480456110456,206.23832075331774,2973600
2019-09-17,205.97254943847656,207.27471653611306,204.77667728214894,206.4597571138934,2392900
2019-09-18,204.2805938720703,206.51288201211625,203.05814811403218,204.44890318851316,2960500
2019-09-19,206.264892578125,207.23929449986505,204.8298431582521,205.51193396512647,2666700
2019-09-20,206.30027770996094,208.1693734763078,205.4410243210885,207.96563702309913,6220100
2019-09-23,202.6507110595703,204.43121903014767,202.25209148605617,203.53653834144689,3281200
2019-09-24,199.31112670898438,203.59852725730588,197.46860444896544,203.1910543009142,5006800
2019-09-25,196.8042449951172,200.6398787359978,196.76881785127637,198.67334109486913,4658000
2019-09-26,190.8780517578125,198.09755194442823,189.06210319471768,197.57490359506065,10444400
2019-09-27,190.6831817626953,193.88988581416857,190.47059185908856,193.26979588424334,4834900
2019-09-30,192.50796508789062,193.57980838321737,188.78748019892393,189.2481141072374,5286300
2019-10-01,192.4105682373047,194.16450263842592,187.86626952153523,194.16450263842592,5523600
2019-10-02,192.0030517578125,194.31506136462798,190.7008846507181,191.47155001410633,4921200
2019-10-03,190.77169799804688,191.6575249736105,188.7254398471584,191.0108750661102,3375800
2019-10-04,194.704833984375,194.75798145718335,190.57687571867868,192.08277935373684,3700500
2019-10-07,195.98040771484375,197.12311881540703,193.98729658480437,194.04044405227478,3843200
2019-10-08,194.9793701171875,196.63586218506444,193.46460008837715,194.43016173460725,4817000
2019-10-09,196.72451782226562,197.95581716235594,195.03258452629478,196.3967660642272,4483100
2019-10-10,198.18614196777344,198.54048100477934,192.68516189519715,193.2786645759483,5252200
2019-10-11,196.7156524658203,202.72155979052997,196.29044567853705,199.7894604094053,5891600
2019-10-14,195.40463256835938,197.84065753995364,194.7934095946406,196.32590049057796,4075300
2019-10-15,211.3494873046875,212.4567711941458,204.70578396793775,206.12311275310398,13397700
2019-10-16,209.9322052001953,210.36625190277607,207.3544446543191,209.3121153108208,5368600
2019-10-17,215.84950256347656,216.6821822569582,210.18021414329263,211.43808708912564,6301200
2019-10-18,217.32884216308594,218.27668375577193,214.15757916276655,216.54045649517485,4922100
2019-10-21,216.0709686279297,217.55916535001145,214.50305070198203,217.04538395290288,3029200
2019-10-22,220.99615478515625,222.78552942243573,215.38886727352005,215.82292744534692,5660800
2019-10-23,219.50796508789062,223.0069795412154,218.56012357265328,220.03059984957233,3706600
2019-10-24,216.59359741210938,220.119199296021,216.06210921778927,219.71171284872395,2546900
2019-10-25,216.9479217529297,217.9843378544035,214.50303026741796,216.0620946388513,2815100
2019-10-28,218.8436279296875,220.03063321758074,216.9568115350122,217.2579895603013,2957100
2019-10-29,223.48538208007812,224.29148823384116,218.18813817199103,218.83478836988797,3528900
2019-10-30,225.7087860107422,226.13397930609383,223.2107466776676,223.3790560178373,3299600
2019-10-31,223.84852600097656,226.52372787304267,221.37707411258828,225.33672269415078,3960400
2019-11-01,223.4144744873047,227.0640645529623,223.37018042587238,224.99124575441712,2919600
2019-11-04,222.5640869140625,224.8495227419841,221.37708169451696,224.67236000299454,3186400
2019-11-05,221.72250366210938,225.2392379787842,221.53647404238598,224.76975074406266,5393400
2019-11-06,221.91744995117188,223.21961711052077,220.65070993505464,221.1999320300309,3668600
2019-11-07,227.17922973632812,227.43612718640796,222.57293112955367,223.18415404298153,3646300
2019-11-08,227.63101196289062,228.8445908764922,225.8859313336088,227.45383571323046,2200300
2019-11-11,225.07981872558594,227.17922475905968,224.40659495331434,225.93021874229984,1765600
2019-11-12,226.10736083984375,226.55912778199257,224.47744226622797,224.6368846516987,1892500
2019-11-13,224.61917114257812,227.55125651001137,224.28255253887102,225.77073549213762,3289800
2019-11-14,226.6211700439453,226.84261332323578,224.5306173495999,224.82294194223954,2101900
2019-11-15,238.6417999267578,244.10736467555498,226.20479419300952,226.86915095847016,10136000
2019-11-18,241.768798828125,246.65858202305392,238.2875045983785,238.2875045983785,6985200
2019-11-19,242.9203338623047,243.92129560632134,240.54629709460008,243.81500069780935,4002000
2019-11-20,244.09848022460938,244.5148199861633,240.27170118649173,241.16639508613386,4141600
2019-11-21,244.97557067871094,245.97656002333517,242.63700026617425,243.7974320639311,3309900
2019-11-22,245.23233032226562,246.05614290022174,243.6024119734205,244.9577261296136,2802700
2019-11-25,250.3968048095703,250.6891159122706,245.38301924732855,246.06509650916448,4082900
2019-11-26,249.2718505859375,250.02480936002556,248.17343314764557,248.66062745442096,2998600
2019-11-27,248.62510681152344,249.74123058727056,246.8711594020665,248.92628478487094,2323900
2019-11-29,247.91641235351562,248.84654697672624,245.66640407541982,246.34850820576685,1520900
2019-12-02,247.7304229736328,249.80325525194024,246.7648746281797,249.6083721984259,2517100
2019-12-03,245.28555297851562,246.63202766063563,242.58379075798,245.34756737220306,3239200
2019-12-04,247.4292755126953,249.66155046473278,246.826919466903,249.46666738717616,2694200
2019-12-05,249.80319213867188,250.52957670309362,245.79926418105853,247.35830118198027,3357300
2019-12-06,249.15415954589844,251.6884786480606,248.19377285126075,251.51062121950295,2828900
2019-12-09,246.79763793945312,249.7587707314925,246.69093436312406,249.6698420388093,2697100
2019-12-10,248.55838012695312,248.6295339585779,243.65872511029286,246.8510680892565,2515300
2019-12-11,249.4297332763672,249.5720137425461,247.23332776594907,247.4734107879374,2751300
2019-12-12,252.19532775878906,252.5332406000878,249.02078695506538,249.90111883522366,2996200
2019-12-13,253.85809326171875,255.9299929597648,252.64872300089775,253.40457602175823,3599300
2019-12-16,259.6826171875,262.7149038679679,255.26312970398072,256.07233469529865,4663600
2019-12-17,258.2955017089844,260.34962769733437,257.1395097036506,258.9802013260222,4409100
2019-12-18,260.4563293457031,262.1992183541577,258.7578911304887,258.7667921440313,3621600
2019-12-19,261.9857177734375,264.2799531965343,261.09648512760424,262.3236305208104,2905900
2019-12-20,260.1805419921875,266.76975827812396,260.10941533035816,265.7915970703262,6608300
2019-12-23,262.4037170410156,263.0795426873012,260.3762672393916,260.92758726147395,2098900
2019-12-24,261.9147033691406,263.06179443515083,261.043245233281,262.5549522340656,714000
2019-12-26,262.9016418457031,263.44408790306767,261.9146065763818,262.5904049738279,1050600
2019-12-27,263.1862487792969,263.69311801881145,262.33259283822133,263.221825691868,1547100
2019-12-30,261.301025390625,263.69306344283837,260.9453377502289,263.25732098141765,1511700
2019-12-31,261.4166564941406,261.5144590718476,258.9001125870699,261.1320954980707,2224200
2020-01-02,260.1006164550781,262.94617251563403,257.6908029574583,261.41669088210114,2543400
2020-01-03,257.4684753417969,259.5492768602116,252.86222876284623,255.44989949577055,2711400
2020-01-06,259.2557373046875,259.3535669958673,255.40537233019379,256.09897262890814,3079100
2020-01-07,257.69073486328125,259.2024140719914,255.72551118611813,258.499939823779,2492900
2020-01-08,263.1239318847656,264.44000595704676,257.9130416573408,259.2113137090554,3379200
2020-01-09,261.63006591796875,264.27998933430524,261.18544953425504,261.692318724624,2838200
2020-01-10,262.4392395019531,263.2751203740135,259.8426681922539,263.2751203740135,2477900
2020-01-13,254.18722534179688,261.83463357233416,253.44914685115918,261.7634797447567,6994900
2020-01-14,256.3124694824219,256.3124694824219,252.76443907431704,253.96490885620634,6056300
2020-01-15,263.5775451660156,266.44977739879187,256.98832567004877,257.0061005598596,6081300
2020-01-16,267.4278259277344,267.65013409642796,263.15061893304784,264.9913370827654,3710300
2020-01-17,265.4093322753906,267.3923313186026,263.106222429095,266.77875847545914,4632200
2020-01-21,267.24114990234375,269.02851663199607,263.2218271509844,264.00435640848855,4962800
2020-01-22,267.2945251464844,268.66395146722493,264.4134191159197,268.53944583023235,3117600
2020-01-23,266.2896423339844,267.28557871173723,263.7909003778338,266.77873664832333,3169600
2020-01-24,260.376220703125,266.7075530875905,259.26467984525596,265.29367637284844,3678500
2020-01-27,252.62210083007812,256.1701304273627,249.04739533872473,256.0990037555882,4399400
2020-01-28,254.20494079589844,256.42802248633336,251.91960630519665,252.46205234902118,4341000
2020-01-29,251.56393432617188,254.48951761137377,249.77659498908568,252.54209575831544,3963800
2020-01-30,249.8566131591797,250.62134025330158,245.35709787997547,250.62134025330158,4211800
2020-01-31,242.2714385986328,247.90026915272168,241.14209580142827,247.35785027943916,5532600
2020-02-03,243.66751098632812,246.1840544794256,240.82198290541152,244.6545732986886,5646800
2020-02-04,249.73211669921875,252.0974790180781,246.21076268596187,246.56645035060498,4290200
2020-02-05,262.97283935546875,264.10215530065017,253.82262577036445,253.9649062822132,5761000
2020-02-06,260.0649719238281,264.3421787780228,257.8774672141591,264.10209573312153,3044000
2020-02-07,257.18389892578125,260.8920114608448,256.90823894223894,260.4295930596279,3425900
2020-02-10,255.23648071289062,257.2461554556287,253.83150487763382,254.5251053522698,3147400
2020-02-11,258.5799560546875,259.27355639908217,254.23159560300982,255.07637743019427,2992200
2020-02-12,269.8643493652344,271.2159732988296,261.4433146169914,262.32364630542537,6701900
2020-02-13,268.72613525390625,272.01627999167613,266.89431804612224,266.89431804612224,3565500
2020-02-14,265.68487548828125,270.29999416443957,264.37770267589156,268.7349363381168,2485600
2020-02-18,268.67279052734375,269.7487545340588,265.88058672450063,266.476384595,3241700
2020-02-19,271.4916076660156,272.73652790026443,269.19739945841604,269.7664942209759,3021100
2020-02-20,268.6639099121094,270.4690514086457,264.89357152814716,269.61539552000426,2885500
2020-02-21,268.04144287109375,269.00182951516115,265.53379980153477,267.187786960881,2987100
2020-02-24,247.01986694335938,256.97925317610566,246.88648751569036,255.11188691430328,8790600
2020-02-25,234.21499633789062,250.74582773638565,232.98785096183823,249.11851682041134,8171200
2020-02-26,233.8682098388672,239.9416574924005,230.05339379858458,235.3976912320478,6806600
2020-02-27,225.79396057128906,233.11234173152135,224.1488882537731,229.79552120156745,7604300
2020-02-28,226.7187957763672,228.6217533846471,218.12880385686344,218.92910793218462,9961000
2020-03-02,242.85833740234375,242.97394199898048,222.59274306300816,228.8351470463282,8866300
2020-03-03,232.44541931152344,249.29638961095736,230.51579957461612,244.8502261691255,9188100
2020-03-04,257.36175537109375,263.0706144497794,250.9503676817269,257.8774984275677,14533000
2020-03-05,251.61734008789062,257.36180430458234,248.93186643203137,250.40799633947248,5908400
2020-03-06,252.42648315429688,253.40464455541317,241.7823666098647,244.91248309343692,5361900
2020-03-09,243.1518096923828,250.26567181998388,230.52469356099874,235.16648968474766,8070700
2020-03-10,248.98516845703125,252.45317073309397,242.3159228733608,248.7361843740634,7366000
2020-03-11,247.01104736328125,253.64471541259263,242.99172550697764,244.32557449780907,7744600
2020-03-12,222.67276000976562,242.07582371832737,222.30817135228054,231.20049820637175,10496600
2020-03-13,242.9547576904297,244.008591044407,216.36762363928347,233.08615587897808,9308400
2020-03-16,200.979736328125,219.4130004540701,200.00627746248531,217.84117658953113,10303500
2020-03-17,218.10911560058594,222.1637135676712,203.88227126043077,206.1417877682753,9642200
2020-03-18,193.85293579101562,206.7044222882513,178.78660336205618,201.61384293302808,12917500
2020-03-19,196.30001831054688,201.94430648589426,186.60111799632546,193.78151293432236,8065200
2020-03-20,184.50234985351562,207.76720711639874,181.70700423714354,199.31862054745454,9364100
2020-03-23,174.0264892578125,183.75218132321405,167.6498648957502,180.43883101265823,10654500
2020-03-24,196.30001831054688,196.7197692065843,177.7238539646436,180.52813935647754,8894400
2020-03-25,209.41940307617188,221.04735421876745,192.9062646798898,195.66589269570935,10014000
2020-03-26,228.0848388671875,230.3800588348228,207.46352203114074,209.00855432566942,7517600
2020-03-27,216.52833557128906,224.70006697071807,212.76845743554293,216.96595188471906,4879500
2020-03-30,224.41424560546875,226.92381057414298,216.69799698051287,216.69799698051287,5329000
2020-03-31,222.71742248535156,227.31680232327915,217.01953887350516,217.44821562845075,5450000
2020-04-01,211.94686889648438,220.24361981633095,210.2678652890142,213.17039058252018,4548800
2020-04-02,214.73329162597656,216.1265016046986,201.86393757803197,210.1428367237658,4636800
2020-04-03,204.95399475097656,213.75087009876765,202.9713458005032,212.83993359630463,4650300
2020-04-06,221.7886199951172,222.63704761554578,209.98204082820692,214.34029791320663,6365900
2020-04-07,221.5206756591797,238.19456181014996,220.18104889542042,232.03228414781265,4984100
2020-04-08,239.1947784423828,240.3825959351187,219.9309553763935,221.2080731310483,6390200
2020-04-09,235.89041137695312,241.4900413334976,233.63090870100262,236.66739052470405,4923300
2020-04-13,235.33670043945312,236.63165658475108,230.57654489042716,234.04171703937973,2964900
2020-04-14,241.57937622070312,243.8746101070891,238.45358022524115,240.23974936550513,4778900
2020-04-15,251.56405639648438,252.73399500866208,241.74012607727838,246.7860484720967,7841800
2020-04-16,266.5232238769531,267.925373204537,250.07262122487043,253.13589478402884,7738900
2020-04-17,259.4946594238281,271.49771863876646,256.4045943364487,268.8095252688731,5857500
2020-04-20,251.97486877441406,258.1103548035446,251.19786238124573,254.79699175266686,4072600
2020-04-21,244.8748779296875,250.0636974718459,244.03537619350675,245.5536309729264,3977500
2020-04-22,247.40232849121094,253.47532116514083,247.12547439813358,249.68862327875658,3663300
2020-04-23,254.8238067626953,257.61916580997195,248.75978219398922,249.22417635574723,4420500
2020-04-24,260.1466064453125,260.6913749390312,253.63601243835643,256.5742682419554,3265000
2020-04-27,262.5490417480469,265.12110270999574,259.5572026451868,261.8613491073851,3706200
2020-04-28,257.52984619140625,266.3624654195479,255.08280326079898,266.1391942834041,3862900
2020-04-29,256.8957214355469,261.4504573127874,255.51145152162402,260.7806440148042,4258400
2020-04-30,261.2003479003906,263.459849929938,254.9934015509815,256.0025910996116,7631700
2020-05-01,254.09158325195312,258.10152556778934,249.70653330131694,257.55675688331775,3526100
2020-05-04,256.79754638671875,257.15477476584635,251.94807642970642,254.0736220794666,2894200
2020-05-05,261.70947265625,264.3529949746598,256.57423711197873,258.958757310732,2501300
2020-05-06,257.8960266113281,265.85341355932434,257.60132068945217,263.5492673148668,2579200
2020-05-07,254.52914428710938,261.0397395038977,254.1004538113251,259.9412354905158,3162300
2020-05-08,256.3152160644531,258.9944691940467,255.118486270474,258.5389874404887,3200000
2020-05-11,257.8246154785156,259.0838681333783,254.76134160256314,255.0292561015632,3490700
2020-05-12,256.9404602050781,261.8077551094303,256.9404602050781,260.57529395325923,4214300
2020-05-13,248.27748107910156,255.77938512837844,246.0983528057951,254.073590530967,5474100
2020-05-14,259.53936767578125,261.18266773650384,246.16991402223996,246.42888899780942,5704600
2020-05-15,259.8519287109375,267.92542240405226,259.6375970945449,261.1469124878038,12182800
2020-05-18,261.9952697753906,267.6753016700418,260.79853975229986,266.5678855526575,4015100
2020-05-19,258.1460876464844,263.1295148790619,257.994278530149,259.6554027711558,3059400
2020-05-20,257.1993408203125,261.58438803772486,256.04728168785624,261.58438803772486,3200600
2020-05-21,256.2349548339844,259.1106888858508,254.46663717626313,255.4579754442352,3604900
2020-05-22,258.94091796875,259.20883241255444,254.34153831827,256.58316184416867,2922800
2020-05-26,263.3617858886719,265.2729731601312,261.227300165705,264.7996393132702,4567800
2020-05-27,271.29229736328125,271.3190888109156,259.7089890865352,265.62123199404164,5618900
2020-05-28,271.4709167480469,276.5525701114182,270.8636257840209,273.2392340012992,4387700
2020-05-29,272.2568054199219,275.4004529343986,268.6844675492449,272.14070007836085,6251500
2020-06-01,273.2213134765625,273.26598405098366,268.42545444212124,271.51551894251816,2894000
2020-06-02,273.56072998046875,275.1593589776383,269.4704146789904,272.9087684385492,2756800
2020-06-03,272.7033386230469,276.963341581038,270.37237406713825,274.9360497182826,4360000
2020-06-04,266.2106628417969,271.9174868882242,262.8258916117082,270.76540004816394,4374300
2020-06-05,278.5083923339844,280.6785810153036,268.37187833365516,271.4976739215679,5554300
2020-06-08,276.391845703125,282.07185096214266,275.0075481507231,275.64165787201586,4635500
2020-06-09,276.15069580078125,279.22290916387607,274.4716923052782,276.7669263869984,3061500
2020-06-10,273.06060791015625,277.1330713784095,270.47958041458276,275.9095498754392,3296100
2020-06-11,253.3948974609375,270.9261248561216,250.77813893032425,270.9261248561216,6638900
2020-06-12,254.66305541992188,262.6561730894793,248.90267639275285,259.5750204726654,5416800
2020-06-15,255.6722869873047,256.31530906190216,244.446205760066,248.29539863911478,4494600
2020-06-16,261.67376708984375,265.7551699299683,256.7082192872241,263.8528955217591,4245400
2020-06-17,261.3164978027344,263.54920877634834,260.09297654995754,263.54920877634834,2538000
2020-06-18,260.3163146972656,260.58422918119726,255.9580573934466,259.3785594939456,2926600
2020-06-19,261.22222900390625,265.9580245557324,260.9262537572404,264.0834416677353,5172800
2020-06-22,262.5048522949219,262.80082753132336,256.7555203260442,259.9216861976612,2174100
2020-06-23,266.9266662597656,268.43350374326735,261.0697080302965,263.70668731250515,4023400
2020-06-24,259.37451171875,266.47821760315986,256.13660380122974,263.6887478337201,3399900
2020-06-25,265.6889343261719,266.19121355767174,256.57611096984283,258.56729912763353,3112500
2020-06-26,257.3116149902344,266.0118307996577,256.3608701525142,264.72027511451273,5043200
2020-06-29,259.8947448730469,262.1550012221576,257.07836829087677,258.7197674096266,2356700
2020-06-30,264.5498046875,265.89520116353987,258.01117014974113,258.8273806298647,2932900
2020-07-01,267.0433349609375,269.4381259269365,264.8099576688041,265.33914379002545,2303800
2020-07-02,267.5186767578125,271.8418638264681,266.5499758482341,269.52779364854587,1971700
2020-07-06,271.5997314453125,272.20963808517246,268.47840105023346,271.7701505611804,2395000
2020-07-07,266.0745849609375,272.2723816718853,265.44674966232463,269.67128715554566,2075700
2020-07-08,267.6083068847656,269.8596123433433,265.2045384920828,266.7024252323044,1987400
2020-07-09,261.1503601074219,267.77866410758844,257.8675902821283,264.6842694474954,3061700
2020-07-10,261.2132568359375,263.91300086207025,257.50892697469106,263.91300086207025,2391600
2020-07-13,268.8191223144531,273.1333572712468,261.69748957504754,261.98451400026954,4263300
2020-07-14,276.7211608886719,277.81541787719914,266.1284072555787,267.1150368964088,4234900
2020-07-15,272.7298278808594,278.6675069856504,267.87742767017807,270.0838703642004,5116900
2020-07-16,275.49237060546875,278.81102648839135,271.91362442215905,273.57295236362035,3844500
2020-07-17,274.9362487792969,278.9186244706564,274.6851092029121,277.23238986971813,3016500
2020-07-20,272.1826477050781,276.79288574517807,271.2139743609721,275.1694429793771,2375500
2020-07-21,273.66265869140625,275.3578717571508,271.86879633468214,273.5909162408909,2340200
2020-07-22,275.0976867675781,275.27708390824034,270.7027305429599,273.43835901901474,1935800
2020-07-23,271.7431640625,276.70319099418685,270.2183705376552,276.43412266493647,2367700
2020-07-24,269.787841796875,272.9181217479246,268.3886318411409,272.0660264796824,2415700
2020-07-27,267.8236389160156,270.9898046866641,266.7204037802773,267.671148581288,2060500
2020-07-28,269.01654052734375,270.3350303503739,266.5768868198378,267.18682077583816,2257400
2020-07-29,275.0707702636719,277.82435478028793,269.079278237567,270.3887897274518,2672700
2020-07-30,273.770263671875,274.8734713025822,268.08372431916115,270.5861421440547,2205300
2020-07-31,271.5727844238281,272.4338305745968,267.3302906689855,272.1647622062827,3913500
2020-08-03,272.3171691894531,273.48319574754754,268.36172812736265,272.29924042597156,2628500
2020-08-04,273.1155090332031,277.02611533425176,269.1421109883448,270.7924608617183,3594900
2020-08-05,280.2639465332031,280.70343383218284,273.58180164023355,275.20524407312377,2982200
2020-08-06,281.6901550292969,283.6454580910597,278.40738419887606,279.84247931079983,3305300
2020-08-07,284.3540344238281,286.12098959237284,281.044356837203,281.044356837203,2600800
2020-08-10,286.2106628417969,287.43945382606614,283.05344847644113,284.3271024301307,2563600
2020-08-11,283.026611328125,291.1169477591254,282.22835684409,289.6370168470683,3018200
2020-08-12,289.053955078125,289.9688422529039,284.90118737463104,285.2240694089086,2915800
2020-08-13,288.3812561035156,288.69518743974567,285.08055646879274,287.62783731986127,2159500
2020-08-14,290.3365783691406,290.5428549828897,285.87883016248776,287.5022730979255,1787200
2020-08-17,287.475341796875,290.4262248554305,286.4348986310145,288.3184590627937,2772500
2020-08-18,284.15667724609375,289.41270657224027,283.170047778166,288.79382205927465,2520000
2020-08-19,282.89202880859375,286.5604732735145,282.69470289588145,284.12081988550875,2066700
2020-08-20,281.03533935546875,282.78436551266975,279.85141140189563,282.38073566957473,2245600
2020-08-21,281.761962890625,282.7844501618966,278.1293753318584,279.1967255836578,2488500
2020-08-24,277.0082092285156,284.23747200719265,274.900415580899,284.15675148947537,2922200
2020-08-25,280.039794921875,280.1653510270089,276.07534790049505,280.0218661560449,1879300
2020-08-26,276.990234375,279.26841937731643,272.3172042180197,278.92760859437954,3178900
2020-08-27,279.5464782714844,282.3269422893272,274.0034242563111,278.41633652735464,2321000
2020-08-28,281.9681396484375,283.2687002961918,277.1247186580309,280.14737116487544,2883500
2020-08-31,280.33575439453125,286.623249044063,280.3268036981986,282.4345968819794,4341600
2020-09-01,280.5869140625,282.28212679945256,278.0486113638011,278.1921236091644,2487100
2020-09-02,287.2331848144531,288.16600075156805,280.34476106074936,280.34476106074936,2846500
2020-09-03,283.6365051269531,290.4442082557328,281.39417758629463,288.8117872368145,3872500
2020-09-04,279.8424987792969,285.0715949659397,275.0259832279303,283.8607598977993,2901000
2020-09-08,275.58203125,279.35810284230456,272.5145153921731,278.9724291075139,2594500
2020-09-09,279.8604431152344,282.8203322864296,276.63151292435373,277.7616275422955,2195600
2020-09-10,273.2051696777344,282.03096683877607,272.41586607133746,280.49722259625844,2421200
2020-09-11,271.52105712890625,276.00616231691697,267.7474275322332,274.75430499022855,3085900
2020-09-14,277.9065246582031,280.20311288338405,272.8990399320762,272.8990399320762,1795500
2020-09-15,276.69952392578125,280.5091569045418,275.636763634963,279.2392700833073,1468300
2020-09-16,276.0601501464844,281.22075222766284,275.7719704242782,278.356765254527,3438200
2020-09-17,274.6732177734375,276.83471696170244,272.0883953332919,274.2409069418032,2394100
2020-09-18,277.4111022949219,279.5456112464769,273.58343777052283,274.7002338744686,3795400
2020-09-21,269.4585876464844,270.6654244983614,262.67686760406264,270.61138907849784,4124700
2020-09-22,265.01849365234375,270.74646783023,263.81165684414043,268.7831076863598,3163600
2020-09-23,263.1091613769531,266.67563628132166,262.8299417458353,265.684941173177,3709900
2020-09-24,263.5774230957031,265.6218358859455,260.85754025540905,263.1541274316062,2869100
2020-09-25,272.4396057128906,273.1330784510329,262.2805365562839,262.3075542607583,2455800
2020-09-28,273.09716796875,279.2034186641703,272.73689513743136,275.9431529294268,2575700
2020-09-29,273.92572021484375,275.1415722668606,270.80054315549125,273.493436807874,1797800
2020-09-30,280.7884521484375,283.2651762418984,273.78157563069897,273.80859333959313,3497300
2020-10-01,281.9592590332031,283.8505809454273,278.428789631388,281.8151554367055,2731200
2020-10-02,280.9776306152344,285.8500261440167,277.71733768041736,281.0857014612035,2338000
2020-10-05,286.53448486328125,286.77767175240285,282.0043319896725,283.7605656968484,1638600
2020-10-06,283.2021484375,288.47079397710854,282.33752679765587,287.25496961255436,2434400
2020-10-07,291.05560302734375,292.46956635070114,284.4359899140381,284.4359899140381,2596600
2020-10-08,290.3711242675781,293.01896957189206,289.0922219667723,291.2897538177669,2056700
2020-10-09,295.2615051269531,295.55872738095917,291.7310632435541,292.3975183217064,2028900
2020-10-12,297.1798400878906,300.41308715175586,296.31524601554935,296.41430177537126,2424200
2020-10-13,298.4857482910156,300.539176310351,295.14440304987835,295.85590592276907,2713500
2020-10-14,289.8667907714844,297.72025891327365,288.3807617937107,290.0649298008511,4455400
2020-10-15,292.3165283203125,294.47802774410076,284.89534273586577,287.16494049305635,3172200
2020-10-16,297.1168212890625,299.32336828069697,292.4605954121187,293.1180354863557,3293300
2020-10-19,292.00128173828125,297.90939255222645,290.05592415540355,295.8919969040367,2482100
2020-10-20,291.27178955078125,295.9640486568117,291.15470363989925,294.1627946062098,1988600
2020-10-21,290.71331787109375,294.0456203728099,290.1639212585056,291.27170206146553,2139000
2020-10-22,293.3611755371094,295.4596238739874,290.22698439905633,290.2900348710311,2100600
2020-10-23,297.7472839355469,302.2954391730072,295.5227342041365,296.4503788905572,2349500
2020-10-26,290.95654296875,295.1804856022513,286.8857190115494,293.8925956481864,2408500
2020-10-27,288.6599426269531,291.35280831979367,287.687250162782,290.9565302766058,2427700
2020-10-28,277.3930358886719,286.22818200827834,276.8886871131246,282.1933643189531,3301400
2020-10-29,273.50238037109375,278.72603307258765,271.5029874807716,276.1232080438777,3279200
2020-10-30,274.8172912597656,276.64556267290607,269.8278107957711,273.09709067144917,3556800
2020-11-02,281.0856628417969,281.57200906679265,276.8166726178598,281.57200906679265,4519000
2020-11-03,289.4165344238281,294.0007232284418,283.71554928553616,285.9220967533667,4043900
2020-11-04,319.32623291015625,324.6219228403536,307.2398367630255,310.92339704108286,10344900
2020-11-05,319.1821594238281,325.1082996607139,314.9311994688255,322.4874721528144,4786500
2020-11-06,312.9317626953125,317.02061583395613,310.3289656813483,315.5435747719551,2994900
2020-11-09,315.21942138671875,331.38568556324714,314.3007918246889,329.90864422454365,4635300
2020-11-10,318.54266357421875,320.5330409095054,313.571214024675,314.7600203944936,3733200
2020-11-11,316.75048828125,321.35267849745236,314.68804500688,320.7672765158054,2048200
2020-11-12,319.191162109375,324.6939789167015,314.99423773090643,316.4802665219965,2907300
2020-11-13,320.32598876953125,322.3704019836021,317.732178842017,321.39770951830803,2442100
2020-11-16,321.36175537109375,323.8474673764024,316.12911433133576,323.28009541380237,2790100
2020-11-17,317.11077880859375,318.2455501624839,312.9678890252256,317.37196833982676,2557600
2020-11-18,310.2750244140625,318.8669864222417,308.9961219483306,318.30860206570935,2722500
2020-11-19,303.51116943359375,308.97797958624693,301.1064842767538,308.2754919255313,3935600
2020-11-20,301.4398193359375,304.10566713071665,298.74692634995836,301.70999639843353,3702000
2020-11-23,301.7640075683594,302.84477070142,298.6388315334513,302.2053058966341,2535700
2020-11-24,302.6195983886719,306.2130902704867,301.19659275408003,302.77268954223695,3759700
2020-11-25,300.07989501953125,305.1504291346445,296.4323668739106,305.1504291346445,3145100
2020-11-27,304.35784912109375,305.22244322753687,298.8640196724375,300.3860812939083,1558600
2020-11-30,302.91693115234375,304.35794008372005,297.4681479100613,301.80914986757534,5265700
2020-12-01,307.28485107421875,318.91194601924184,306.1500525443332,310.5090828302335,3817700
2020-12-02,313.0218505859375,316.8675171540985,307.56405433878024,307.8072136818896,2864300
2020-12-03,314.0305480957031,317.7141084337679,312.0581731919179,313.32806028647474,4169200
2020-12-04,316.25408935546875,317.6821873110729,312.5120661260392,312.73803291282593,3255100
2020-12-07,314.4192810058594,316.25415819444777,312.0330855615838,315.1966212652041,2999400
2020-12-08,314.4192810058594,316.2631781108739,311.0026635493031,311.6082668066011,2471200
2020-12-09,311.3009338378906,315.8202702469355,308.77008889852124,315.35026919057736,2600400
2020-12-10,306.9984436035156,312.24990905289263,306.64594979119306,311.9787599664907,2896900
2020-12-11,304.6664733886719,306.3024705436737,302.1898589128358,305.62457025567295,3071700
2020-12-14,303.81689453125,310.23435734084086,303.57283272702114,307.3419711894133,2479000
2020-12-15,307.0166015625,308.22778036987773,304.6394262767998,306.53755302238915,2616500
2020-12-16,306.7183532714844,308.8153322121973,302.1267191201859,304.4496373219466,2365600
2020-12-17,308.8243103027344,309.6649001566798,304.88343506996796,307.1431030110064,2525700
2020-12-18,305.85064697265625,309.673988317831,301.8917034540653,309.5926435640872,8742700
2020-12-21,303.771728515625,304.5581162848617,297.73390120466297,300.1472391792775,2892700
2020-12-22,302.8045654296875,304.585184951917,301.4126021909493,302.94013999557535,2069700
2020-12-23,305.13653564453125,308.80623440099146,303.7265049688391,304.14227617222554,2348100
2020-12-24,308.0288391113281,308.5892322314709,304.0970121897754,304.0970121897754,1360600
2020-12-28,312.6929016113281,314.3560141233893,310.0807118895993,310.2162864670259,2308200
2020-12-29,313.9583435058594,317.51958322999025,311.8342496220995,314.5368042919944,2275700
2020-12-30,311.82513427734375,315.45869804908665,311.35513326687726,313.7142134018109,1866000
2020-12-31,316.9681091308594,317.3386979532325,310.9754658232146,311.8703130123926,1969000
2021-01-04,315.9015808105469,318.2335460083972,307.6583165058144,317.66413285289605,4203800
2021-01-05,311.6534729003906,317.58284092166036,311.3642562920159,315.16953037643344,3160500
2021-01-06,324.7323913574219,324.9312432645812,302.8949543203353,304.7026889003871,6561400
2021-01-07,329.9386901855469,331.22219393033316,323.51220671301644,324.07260004389434,3366700
2021-01-08,328.4563903808594,332.1622246837351,324.2714798716215,331.7193384809857,2947800
2021-01-11,326.0701599121094,329.2698581860745,324.6601289948726,327.7603875126532,2695100
2021-01-12,323.01507568359375,325.4645485182589,321.0808138668887,323.53028670155385,2372500
2021-01-13,320.90899658203125,322.5088314870228,317.46526499099394,321.8128637205468,1974500
2021-01-14,316.8326110839844,324.3166314022242,316.733198918869,322.5450591756608,2919900
2021-01-15,317.5285339355469,319.1103015236365,312.5030345480948,315.55811007450484,3777000
2021-01-19,318.3329772949219,322.6444137180465,317.76353657069404,321.9665133480299,3361300
2021-01-20,317.1128234863281,318.23361019372345,312.58443915428256,318.0528532707671,3036800
2021-01-21,320.87286376953125,326.1966549466823,317.02238057746854,317.08565790312184,3749800
2021-01-22,314.1390380859375,320.52938588653535,314.1300181708393,319.34532204707205,2585100
2021-01-25,314.37408447265625,316.70607756151736,311.4726781532901,313.7775287425718,2506300
2021-01-26,310.12591552734375,317.7184233909489,309.6378470150763,316.814556034219,2467500
2021-01-27,300.9787292480469,305.5071127340393,297.3813554558999,304.6394079479734,4770900
2021-01-28,305.6426696777344,313.26226309277456,302.3526076123155,304.27784904528954,2769900
2021-01-29,301.5120544433594,306.4290949683009,298.8456623468281,304.17847412373277,3899200
2021-02-01,301.89166259765625,305.64270618202687,300.75278103168677,302.82264476518765,3020200
2021-02-02,306.1578674316406,311.5087728392633,304.69360713245436,304.69360713245436,2663700
2021-02-03,305.40771484375,307.4594835475611,302.4339839018444,305.50712699986815,2537100
2021-02-04,297.6615295410156,303.05761740447394,296.8209397311701,300.373130928003,5962200
2021-02-05,293.3139343261719,301.4216236725043,292.38295227564925,300.1833025207129,7227900
2021-02-08,293.1603088378906,295.58266651621045,292.68126028520913,295.5736466004664,4758200
2021-02-09,297.94171142578125,299.2161673247667,290.78307198088834,292.7625431023088,4096900
2021-02-10,301.3493347167969,303.4824757639063,298.0682921958606,300.68048178065953,4122700
2021-02-11,301.0510559082031,304.2868883578918,299.63197777944333,302.79551298978436,2776700
2021-02-12,296.685302734375,300.445392859249,296.3599238464095,299.7946074994856,2760800
2021-02-16,293.413330078125,298.13151738702896,291.47906885086104,295.8899170756674,4339000
2021-02-17,295.4380187988281,297.01076647876505,291.26215676171137,292.3648758455081,2620000
2021-02-18,296.83905029296875,297.8965595406685,293.93764411060926,294.57033464257466,2383500
2021-02-19,293.37725830078125,297.2367896175404,292.9524395342761,297.14639736393104,2313800
2021-02-22,296.1430969238281,297.4175255495531,289.5538965497198,290.5933384332572,2688300
2021-02-23,297.833251953125,301.83737651885497,295.2391578330419,298.2670905001952,3225700
2021-02-24,300.2737121582031,301.5301007954397,294.6968670300041,296.91132510030326,3360500
2021-02-25,297.2547912597656,301.5300928965001,295.8899430086471,299.18003274188106,2780100
2021-02-26,300.2828063964844,305.42581372665785,298.1406452312322,298.7733358138666,5430000
2021-03-01,302.4791259765625,306.32960873185715,301.60237376743135,302.2169967884746,4198900
2021-03-02,302.4701232910156,305.2088397153153,301.7922229128837,302.7955022322772,2568900
2021-03-03,300.87030029296875,305.651765978702,300.78895554696095,301.27705160684826,3039700
2021-03-04,301.7198791503906,308.0740638591471,300.6894849839131,302.0452856550603,4991600
2021-03-05,313.7323913574219,314.8079958088727,302.813657325176,302.822704826332,4563100
2021-03-08,316.5071716308594,319.9689706738609,312.3764921407399,313.65094813060296,3419900
2021-03-09,318.1431579589844,326.5219962083224,317.5646697635231,318.992795256171,4277600
2021-03-10,315.9919738769531,320.4028501599258,314.99771445516217,319.88763924356533,3012300
2021-03-11,319.15557861328125,321.7496735903704,316.2360770345512,317.04053224606736,2520500
2021-03-12,322.9380187988281,323.66369807578826,319.282494216758,320.3528676900449,2088700
2021-03-15,320.99688720703125,324.67962305080493,318.8833791741976,323.7544131099877,2343400
2021-03-16,321.6499938964844,322.3393546305177,319.2099508790929,320.67941340189833,2904200
2021-03-17,319.4549255371094,324.7976316250764,319.13744249985166,322.1671092969317,2633100
2021-03-18,328.40765380859375,330.4667390550868,319.5999321685445,320.08068251103543,3311600
2021-03-19,331.6097412109375,336.03628865810657,325.65025658750534,328.2898583073993,8572900
2021-03-22,332.7707824707031,334.33095849130524,326.6480030143263,331.0836298633389,3505200
2021-03-23,334.2584228515625,337.0159492061917,333.0973634941142,334.5759058587526,3100100
2021-03-24,336.1632385253906,339.06587260588776,331.5462130940695,332.03601546701856,3407800
2021-03-25,336.60772705078125,337.5329370723315,329.6232398363659,336.163267483836,3021500
2021-03-26,341.496826171875,342.0229193717028,335.88200964496735,337.1428340055335,2959800
2021-03-29,343.83709716796875,345.1432921306577,340.1452818542322,341.3879746924688,2740400
2021-03-30,338.8481750488281,344.5809166756155,337.2517083472333,342.46740868791323,3066000
2021-03-31,337.49664306640625,341.9685326185471,337.2517141993508,338.158792535209,3356500
2021-04-01,332.961181640625,338.05895639120683,331.77291148410836,337.61449695792555,2977700
2021-04-05,335.78228759765625,338.0046408306676,333.47832830935334,335.27432588985425,2709400
2021-04-06,330.5121765136719,335.42855398366,329.0155025798428,334.5123958740181,2698600
2021-04-07,331.66412353515625,331.8818134693871,327.04707061929133,330.3488489249014,2158900
2021-04-08,330.98382568359375,332.8161139478482,329.3691996788887,329.3691996788887,2426700
2021-04-09,341.3335266113281,341.6147186478634,332.89771015160824,334.12227129752387,2483200
2021-04-12,341.3154602050781,344.53557746140416,339.27453379933564,339.68273015321853,3057300
2021-04-13,339.700927734375,344.06397348351885,339.5467121959807,341.28831524715247,2652300
2021-04-14,340.7258605957031,342.8847115963607,339.7734116756177,340.46280011127925,2805600
2021-04-15,353.7696228027344,355.90123469939397,344.68976000340535,344.68976000340535,4488300
2021-04-16,354.6767272949219,357.3163287105272,349.6424256615914,357.3163287105272,4532400
2021-04-19,353.6154479980469,356.8355929987595,352.372754991505,353.7605838670948,2965400
2021-04-20,359.6838073730469,360.90836878525823,353.23449304754996,353.63358208794267,3348100
2021-04-21,361.7519836425781,364.1738954796637,358.6951334483217,361.7973264960047,2473300
2021-04-22,359.6928405761719,361.70655553040154,356.6541227031819,361.41628382774087,2718600
2021-04-23,363.1124267578125,364.63631130018894,357.84230528739096,358.8582283156419,2263200
2021-04-26,359.07598876953125,362.8313060746835,358.48639343352625,362.65895898975145,1642300
2021-04-27,357.84246826171875,359.502409736764,355.8468844889178,357.9876041435442,1758500
2021-04-28,357.9240417480469,360.1010242452533,356.75390292908764,358.45921465114685,1886500
2021-04-29,364.23724365234375,364.7905757542352,359.4750830563865,359.8832793230577,1996500
2021-04-30,361.74285888671875,364.51851660716665,361.3346902112624,363.73844246173707,2328100
2021-05-03,368.18310546875,368.9722592228898,363.3120990427131,363.73842698460686,2568500
2021-05-04,373.1176452636719,374.1426483384157,366.0061535572669,367.8021788487343,3237200
2021-05-05,374.16986083984375,374.39663045247397,368.99950259914004,372.3557039388021,2767600
2021-05-06,376.4102783203125,378.11558993103455,374.2242163241706,374.62333298548134,3058700
2021-05-07,378.8412780761719,380.08397102179197,375.59394967116106,376.4375259169248,1851000
2021-05-10,381.7802734375,386.39729956319445,379.3583617241188,380.31078305214794,2489300
2021-05-11,373.4441223144531,383.05007754995626,372.4553826732821,381.8799388699646,3024000
2021-05-12,367.70233154296875,372.6731306667949,367.07644529205845,371.2580907121717,2888100
2021-05-13,370.59600830078125,374.78670675151056,366.7500041264046,368.52787032450544,2637500
2021-05-14,371.7207336425781,374.25149024111505,370.54154274330244,372.8001592007347,2072900
2021-05-17,370.6594543457031,374.17892299836456,370.60503185576187,371.2762610195949,1583900
2021-05-18,372.2468566894531,374.5871068975526,368.5187498859351,371.620970347854,2694800
2021-05-19,371.44854736328125,372.5551839474366,366.6863864996495,371.43946772249774,2783100
2021-05-20,370.6685791015625,375.3762911454685,370.3783073319897,371.47586458850236,2105800
2021-05-21,373.38067626953125,379.73022490029933,371.41230401398565,372.591522511658,4295400
2021-05-24,372.7638244628906,375.43968873832966,371.82953495624037,374.05186009870687,1883600
2021-05-25,374.668701171875,375.4034324203912,370.8952795981341,373.5802237616232,2285600
2021-05-26,374.8138427734375,376.70963323104155,372.81828698314445,373.8069990773876,1903900
2021-05-27,374.3511657714844,376.53719976578594,372.2467378075133,376.36488038355816,2041800
2021-05-28,373.64373779296875,376.86385496340324,371.9202667286216,374.35125782081406,2367900
2021-06-01,368.9268798828125,375.2855074964486,368.41891825954855,375.2855074964486,2199600
2021-06-02,368.1377868652344,371.1220826550103,366.95856829548785,371.1220826550103,2232900
2021-06-03,370.0517272949219,371.6844851607228,365.4074899271862,366.0061650431294,2281200
2021-06-04,367.94732666015625,372.80925400909956,367.04930014436746,372.77296311910857,2990900
2021-06-07,363.0581359863281,369.37139401046664,361.6430958719839,369.14462440647765,3353800
2021-06-08,364.40966796875,365.3258260119706,361.69751240787906,363.48445796516756,3051300
2021-06-09,363.8291320800781,368.0742521186233,363.31209077642814,365.85189908619844,1925700
2021-06-10,364.18292236328125,365.41656346450753,361.44355537716535,364.5639074968205,4033600
2021-06-11,360.91741943359375,365.87911145367013,358.0963913590905,365.87005949378084,3094300
2021-06-14,362.0694274902344,362.35061958747275,358.41390254429933,360.38224722496767,2674900
2021-06-15,363.0853271484375,364.1919638619664,359.6293607893502,362.7950554277465,2845800
2021-06-16,360.3368225097656,365.688578465678,359.81072932273344,363.82907918939816,3330800
2021-06-17,360.4275817871094,361.0806792952901,357.94216832667604,359.2030204990413,3532000
2021-06-18,354.48272705078125,357.47795322549786,352.5526819525482,352.5799928630618,5521400
2021-06-21,362.4031677246094,363.4319248315018,354.34611698658694,354.4826715177627,3839300
2021-06-22,362.96759033203125,364.7519675954808,362.17554631449264,364.71554379489874,3964600
2021-06-23,360.1180725097656,363.24985291292586,359.85404854664193,362.17558683293623,2942100
2021-06-24,363.13140869140625,366.1266338328041,361.28329696229173,362.6306995769863,3309100
2021-06-25,368.66668701171875,373.2460003337006,363.267991027779,364.25123910884133,16928900
2021-06-28,365.4894714355469,368.7031849200142,362.27575795107947,368.66678889452254,3193300
2021-06-29,362.4305114746094,367.0735604378896,361.8660675057851,365.9537576143288,2458800
2021-06-30,364.560791015625,365.4347677464655,361.2469197453914,361.920635031215,2875600
2021-07-01,368.6120300292969,368.90333704105535,365.8079812483013,366.0082704469438,2678100
2021-07-02,372.6814880371094,373.14580112380094,367.6925117116532,368.79408839752153,1982400
2021-07-06,373.50091552734375,374.32027041523054,369.3585766100647,372.0533820759929,2615300
2021-07-07,374.77545166015625,375.24884989103504,370.7150734424334,373.5828292962439,2270400
2021-07-08,373.21868896484375,374.0198180516495,368.7850152765637,371.99872786889637,2032300
2021-07-09,375.1851806640625,376.22305069157187,373.846918444203,375.5675611434664,2078900
2021-07-12,378.7629699707031,379.0907007612601,373.5463659552937,374.19274242547925,2802600
2021-07-13,381.0390625,382.086017599276,378.46261332726266,379.07259393402444,2948900
2021-07-14,377.57952880859375,384.67155712769636,376.3140864458143,383.0692432113854,3538700
2021-07-15,382.4137878417969,383.9432820727342,370.7151615346942,375.00314088330134,3546500
2021-07-16,382.0951232910156,384.4530573898153,380.2197003740828,383.6063637600928,2625400
2021-07-19,372.4084777832031,381.94037344707044,370.3600763750645,379.85554823459603,3611300
2021-07-20,375.9681091308594,380.3016245574921,373.8195494262395,374.1746189699665,3186700
2021-07-21,377.4884948730469,379.8464289478515,374.0198432400934,379.69164863076594,1863700
2021-07-22,378.5172424316406,379.4822648321631,376.66004523623195,378.74484257861707,1421900
2021-07-23,380.2743225097656,381.7673649710146,378.71751755854535,380.4563859506291,1611700
2021-07-26,376.48712158203125,380.24708100148587,374.0836503449389,379.4823199473382,2232600
2021-07-27,377.9073181152344,378.0529855542787,372.7726450760099,375.0850705231004,2630600
2021-07-28,372.50860595703125,377.3519157767413,370.35093331163614,377.3519157767413,2446600
2021-07-29,375.1578369140625,375.6130371775292,371.8257954347195,374.42952760580357,1597300
2021-07-30,375.28533935546875,376.69644918313014,373.4918490482228,373.9561622484566,1864200
2021-08-02,378.335205078125,379.1272491989157,375.82249039156994,376.514403776731,1806500
2021-08-03,384.09796142578125,384.31647643611257,377.8890234119446,378.5627386675739,2496500
2021-08-04,383.7702331542969,385.7002777619662,382.10418468675067,384.2345185150207,1995400
2021-08-05,374.34765625,384.416685505594,371.3433451319847,384.243707154467,3598600
2021-08-06,377.9255065917969,379.4276620806603,375.0941739571197,375.0941739571197,1944000
2021-08-09,374.0562744140625,378.9360358730105,373.5828761238445,377.7707242651337,1509800
2021-08-10,374.8847351074219,376.58717968034233,371.962357138843,373.72853641785196,1441800
2021-08-11,371.2066955566406,376.84207694378676,370.99732122031867,376.02272204032715,1542600
2021-08-12,369.58624267578125,372.1080702751557,368.0749742522402,370.53306713769604,1939900
2021-08-13,372.96380615234375,373.3097350240041,369.54980408426707,370.60584427475857,1537800
2021-08-16,379.82818603515625,380.0193901446823,370.8334246212,373.1185387741062,2377500
2021-08-17,383.98870849609375,384.64419794474844,379.3001516399196,379.7280409714472,2258000
2021-08-18,379.9283447265625,383.8157448739142,379.71894260883306,383.59725764373974,3037000
2021-08-19,389.5513610839844,389.9701376183233,375.4492356298527,378.16223966366533,3204500
2021-08-20,391.2082824707031,392.7104380899966,388.65917158846116,389.97015083739274,2401900
2021-08-23,387.24798583984375,391.98208007264077,386.82920934318923,391.98208007264077,2375900
2021-08-24,385.4726257324219,387.7759375675708,383.9340468775327,387.39355718583363,1619300
2021-08-25,382.1314697265625,385.6638278599571,381.86747360430735,384.05242909183727,1939000
2021-08-26,379.50048828125,383.63371470411596,379.3001990418189,382.1588424229122,1385400
2021-08-27,381.2393798828125,382.6869135625749,378.83590886365965,380.55657940462896,1621600
2021-08-30,380.820556640625,382.88718376637945,380.44731684702174,381.23936091699653,1284200
2021-08-31,378.972412109375,383.04190351987893,377.1061021682309,379.6370144868143,4249100
2021-09-01,379.9556579589844,382.2498572395317,374.3930964021425,379.2182357694078,2034400
2021-09-02,385.74578857421875,386.37396714268806,380.7658967214542,381.6034774071528,3137400
2021-09-03,384.971923828125,386.0097936848256,382.9235228003164,384.1252580712695,1604800
2021-09-07,383.49713134765625,384.42575772032166,380.16506189157275,382.6413525799791,1920300
2021-09-08,378.1712951660156,384.9810734513164,377.0879162964051,383.4516072059438,2262500
2021-09-09,377.40655517578125,382.56853876901283,376.84211125274726,378.1257794244315,3508500
2021-09-10,369.0105895996094,380.0559626689881,367.8046361036092,379.6539781703214,4215800
2021-09-13,378.703857421875,380.7960003642564,371.3311578489261,372.72895881130955,3068200
2021-09-14,376.8949279785156,381.50857694855506,375.8260083163107,381.50857694855506,2879800
2021-09-15,381.4447021484375,385.0077498830095,374.1176701474531,376.87672082795575,3180600
2021-09-16,380.82342529296875,386.81661395558484,379.1058600273271,383.40891807499617,2262700
2021-09-17,383.85650634765625,384.7061439531942,379.11494078280026,379.11494078280026,4534200
2021-09-20,377.04107666015625,383.07078789652104,373.40495457869724,380.89645285763237,2799800
2021-09-21,376.7121887207031,382.5957494633307,376.59341677429086,379.1515024210682,2382200
2021-09-22,373.3867492675781,376.4016053425398,369.9516188989255,369.9516188989255,3629400
2021-09-23,372.774658203125,379.0053910091303,372.2995982138575,374.39171344800593,2681600
2021-09-24,371.90673828125,372.64677687234354,370.2166075728866,371.77884930798604,1950400
2021-09-27,370.2531433105469,376.53868999031175,369.96993070265734,372.5919474870996,2608600
2021-09-28,364.1776428222656,369.0927938949531,362.71588360693005,367.8137650368113,3115400
2021-09-29,365.81304931640625,367.12863004440027,361.6013564339516,362.6976830008609,2056300
2021-09-30,356.97845458984375,368.6268023652799,356.7226488519655,366.79961055736834,3779900
2021-10-01,358.5224914550781,359.6736314007011,350.0169144542259,357.7642190005852,3146600
2021-10-04,353.5708312988281,361.00748896473755,351.5152400987345,357.7824958860425,3074800
2021-10-05,359.43609619140625,361.79318967218916,355.6081264163296,355.6994915997476,3269400
2021-10-06,360.18524169921875,360.66944648912704,352.5018955946451,356.9876555332143,2809200
2021-10-07,369.732421875,372.90260204930513,362.4327687137842,362.4784652557629,2813700
2021-10-08,373.16748046875,373.77045728126996,367.85037199606006,371.29461948922375,2012200
2021-10-11,369.997314453125,375.68902879060994,369.2847105355577,372.7472479246027,2164200
2021-10-12,368.3985595703125,373.094457890204,367.54892171080945,370.10698017407003,2415700
2021-10-13,368.68170166015625,370.28963974702845,363.71173655595214,368.4898542822993,3021800
2021-10-14,384.03924560546875,396.04391181700254,381.7004418053593,388.8813216940748,6038800
2021-10-15,391.0830078125,393.29389430107835,385.08067599353757,385.5831425916505,3312000
2021-10-18,387.9311828613281,391.01914223051574,387.21857899772647,391.01914223051574,2232800
2021-10-19,387.7119140625,390.85468685007646,386.81657985509196,389.9502077599098,1616800
2021-10-20,397.4966125488281,397.89859715303487,389.95944304107167,390.10562179539653,2764000
2021-10-21,404.06524658203125,404.26623882164665,397.4873440861974,397.8710666820952,2465100
2021-10-22,410.350830078125,410.46960203275444,402.40253280824885,402.74970378924553,2736200
2021-10-25,410.6522521972656,413.5301018673698,407.865795582951,411.1181950735181,3553500
2021-10-26,415.3573913574219,418.16211051290594,408.9165213940616,411.56594480816125,3103900
2021-10-27,414.2975158691406,420.6561360959454,414.2975158691406,415.3572905537309,3520400
2021-10-28,416.0882263183594,418.33566500581514,413.4205133343026,413.8590495165526,1672600
2021-10-29,420.68353271484375,421.5240532653646,413.91378330719016,415.14714342903955,2497800
2021-11-01,414.873046875,425.5164620843978,412.1962174109182,421.91689178141127,2203100
2021-11-02,412.98193359375,417.0017503197517,411.46536092497814,416.8373097351315,2600000
2021-11-03,417.81494140625,417.9885269161751,408.4140565030099,411.50201614600167,2438200
2021-11-04,417.2942199707031,418.8930133618397,413.09167176642404,418.0616374527594,2517300
2021-11-05,416.42626953125,421.6428958743083,415.3025362009971,418.27172376429223,2905000
2021-11-08,422.6477966308594,424.08214910865763,415.0558157497524,417.3763575038174,2279900
2021-11-09,424.2283935546875,424.33802063583266,420.5191952786478,422.64786211953054,2657800
2021-11-10,420.16290283203125,425.73584544077397,417.175453181135,425.1785651202719,2818200
2021-11-11,417.8697509765625,421.030785807692,416.08822735502105,420.2542235141805,2246800
2021-11-12,419.3314208984375,421.1677577880696,417.5864491853407,420.8662833743141,2609500
2021-11-15,411.84906005859375,418.6188096724115,411.57499241460795,418.42696232162143,2849600
2021-11-16,410.7710876464844,418.7467919011075,410.5426886139083,413.84990214469116,3383800
2021-11-17,410.1590576171875,414.73615598267986,409.9580653220439,411.4746384798098,2281500
2021-11-18,410.6340637207031,413.6854715239279,408.47796230312554,409.95801148978717,2073800
2021-11-19,401.9822998046875,410.61579444142563,401.5255017367276,409.40984085063366,3536100
2021-11-22,399.73486328125,405.4082875094221,399.5978294362684,404.55864978979446,2598700
2021-11-23,408.4962463378906,408.8525343343295,398.32791684378094,398.33706172701375,2857000
2021-11-24,411.2644348144531,412.0135903280373,407.1349903681389,408.0485864927807,2248800
2021-11-26,401.8999938964844,409.4554222942246,400.34686964392796,406.4771184843866,2480600
2021-11-29,412.9454345703125,413.9321060845035,402.4847481396313,405.2346813049563,4079700
2021-11-30,405.837646484375,412.3515909108104,403.12426504690336,408.432255972076,7435400
2021-12-01,405.9472961425781,416.5267548130783,405.76459364723536,413.7585596879302,4325500
2021-12-02,407.4821472167969,409.1905954473119,401.26970451203283,404.86013071157373,4738700
2021-12-03,411.83587646484375,416.5287404419894,408.0320922001268,410.4151670838791,3038300
2021-12-06,421.7257385253906,423.25643263893056,413.8523546283658,414.4298019408289,4721500
2021-12-07,425.9602355957031,426.8951327409221,421.8356449412015,424.145405637921,3105200
2021-12-08,429.7456970214844,430.94643699994526,423.90711391099234,427.2067922383652,3228300
2021-12-09,433.83367919921875,434.8969105201647,428.37086710487495,429.44327313507006,2977400
2021-12-10,438.3340759277344,438.56321988872486,431.71639721546194,432.62379835004833,2572300
2021-12-13,438.2515869140625,440.19472322538047,434.46612420773323,437.2249984738932,2724800
2021-12-14,439.46148681640625,442.7428443043507,437.37169481843665,439.72730166772277,3018000
2021-12-15,453.13677978515625,454.0716770959427,440.0847484423711,440.5063655074306,4188600
2021-12-16,451.7435607910156,455.50152737689274,449.2229771991277,452.7976453976907,4080800
2021-12-17,446.482421875,451.99105166344276,445.8041646995208,450.42371479798487,5707200
2021-12-20,443.3752746582031,444.5484907031943,435.61187558786776,441.7895882653723,3145600
2021-12-21,446.56488037109375,448.20555885828765,441.97285470905024,446.39072873421253,2536000
2021-12-22,452.9075622558594,454.1174489121323,445.3641340561474,446.50985369920795,1687500
2021-12-23,454.05328369140625,456.59218836064974,451.69767738277346,453.7049804430735,1706500
2021-12-27,457.82965087890625,458.5629003923442,455.2082572952733,457.07805194604293,1349400
2021-12-28,460.9826354980469,463.16409037944686,458.65452513191616,460.12105200754985,1495500
2021-12-29,463.40240478515625,464.9056026018289,460.12107555783854,462.6691552956464,1573900
2021-12-30,462.34832763671875,466.74790829356004,461.63339962608717,465.5563429613916,1309800
2021-12-31,460.2494201660156,464.58480612338235,460.1577569848044,462.0825719035374,1695400
2022-01-03,460.3777160644531,460.9459886150536,451.91771091301825,458.28792424874587,3033600
2022-01-04,449.9471130371094,461.72511919044683,449.92879158853344,461.221013623674,3908100
2022-01-05,448.83807373046875,455.5382416056874,448.83807373046875,453.4942671922603,3921100
2022-01-06,430.4698486328125,443.7510519136421,424.484609363937,439.95641441292634,6555200
2022-01-07,420.34173583984375,428.9300480072021,417.54616241216,428.67340786032844,5494200
2022-01-10,426.207763671875,426.9960054643052,416.5287250829961,417.95858114919355,5831800
2022-01-11,429.8740234375,431.20306945342753,422.23895980636956,428.22419828888195,3332800
2022-01-12,434.2002868652344,435.6668137320384,427.4359530205017,429.84655183759094,3502300
2022-01-13,428.43505859375,436.7942261774124,427.1060403454246,436.18931070926084,3005300
2022-01-14,429.5899963378906,433.6962667793025,426.28114251996067,430.68989869752846,3665400
2022-01-18,422.5323181152344,426.8585575120518,420.11257226775444,426.36362666223255,3938800
2022-01-19,423.93463134765625,435.822620659865,423.0089088051503,428.95747682991157,4030900
2022-01-20,424.3746337890625,432.2846881340763,423.4580579061488,425.63951298295166,3228600
2022-01-21,422.69732666015625,431.5147824793128,422.6056634744006,424.8329362327094,4273200
2022-01-24,423.7055358886719,425.41955633675354,410.7451670652354,419.8559338492894,4780700
2022-01-25,418.7285461425781,421.15746677224405,409.9569077449627,416.1896408763504,3428900
2022-01-26,420.1858825683594,425.1812324054267,415.6213524942662,420.20423198820816,4435900
2022-01-27,423.0914001464844,429.58074458381185,418.88432052866074,419.8650353884095,3508100
2022-01-28,427.1793518066406,427.3809996188299,417.11533858830006,422.908104855123,3364400
2022-01-31,433.1462707519531,433.7053686129,425.6578334974309,426.2077846203084,3500500
2022-02-01,429.33331298828125,435.3735447045282,424.1454901305693,435.3735447045282,3148600
2022-02-02,439.7547607421875,441.77123880337064,429.929066499075,429.929066499075,3026800
2022-02-03,447.9947814941406,458.4529156111088,443.2286037150157,457.05055563765666,4370900
2022-02-04,442.8619689941406,448.78304119641854,440.1305628713415,441.56041897007515,3066400
2022-02-07,443.34771728515625,446.61072483386755,441.14791302931553,444.45676615016606,2937200
2022-02-08,452.2476806640625,454.3191509771816,441.19377846465903,441.19377846465903,3534700
2022-02-09,456.5465087890625,459.1404065478577,454.8875084755371,455.53826960003835,2818100
2022-02-10,446.11578369140625,452.9901023331182,444.6034391845645,451.1752721419036,2626100
2022-02-11,438.242431640625,449.5163038186779,436.6934161598208,444.2459924887056,2493800
2022-02-14,434.8236389160156,437.88499932978635,430.17659198850515,435.47440002914436,2549500
2022-02-15,438.3340759277344,441.0288111467165,435.55685223939656,436.2351094129925,3001000
2022-02-16,440.0022277832031,441.54209647730335,432.07385223576813,435.83181883371674,2651800
2022-02-17,431.102294921875,439.30566021521935,429.7732766823356,438.27909970775625,2403100
2022-02-18,428.7833557128906,435.30022469699173,427.88510129005596,431.0198030744987,2992300
2022-02-22,423.92547607421875,428.2150440429418,419.6267333966929,425.1353348542387,3029800
2022-02-23,421.276611328125,428.70088172383777,420.5616832438965,428.2150976149604,2840300
2022-02-24,417.8578186035156,418.4994049783408,408.55455043761106,412.0192063710361,3933000
2022-02-25,436.06097412109375,436.08847027857695,418.1694230456659,418.5543692504309,3314400
2022-02-28,436.17095947265625,437.49083097738617,426.7668819943747,426.9868792262804,3918300
2022-03-01,436.51922607421875,437.1699870621243,428.71001030433126,431.60639319771855,2917600
2022-03-02,444.88763427734375,446.5283130421783,438.0224894369913,438.29745103034776,3675900
2022-03-03,445.9966125488281,450.3870184371391,441.99118080179494,445.4558361866016,3139400
2022-03-04,457.050537109375,457.9762876588886,437.6557889746521,440.5888428518849,4170100
2022-03-07,446.2532958984375,458.2879417235665,442.7244731528308,458.2879417235665,4123300
2022-03-08,433.96197509765625,444.0718051613915,432.18381578882094,438.8564865656334,3849500
2022-03-09,445.061767578125,447.03240017366875,434.0811781991347,442.3211866095995,3115500
2022-03-10,450.4420166015625,452.5226336125956,437.96740532934336,439.3422690391467,2834800
2022-03-11,443.896728515625,453.9445427110412,443.5657982000369,448.4563905419232,2615000
2022-03-14,448.5390930175781,455.59001752016843,446.1121588001346,450.8189097078996,2704100
2022-03-15,457.7228088378906,459.5889628343221,447.9783479278573,450.4512355264299,3043000
2022-03-16,458.0445556640625,464.70019337313,450.46042787904105,459.4878168423755,3497100
2022-03-17,466.0975036621094,466.1894380950896,455.21313449316415,455.9669575673718,2357200
2022-03-18,465.27008056640625,469.46203198491975,461.0781291478928,467.67861085767674,5065600
2022-03-21,466.685791015625,471.5947860063506,463.6521235127412,464.2496832095223,2617700
2022-03-22,464.53472900390625,470.53767994463607,464.0934605597107,468.16590063195383,2752500
2022-03-23,462.6133728027344,466.1342339741742,460.86670292334026,461.730836004373,2753200
2022-03-24,472.0177917480469,474.1505473417732,463.19259038343046,464.2405925138564,2789200
2022-03-25,471.6224365234375,474.8399451166369,468.13829845139315,472.688786112126,2551100
2022-03-28,471.7787170410156,475.4007148054959,467.7430283633708,472.8083153397502,2643000
2022-03-29,469.5080871582031,477.65299545305345,466.3549072122815,475.36392063204244,3478400
2022-03-30,478.7837219238281,479.1330559539798,471.1168330895821,473.534565720362,3041200
2022-03-31,468.80938720703125,479.7673144913408,468.53361197896953,475.3638882658509,3979700
2022-04-01,471.21795654296875,473.23119991719955,465.71140122487003,469.462084684515,2344100
2022-04-04,468.8553161621094,471.11675707868454,463.8084333682748,470.8685874407034,2657500
2022-04-05,475.9707336425781,482.3781463559227,466.99847058462944,468.8370472404745,3268600
2022-04-06,488.8314208984375,490.4585787028172,476.19121020289725,476.39342664175877,3955600
2022-04-07,493.61181640625,494.8344854380853,485.7427115598544,487.22275211429206,2867000
2022-04-08,501.89459228515625,504.6616025607795,494.6689445859879,495.49632638715065,3986700
2022-04-11,494.062255859375,503.41140120735434,493.3268365160834,499.7250465225097,3574000
2022-04-12,490.6333923339844,497.08675822404575,487.93988427371056,492.19613759999305,3575700
2022-04-13,493.65771484375,494.83443055627953,485.9540759967692,490.27474133356765,3012000
2022-04-14,491.6537170410156,508.6329429964221,490.9642508977694,495.0366908508094,4211300
2022-04-18,490.9734191894531,497.3348773257168,487.57204189354275,494.4851065720292,2087100
2022-04-19,494.3013000488281,498.6954686787704,492.0398307692543,492.6373905714491,2207600
2022-04-20,501.9406433105469,504.1009484995962,495.49642296945575,498.38300186810596,2986300
2022-04-21,494.062255859375,503.7699370739625,492.76608417635225,501.47171655811417,2539900
2022-04-22,478.89404296875,490.3023859342849,478.1953748924837,489.11652424203567,3453300
2022-04-25,481.95526123046875,483.7846358418795,470.42737890085584,478.3976202474265,3030400
2022-04-26,472.3119201660156,483.7846189918077,472.0636943962021,481.9276388657346,2895300
2022-04-27,472.3394470214844,478.8572247607112,468.6714962422454,473.35064155344674,3353700
2022-04-28,482.0931396484375,483.80305847626107,471.75114659365704,475.0514161763889,2582700
2022-04-29,467.5039367675781,477.93789002720865,466.0422721028402,476.97259266661473,2873200
2022-05-02,460.7012634277344,472.0636798624358,453.5216250231994,469.5815905674162,3184300
2022-05-03,459.29473876953125,464.7185332171334,457.327476726459,460.6828728466702,2763400
2022-05-04,466.64910888671875,468.6255730637745,453.29185139547536,459.1844925949092,4002600
2022-05-05,454.7903137207031,469.4529734829647,449.74342987761156,466.2722157320306,3359700
2022-05-06,459.29473876953125,461.08736187504917,445.8547505709295,445.8639524298079,3260300
2022-05-09,447.1601867675781,454.7075351723912,445.3307841390884,450.8189359156577,3862700
2022-05-10,448.621826171875,456.2886860979002,442.2879172518151,453.9536863046331,4275500
2022-05-11,446.9118957519531,460.1220610104063,445.2939678035755,445.2939678035755,3936300
2022-05-12,440.1551818847656,447.59224816046736,433.3708584890867,446.8660026223598,3997600
2022-05-13,446.222412109375,447.6932785944964,437.40644311097776,442.159174654797,2453400
2022-05-16,449.734130859375,455.5624141175375,445.0733334027732,446.2316454002462,2338800
2022-05-17,452.7769775390625,454.7902207702985,449.0354681500123,454.12833220037913,2289000
2022-05-18,433.33404541015625,449.7249405073919,430.557777288602,448.8516336121225,3240500
2022-05-19,439.9253234863281,442.7107653986619,425.93375702247766,426.8438713484017,3813800
2022-05-20,446.5259094238281,448.1254620646361,434.1890482771782,442.526999767356,3068200
2022-05-23,452.3633117675781,455.72790984685827,447.04065344579715,447.04065344579715,2279800
2022-05-24,457.40106201171875,457.87908180481907,449.2194021513511,451.177490623634,2658100
2022-05-25,457.8883361816406,461.76773418569417,451.6096090224705,458.2836234436442,3161600
2022-05-26,461.6942138671875,466.3182333032216,459.1018138986991,461.2437434832945,2705800
2022-05-27,466.1802062988281,466.1802062988281,449.89044700279464,451.3704874772672,3349100
2022-05-31,456.6839904785156,463.4223606347251,455.65439218411876,462.9719183945388,4003100
2022-06-01,452.7954406738281,460.91277206849213,448.4104455850399,458.0997521165219,1765900
2022-06-02,452.52880859375,456.10482502666014,443.98861354385986,454.12836104998416,2093500
2022-06-03,446.41552734375,451.9864396209835,445.76284057990847,448.91599235876976,1756900
2022-06-06,450.6166687011719,453.7882241113069,447.0406523060929,449.9272025732685,1781500
2022-06-07,456.9781494140625,457.44696729809107,447.80364348835843,449.9915537953191,2341900
2022-06-08,453.69635009765625,457.7136354491373,449.11828429916017,454.128416717521,3268100
2022-06-09,449.92718505859375,456.38977952372227,448.25407392027773,453.09874034526706,3148800
2022-06-10,445.5146484375,450.5983111022044,442.11327084836665,445.670911722265,2599900
2022-06-13,431.7897033691406,442.4902040386401,429.54663778895406,436.7814318465475,3764600
2022-06-14,424.4812927246094,431.3115967764773,420.5007874778839,429.76719945588496,3814200
2022-06-15,426.8530578613281,431.1645215646954,419.6550439314986,426.73357396658025,2550700
2022-06-16,420.7734375,422.3602533301005,415.782348337617,418.29173085604333,3135600
2022-06-17,417.0554504394531,425.7275707548948,414.87820680112645,415.8468904588654,5277400
2022-06-21,443.12713623046875,447.55544405068355,421.7051415450532,422.36015585934246,5726800
2022-06-22,451.7622985839844,457.5191319451149,437.7946582192888,438.8832797915329,5061000
2022-06-23,461.1080017089844,464.58606759212086,453.86584839977394,456.62434162867316,4687700
2022-06-24,457.2608947753906,461.06186442690614,448.8839748004713,460.7666363761388,15861100
2022-06-27,466.5050354003906,472.2526355164241,454.43784837483213,454.6684900273367,3907100
2022-06-28,469.0697021484375,478.4521874596153,465.96986414319827,472.42785764123886,4978200
2022-06-29,475.7768249511719,478.5352899794536,466.82791798171684,469.44800365572803,3823400
2022-06-30,473.8578796386719,476.3395860051028,470.25064091217007,473.78405854534054,3568900
2022-07-01,477.3359375,477.4558756516983,463.41438400932805,472.6492838361493,2426600
2022-07-05,466.1175537109375,471.43154649297907,454.13342223320734,468.33173613978755,3029600
2022-07-06,475.3892822265625,477.34511874591766,465.25028517252076,466.4865490863355,2506700
2022-07-07,474.5498046875,477.24368335026253,472.56626400535555,475.3524331120525,2385400
2022-07-08,478.47076416015625,487.4565546591207,471.44081052791086,472.64013595614404,3092100
2022-07-11,476.92083740234375,481.09080033894884,472.17883134274933,474.9926483423455,1743600
2022-07-12,474.5866394042969,478.9411825304797,471.0808979938638,473.507252374364,2706500
2022-07-13,462.42724609375,472.2248982987821,462.38112902828993,468.7283913638089,3467700
2022-07-14,463.525146484375,466.7172473045774,454.16110079389523,456.6704831608784,3765500
2022-07-15,488.7296447753906,490.79618490100916,475.5369539696331,485.3253718496543,5742500
2022-07-18,479.1534423828125,490.9530497098001,478.5814555575168,489.882897158634,3212000
2022-07-19,492.1431579589844,492.50297244270365,480.2789651435421,480.7402484378501,2953500
2022-07-20,479.24554443359375,492.6965784146639,475.7951550807245,492.1430610940375,4327500
2022-07-21,482.0041809082031,482.01335927492784,471.56071991843487,479.1718946021522,2667600
2022-07-22,481.0353698730469,486.74605871154273,478.2584920313593,485.2699748477691,1850300
2022-07-25,488.4713439941406,491.62656252384744,483.62786901374903,485.3531204777118,2337200
2022-07-26,490.4272155761719,496.00873237987634,489.91058051998925,492.4660517739114,2637800
2022-07-27,493.2134094238281,496.2117514386585,487.15213896292096,492.22625621878774,2268100
2022-07-28,499.56060791015625,502.1899566565358,490.5655830436471,495.8703412982551,2344500
2022-07-29,500.34490966796875,501.737938254721,495.13238465581566,498.1953132291771,2945700
2022-08-01,493.9236755371094,501.5533187930856,489.8828296129834,500.28017247129293,2335000
2022-08-02,493.9974365234375,498.67485503937485,490.5469908061118,495.92556881210476,2114200
2022-08-03,498.78564453125,501.52564024844725,494.2096940183434,495.6581303075638,1802900
2022-08-04,492.4198913574219,498.5826290954576,491.5065594910877,497.5308897243486,2368000
2022-08-05,493.62847900390625,494.03441055719077,486.70922955632653,488.9602942956323,2373400
2022-08-08,495.0491638183594,499.3852376515462,492.11540909096675,498.1028566960629,1656400
2022-08-09,495.65814208984375,503.481488863657,494.8462789745616,498.18596557238266,2147200
2022-08-10,496.0824279785156,500.01257025123067,492.47521776399907,498.42578291033567,2291400
2022-08-11,491.5988464355469,496.9220739689516,488.65585660063323,496.5622594650752,3006200
2022-08-12,501.5994873046875,502.24529520660127,493.0657459888944,494.135898502267,1981000
2022-08-15,502.4666748046875,504.83767766840003,496.8574542411535,499.72662278599427,1447300
2022-08-16,503.8319396972656,505.0497340584353,500.3907851682139,502.99242907948786,1773000
2022-08-17,502.7986755371094,505.3726154580747,499.63427962062354,503.0200824581839,1471700
2022-08-18,503.001708984375,505.68640918656695,499.86501648965833,502.80800604600637,1486400
2022-08-19,505.8617248535156,510.29926794701925,502.63274175361494,503.26008028451605,2258000
2022-08-22,502.4020080566406,506.9687231516142,499.4313148683258,499.46825356331476,1672900
2022-08-23,494.3111267089844,501.22114088618474,491.9217109718733,501.22114088618474,2039600
2022-08-24,494.9200134277344,498.0567055431216,493.5915154997507,495.1229510165299,1761200
2022-08-25,499.6343078613281,500.04947401630056,490.1134155540977,493.5822743376219,1965800
2022-08-26,488.2684326171875,501.12901484249727,487.31816187493916,500.27103455690605,1906700
2022-08-29,488.7481689453125,491.63580716353044,482.38243631847394,485.2700745366918,1594000
2022-08-30,482.3547058105469,489.9658796276522,481.3859659139036,489.3384848399052,2013400
2022-08-31,479.11651611328125,486.28482012515815,478.9596392527431,480.49113130332347,2891300
2022-09-01,483.4248962402344,483.6647725646022,475.20485264691706,479.1165260040017,2085300
2022-09-02,476.36724853515625,488.76654607759,474.02394960722955,488.6097255197557,1944200
2022-09-06,477.59429931640625,486.60779355677045,476.89313964900026,479.67007429064773,2711900
2022-09-07,481.2845458984375,482.9636238981047,474.8265795807933,476.96694088886363,2504400
2022-09-08,486.6630554199219,487.56715255617456,478.6367157401391,480.6110215318239,1557500
2022-09-09,485.25640869140625,488.4862596292743,483.6275877462442,488.4862596292743,2495500
2022-09-12,491.65130615234375,495.14031326153696,483.55351993336393,485.86717313878677,2792000
2022-09-13,475.6501770019531,486.10787986610984,473.808489550717,484.9417894263448,3172500
2022-09-14,471.7724609375,476.96431422333933,468.37603332026623,475.68717293667805,2648100
2022-09-15,483.9329833984375,488.62507935427993,475.81672553903337,477.8156972580229,3058100
2022-09-16,482.18389892578125,483.8497180872279,478.5375788847902,479.87024551108334,3981700
2022-09-19,484.5253601074219,484.9418290822063,474.733961559197,479.93510718908686,2130800
2022-09-20,483.8311767578125,485.5617849429804,476.4367496965174,485.1638433454705,2421700
2022-09-21,473.9102478027344,488.6528398284465,473.85472238305033,485.89498317467894,2427700
2022-09-22,478.8891906738281,482.1375121585159,468.3851717722846,472.93845347225056,2285600
2022-09-23,475.326171875,476.2978949574586,468.635104650928,475.27991010644024,2536900
2022-09-26,470.46746826171875,474.3636804654233,461.8051645041344,469.5697979608754,2867400
2022-09-27,470.476806640625,478.2691758000711,466.0438386337766,472.32772943764087,2583400
2022-09-28,475.63165283203125,477.78799379460423,463.4710760024704,468.7277184252205,3027300
2022-09-29,470.9024353027344,476.3997056287374,465.01651531064454,476.3997056287374,2392000
2022-09-30,467.3949890136719,478.0470295117861,467.20988545409983,473.0032823060831,3116000
2022-10-03,477.0845642089844,479.2131139036709,467.7281357717019,469.2829039787514,2562400
2022-10-04,484.17364501953125,485.487840932044,478.3062511307517,479.71291410716816,3189800
2022-10-05,487.78289794921875,489.89292035701874,481.3601942180208,482.16534103640606,2281800
2022-10-06,480.4346618652344,489.1802812218583,478.2227961116179,488.94891592927917,2187300
2022-10-07,467.2192077636719,475.8444868115671,463.71170104213513,475.8444868115671,3273700
2022-10-10,461.6756286621094,468.5703269145612,458.1218605199192,467.91325727379433,2459100
2022-10-11,462.55487060546875,469.05159961395594,458.269979707061,459.9265635587715,2844500
2022-10-12,462.6936340332031,470.3657162905308,461.07407672182404,464.701897526162,2254300
2022-10-13,471.9019470214844,475.1965585527788,451.3844587845347,456.6688628305033,3999700
2022-10-14,474.8820495605469,490.4112636853489,473.7714844972101,481.239965353185,5628900
2022-10-17,482.9797668457031,485.2286311152762,476.8717446186411,479.14834335575904,3282300
2022-10-18,483.28515625,492.34540186297414,479.69436195816047,492.34540186297414,2345500
2022-10-19,481.53607177734375,484.7751866057123,476.2424033138565,482.8502111202915,2500500
2022-10-20,482.05426025390625,489.95767899136,481.0362754735234,484.06249534973097,2390800
2022-10-21,493.9466247558594,496.5379625454084,479.39839483770845,479.4446566227298,2896000
2022-10-24,501.22979736328125,505.746052844825,497.7130558615999,497.96294847798373,2627100
2022-10-25,499.9527282714844,503.37694673407736,494.103861955725,497.70386385731746,2411900
2022-10-26,502.6828308105469,506.8196724599572,499.9435013373325,501.02627531192934,2863500
2022-10-27,501.41497802734375,505.7831852323299,499.5270570956296,505.7831852323299,2212100
2022-10-28,510.15142822265625,511.7802496280802,503.1642046469338,504.3487660872565,2761900
2022-10-31,513.7699584960938,516.5000246484628,509.1241238337571,513.6311166810949,2770400
2022-11-01,506.5143127441406,514.2696843487968,503.6546119602332,513.6311136777699,3338900
2022-11-02,502.9234619140625,513.2423787098313,502.5903093798148,503.830395974741,2696200
2022-11-03,503.0899658203125,507.0324396988901,498.01845635395034,501.35935783859634,2245300
2022-11-04,498.05548095703125,506.9306794808566,487.8476724170142,506.2735816375895,3513100
2022-11-07,504.3948974609375,506.18103085588746,495.556697529214,498.0554541464114,2540300
2022-11-08,511.8263244628906,513.4458816233283,501.59998911840427,506.27355705567584,2797000
2022-11-09,500.35986328125,513.2700592406169,499.230827649719,512.5019670594303,2672600
2022-11-10,503.6082763671875,510.577027298493,494.1500886832599,508.0134813377696,3426400
2022-11-11,483.1648864746094,505.561062861269,471.66138021406863,505.561062861269,7034300
2022-11-14,475.4557800292969,489.55053865431,475.1410983090092,483.09083635093526,5238400
2022-11-15,465.5163879394531,478.1304324265606,463.44333501980145,474.58589914333396,5103800
2022-11-16,473.3919677734375,475.8074365229478,467.79293804276904,468.18164422692,3430800
2022-11-17,476.8994445800781,487.69956178036534,473.9842189865571,473.9842189865571,4246300
2022-11-18,490.4944763183594,493.27086014657647,480.74013480339903,483.2018369440552,3566000
2022-11-21,478.639404296875,492.2992241856695,476.96432135030886,489.57836529330245,3349600
2022-11-22,484.09954833984375,485.552472789621,481.1565318682515,481.18432281877205,2567400
2022-11-23,490.2261962890625,490.90176506011943,484.0163297352424,485.8672526022988,2238300
2022-11-25,497.54656982421875,500.53579216978176,492.8267391222052,494.1964039641404,1419200
2022-11-28,492.59539794921875,499.3605190799457,492.0586144770996,495.8900385446408,2699900
2022-11-29,488.6435852050781,493.24310092996296,484.6178509894208,492.040012490798,3751000
2022-11-30,506.9307861328125,507.22694058283133,488.16240032337714,490.23542498782354,9688900
2022-12-01,496.889404296875,511.7801015445166,495.8621558051289,511.1877927528939,2997800
2022-12-02,497.7249755859375,499.9993569777039,494.27167354898336,494.63372972828597,2346200
2022-12-05,496.6851501464844,501.6423723157018,492.82338846371294,493.38964646006866,2424800
2022-12-06,500.6583251953125,501.83730213450605,495.94247409832957,496.1095638231317,3097700
2022-12-07,503.9910888671875,506.77603175162966,500.9462474432975,502.06952813755345,2849100
2022-12-08,508.6419677734375,511.77038250780976,504.798789539335,505.8013282126784,2272300
2022-12-09,500.54705810546875,509.1710771451158,500.24069853628095,508.6512234282121,2852400
2022-12-12,506.72967529296875,506.9339339202458,500.62140745046264,503.00712555313373,2714100
2022-12-13,499.63726806640625,511.4918591612204,496.7409321413465,511.0926908331942,3369700
2022-12-14,499.7673034667969,504.5202684402411,493.46406938243524,503.08139251934114,2654600
2022-12-15,489.8528137207031,495.78475485680923,487.80121901043066,495.71047385857213,2963800
2022-12-16,486.1582336425781,488.1169633115051,478.75024664333426,487.504300774331,7109100
2022-12-19,486.0653076171875,489.41656504516794,483.58672449062135,486.993621846143,1808100
2022-12-20,482.9183044433594,489.21224465756984,482.4448551808265,489.21224465756984,2086100
2022-12-21,489.722900390625,490.03855217969607,480.9596112223102,486.09321644525005,2182000
2022-12-22,489.3050537109375,491.08740073537797,484.2364388473024,488.7387391065797,1851600
2022-12-23,493.2226257324219,493.2226257324219,485.41552807616625,486.52945981180545,1292300
2022-12-27,493.85394287109375,497.4279871208504,491.86733656019845,495.6548749796959,1596700
2022-12-28,490.56756591796875,499.57222344064405,489.89915034587494,496.71300033183945,1694200
2022-12-29,491.8951721191406,495.4227550289475,490.94827342836993,494.3644631580634,1379700
2022-12-30,492.17364501953125,492.47071238036995,487.21647862628686,492.006555252773,1849600
2023-01-03,481.4609069824219,487.94981439987544,475.44539222915074,487.4856572837794,3525600
2023-01-04,468.3345031738281,481.4608792595499,464.71408354272614,481.4608792595499,5070400
2023-01-05,454.8367614746094,466.0972158663747,453.48143084192606,465.0946491190235,5497100
2023-01-06,454.8739013671875,457.5381582566974,452.59025665187863,456.34991736183207,4841300
2023-01-09,454.9296569824219,464.1478102378118,453.51862958975227,457.11120102989565,3702800
2023-01-10,451.1606750488281,455.3102404154979,448.0786652842981,453.8063760314524,3164000
2023-01-11,458.0302734375,460.0725762449941,450.2324389241756,450.50165800559625,4274200
2023-01-12,460.137451171875,462.9780899820918,450.4365577318901,454.8738978882984,3726800
2023-01-13,454.47479248046875,472.97608780076087,451.16070396696716,451.26280493124085,5390100
2023-01-17,450.3066711425781,457.60323599608046,449.09987393019605,455.98797824075916,4495600
2023-01-18,442.100341796875,454.40979705015536,440.7171627161619,453.06373013959904,4398200
2023-01-19,449.63824462890625,451.5227496194034,443.16792196219524,443.6134946394433,4549600
2023-01-20,451.8291015625,452.07973620494977,444.6625145990232,450.7244053663107,3525900
2023-01-23,450.9842529296875,454.96672819453676,446.8811206336948,451.7918816321618,3418700
2023-01-24,456.3592529296875,464.39845706423023,445.59080286122776,464.39845706423023,3036300
2023-01-25,457.1947937011719,459.8497590063414,450.91011607586245,454.2056205157569,3037300
2023-01-26,457.1761779785156,460.8615864096438,455.4123583710005,457.19473406336823,3005000
2023-01-27,451.20709228515625,458.0023588281391,449.74036835752344,458.0023588281391,3177100
2023-01-30,450.9657287597656,459.7475724896907,450.0466785075196,452.84091310199983,3606900
2023-01-31,463.4051818847656,469.2628423988617,457.7795999277412,462.3004856867124,5567000
2023-02-01,461.3721923828125,468.2231562310601,460.1375468683539,464.11073081241824,3451200
2023-02-02,437.07818603515625,459.5155539316848,430.6357112011194,458.828610451982,11169900
2023-02-03,438.1828308105469,444.4582434717736,436.07556790840147,441.162739601871,5440100
2023-02-06,441.1719970703125,444.63461896608567,437.2452464404959,438.164268361534,4174200
2023-02-07,442.6944580078125,443.8084179939568,435.40718623761563,437.27310675152444,3394600
2023-02-08,448.5799865722656,450.2695252068359,441.05134371706566,441.3855515589119,3466400
2023-02-09,450.9100341796875,454.59544242219164,447.81873225096507,450.817197100375,3664600
2023-02-10,458.81927490234375,460.12820127130414,453.71354700762873,454.0663109222294,3418100
2023-02-13,459.8404541015625,464.03642417317,456.50780945454983,458.5872242397852,2589000
2023-02-14,457.5011291503906,462.25412221697775,454.0292426949038,458.85648844116844,2072600
2023-02-15,456.0343933105469,456.5728031316388,453.3794280491182,454.54908478594655,2242500
2023-02-16,452.4139099121094,458.58719338788944,452.33962891483304,455.9414923754409,2611500
2023-02-17,463.3030090332031,463.6557729395732,452.41390229021886,452.44175058125336,3891500
2023-02-21,456.0900573730469,465.45674445759687,455.33812512089077,461.09368461951715,2877300
2023-02-22,453.8435363769531,458.48510731089124,453.6393061226638,457.48251212441625,2982800
2023-02-23,456.44281005859375,457.96523061102334,451.04001462969023,451.77339077812513,2511800
2023-02-24,449.6104431152344,457.20407546223845,448.3850897954127,454.48409308900654,2940400
2023-02-27,448.6729431152344,455.746694633778,447.4104207419749,453.73223982854165,3006200
2023-02-28,441.8218688964844,448.7099444936786,439.94668438458626,448.06943375008046,3902100
2023-03-01,441.1534729003906,444.11479744896224,438.16430005916385,439.6588723148268,2996900
2023-03-02,443.4556884765625,445.98996801887165,439.3246791054702,441.14416693864854,2188800
2023-03-03,444.2540588378906,444.755356458069,440.2251784502995,443.6785085439351,2863300
2023-03-06,446.31494140625,449.62903020731096,444.6625431099353,446.8626434355443,3812700
2023-03-07,439.9095764160156,449.1370226440001,438.6841947647963,448.3572420468343,2589200
2023-03-08,436.8645935058594,441.3112256960991,433.2998709868215,437.9321489873851,3036600
2023-03-09,431.58251953125,439.974487081247,430.50567175594915,439.974487081247,2780400
2023-03-10,428.8529052734375,436.79962798363846,426.30027388571864,431.12606184892616,3787500
2023-03-13,431.97381591796875,438.20635976019463,427.28776562233975,427.28776562233975,2971600
2023-03-14,432.81231689453125,437.712650700008,427.66045574409594,432.8775371646041,3258200
2023-03-15,433.60418701171875,436.81828958729636,427.83745298416716,429.46778910176045,3770200
2023-03-16,439.7435607910156,441.0199049396304,431.43352066897853,432.9334162407675,2940500
2023-03-17,437.3958740234375,439.7342508397163,434.41467671527965,439.15665061357686,5290000
2023-03-20,444.34576416015625,447.010213924604,437.86169258798935,437.86169258798935,3119400
2023-03-21,447.2710266113281,448.528720025564,443.19052410019964,445.6779634497241,3163300
2023-03-22,443.004150390625,452.525312618021,442.352033127861,448.9944915488897,2632200
2023-03-23,437.77783203125,447.80207861276665,434.7593904370016,444.7649864111241,3284900
2023-03-24,443.4421081542969,444.2712641871727,435.6165003088333,436.9114666709725,2533200
2023-03-27,448.9479675292969,453.0377956654292,445.8643055760311,452.34837707915256,2271800
2023-03-28,440.2652282714844,450.70871513709915,438.5044802109546,449.0411063871941,2369500
2023-03-29,434.6848449707031,443.33960815855664,433.1570019966314,442.62224211300725,3733200
2023-03-30,437.9176025390625,438.2436754542684,429.55163882734064,434.66625555301795,3324600
2023-03-31,440.27459716796875,443.45142697882045,437.954870859992,439.2777562545179,3996700
2023-04-03,460.3976135253906,462.2049598695991,450.42926114984084,452.0223529392286,4729100
2023-04-04,459.5218811035156,462.17700561612384,458.2082925882083,459.3169234252945,2624700
2023-04-05,474.40911865234375,476.7474667803247,462.1769369074166,463.37873531608653,4964800
2023-04-06,477.74432373046875,479.0765342705968,472.4713480967254,476.0580928385186,3472600
2023-04-10,479.95233154296875,480.14799235450005,473.3471443824044,475.8811537504618,2714500
2023-04-11,485.34637451171875,486.5109003044834,479.9895558650012,480.8466877888359,3065300
2023-04-12,485.55133056640625,490.6845690410523,484.4799441587311,489.08215208135096,3422400
2023-04-13,490.2466735839844,494.17814195123384,484.9085059219982,488.0853070415924,4224400
2023-04-14,476.79412841796875,491.1876500395418,473.72908859602387,486.3059670543254,4872000
2023-04-17,470.7944641113281,474.7445262585935,468.3722449257997,473.93402090581066,3660900
2023-04-18,469.9840087890625,472.3223573525032,464.0775371158557,469.22939831608664,3232000
2023-04-19,452.9539794921875,467.64562716999365,450.5597075555318,466.41588106663664,5809100
2023-04-20,454.1277160644531,456.167967211881,450.21492706519507,452.27380038733327,3283000
2023-04-21,450.7367248535156,457.17422717304623,449.17160893231295,456.5314066284796,3165300
2023-04-24,455.50653076171875,456.69900386767335,449.64662984043485,450.35467052018345,2322400
2023-04-25,458.2828674316406,464.41291913046746,457.03447067404494,458.99087983096666,2937300
2023-04-26,449.9261474609375,454.35134498950345,445.6499841984382,452.6464634940908,2930000
2023-04-27,456.9319152832031,457.4070508438698,449.2274238566465,449.2274238566465,2473200
2023-04-28,458.441162109375,460.18328802341944,454.74262731545673,455.2736578628574,2398900
2023-05-01,461.8043518066406,465.2420341622078,458.18033395511446,460.77023813643666,2105600
2023-05-02,459.65228271484375,462.7452413731581,455.81398211767197,461.38508331331366,2152300
2023-05-03,455.972412109375,461.5714613002122,454.65882358435033,460.59324256159084,1749700
2023-05-04,453.9601135253906,456.2053227250059,448.99458792307587,453.7458305387563,2555700
2023-05-05,460.4814147949219,466.602168771091,458.38526850972454,460.276457132026,2329400
2023-05-08,458.9349060058594,460.54661977563995,454.9289490549585,458.3945786020477,1738500
2023-05-09,456.8481750488281,465.2513837417299,456.7736294696776,459.13995406856344,2038600
2023-05-10,456.5592956542969,459.7267998790164,454.2954645119723,455.9350973681876,2018700
2023-05-11,455.33892822265625,456.6059186883368,452.4508984566053,454.63088741488974,2384200
2023-05-12,457.6400146484375,459.1958051872363,454.3979646043814,455.33891054334714,1536500
2023-05-15,453.5688171386719,458.1617285619911,450.6249208964698,457.79838286080184,2169700
2023-05-16,446.91705322265625,455.75812397198155,446.2556105308582,454.2768505705042,2178900
2023-05-17,451.6589660644531,452.20861878880993,444.8860947586832,447.17787339922927,2682000
2023-05-18,446.46063232421875,449.5535916765428,441.4857808187448,449.0877812910399,3040100
2023-05-19,446.0786437988281,451.6497175564818,445.13769776570115,446.7866562191497,2317900
2023-05-22,447.7554626464844,449.227439031653,445.23077892532405,447.5877777714559,2242800
2023-05-23,446.65618896484375,450.3361017584634,440.228012421396,443.6190966686493,2874200
2023-05-24,447.951171875,450.2336539786463,446.1438538604177,447.7462141823019,1904700
2023-05-25,445.0351867675781,448.82686112805106,441.86765387777183,444.9699665000197,2684100
2023-05-26,448.5939636230469,454.9942213485968,445.3146691813206,445.37056414566547,3135200
2023-05-30,447.0380859375,452.646430903231,443.47928893684394,444.0848365530979,3180800
2023-05-31,453.9228210449219,454.0718837555735,444.4854996309033,445.42644555341445,4944100
2023-06-01,459.87591552734375,464.67375628799243,452.8701098986156,454.4352542304249,3376600
2023-06-02,465.4189758300781,466.76051167916313,456.8294333331211,458.35730466211334,3064500
2023-06-05,464.12408447265625,468.51200968442174,463.4067468218139,466.462461354527,2688800
2023-06-06,454.23028564453125,465.71715571155977,450.5969708076856,465.71715571155977,3816600
2023-06-07,449.1622619628906,456.9040271766763,448.6685041628458,456.44754216271184,4381700
2023-06-08,456.7084045410156,458.189677972732,449.4417463639015,451.26774332030186,2725900
2023-06-09,459.8665466308594,464.15200698949496,453.9135059024613,456.4847593729995,3174100
2023-06-12,458.906982421875,460.6398115010482,455.3016152921745,458.63680449049986,2207700
2023-06-13,457.71453857421875,460.83547343308777,455.24574954167076,457.3046232143837,3016600
2023-06-14,428.4150390625,429.1324051262317,415.20466566709246,423.5520067832841,14672400
2023-06-15,435.814453125,441.5300079574047,431.15592708597154,432.16619505174765,6798100
2023-06-16,428.8921813964844,438.2746938776351,428.36833446504056,436.0483586927573,7699100
2023-06-20,439.0885009765625,440.1174675418224,427.26446358526624,427.26446358526624,4597700
2023-06-21,445.97332763671875,448.4241885508332,437.0304772467765,438.67686930099546,4886500
2023-06-22,448.1248779296875,451.9882700205338,447.14267218176644,447.311045416122,3179000
2023-06-23,446.20721435546875,451.14636225297465,445.78625273424154,447.4513435033531,4862600
2023-06-26,448.13427734375,450.23902858401635,442.46548295376726,447.2736839343388,2968300
2023-06-27,451.4082946777344,451.9882659558637,446.9275055536993,447.26428056689537,3693200
2023-06-28,443.8218688964844,450.99671569173375,443.38220862714275,450.84704107371164,3670100
2023-06-29,445.68341064453125,448.742305466367,442.5403006522872,444.41119062105867,2979300
2023-06-30,449.6123046875,450.97804641298217,444.44862994606035,447.1427161507217,3970400
2023-07-03,447.0303649902344,449.209938810398,445.5523462216172,447.2361639878579,1915700
2023-07-05,440.8003234863281,446.4784805788723,440.21098866305596,445.29981093232794,5053100
2023-07-06,439.0604553222656,441.9042161403448,436.52540734348486,439.0511202844951,3913600
2023-07-07,431.78265380859375,438.35883045727684,431.0717350813803,434.9818879973511,4131600
2023-07-10,433.1578063964844,433.20459577613514,429.51894010243416,430.30471049589863,4339200
2023-07-11,433.00811767578125,436.37569658829995,431.3710890470515,432.52166804140705,3086800
2023-07-12,422.54052734375,434.8135614498968,422.1195656653541,433.1110446605185,7287600
2023-07-13,418.8454895019531,425.5339153947705,418.3122790123225,422.82113066417156,7276800
2023-07-14,449.1725769042969,453.6907630767123,430.40752650178416,432.6900142740535,11379300
2023-07-17,452.8302001953125,453.31664986266776,447.42332927116837,450.05192742085944,4582000
2023-07-18,467.7224426269531,471.8571215806808,456.0293815612793,457.7412331403885,8816400
2023-07-19,471.1836242675781,481.4360641945396,470.0423803071839,474.77572938533194,4956500
2023-07-20,471.6887512207031,475.8421290716553,468.2182584585724,473.9525405546962,2963100
2023-07-21,473.8309020996094,477.4604328642324,471.95064872316505,472.44643337621847,2887300
2023-07-24,475.8420715332031,476.8710665605929,471.9974069664465,472.708325628316,2279000
2023-07-25,477.94683837890625,479.41549366945253,474.5324703286164,477.0768815052113,2730600
2023-07-26,475.2059631347656,482.5585456332192,473.9244083135983,478.51744575306265,3697200
2023-07-27,472.6148376464844,477.54462199803726,470.65039764472743,475.7392201903684,3028300
2023-07-28,470.4446105957031,474.71960075379525,465.1780511010422,472.59612250391524,2930000
2023-07-31,473.6812438964844,475.093774873782,466.84314375266837,470.52879905491153,2441600
2023-08-01,472.1564636230469,477.11433886785005,470.0517125359405,474.73830075843506,2161200
2023-08-02,472.21258544921875,477.5165707205899,470.51943242332993,476.78692482295554,3220500
2023-08-03,472.2686767578125,473.3350975974978,468.6952991005172,470.4258777953068,2442900
2023-08-04,470.2762145996094,477.918783279354,469.3594683404947,477.0768885972143,2411200
2023-08-07,477.7691345214844,480.4444933190853,472.07227832219246,473.09190987042234,2430900
2023-08-08,473.2041320800781,475.36503601104596,467.7411374205939,470.5287734329471,2422600
2023-08-09,469.6962585449219,473.0825933044181,468.5456795062463,471.46426323485974,1916900
2023-08-10,470.9778137207031,478.9851913216548,470.3229908644799,471.90389504670725,2179700
2023-08-11,475.21533203125,477.703618677564,471.6980503736768,472.98896879257376,2029600
2023-08-14,477.94683837890625,480.35093853514906,475.43985299024246,476.28174765986694,2127200
2023-08-15,473.9806213378906,480.4913389822682,473.5877218836117,478.5549324660151,1817500
2023-08-16,471.0526123046875,477.5446019291114,470.36972727849763,475.2059897747083,1454100
2023-08-17,462.0723876953125,468.8730908727109,460.07055031155306,463.4942823149136,3009500
2023-08-18,466.26318359375,468.6017959709165,461.6420832526678,462.8394516478765,2364400
2023-08-21,465.5522155761719,467.9563158443064,464.18647400199393,465.39320592820945,1533500
2023-08-22,460.5569763183594,464.71971788291745,459.61216775686074,463.4381628326758,2079400
2023-08-23,457.8441467285156,462.10977311966536,456.43161581717663,461.1743282348078,2011400
2023-08-24,456.5906066894531,463.4380693883728,455.75804712540673,459.7056252722967,2311100
2023-08-25,457.54486083984375,459.44381307702616,453.363420483903,458.29323397981483,1923500
2023-08-28,459.5653991699219,461.2304900581366,457.5541982138361,458.826389657634,1344500
2023-08-29,461.0153503417969,461.11826413729824,456.4691013095699,459.7431588348007,2113700
2023-08-30,459.79925537109375,464.6448533632142,458.63931276769415,462.10044195598834,2283400
2023-08-31,445.8143005371094,461.9413893980089,445.54304208087166,460.5756193429337,4927700
2023-09-01,445.4962463378906,449.6215615531022,442.8021606016291,448.0780832597265,3165900
2023-09-05,449.771240234375,453.3165842422035,446.71234582348507,447.1426424651902,3443300
2023-09-06,446.151123046875,451.96959186006825,445.62727615126715,450.96865889800824,2596100
2023-09-07,453.5130310058594,455.66454281567854,447.70392628133766,448.91999320905944,2928000
2023-09-08,451.4845886230469,453.5505903056705,449.58764428437934,450.9399310841613,1858400
2023-09-11,450.1793212890625,454.36763933685614,448.88337724635676,452.62095208531196,2059200
2023-09-12,450.6676025390625,454.1798055129442,443.3615107653275,448.30111489234406,2195200
2023-09-13,450.6112976074219,454.55547267623933,450.25444012441056,452.10444181898407,2197800
2023-09-14,454.14227294921875,455.7105314790633,449.6158687841534,453.2313578260305,2334300
2023-09-15,457.0534362792969,459.98338173588047,454.6493769990925,456.1518925552348,5334300
2023-09-18,456.452392578125,458.96913757894094,454.14224775848925,458.6592516364938,1997500
2023-09-19,451.3813171386719,456.14249253598524,447.51228537311584,454.29249099853496,3230700
2023-09-20,462.1526794433594,464.95113908747237,449.95395403910567,453.3440428091922,3724800
2023-09-21,470.6138000488281,474.37014587069575,463.0447368518123,464.08713771987556,4703900
2023-09-22,475.2716064453125,478.3987513742899,467.6931727390256,468.6040876429136,4558500
2023-09-25,479.19708251953125,479.8168830801874,475.7694223514009,477.3001380098725,2758500
2023-09-26,474.6612548828125,478.3894292141911,473.65642550902385,477.9386574036748,2420200
2023-09-27,473.0460205078125,475.51579376010625,470.52924707991025,475.3937365967426,2593700
2023-09-28,479.0280456542969,482.83136330368285,474.2480986459597,475.14961369216337,2922000
2023-09-29,473.47808837890625,478.82149357492943,473.11183083851915,478.79332212248806,3006200
2023-10-02,483.22576904296875,483.4793407509729,472.4920167404763,474.7364186745115,3550400
2023-10-03,478.4363708496094,482.6716312160148,477.39396999628207,482.0330593133992,3143200
2023-10-04,479.516357421875,480.64327271677126,475.75061128105386,478.4551850618878,2801700
2023-10-05,484.7846374511719,486.64406781927613,480.0892333008708,480.4554621574721,2790700
2023-10-06,492.8420104980469,493.91258292225154,484.5498602045402,484.9912606884679,3647200
2023-10-09,494.4384765625,494.77653396978576,488.5597854941957,489.40498632970537,2341600
2023-10-10,492.3066711425781,495.9691312227477,491.2173560807041,494.42901568933263,2455700
2023-10-11,492.20343017578125,493.57451715110926,488.54096976235763,489.1889417642005,2819300
2023-10-12,493.5274353027344,496.38229457979145,490.43786174806024,492.52260599848427,2377300
2023-10-13,506.5433349609375,511.2951108641895,499.59407119410065,500.7679294440868,5245400
2023-10-16,505.2568359375,513.4738444197787,503.4631482739646,510.09309796811687,3827600
2023-10-17,503.96075439453125,509.38864414210485,502.0074385759105,507.050328107701,2586000
2023-10-18,503.4067077636719,510.8442568076303,502.78693589221336,509.9615132034195,2551400
2023-10-19,499.2464904785156,505.54778064294266,497.01146033696483,504.12035102184245,2351200
2023-10-20,494.92681884765625,501.87602502400523,494.68264717049055,498.6549649907468,2811100
2023-10-23,489.79937744140625,495.63112553541373,488.5973191483449,494.9268106248121,2357700
2023-10-24,493.0204162597656,498.34502070652945,490.2688996718576,491.0107573782901,1978200
2023-10-25,497.91302490234375,499.9320262886956,488.4000750061669,495.15210857078415,2380100
2023-10-26,496.17578125,498.1572402159756,490.69154761440626,493.6778361184935,2675800
2023-10-27,492.7010803222656,495.5934826880909,489.5082207263578,493.95008137162256,2585600
2023-10-30,497.7065124511719,499.42505702804095,491.08596319191116,493.02047935153183,2555400
2023-10-31,502.9371643066406,503.98893660263616,499.2371611990984,502.41127815864286,2464200
2023-11-01,499.2183837890625,503.1907588453502,494.71077984199326,497.6970681733928,2747400
2023-11-02,503.4725341796875,504.13930634062007,494.8517255434747,499.59410169953077,2350900
2023-11-03,498.56109619140625,503.33161482535127,496.5889799516111,502.0075279460678,2739500
2023-11-06,500.9651184082031,503.36917762021915,497.76280125932647,499.24657401810526,2684900
2023-11-07,505.0690002441406,506.7781448632046,499.14336564362793,502.74942636208897,2604800
2023-11-08,504.0359191894531,508.421494764298,501.60371705725555,507.1067506320374,1769200
2023-11-09,506.1676025390625,507.9612324601782,501.9229133933064,504.85285856659095,1819600
2023-11-10,508.2430114746094,509.62344107976077,503.36915037949063,509.62344107976077,2480800
2023-11-13,509.5201721191406,511.00394484653225,505.14399690624015,508.1866853302981,1507900
2023-11-14,507.5387268066406,509.6140713555625,503.8293235484497,506.19583994636963,2454000
2023-11-15,505.613525390625,507.53869852431984,499.31229180643203,507.1536409706649,2473700
2023-11-16,506.9376220703125,511.6705968430199,504.73073466282165,505.6134781623611,2360300
2023-11-17,503.6226501464844,507.5950247939895,496.1569587448996,507.360253182184,2676900
2023-11-20,502.5052490234375,503.66976462879757,499.40627450776077,501.1060190702923,2518400
2023-11-21,506.7216796875,508.6749382231507,501.6505899614844,505.01253548083974,2115700
2023-11-22,510.63775634765625,511.23878554847704,507.3509531346227,509.89584122507136,2234500
2023-11-24,513.7742919921875,514.2344926050164,509.7456308296641,511.7364899760082,1135000
2023-11-27,510.47808837890625,517.3334088035667,508.5435723579643,513.774234058036,2675800
2023-11-28,507.60455322265625,512.5723011507786,507.17255271344027,512.3938723879832,2859300
2023-11-29,502.3924865722656,508.85340639524094,496.44811018752466,497.7158540586817,4550000
2023-11-30,519.28662109375,520.1975647804122,501.48157819280425,503.1531223150045,7121200
2023-12-01,515.58349609375,522.6884012244847,513.6989156368475,518.6553714405542,3462200
2023-12-04,516.638916015625,520.0217057413751,511.7012668890852,516.6200518068787,2709200
2023-12-05,518.5045776367188,520.6435946421145,513.8779008778441,517.4114888755726,2645600
2023-12-06,517.8167114257812,520.0310701777461,515.5268958486495,515.960370003591,2239700
2023-12-07,516.6294555664062,519.6824665485802,513.0958673902182,519.5316679125457,2511700
2023-12-08,518.04296875,519.8898209729755,513.114751257021,518.4669533846467,2039900
2023-12-11,512.3042602539062,518.2595404199063,507.95088471540475,518.03340000432,3655300
2023-12-12,514.2266235351562,515.8944957333704,511.3338429894399,514.3020228610825,2706100
2023-12-13,517.3267211914062,517.7130348448266,507.50807399391186,512.6058383676228,2876600
2023-12-14,503.4091796875,513.4728335701396,498.8485266703978,512.8886181630963,5386800
2023-12-15,500.4691467285156,502.71180191728905,492.78008430474057,499.4137863470726,9030100
2023-12-18,496.1629333496094,500.79898540416355,494.9191032836882,498.5751941557745,3260300
2023-12-19,493.7977600097656,497.1711751954087,491.66823236371994,494.316065655542,3645600
2023-12-20,486.15576171875,494.54216725779196,486.09922660892215,493.6186837801664,3847800
2023-12-21,489.87786865234375,490.7636238039155,486.6929229485752,488.9355783852604,2491600
2023-12-22,490.282958984375,492.82715375358686,488.1251353628351,489.8777811434478,1759500
2023-12-26,490.0191955566406,491.3854703231176,488.0780225511628,489.8778290228807,1390800
2023-12-27,492.6198425292969,492.96848528073843,489.387794244447,489.7553012028289,1851800
2023-12-28,494.60809326171875,497.4066672342683,492.7611839731761,493.2605678162433,2001000
2023-12-29,496.0875244140625,497.7553965744625,493.68469575925724,495.62581138979726,2080100
