Date,Close,High,Low,Open,Volume
2018-01-02,28.731454849243164,29.081161179991344,28.711054173797685,28.938363122030076,30451500
2018-01-03,28.982070922851562,29.142351416030486,28.783900613342595,28.807216140669713,26710800
2018-01-04,29.008304595947266,29.07824452374183,28.824708533523403,29.008304595947266,20491200
2018-01-05,29.18025016784668,29.253104968109575,29.028710849268265,29.03745209126822,21852000
2018-01-08,29.611549377441406,29.6523507246348,29.2035559159769,29.215215349505435,26531700
2018-01-09,29.25600814819336,29.827200226488408,29.232695955447006,29.73394145027006,21938100
2018-01-10,29.04619026184082,29.110303813324208,28.71396973970878,29.06950579650688,23791200
2018-01-11,29.148191452026367,29.273503701199836,28.786825663590413,29.05493597985443,19613100
2018-01-12,29.39589500427246,29.5620052374687,29.229784771076222,29.2560118249814,20853600
2018-01-16,29.34343719482422,29.698976522607555,29.241440503628624,29.53286295640835,21512100
2018-01-17,29.9292049407959,29.99914487288836,29.346356609658898,29.47749856806525,26045700
2018-01-18,30.395483016967773,30.581993953892276,30.197315980255148,30.523710119873023,36923700
2018-01-19,30.479990005493164,30.57907183277866,30.208964905545137,30.494560960537438,25135800
2018-01-22,30.730621337890625,30.730621337890625,30.31971297616153,30.453766459699132,21924900
2018-01-23,30.861753463745117,30.93460823999102,30.474160717992312,30.683987142689542,24863400
2018-01-24,30.829692840576172,31.019118570209688,30.54701167497638,30.99289152105588,20469300
2018-01-25,31.065759658813477,31.126958356563758,30.847191928254208,30.847191928254208,17571300
2018-01-26,31.58739471435547,31.593221094487237,31.08906078645077,31.182316219332616,20358900
2018-01-29,31.925451278686523,32.050763500396386,31.470830117714048,31.50580174588378,25065600
2018-01-30,31.395061492919922,31.870083341496045,31.22603639808388,31.8059697994758,27541500
2018-01-31,31.065759658813477,31.526210656497256,30.911305484960007,31.40672478487331,29438400
2018-02-01,30.75102424621582,31.054106237238777,30.651942378732286,30.879251370690117,19160400
2018-02-02,30.447938919067383,31.027872376264938,30.351768596782772,30.643191087126496,27759300
2018-02-05,29.16858673095703,30.485819197854347,28.294316007364365,30.133198051170936,37684800
2018-02-06,29.40464210510254,29.457099558447297,28.340948759865743,28.45460157282795,49241400
2018-02-07,29.972919464111328,30.4799981737609,29.14527632250254,29.28807438826683,33495600
2018-02-08,29.148191452026367,30.156515828000618,29.14236173436109,30.0836610325784,41925300
2018-02-09,28.958765029907227,29.462928874658115,28.10197998075496,29.29681527553559,42553800
2018-02-12,29.01121711730957,29.27349766179732,28.792649441056767,29.180242208864875,27405300
2018-02-13,29.42795753479004,29.49790080566512,28.947109220299357,28.947109220299357,19868400
2018-02-14,29.637784957885742,29.798065511110334,29.203561030020225,29.39298683709175,21922800
2018-02-15,30.083654403686523,30.203136908866902,29.67566096906539,29.885487402756667,22484700
2018-02-16,30.535358428955078,30.581986151289737,29.719371620559674,30.042854154007056,48192900
2018-02-20,27.42587661743164,28.54202901932515,27.42296175878932,28.26517747971833,156265500
2018-02-21,26.671083450317383,27.78432245814832,26.589485766140786,27.71729406190933,148511100
2018-02-22,27.03536605834961,27.216048932680742,26.609888430280133,26.64486006226515,61095000
2018-02-23,27.070337295532227,27.245192117828783,26.741028325145905,27.06742243706292,38374500
2018-02-26,27.13736343383789,27.335530437183767,26.875081222295602,27.073249893180506,44097900
2018-02-27,26.671083450317383,27.31221549652035,26.668168592206484,27.28598677613914,40128300
2018-02-28,26.231037139892578,26.840114174712603,26.228123948889497,26.810972259446515,42431100
2018-03-01,25.960006713867188,26.280572698646026,25.560757912428933,26.277659508422353,56728800
2018-03-02,25.86966896057129,25.907553777928975,25.423790723905082,25.432533630609,57130200
2018-03-05,26.2222957611084,26.373836721263757,25.665676177748708,25.68607518481959,40149600
2018-03-06,25.954179763793945,26.373830919782574,25.82886755532839,26.330116389190614,33164100
2018-03-07,25.569507598876953,25.799731396998965,25.45293660300903,25.639449195874185,34359000
2018-03-08,25.774721145629883,25.836284700236344,25.604686633761357,25.730745979853086,28766100
2018-03-09,26.009248733520508,26.009248733520508,25.660386368031617,25.868531563612635,29263200
2018-03-12,25.818689346313477,26.220320164922807,25.76298859939096,26.00338164978933,25422000
2018-03-13,25.886119842529297,26.062017142912538,25.792310073800806,25.912504940831074,21519000
2018-03-14,25.701427459716797,26.08840048806665,25.651591180692638,25.947681650727816,33121800
2018-03-15,25.654521942138672,26.02976770472004,25.182532502336464,25.704359899036838,49845600
2018-03-16,26.141172409057617,26.41088117266083,25.651594522329695,25.716088637555607,85188000
2018-03-19,25.636932373046875,26.11478461775305,25.53432589817319,26.06494833737274,36160200
2018-03-20,25.78351593017578,25.842147247338108,25.613481419946762,25.757130830964115,24774000
2018-03-21,25.850934982299805,26.290676446795736,25.704355053294684,25.765918589927225,35508000
2018-03-22,25.546052932739258,25.87732353745327,25.502079448545977,25.660384998130322,36744600
2018-03-23,25.04181480407715,25.707289906561876,25.000771880305198,25.607615672385005,30375300
2018-03-26,25.651592254638672,25.707291331618627,25.244096908323527,25.2763448018262,27599400
2018-03-27,25.22650718688965,25.809898159598387,25.059406598711533,25.786445298320675,19637400
2018-03-28,25.730737686157227,25.86852425787087,25.26754337998805,25.288063999082183,34728900
2018-03-29,26.082542419433594,26.19101170679711,25.73074777855136,25.768858473234662,27823800
2018-04-02,25.079927444458008,25.868531379671808,24.871783927838003,25.79817111773719,57386700
2018-04-03,25.446374893188477,25.490350051190777,25.079924189733337,25.285137120462057,29086500
2018-04-04,25.569507598876953,25.651593454811785,25.047680160030843,25.09458588414189,19609800
2018-04-05,25.742469787597656,25.900777008140146,25.519666784244404,25.68090624127132,19142700
2018-04-06,25.414127349853516,25.76885076677321,25.24995567188255,25.45516859186559,19050000
2018-04-09,25.293933868408203,25.636931736696837,25.28220827713244,25.461036125194326,25104300
2018-04-10,25.343778610229492,25.53433210058333,25.112180506979158,25.458110704441797,27382200
2018-04-11,25.185470581054688,25.46397273101791,25.153222681167364,25.21185568391193,18837000
2018-04-12,25.044748306274414,25.45517253229296,25.038883832952877,25.267549645545984,20568900
2018-04-13,25.217710494995117,25.29100131072107,24.974388543044338,25.17959980761149,22677600
2018-04-16,25.45810317993164,25.695564010204503,25.24702744551604,25.27048030489555,21062100
2018-04-17,25.76885986328125,25.848013494001414,25.62521211056944,25.64573273881934,20405700
2018-04-18,25.67211151123047,25.962340859811498,25.654521447078686,25.856802152381647,17562000
2018-04-19,25.76592445373535,25.809897939200205,25.3818836439071,25.62520728727069,19764900
2018-04-20,25.499147415161133,25.909571636678724,25.40826653196414,25.76006111823766,24974700
2018-04-23,25.24116325378418,25.52846034592067,25.217708718221274,25.47275959829041,22081500
2018-04-24,25.367225646972656,25.478627163087754,25.085791297301487,25.43758423439045,25409100
2018-04-25,25.554845809936523,25.710220787293157,25.179598397713484,25.305657721413564,20281200
2018-04-26,25.780582427978516,25.891983938096438,25.47569523224802,25.554848848517018,17347500
2018-04-27,25.59002685546875,25.768854709392585,25.528463305550787,25.76006135438795,16953300
2018-04-30,25.933025360107422,26.284818257849103,25.77471813675345,25.780580932345597,26057700
2018-05-01,25.62520980834961,25.801105444995063,25.314458110390166,25.701431194979936,20873100
2018-05-02,25.311521530151367,25.57829631990095,25.258751341976946,25.543117871932047,18249000
2018-05-03,25.279272079467773,25.296860463625425,24.95386264908242,25.26754481254873,20628300
2018-05-04,25.660381317138672,25.827483552567866,25.024221941010666,25.211846474770844,20914500
2018-05-07,25.056468963623047,25.651587077493943,24.99783598432066,25.648654841410615,32350800
2018-05-08,25.1356201171875,25.16786800104377,24.89522878364491,25.07112434947496,19654200
2018-05-09,24.349958419799805,24.531718529992975,24.03920672254016,24.20337844334517,96795600
2018-05-10,24.394207000732422,24.712814431775975,24.193600946479897,24.379456828633543,47572800
2018-05-11,24.597763061523438,24.639064557883493,24.17590272084654,24.394207977529742,29804400
2018-05-14,24.89571762084961,25.01372067628833,24.67741239030019,24.748214223563423,28497600
2018-05-15,24.93407440185547,25.040278021326724,24.721668850962224,24.7983721214884,27968700
2018-05-16,25.40903663635254,25.40903663635254,24.99897741017499,25.037328200189474,41200800
2018-05-17,24.92522430419922,25.839748576600037,24.73641938024804,25.67749329004876,89162100
2018-05-18,24.674470901489258,24.91047878860925,24.630220372182098,24.85147639481688,36129300
2018-05-21,24.931123733520508,24.939974175229466,24.727568638361937,24.82197109919195,32147100
2018-05-22,24.594812393188477,25.019623415181737,24.57121009280657,24.928171675409878,24201900
2018-05-23,24.488611221313477,24.49156024311685,24.240803923226867,24.470910338296765,28197600
2018-05-24,24.441408157348633,24.485660361568755,24.12574974879072,24.485660361568755,25728600
2018-05-25,24.326358795166016,24.585965569015265,24.285057295495882,24.441411164194392,17740500
2018-05-29,24.308656692504883,24.3440567704121,24.134601948667527,24.178852468063827,25284600
2018-05-30,24.81607437133789,24.848525432182488,24.26735873530566,24.323410414214568,27942300
2018-05-31,24.34995460510254,24.87211879593606,24.34110416430294,24.76296617282263,34406100
2018-06-01,24.482711791992188,24.609565308429925,24.441410293792874,24.497461965338555,15713700
2018-06-04,25.1995792388916,25.22907958389432,24.574162134149585,24.63316282415502,32766000
2018-06-05,24.96357536315918,25.21433169448569,24.854421038277216,25.20843196256075,24844200
2018-06-06,24.945873260498047,25.11992800414856,24.883921858190085,25.060927311683493,22088400
2018-06-07,25.060928344726562,25.299883522328855,24.984225078091423,25.010776403624646,23117100
2018-06-08,24.886865615844727,25.131722134881695,24.82196352182438,25.0107683858482,22807200
2018-06-11,24.86916732788086,24.939969159263594,24.71871322518645,24.901618378270715,18756900
2018-06-12,24.810169219970703,24.954723616895834,24.624315013680484,24.87507133190028,24185100
2018-06-13,24.807218551635742,24.88981985293246,24.736416712788987,24.74821617523895,19075200
2018-06-14,24.718721389770508,25.019629694549224,24.68331961836154,24.84557492390368,22552200
2018-06-15,24.692163467407227,24.777717162782807,24.503358571776282,24.633161093498096,37509000
2018-06-18,24.48566246032715,24.653815786629696,24.432559810711375,24.500410945599352,25506900
2018-06-19,24.66561508178711,24.668564103399955,24.299804733971882,24.367655863753395,28057500
2018-06-20,24.66561508178711,24.727566480293927,24.532860155787915,24.695115426209593,23899800
2018-06-21,24.842622756958008,24.942924956653247,24.456162444666855,24.603665878106824,24276000
2018-06-22,25.022573471069336,25.03142391206617,24.81016795129234,24.916371555205345,32439000
2018-06-25,25.509340286254883,25.547691075917285,24.922273913297854,24.95472497102355,47818500
2018-06-26,25.364778518676758,25.680436874326503,25.29987642206495,25.52703207215757,30378600
2018-06-27,25.633235931396484,25.810241344409423,25.23792530530981,25.341178181559236,30899100
2018-06-28,25.329383850097656,25.751244191927437,25.27923191237703,25.621441659075607,25401000
2018-06-29,25.267433166503906,25.42968845807468,25.22908237614606,25.34118572522237,24766800
2018-07-02,24.780668258666992,25.35298441249428,24.603662810171173,25.267430709956898,24375300
2018-07-03,24.910472869873047,25.09042734290088,24.807219971306438,24.807219971306438,13188600
2018-07-05,24.948822021484375,25.246779546476102,24.860319301650986,25.057974644457662,16102500
2018-07-06,24.931123733520508,25.03732734597885,24.727568638361937,24.839671982609865,16841100
2018-07-09,25.350034713745117,25.509339286134928,25.00782495409475,25.07567608882972,19726200
2018-07-10,25.72764015197754,25.763041912254145,25.335280207855263,25.3500303786209,18145200
2018-07-11,25.527040481567383,25.709945683160516,25.485740668344146,25.683396044381183,16787700
2018-07-12,25.524089813232422,25.786647290327398,25.435587084228043,25.647992621009067,14665800
2018-07-13,25.87220001220703,25.957752033617183,25.51818908657314,25.524090506569785,19165800
2018-07-16,25.854494094848633,25.87809470609294,25.615537272981683,25.848594364049774,13341600
2018-07-17,26.016754150390625,26.16720828582709,25.783697016340373,25.783697016340373,17734500
2018-07-18,25.98134994506836,26.311758532421983,25.942999159328085,26.058051516548908,15136500
2018-07-19,25.878101348876953,26.102308057275103,25.786649589848356,25.919402851168606,14649300
2018-07-20,25.978395462036133,26.01084651172957,25.72469017106257,25.783690851924263,14445300
2018-07-23,25.851543426513672,26.004948243869936,25.77779257128853,25.85744484537078,12450000
2018-07-24,25.948896408081055,26.108200955183552,25.84564352340532,25.996097630330027,16768500
2018-07-25,25.931198120117188,25.966599884367533,25.698142694982213,25.74534392194998,17427300
2018-07-26,26.028553009033203,26.382562234756627,26.013802835634205,26.108205295827116,19644900
2018-07-27,25.999052047729492,26.220308019583232,25.969550013579653,26.149506176112002,14038200
2018-07-30,26.22031021118164,26.238011095541236,25.928252371445303,25.960701742038903,18032100
2018-07-31,26.32355499267578,26.450408478008935,26.19670150734263,26.25570387430981,20124300
2018-08-01,26.031503677368164,26.294059464329766,25.925300065796144,26.214408865712173,15150000
2018-08-02,26.18490219116211,26.20850280199082,25.8485939088652,25.942996352180042,12918300
2018-08-03,26.432714462280273,26.633318848347763,26.255710691517738,26.311760675823976,17241600
2018-08-06,26.45336151123047,26.544814940692767,26.294056953111415,26.347159597850418,13954800
2018-08-07,26.482864379882812,26.65692081461108,26.44746430139762,26.500565263149976,13580100
2018-08-08,26.56546401977539,26.61856666286715,26.364859661591833,26.54186340775092,15123300
2018-08-09,26.41116714477539,26.595134628797272,26.336986242129413,26.544691411255624,14183700
2018-08-10,26.758337020874023,26.81471424880467,26.304353047234745,26.319190589619506,24734700
2018-08-13,26.598106384277344,26.865156671376333,26.51799316578652,26.76427191288304,17637600
2018-08-14,26.957134246826172,27.037249147309225,26.595134968820155,26.59810111833789,17510400
2018-08-15,26.770212173461914,26.82658941288747,26.607014454636904,26.77911232371244,25850700
2018-08-16,29.268600463867188,29.73445071733189,29.05199170932408,29.704779029467247,127893900
2018-08-17,29.0341854095459,29.574214771006123,28.96297065683078,29.010446026738755,49389900
2018-08-20,28.485254287719727,29.16474543079562,28.470418444158668,28.980779612355718,38037900
2018-08-21,28.50899314880371,28.59207251292992,28.295352251476793,28.473385766631417,31593900
2018-08-22,28.387331008911133,28.737462292435232,28.256774588357423,28.544592962189846,23297100
2018-08-23,28.241943359375,28.44371286895945,28.206335976593355,28.33689241846798,18289200
2018-08-24,28.173696517944336,28.38436957164808,27.995664697114456,28.215237898684247,25782900
2018-08-27,28.052038192749023,28.369531674248456,27.977858980212403,28.265677380990503,21120900
2018-08-28,28.50602149963379,28.589104248387507,28.049069777194763,28.12028283418943,29949000
2018-08-29,28.378429412841797,28.731530244671934,28.345789882954637,28.56833259523614,23588400
2018-08-30,28.514921188354492,28.63361131262668,28.32205355658184,28.336887699799387,21176100
2018-08-31,28.443708419799805,28.615807913235546,28.22116740578473,28.541625311426262,18974100
2018-09-04,28.29534912109375,28.565365513898517,28.259743440714026,28.42590554629039,24842100
2018-09-05,28.669221878051758,28.731533096620307,28.295351170933742,28.387334074943812,28423800
2018-09-06,28.6187801361084,28.698895049230746,28.488221996841332,28.642516127407735,18452400
2018-09-07,28.434810638427734,28.627679997559945,28.378433415022112,28.4259087928528,20017200
2018-09-10,28.752300262451172,28.83835086387432,28.511955543689908,28.517891238859306,24997800
2018-09-11,28.675153732299805,28.97780967309157,28.630646204828864,28.862087385101773,19390500
2018-09-12,28.476346969604492,28.70482197267412,28.464478976177745,28.562395864434368,17700000
2018-09-13,28.22413444519043,28.37249455100227,28.161823234706517,28.283477808373906,22958700
2018-09-14,28.06687355041504,28.141052757182916,27.99566049320595,28.049069861649464,18958200
2018-09-17,28.13511848449707,28.33095566329283,28.001594215770176,28.11434694852305,15989400
2018-09-18,28.316120147705078,28.363595522105154,27.936317152504447,28.02830175156292,20279400
2018-09-19,28.259746551513672,28.452614211995407,28.152926102909348,28.35766345672642,17025300
2018-09-20,28.41107749938965,28.422945496111964,28.173698888553705,28.292387345044872,16656900
2018-09-21,28.455581665039062,28.57130395757616,28.375466754160577,28.461515662697696,28590300
2018-09-24,28.164794921875,28.48525457920416,28.14699292813164,28.319090752625126,16011000
2018-09-25,28.21820640563965,28.639549127181578,28.185566869856885,28.482288841975226,18579600
2018-09-26,28.06687355041504,28.36359377319297,28.046102014237466,28.218201509216005,17755800
2018-09-27,27.930391311645508,28.17667010049807,27.838406685724877,27.94819500670806,16090200
2018-09-28,27.86510467529297,28.001596804019044,27.799825609660495,27.974891268663935,18918900
2018-10-01,28.010507583618164,28.087654668780417,27.903687105978673,27.977868040390927,14982900
2018-10-02,28.23303985595703,28.36953198551667,27.847301155120945,27.87103884296378,23263800
2018-10-03,27.91257667541504,28.348756846350792,27.903674831373106,28.3368871550105,18982200
2018-10-04,27.954120635986328,28.04016953921952,27.65443254953005,27.912579259229624,18135900
2018-10-05,27.68706512451172,27.94818133003962,27.562442715766476,27.850262752966657,20080200
2018-10-08,28.096546173095703,28.167759232687235,27.601020905613012,27.669266117693255,17287800
2018-10-09,28.805713653564453,29.00155086145936,28.244909264587957,28.37843355315502,34796700
2018-10-10,28.414033889770508,29.034183196471876,28.39623020294878,28.663280411715636,27008400
2018-10-11,27.868074417114258,28.57130494858312,27.773123659869086,28.42887711486189,29779500
2018-10-12,28.132158279418945,28.238978742130932,27.793896593562692,28.11732243418049,25661700
2018-10-15,27.838401794433594,28.18556699574009,27.838401794433594,28.040173008031786,24916500
2018-10-16,28.428876876831055,28.506025639836903,27.992696627156423,28.099517077089583,33725100
2018-10-17,28.651412963867188,28.669216651027448,28.15885390693398,28.24193664844649,28618200
2018-10-18,28.535696029663086,28.856155667042504,28.40810574425116,28.60393954821111,34195200
2018-10-19,28.826478958129883,28.97484077335257,28.48525119753623,28.48525119753623,26852100
2018-10-22,28.82351303100586,28.95407115006283,28.704822905761418,28.882856395774887,21368700
2018-10-23,29.019350051879883,29.075728971266358,28.517892451357184,28.633614742134252,28217400
2018-10-24,28.948139190673828,29.425860809262144,28.865056431852636,28.930335499804514,31094100
2018-10-25,29.4288272857666,29.517842340258625,28.781972331913906,29.081660423551718,32211300
2018-10-26,29.357608795166016,29.57421410433012,29.08462457542231,29.319036968070087,44776800
2018-10-29,29.612791061401367,30.185463368240303,29.40211803868755,29.5267404647219,38118300
2018-10-30,30.390201568603516,30.443612636597262,29.689938968204856,29.734446493679716,38125500
2018-10-31,29.755216598510742,30.41097164187552,29.7077412278144,30.41097164187552,37064700
2018-11-01,29.844242095947266,30.019304383299367,29.58906149366741,29.660272868692836,23205300
2018-11-02,30.069744110107422,30.137991024824085,29.764123709155633,29.933253676380872,21909600
2018-11-05,30.535598754882812,30.61274581964865,29.85907207178504,30.025237592593683,22850400
2018-11-06,30.66021156311035,30.692851087451736,30.280408658560287,30.4258025946532,19106100
2018-11-07,30.953977584838867,30.99848511583478,30.57713900604347,30.758140373608516,26017800
2018-11-08,31.120134353637695,31.232888783500027,30.867921659055714,30.95694010142406,17884200
2018-11-09,31.32190704345703,31.422790083278485,31.099366032391735,31.1557415491414,25351200
2018-11-12,30.820449829101562,31.514776780809086,30.75517076243412,31.3041071336988,26829300
2018-11-13,30.544498443603516,30.90353331878454,30.425811698272607,30.761107186963354,23870100
2018-11-14,30.12611961364746,30.606805622758,29.971822111100973,30.562298099135628,31445700
2018-11-15,29.53564453125,30.502955669603192,29.262660290673473,30.360529552220633,48247800
2018-11-16,28.986709594726562,29.500038569734045,28.758236263871048,29.322005065529062,42705600
2018-11-19,28.716693878173828,29.152875804163884,28.612842979056236,29.06089290008981,27643200
2018-11-20,27.93928337097168,28.247873286578447,27.773119570260345,28.182594226121402,37861800
2018-11-21,27.94225311279297,28.164794158158582,27.687072533002702,27.998630336085245,28052700
2018-11-23,28.21820640563965,28.351730698844175,27.93038627944874,27.93038627944874,14670000
2018-11-26,28.23303985595703,28.50602411507631,28.111383569067492,28.393269673359505,30103800
2018-11-27,28.20040512084961,28.348765270645412,28.01346973612447,28.185569275655396,27126900
2018-11-28,28.9184627532959,28.965938122578486,28.20336266892887,28.322052789988472,30212400
2018-11-29,28.868022918701172,29.02825273326452,28.704825256515047,28.787908011419496,18723900
2018-11-30,28.97484016418457,29.206284726894324,28.802742363740112,28.90066095598605,31992000
2018-12-03,29.301231384277344,29.550476205620992,28.980771816432075,29.084622693423256,27246300
2018-12-04,28.428876876831055,29.363550295722508,28.369533502976424,29.152877243690295,31278900
2018-12-06,28.27373695373535,28.464674743184194,27.775507592443223,28.324455444227137,31101600
2018-12-07,27.8023624420166,28.381142264088474,27.5815910212962,28.19318849354847,25489500
2018-12-10,28.026123046875,28.11860963447079,27.548778424183915,27.91275327220611,21830700
2018-12-11,27.999263763427734,28.19020326501135,27.820258727557455,28.118601592086947,19357500
2018-12-12,27.778491973876953,28.13351629028767,27.76357517228441,28.13351629028767,28917600
2018-12-13,27.73374366760254,27.94854869960197,27.575621803096368,27.82026044053828,24126900
2018-12-14,27.402587890625,27.614408902790853,27.319051737553025,27.462255108145982,34480800
2018-12-17,27.080371856689453,27.45031464717159,26.898384504334892,27.214626472688444,27005400
2018-12-18,27.172863006591797,27.226563837808683,26.934189041710724,27.089326862815625,28820100
2018-12-19,27.014741897583008,27.745677201150425,26.925239371639428,27.235515022526325,36694500
2018-12-20,26.039165496826172,26.88347047324632,25.699057978821546,26.88347047324632,49121400
2018-12-21,25.994415283203125,26.692532876402073,25.895962342502127,25.91684723077609,44764500
2018-12-24,25.60358428955078,26.125680788047713,25.59164982612772,25.818389267101978,18330900
2018-12-26,26.972970962524414,26.975953298375497,25.7467904911808,25.782592178341034,30084900
2018-12-27,27.325016021728516,27.330982401226407,26.38524211250734,26.776069844194716,29644500
2018-12-28,27.486116409301758,27.88589453322834,27.342913069590058,27.468217272176645,29622000
2018-12-31,27.790420532226562,27.862022193320445,27.521914729904072,27.6472172100388,21017400
2019-01-02,27.847108840942383,27.939595398252358,27.339930772194297,27.339930772194297,24458100
2019-01-03,27.703907012939453,28.255837222480608,27.656172563696494,27.808326334048243,24831900
2019-01-04,27.876943588256836,27.942577170721517,27.65318816076417,27.808324255649605,24087300
2019-01-07,28.205116271972656,28.393071716435973,27.799373488767166,27.93064406630462,23369100
2019-01-08,28.402029037475586,28.569099635849554,28.017169340337425,28.360260961102387,21602700
2019-01-09,28.309541702270508,28.682466921688636,28.273741714280334,28.554182066531627,18816900
2019-01-10,28.330419540405273,28.336385919065137,27.781473439975816,28.008211193115763,28188900
2019-01-11,28.294628143310547,28.428881101128336,28.20810964636659,28.33938026732913,16183800
2019-01-14,28.327438354492188,28.47660978586197,28.127550138720984,28.187219052692605,21255300
2019-01-15,28.715282440185547,28.819703474123983,28.455726998400596,28.482578267737793,21174600
2019-01-16,28.745119094848633,28.89727116447038,28.58997956761718,28.619814879985675,16230000
2019-01-17,28.861465454101562,29.001684744948122,28.688428519201892,28.73616296380307,16843500
2019-01-18,29.15682601928711,29.297045318639633,28.894284850936,28.9241184538419,18361800
2019-01-22,29.085227966308594,29.365670030598427,28.873405249808446,28.98379096646624,24189600
2019-01-23,29.449199676513672,29.640140895651985,29.097157671947706,29.496937541976198,25037400
2019-01-24,29.34478187561035,29.374615480660864,28.768984421118628,29.29704742468208,22829100
2019-01-25,28.92113494873047,29.50886854531622,28.86445178500217,29.461134096931364,21654600
2019-01-28,28.956941604614258,28.959925648319516,28.664570192014303,28.798821430612072,17627400
2019-01-29,28.852523803710938,28.98677504151359,28.79285317267213,28.870424651598817,15760200
2019-01-30,28.282684326171875,28.879364853857084,28.121580156917293,28.843563168636816,35547900
2019-01-31,28.58997344970703,28.90024902353743,28.231965141962267,28.231965141962267,44169000
2019-02-01,28.00225257873535,28.640701364561014,27.778497099324717,28.616834136185464,37775700
2019-02-04,28.27373695373535,28.27373695373535,27.85009330661611,28.002247070972967,21805800
2019-02-05,28.521366119384766,28.622801416390235,28.348327427882634,28.416946778568974,18299700
2019-02-06,28.53329086303711,28.643678260456635,28.407988372113504,28.470639617575305,12794700
2019-02-07,28.858478546142578,28.885331515852634,28.342351835640393,28.375167769317216,21030300
2019-02-08,28.515390396118164,28.846547451570725,28.38411982537553,28.742129852085135,18507600
2019-02-11,28.70036506652832,28.74511888831883,28.533294488363392,28.53627853171439,16628400
2019-02-12,28.930086135864258,28.9897533408423,28.789866838471085,28.885335732130727,17643900
2019-02-13,29.219478607177734,29.237379452588954,28.965889556620237,29.02854080844093,16375500
2019-02-14,29.392518997192383,29.595389578511377,28.94500805229861,29.14191396060789,21602400
2019-02-15,29.831079483032227,29.83406011224421,29.49395427224142,29.52975255092142,28443000
2019-02-19,30.490407943725586,31.081122186131577,30.451625623814078,30.54411048003055,62091900
2019-02-20,29.798255920410156,30.532176906719002,29.43129713437427,30.374056759537748,52895400
2019-02-21,29.652082443237305,29.81020264639511,29.508879047118633,29.732634566943947,19239600
2019-02-22,29.699810028076172,29.881795714640784,29.57748814160755,29.780362133121365,24260700
2019-02-25,29.571517944335938,29.872841417513488,29.55063305752582,29.86985737450678,27705000
2019-02-26,29.4432315826416,29.553617274883134,29.198591268200893,29.54168451702275,25464300
2019-02-27,29.27020263671875,29.3537353787888,29.11506308522193,29.273186680557924,23706900
2019-02-28,29.532733917236328,29.67593726168704,29.168759176870395,29.270196159528542,34127700
2019-03-01,29.216501235961914,29.702797973681808,28.974844889080057,29.67594499231409,31057500
2019-03-04,29.192625045776367,29.413396418532813,29.049421716347595,29.27317713196985,23051400
2019-03-05,29.33881187438965,29.59240091500819,29.264227866630375,29.276160625024453,18357900
2019-03-06,29.314939498901367,29.535710841605432,29.1956017001705,29.317923541360976,14089800
2019-03-07,29.073287963867188,29.297043385131307,29.010636719052176,29.15085600915069,18379800
2019-03-08,29.11505699157715,29.362681364834923,28.939035998522083,29.103124232955725,16977000
2019-03-11,29.380584716796875,29.41041832301454,29.18367881867542,29.249314118049238,16035900
2019-03-12,29.347763061523438,29.45814875515755,29.252294168962212,29.395497507804052,15211500
2019-03-13,29.544666290283203,29.64013859957522,29.353728500173172,29.446216766325282,16446900
2019-03-14,29.46068572998047,29.523674089928146,29.27171721752926,29.517673890844303,14777400
2019-03-15,29.520668029785156,29.547662054995673,29.27471140613191,29.47867350989382,43800000
2019-03-18,29.892602920532227,29.92559714535088,29.472678295171725,29.484675258940058,17310300
2019-03-19,29.94959259033203,30.14155775078218,29.865606974483132,29.991587114560396,16243200
2019-03-20,29.5866641998291,29.85961491994923,29.55667006785217,29.754632025421593,18969300
2019-03-21,29.712636947631836,29.73363077763887,29.424689200089347,29.469680392028877,19653000
2019-03-22,29.478681564331055,29.853615083822305,29.376702200890097,29.56866739396533,20124300
2019-03-25,29.4456787109375,29.580655699565273,29.283707697627136,29.33469908072224,16222200
2019-03-26,29.490680694580078,29.64965164871809,29.403694968444057,29.502677660479034,14837700
2019-03-27,29.157737731933594,29.652651182667096,28.49485989660242,29.43668863756446,25413600
2019-03-28,29.133739471435547,29.355698750086862,28.95377128269394,29.271713137659752,24162900
2019-03-29,29.25372314453125,29.29571767733996,29.106752577526372,29.27172031107662,22319700
2019-04-01,29.34070587158203,29.50267692128866,29.262720446280355,29.385697067032055,25517400
2019-04-02,29.076751708984375,29.487679527778333,29.064754743519597,29.322708380357103,18822000
2019-04-03,29.1517391204834,29.214727477025296,29.03175917355103,29.13074185743344,17062500
2019-04-04,29.427696228027344,29.478684197998952,29.16674244768658,29.16974254771049,12078900
2019-04-05,29.64365577697754,29.754635451112776,29.44269369655171,29.469687731917137,13968000
2019-04-08,29.763639450073242,29.769636218339247,29.472691494591576,29.529679672469193,16267200
2019-04-09,29.601655960083008,29.763626989813815,29.439684930352204,29.634650185865496,13102500
2019-04-10,29.874610900878906,29.910605230987244,29.544668595899555,29.54766869550996,12273300
2019-04-11,30.234542846679688,30.24354314519611,29.83561542765486,29.90460398584825,16820700
2019-04-12,30.46249771118164,30.600474806545616,30.294529923156823,30.294529923156823,15486000
2019-04-15,30.72344970703125,30.867423559919647,30.372513655153746,30.384510618075925,15335700
2019-04-16,30.873428344726562,31.011402020349703,30.756448499184557,30.861427947414,14485200
2019-04-17,30.942411422729492,31.01440007141888,30.717452044486713,30.89442013447247,11187600
2019-04-18,30.948423385620117,31.134388411080323,30.861437640821922,30.927426116335933,11183400
2019-04-22,30.70545196533203,31.056388010569083,30.645463719248827,30.828428556324077,15238200
2019-04-23,30.915416717529297,30.981405166510964,30.576477608036026,30.753445694139323,15152400
2019-04-24,31.05339241027832,31.149378423566713,30.921418936298465,30.93641599999181,14093400
2019-04-25,31.050399780273438,31.239364866940324,30.843437528313277,30.96641415310761,11883300
2019-04-26,30.453508377075195,30.696464970956143,29.892609857600096,30.129566251900602,24323100
2019-04-29,30.46249771118164,30.594474608448884,30.2285414745232,30.558480285083707,19139100
2019-04-30,30.84642791748047,30.87042527719031,30.429503398762503,30.525485972386672,18400800
2019-05-01,30.402511596679688,30.837433308844307,30.378514235214347,30.825436344415564,16011600
2019-05-02,30.33953285217285,30.612483616874208,30.066582087471495,30.423518494990716,15021000
2019-05-03,30.61847496032715,30.819436992307192,30.534489341803695,30.69046018148444,15950700
2019-05-06,30.73244857788086,30.759446036977952,30.156553128721658,30.219541478935465,13841100
2019-05-07,30.384525299072266,30.64547910620826,30.22255420723676,30.53449942218898,13726800
2019-05-08,30.084579467773438,30.306538828303754,29.952602518503856,30.06958239922998,17646000
2019-05-09,30.01521873474121,30.135832600374272,29.80715705584976,29.933802995101686,18720300
2019-05-10,30.729867935180664,30.79017486861282,30.063465278057528,30.08155804825579,26228100
2019-05-13,30.120752334594727,30.500693558633852,29.855399790816847,30.289615867688255,22084500
2019-05-14,30.24137306213379,30.416265237104813,30.12075574614235,30.19614286270313,19061100
2019-05-15,30.11774253845215,30.26248471157542,29.89158806921204,30.214238470815445,20220900
2019-05-16,30.548946380615234,31.348023671655536,30.407223694202493,31.007287397181017,51366000
2019-05-17,30.41324806213379,30.741927043880317,30.12678669228369,30.22629519781298,37113900
2019-05-20,30.61227035522461,30.750977009056307,30.229316450452405,30.27153061878984,21582300
2019-05-21,30.49165153503418,30.651463521728044,30.2745417524157,30.609249360228052,20667300
2019-05-22,30.826364517211914,30.88667145868112,30.473564078436105,30.63639558107779,22022700
2019-05-23,30.714794158935547,30.735899517162913,30.349929584688375,30.70273001041317,19363800
2019-05-24,30.959028244018555,31.0253672367136,30.781123519226615,30.811276979389394,13449600
2019-05-28,30.883651733398438,31.23042350712291,30.877619659634437,30.925869348060193,30815100
2019-05-29,30.793193817138672,31.02236087601863,30.597192814108002,30.790177780013266,19560600
2019-05-30,30.81429100036621,31.206292902430313,30.729862688313847,30.904754835911568,15058800
2019-05-31,30.5881290435791,30.763024598883455,30.33483726820837,30.560991625029846,17782500
2019-06-03,30.74494743347168,30.962053793689325,30.576083863663843,30.64543891385385,19844100
2019-06-04,30.925867080688477,30.95300450895062,30.5881399915278,30.940943813149985,17894700
2019-06-05,31.48673439025879,31.59528757231951,30.937932954780372,30.983163159735387,20708700
2019-06-06,31.694787979125977,31.86063547234366,31.420387331639695,31.507835132838807,24191100
2019-06-07,31.98125457763672,32.07171843009757,31.676700417845282,31.730978729321794,20428200
2019-06-10,32.421485900878906,32.49988556494096,32.07471775781504,32.10788379378935,18977100
2019-06-11,32.54814529418945,32.858731494942084,32.49085440272034,32.566238062769905,20241900
2019-06-12,32.813499450683594,32.840636876604364,32.54211138810564,32.54211138810564,13905300
2019-06-13,32.76224136352539,33.04267412023452,32.617502655414256,32.86777849511261,16455000
2019-06-14,32.88888168334961,33.045681060973166,32.70494143013713,32.80143388572739,13577700
2019-06-17,32.91603088378906,33.033632184499744,32.644646186709046,32.903970185236176,12441000
2019-06-18,33.06378173828125,33.15725817996565,32.84064331269809,33.10901194062758,14733600
2019-06-19,33.05472946166992,33.12106845682932,32.82857505120558,33.109004311642195,11773800
2019-06-20,33.265811920166016,33.31707419204784,32.95220966625792,33.11504114125057,15004500
2019-06-21,33.510066986083984,33.829701421277505,33.247730366404134,33.27185176669566,39535800
2019-06-24,33.54323196411133,33.8387380269677,33.4799055390243,33.61861563562929,18098400
2019-06-25,33.38642883300781,33.60052259944318,33.28993635388811,33.434675072567664,18315000
2019-06-26,33.21755599975586,33.49497263370288,33.19946323549389,33.42561761250564,12485100
2019-06-27,33.1994743347168,33.323104239189874,32.82556513359551,33.187413638124006,16443900
2019-06-28,33.317073822021484,33.624640548210664,33.241686707979554,33.33516314051493,19520100
2019-07-01,33.35626220703125,33.76334077113109,33.17533801733778,33.561307781568175,16544100
2019-07-02,33.65177917480469,33.654795211299316,33.27183794586254,33.41959267651545,12188700
2019-07-03,33.86888122558594,33.89300606366233,33.47085072948446,33.52512902702467,9621900
2019-07-05,33.76637268066406,33.84477239452417,33.53418612547399,33.77240130428806,10738200
2019-07-08,33.98950958251953,34.05283255818228,33.6819393646533,33.748278377413016,14147100
2019-07-09,34.037742614746094,34.18850990265333,33.95331086301283,34.04075865067264,16270200
2019-07-10,34.06789779663086,34.25786665951422,33.88998962722211,34.11011540005529,13737000
2019-07-11,34.351356506347656,34.35738858086496,34.07997181740921,34.176464304624815,11689800
2019-07-12,34.55638885498047,34.6076511109625,34.260879462266544,34.402602087034374,11229900
2019-07-15,34.67097854614258,34.70113200630675,34.51116313676709,34.577498678622874,10038000
2019-07-16,34.604637145996094,34.82475946038599,34.387527416739175,34.77651323731135,10464600
2019-07-17,34.55638885498047,34.728264936010234,34.43577157909087,34.619711803298905,8065500
2019-07-18,34.59257888793945,34.61066820337895,34.29706945674034,34.48100970490353,9670800
2019-07-19,34.345314025878906,34.770485385879134,34.333253332553795,34.67700552279357,11388900
2019-07-22,34.019657135009766,34.4779980704179,33.868886363974404,34.40562699605124,13550700
2019-07-23,33.799537658691406,34.134245279066675,33.642734801142595,34.110123886116426,17262600
2019-07-24,33.772396087646484,34.01061468050772,33.64273411337125,33.781444197950144,12531900
2019-07-25,33.83873748779297,33.8899997639457,33.66987737611464,33.82667679071093,11554500
2019-07-26,34.07996368408203,34.1764561482693,33.718118668801125,33.80857905991067,14187000
2019-07-29,33.85382080078125,34.06791460709845,33.70003739328105,34.02570043368606,11239800
2019-07-30,33.79048538208008,33.89300991658572,33.67288411612862,33.79048538208008,9105600
2019-07-31,33.28390121459961,33.87492018291043,33.05774677181276,33.74525821035682,18633900
2019-08-01,32.982357025146484,33.823651673227424,32.9642642589591,33.26580576095918,22365000
2019-08-02,32.98839569091797,33.211534100424196,32.61147046350254,33.09092023619077,16970100
2019-08-05,31.908884048461914,32.56623854604019,31.839529009681456,32.56623854604019,22710000
2019-08-06,32.34611892700195,32.51799506937311,31.839531708815205,32.020455961799264,21049200
2019-08-07,32.62653350830078,32.759211463967844,31.93902579841748,32.27071723674359,21835500
2019-08-08,32.88412094116211,32.981088403300404,32.6568532350361,32.72958056555482,13123200
2019-08-09,32.508384704589844,32.86595280370138,32.33566242437989,32.744745159436555,12580500
2019-08-12,31.884140014648438,32.3750390243129,31.76899073579519,32.33867536407934,17605200
2019-08-13,32.547760009765625,32.75987672954192,31.77202044844858,31.893228020989678,20025900
2019-08-14,32.18110656738281,32.74472947242877,31.859898834732753,31.962928057264826,27938400
2019-08-15,34.14772415161133,34.43559908298615,33.38107720982201,34.09924042718803,59438700
2019-08-16,34.2386360168457,34.82650252252219,33.956822829116824,34.568932932841825,32895600
2019-08-19,34.48711013793945,34.78103986936697,34.423475472928125,34.65074312449119,21534300
2019-08-20,33.953792572021484,34.55681003716233,33.94167250668862,34.50226800924949,18336900
2019-08-21,33.94469451904297,34.565893653756966,33.90226909972039,34.538619179098475,24469200
2019-08-22,33.9113655090332,34.178027713228346,33.74167421640575,33.99924377209642,17986200
2019-08-23,33.5841064453125,33.91137250237694,33.371989684912585,33.823497689021146,18710100
2019-08-26,33.93561935424805,34.0204632922745,33.70228985509936,33.80531909562768,17807100
2019-08-27,34.06591033935547,34.18409051066411,33.79015891818849,34.06591033935547,17201100
2019-08-28,34.156822204589844,34.26590973484377,33.84167621206399,34.0234910743739,16113000
2019-08-29,34.56892776489258,34.723468108465575,34.33559834031298,34.605287954784934,15811500
2019-08-30,34.62347412109375,34.962860210743784,34.51438660209224,34.84771092541953,17115900
2019-09-03,34.73862075805664,34.94164830043404,34.39014551331883,34.44771841767693,17828100
2019-09-04,35.12344741821289,35.13859835975335,34.79315411836823,35.05678188830356,17348700
2019-09-05,34.98103713989258,35.74465660155447,34.92952253685723,35.656778341337784,17479200
2019-09-06,34.76588439941406,35.07496850402934,34.73255509773383,34.98103196007823,13039200
2019-09-09,35.2507209777832,35.335564865193575,34.66588213693888,34.69618748853209,17921100
2019-09-10,35.16588592529297,35.44163732541879,34.993160272445564,35.14770409510748,14572200
2019-09-11,35.15678787231445,35.36284627085698,34.914369286819415,35.150729575070194,15852300
2019-09-12,35.42952346801758,35.47497978980866,35.12043920612278,35.34770694375629,13422900
2019-09-13,35.58406448364258,35.81436308666608,35.438613281916716,35.50224796593239,16915800
2019-09-16,35.02043533325195,35.505272586818734,34.96285895873676,35.31436856844486,18270900
2019-09-17,35.305274963378906,35.359820453364414,34.9234669369688,34.944676182105255,13813500
2019-09-18,35.50224685668945,35.523459573308635,35.20528269534126,35.42649210852107,11868000
2019-09-19,35.48709487915039,35.69921163570785,35.38406565036163,35.57496969091435,10141800
2019-09-20,35.44769287109375,35.647689519774964,35.39315085260197,35.55981472650298,33997200
2019-09-23,35.641632080078125,35.881019807007426,35.32042438778298,35.33557533415423,15487500
2019-09-24,35.87799072265625,36.32040600809879,35.75981056077286,35.83253788126403,21819300
2019-09-25,35.89921188354492,35.97496663702517,35.69921517296066,35.89921188354492,13840800
2019-09-26,35.847686767578125,36.22646389190096,35.81435399224083,35.999196230175535,11960700
2019-09-27,35.89314651489258,36.129503402734926,35.68102975859971,36.12344510376255,10304100
2019-09-30,35.96283721923828,36.19313230350465,35.926473559890646,35.95980633632107,10204200
2019-10-01,35.711326599121094,36.09313809350391,35.67193552397469,36.01435247538161,11187900
2019-10-02,35.187095642089844,35.62041824315055,35.03255183258826,35.57496193764294,17833500
2019-10-03,35.244659423828125,35.39314142942315,34.720427815219395,35.114359242165996,15619500
2019-10-04,35.805267333984375,35.847692764872846,35.208311628689955,35.27194630719276,13881000
2019-10-07,35.52345275878906,35.847687873713326,35.41739266386892,35.787084086804335,14085000
2019-10-08,35.62950897216797,35.95980584907965,35.35072670066253,35.39618300814587,15375300
2019-10-09,36.03859329223633,36.1507116895334,35.76284188962362,35.81132561461234,11710200
2019-10-10,36.24464797973633,36.32646448176944,35.93859468482122,36.029500368044886,13024500
2019-10-11,36.4355583190918,36.57797862110452,35.97496116519639,36.338587394423996,18383700
2019-10-14,36.1113166809082,36.50221735881537,36.0901074356315,36.31737511032965,13719900
2019-10-15,36.22039794921875,36.35978731895394,36.02040133940738,36.159794176971154,13550100
2019-10-16,36.18707275390625,36.39615858617942,36.09010531088596,36.15373997862869,11344800
2019-10-17,36.31434631347656,36.43858478060107,36.168895132027245,36.26283170316186,11732700
2019-10-18,36.102237701416016,36.54465311169483,36.09920681756874,36.499200257477185,16776900
2019-10-21,36.2840576171875,36.31132863993333,36.005275217701225,36.150726452063935,10230300
2019-10-22,36.235565185546875,36.4143491683301,36.17798880175966,36.28707980225224,7634100
2019-10-23,36.16586685180664,36.31737981049057,35.96587016248345,36.111321354401234,8520000
2019-10-24,36.09012222290039,36.23254257135735,35.9113381993133,36.10527317623279,8700900
2019-10-25,36.071922302246094,36.15980056178483,35.81738363959888,36.05980223922222,7692900
2019-10-28,36.12647247314453,36.27192365178333,35.91738315276097,36.13556165463399,10213800
2019-10-29,35.49920654296875,35.97798544056536,35.47799729981381,35.90828901006699,14373300
2019-10-30,35.78708267211914,35.86889916834378,35.46890586776585,35.50830040839705,8988600
2019-10-31,35.532535552978516,35.84161966561991,35.40223535384706,35.73556305759209,14643900
2019-11-01,35.641632080078125,35.74768870467691,35.523451924118866,35.732537758305654,11287800
2019-11-04,35.62647247314453,36.093131263283524,35.50526491984108,35.87798369477531,13938000
2019-11-05,36.01737594604492,36.1022233208189,35.47799674231766,35.65980808676733,12651300
2019-11-06,36.21131134033203,36.24767499687507,35.971923625777144,36.00828728232018,10843200
2019-11-07,36.432525634765625,36.641611486496814,36.223439783034436,36.36282919491202,13324200
2019-11-08,36.19313430786133,36.629487840709714,36.041624831904706,36.456765650987315,11498100
2019-11-11,36.071922302246094,36.25070623620764,35.84162376564662,35.96889309697023,13317000
2019-11-12,36.096168518066406,36.36282726310698,36.00222848627755,36.241619688405656,15189300
2019-11-13,36.65979766845703,36.774946964905645,35.956781823778655,36.10829478601737,23135400
2019-11-14,36.559791564941406,37.993090497807664,36.214343748885604,37.75673365597746,67512600
2019-11-15,36.020416259765625,36.66585571791046,35.871934181991975,36.56888825501706,30413100
2019-11-18,36.438575744628906,36.62645230813855,35.82950015704414,35.893134816408846,19644000
2019-11-19,36.329490661621094,36.47191093403249,36.274945178050544,36.39615620781985,11146200
2019-11-20,36.09919357299805,36.508276046527996,35.877987682932954,36.426459551822006,15227700
2019-11-21,36.320396423339844,36.36281837054509,35.95979773469517,36.008281446284855,12908400
2019-11-22,36.168907165527344,36.45374785686344,36.14163614362923,36.4082949977563,11529300
2019-11-25,36.03556823730469,36.36889606790535,35.726484007034124,36.362834300865295,17644500
2019-11-26,36.11737823486328,36.150711011907575,35.893141444472334,36.04768179780168,18877500
2019-11-27,35.9870719909668,36.30221787869415,35.97798281139734,36.17797597238554,10302300
2019-11-29,36.087074279785156,36.353736480909845,36.059803270244416,36.102225225955486,9471900
2019-12-02,36.1446418762207,36.17494376411354,35.70828844847205,36.10525080909153,17012700
2019-12-03,35.959808349609375,36.04768315215169,35.6870878248921,35.87799184541123,19784400
2019-12-04,35.965858459472656,36.12040225125231,35.84768178862632,36.096162127735205,16669800
2019-12-05,36.1180534362793,36.154580198618106,35.74061835334038,36.026740013816045,13058400
2019-12-06,36.458961486816406,36.46505044162237,36.19719216430022,36.24589335259663,13022400
2019-12-09,36.33111572265625,36.483308218975324,36.27632558796941,36.39503580476595,14448000
2019-12-10,36.26416778564453,36.39200800846074,36.22764101244424,36.32808789705263,12846900
2019-12-11,36.2215461730957,36.41939192943843,36.078483595618096,36.34329740776815,10519200
2019-12-12,36.4528694152832,36.55940521497614,36.12413903492674,36.22154140319165,12447000
2019-12-13,36.61419677734375,36.723773575057415,36.22762828300945,36.27024399789736,16098900
2019-12-16,36.69029235839844,36.93684277295815,36.65376559697099,36.65376559697099,16052100
2019-12-17,36.9155387878418,37.04337898286635,36.73899740026579,36.815091925069915,13727400
2019-12-18,36.48332595825195,37.037302594818094,36.4772370014206,36.98555691190632,15309000
2019-12-19,36.5502815246582,36.681162713750176,36.458964611660946,36.50766580413146,13392300
2019-12-20,36.61419677734375,37.17121768107891,36.532013308212605,36.97640945358942,23863200
2019-12-23,36.230690002441406,36.73596548334941,36.224601045021515,36.586817377029384,13457400
2019-12-24,36.37677764892578,36.404174461894,36.22458513075737,36.26111189245918,6682200
2019-12-26,36.379817962646484,36.48026480413853,36.20632108949508,36.407211289095834,12671400
2019-12-27,36.40113830566406,36.50767065436618,36.297646951645824,36.50767065436618,10632000
2019-12-30,36.34330749511719,36.46810672535608,36.26112399554909,36.46506224696746,8837400
2019-12-31,36.1728515625,36.46505875892794,35.975002286783976,36.37374183292886,14736000
2020-01-02,36.20328903198242,36.4924517475596,36.130235491878764,36.1789366908197,20294700
2020-01-03,35.88368225097656,36.15762952184799,35.79236881627559,35.99934802496168,16197600
2020-01-06,35.81062698364258,35.94455612173635,35.542768707455046,35.734528982425445,19336500
2020-01-07,35.47886276245117,35.77107000750506,35.36928591640225,35.691930980726106,20540700
2020-01-08,35.35709762573242,35.53059452091621,35.21099406047666,35.399709859329775,17627400
2020-01-09,35.72236633300781,35.72541081140159,35.33275669984243,35.35406456521394,16691100
2020-01-10,35.424072265625,35.71628299132447,35.302320989686564,35.68584517233986,18164400
2020-01-13,35.27187728881836,35.47581203536144,35.11664374120634,35.424066358362595,18337800
2020-01-14,35.36317825317383,35.372311684154596,35.04357783651267,35.14706915399499,19757400
2020-01-15,35.08924865722656,35.26883455487732,34.85791708001801,34.89139937365043,22362600
2020-01-16,35.277950286865234,35.28708371783891,35.08923451400872,35.156199074282526,16108200
2020-01-17,34.99183654785156,35.399709431349045,34.89443417219198,35.323614913922405,30135000
2020-01-21,35.183589935302734,35.21402773631579,34.85790058772678,34.87920844178914,22061100
2020-01-22,35.338836669921875,35.4697213404908,35.05880394645068,35.07097837354491,14778300
2020-01-23,35.25056457519531,35.40275710718213,35.01619204699341,35.37231929746158,12915300
2020-01-24,34.812255859375,35.3175311934165,34.74529128076157,35.30840124332568,13150200
2020-01-27,35.265785217285156,35.37840651215267,34.29785028030743,34.45308381420604,21055200
2020-01-28,35.49103927612305,35.58235273032904,35.293189975291725,35.30231992735833,15810600
2020-01-29,35.27491760253906,35.64930824283478,35.27491760253906,35.47885232500683,11326500
2020-01-30,35.48493576049805,35.52754799163436,35.10445622397179,35.189684169627974,13744500
2020-01-31,34.84878158569336,35.38753919295073,34.66919571660757,35.247521084255695,23327400
2020-02-03,34.78181076049805,35.12271905440476,34.73006509846709,34.973571022686166,13041300
2020-02-04,35.08620071411133,35.38145237120912,34.97053493692949,35.0770707637426,15696600
2020-02-05,35.55495071411133,35.59756295233161,34.958358478722566,35.18664554191264,17048700
2020-02-06,35.40275573730469,35.68278845263585,35.3266612159477,35.56103373508077,16058700
2020-02-07,35.445377349853516,35.53973527797585,35.23535362863821,35.34188947010652,11068800
2020-02-10,35.08011245727539,35.606692143556735,35.01923335390671,35.232301507236905,18434700
2020-02-11,35.12577819824219,35.15621601605584,34.833570967169145,35.1349081502323,17390400
2020-02-12,35.26273727416992,35.43623415728891,35.128808144486165,35.15620147250929,14206800
2020-02-13,35.746707916259766,35.777145724265274,35.18055702391279,35.26274049888121,15999600
2020-02-14,35.88368225097656,36.0906649430469,35.66148413650698,35.81671767217548,24391800
2020-02-18,36.413307189941406,36.510709572991516,35.72235707577619,36.06022442223075,34539600
2020-02-19,35.81975555419922,36.50766111577266,35.81975555419922,36.37373198283206,21563400
2020-02-20,35.82281494140625,35.95065517300978,35.57017895673929,35.67671132194721,15068700
2020-02-21,36.093711853027344,36.145454046147286,35.70714325995573,35.746714507689845,18726300
2020-02-24,35.40578842163086,36.05716706095586,35.293167174181626,35.75278211014677,19848000
2020-02-25,34.81834411621094,35.63408998773143,34.714852772542876,35.414932872723824,23292900
2020-02-26,34.63267517089844,35.05576708394037,34.593103920016205,34.91270795520071,20019900
2020-02-27,33.603851318359375,34.720937656599745,33.588632414708584,34.26131910290158,28476900
2020-02-28,32.77593994140625,33.03162037829032,31.768433618233853,32.778984419632906,52369200
2020-03-02,35.27187728881836,35.43015531449817,32.657227970111094,32.75158937328994,51222600
2020-03-03,34.36785888671875,35.774108182881854,34.19436195409519,35.3327529144617,33340800
2020-03-04,35.54277038574219,35.56407824509517,34.53830876937695,34.77268477210799,24625200
2020-03-05,35.28404998779297,35.688878466347866,34.67224229477501,34.82138687893917,25638300
2020-03-06,35.68279266357422,35.88977187612124,34.398294697827325,34.66006754563183,29411100
2020-03-09,35.66147994995117,36.71768721422076,34.313065548881646,34.64484044271983,59243400
2020-03-10,36.46202087402344,36.73292025613916,34.97967676054378,35.9476154508528,37797300
2020-03-11,34.83051300048828,36.23067297800996,34.33436770545858,35.76800996628616,31620000
2020-03-12,31.6710147857666,33.93562122114914,31.345325452161426,32.270647800121225,56323200
2020-03-13,34.730072021484375,34.87922008293383,31.61928104237257,32.946391206447466,42962100
2020-03-16,32.495906829833984,33.88693727749437,31.0470452299972,32.02106924948669,36753900
2020-03-17,36.30068588256836,36.30373036017152,33.622116866758674,34.32524140757792,52806000
2020-03-18,37.31125259399414,38.985357210330065,34.851839619251415,35.00402873130937,77355900
2020-03-19,36.5193977355957,38.82765585268154,35.962969988153,38.05110476493041,57100500
2020-03-20,34.843994140625,37.540527186069916,34.20807386116353,36.53467564199946,55423500
2020-03-23,34.93877029418945,35.935448014964,34.30590794936509,34.90513986042977,39366000
2020-03-24,35.168067932128906,35.88347389853864,34.03075256359345,35.42487961262538,42705000
2020-03-25,33.44682312011719,34.85317899919222,33.03408740589345,34.53827667657722,53287500
2020-03-26,33.57522201538086,33.896240170151124,32.66720713203039,33.44681615299169,58250700
2020-03-27,33.501853942871094,34.32732182885749,33.20223788486822,33.66389027047729,36160500
2020-03-30,35.21698760986328,35.40348048942889,33.91763585613622,34.198907648586015,29212500
2020-03-31,34.736995697021484,35.5227206501961,34.437379672440485,34.947948694313006,26258400
2020-04-01,34.895973205566406,35.320937138783606,34.180567101887924,34.287570823027245,28269600
2020-04-02,36.27481460571289,36.41545226761605,34.34566166836801,34.60247340047299,29515500
2020-04-03,36.528568267822266,36.6600320698099,35.77952829208045,35.83456087156264,28625100
2020-04-06,38.543331146240234,38.64116452341924,36.363478805547174,36.40016719668869,47768700
2020-04-07,37.29594802856445,38.671730992900336,37.188940820868815,37.90435034150544,41369700
2020-04-08,37.25009536743164,37.852381881366874,36.867932204340896,37.81569348996027,27876600
2020-04-09,37.237857818603516,37.56499184284635,35.9721399997815,36.14334663523508,32828700
2020-04-13,38.30791473388672,38.421034347777976,37.045251288303675,37.07582377867458,24194100
2020-04-14,39.43912124633789,39.68064676140683,38.53416067866444,38.85823683044061,34098900
2020-04-15,39.36574172973633,39.70815855616618,38.86434653716344,39.439118513370104,22435200
2020-04-16,40.45719528198242,40.63757577816138,39.209818054250164,39.43911523585397,31882200
2020-04-17,40.39299011230469,40.65285977054639,39.66229432149614,40.19732338144989,30915300
2020-04-20,39.698978424072266,40.77820327600199,39.671463886389176,40.475532865097726,24401700
2020-04-21,39.503318786621094,40.05974652940895,39.18230412685786,39.766246412254745,27900600
2020-04-22,40.230953216552734,40.47247867780744,39.408539970030354,39.744840846598,19448100
2020-04-23,39.29542541503906,40.07809242737991,39.050841973682545,39.698987218577926,28839900
2020-04-24,39.573638916015625,39.7112151323762,39.30459538372338,39.54612437250301,17343600
2020-04-27,39.2251091003418,39.83962744162252,39.185362757845915,39.74484850923952,17923800
2020-04-28,39.13338088989258,39.818214381947314,39.041659931887246,39.21898245230182,20732100
2020-04-29,37.78817367553711,38.448547134766734,37.467155543697636,38.39046010547224,44612100
2020-04-30,37.16143035888672,37.7392602469757,37.005509951908884,37.62919857741502,40497900
2020-05-01,37.58027648925781,37.81568956106123,36.92601540527126,37.14002633451148,31143900
2020-05-04,37.818748474121094,38.03275940881812,37.21034610971656,37.861549261541576,17807700
2020-05-05,38.1336555480957,38.29569186932294,37.684231478784085,37.8493257492416,19337400
2020-05-06,37.69646453857422,38.366015552670106,37.558888295013375,38.28041045739778,17309100
2020-05-07,37.42930221557617,38.07108780328074,37.30954220723467,37.911406620762776,27345600
2020-05-08,37.75173568725586,37.77323197827714,37.34639864372678,37.69339312986902,20830800
2020-05-11,37.975887298583984,38.172418230916456,37.77322059498906,37.78243128025761,25341900
2020-05-12,38.009674072265625,38.586974369256325,38.009674072265625,38.224626422661785,19100100
2020-05-13,37.9881706237793,38.765069564583534,37.79778250248132,37.92368528819745,29175300
2020-05-14,37.89913558959961,38.42423272233338,37.24813912559387,38.33825457688315,22233000
2020-05-15,38.67294692993164,38.67294692993164,37.79778424557791,37.914472837770894,31770000
2020-05-18,39.20112228393555,39.47748857230672,38.72208574413777,39.151990421243156,38633700
2020-05-19,38.36895751953125,40.53075978793837,38.325964937143965,40.45706374042784,74746200
2020-05-20,38.522491455078125,38.87255733603855,38.270689311139385,38.841850357492824,32246400
2020-05-21,38.3812370300293,38.73437078258014,38.15400258703667,38.35053005278038,22448100
2020-05-22,38.17856979370117,38.491785906366225,38.00661000461974,38.41501845715028,22359600
2020-05-26,38.03423309326172,38.54090512007573,37.96360495466381,38.181628655865566,23730600
2020-05-27,37.610477447509766,38.22769536877864,37.16521928700434,38.06801769502944,31073700
2020-05-28,37.9820442199707,38.368959914666405,37.81929511094583,37.99125842285253,24424800
2020-05-29,38.09564971923828,38.295248549918234,37.441582083691,38.15092437693336,29311200
2020-06-01,38.06494903564453,38.203133945615974,37.57363037781665,37.90527135039753,20550300
2020-06-02,38.05880355834961,38.12328890801822,37.71181263593662,37.95132914696459,19187700
2020-06-03,37.914485931396484,38.07416714723016,37.66575517641746,38.046528053884536,20262900
2020-06-04,37.496856689453125,38.04344640886756,37.407803660099006,37.70873760570931,24015000
2020-06-05,37.32796096801758,37.67188393561637,36.82128895860249,37.638105567376215,39337200
2020-06-08,37.22970962524414,37.22970962524414,36.683116266706165,36.71996604687467,28344300
2020-06-09,37.26348114013672,37.46307997939344,37.02089324139503,37.340248572855536,20746200
2020-06-10,37.205135345458984,37.61661511330667,37.195924659142115,37.32796675287356,28141500
2020-06-11,36.876556396484375,37.64117319052493,36.689243204297824,37.152926114061934,34162800
2020-06-12,36.15494918823242,37.07924404356103,35.94613961623062,37.00554448039063,32359200
2020-06-15,36.25934982299805,36.44359518671333,35.93078027147786,36.35761354842113,32703300
2020-06-16,36.741455078125,36.919561159387484,36.40060343178327,36.78751905573419,25167600
2020-06-17,36.55106735229492,36.88884756985431,36.35761131366942,36.80594085117579,20166900
2020-06-18,36.23172378540039,36.5602934234074,36.13038863297392,36.40061219192223,20070000
2020-06-19,36.80287551879883,36.94105692023309,36.15801843620714,36.50808431204635,40078800
2020-06-22,37.36482238769531,37.4907217008393,36.97176393082483,37.14679862599247,27338400
2020-06-23,37.1775016784668,37.72409496823882,37.14372330326001,37.693387993357746,19727700
2020-06-24,36.94104766845703,37.192849745649,36.7199560758586,37.076161149593574,20614800
2020-06-25,36.7598762512207,36.89806114170649,36.351467894128305,36.77522973747604,20569800
2020-06-26,36.33305740356445,37.10688536567576,36.24093644953252,36.72611594432579,26991600
2020-06-29,36.560279846191406,36.75066447578938,36.30233495920971,36.38831658820361,16511400
2020-06-30,36.781375885009766,36.88885029857804,36.4006030656865,36.60941612046291,20509200
2020-07-01,36.75373840332031,36.824363037183154,36.43745095138435,36.6800388550608,19733700
2020-07-02,36.606346130371094,37.11915755758788,36.49886819847411,36.87656963198037,17695800
2020-07-06,36.50807571411133,36.80900965128618,36.302334089454774,36.78751336600582,21695100
2020-07-07,38.98310089111328,39.167346265844884,36.30234105562371,36.37296921067827,93458100
2020-07-08,38.21234130859375,39.34544552354174,38.20005922176363,39.305527862796865,52217100
2020-07-09,39.22876739501953,39.36080952774148,38.36896134597815,38.571628132484975,42771600
2020-07-10,40.12847900390625,40.340359892578526,39.078281731001155,39.53275399026081,44236800
2020-07-13,39.77227020263672,41.03434484227102,39.57881419862747,40.32807756049514,42338400
2020-07-14,40.53689956665039,40.68736656540857,39.621815486130224,39.69858644287336,26455800
2020-07-15,40.5338249206543,41.18789261574156,40.16533419751861,40.616735157650425,31731300
2020-07-16,40.595252990722656,40.7580021210328,40.300461715347005,40.54919251285568,17676600
2020-07-17,40.4539909362793,40.95452381858733,40.37108068933835,40.95452381858733,18189600
2020-07-20,40.371089935302734,40.76107356821299,40.26975477536797,40.521556974522,18342600
2020-07-21,40.635162353515625,41.14490589143623,40.36493533930742,40.39871371608345,21712500
2020-07-22,40.73649978637695,40.85011701081239,40.28509877508884,40.70886069478731,16164600
2020-07-23,40.423274993896484,40.886954479620854,40.3219398796417,40.84089402246531,16796400
2020-07-24,40.30044937133789,40.65665450809737,40.076286339199484,40.21139984424208,13037400
2020-07-27,40.291236877441406,40.5276819864747,40.183758952636126,40.183758952636126,14045700
2020-07-28,40.46012878417969,40.65051696239941,40.20218736473366,40.38028994074107,14414100
2020-07-29,40.13154983520508,40.49082981804392,39.87360847600664,40.39870539391058,14223300
2020-07-30,39.95652770996094,40.04864864067809,39.52662300490441,39.74157535743267,13788300
2020-07-31,39.735435485839844,39.94731996764915,39.18884563391998,39.81220644795226,21631500
2020-08-03,39.70472717285156,39.956529313447,39.38844318951701,39.892043956519494,14971500
2020-08-04,40.423274993896484,40.444767765389834,39.59417270834606,39.812196422574154,18219600
2020-08-05,39.861331939697266,40.1499803090586,39.56039796928299,40.05785938628914,25483500
2020-08-06,39.72008514404297,39.990308666755546,39.62181789174293,39.65252487062923,14496300
2020-08-07,39.91046142578125,40.06092840203224,39.646377245868834,39.79070142195899,16558500
2020-08-10,40.496978759765625,40.638235072389236,39.81220402900048,39.993378006443756,17683200
2020-08-11,39.98108673095703,40.800974784804566,39.83675905093098,40.71499315959888,25360200
2020-08-12,40.50004959106445,40.604456123780594,39.63717229555269,40.064005599615385,19094400
2020-08-13,40.654212951660156,40.68813019216387,40.308876021117406,40.45687756277859,19867200
2020-08-14,40.885459899902344,40.9995441852075,40.58637283106857,40.805292850388014,20106300
2020-08-17,41.81048583984375,41.973904026295756,41.27089742177324,41.42506352485858,39465000
2020-08-18,41.53605651855469,42.43640192819901,41.06121865303187,41.98622922337685,80232600
2020-08-19,40.82688903808594,41.52064708572606,40.654222297438686,41.38189759337958,38155200
2020-08-20,40.25953674316406,40.72204193954588,40.0991991148499,40.456872105426456,26810700
2020-08-21,40.58637619018555,40.90704441478285,40.114622405345905,40.253371857999966,24864000
2020-08-24,40.49388122558594,40.84846672967857,40.18554201574374,40.77754821740592,19813800
2020-08-25,40.27804183959961,40.466128687862245,39.98203873745978,40.33045971722266,21722400
2020-08-26,40.29962921142578,40.355131120046984,39.99129350812428,40.14854362293102,18814800
2020-08-27,42.1280632019043,42.96674219077541,40.361293133438465,40.416795038604086,119018700
2020-08-28,43.25966262817383,43.49708333544432,42.5011542102223,43.475498672428245,64050900
2020-08-31,42.81256866455078,42.824901243913324,41.78889047612472,42.39014871014494,45236400
2020-09-01,45.50743865966797,46.12411357546403,43.182579555356334,43.53716507367837,106798200
2020-09-02,45.535186767578125,46.660616786081384,44.89693073257222,46.63595162492563,51666000
2020-09-03,44.5670166015625,46.1272029429813,43.725256990725015,45.23302544658059,48015000
2020-09-04,44.03975296020508,44.72117829432993,43.197993498745625,44.40667456539809,33982200
2020-09-08,42.689239501953125,43.752999547373754,42.63065356980804,43.601913969065244,33966900
2020-09-09,43.13323974609375,43.971915116274594,42.99757078934693,43.19490617056596,33669000
2020-09-10,42.18355178833008,43.33365012546326,42.11571732409035,43.185648620385905,33709200
2020-09-11,42.149635314941406,42.68614298590082,41.7950499130882,42.25755506585971,28879800
2020-09-14,42.34081268310547,43.506324295753345,41.89680456257455,41.97697514588904,45733800
2020-09-15,42.3531494140625,42.883489166312906,42.14348144060368,42.62140331733058,30427800
2020-09-16,42.013980865478516,42.76015671410647,41.94923040406294,42.67690561676709,27860400
2020-09-17,42.14656066894531,42.417898591179004,41.6316410679274,41.75805794789442,37245000
2020-09-18,41.71490478515625,42.40557885078605,41.548402560398124,42.0694903732861,54709200
2020-09-21,42.263729095458984,42.31614696952563,41.714892252875444,42.08797836818617,47275500
2020-09-22,42.64606857299805,42.85574007556303,42.109564293891914,42.26373036503065,33102000
2020-09-23,41.930728912353516,42.9328224744349,41.87831103748964,42.85881993847763,23133300
2020-09-24,42.149635314941406,42.48572361588192,41.64704840534669,41.85054827309484,29453100
2020-09-25,42.325401306152344,42.40865239795685,41.92147842738057,42.09414866543262,22618800
2020-09-28,42.319244384765625,42.565913697849716,42.15582618538718,42.29149518974248,21197100
2020-09-29,42.28531265258789,42.593648306190886,42.0540600302269,42.31922989206137,27702900
2020-09-30,43.139404296875,43.70366125558029,42.30381295315055,42.3623953507068,34826400
2020-10-01,44.1168327331543,44.51767155047405,43.24732414861041,43.413826318000616,43290900
2020-10-02,43.32133102416992,44.12300880447897,43.20724670643351,43.88867211396907,24585000
2020-10-05,43.72216033935547,43.84241268579419,43.49707578069374,43.564910256703534,14259000
2020-10-06,43.36141586303711,44.07367448090445,43.24424751902948,43.74375411264588,21475500
2020-10-07,43.44158172607422,43.64508519084277,43.24424631610549,43.555666039422675,16949100
2020-10-08,43.58648681640625,43.81157488009775,43.5124878231053,43.63273662829865,14676900
2020-10-09,44.024330139160156,44.19699682223388,43.648160034137476,43.67899324437797,14494800
2020-10-12,44.47759246826172,44.82909748924117,44.098338258053914,44.098338258053914,18402300
2020-10-13,45.08808898925781,45.20217680466105,44.51149950205208,44.610167184048414,23800200
2020-10-14,44.382015228271484,45.18060906330021,44.32651331312922,45.140523758702585,19710900
2020-10-15,44.56393051147461,44.696515468795674,44.042842764962906,44.11992581155573,13692600
2020-10-16,44.61941146850586,45.063415959916036,44.54540895562048,44.83216340010028,16935000
2020-10-19,44.07675552368164,44.822931336092395,44.015085564050395,44.73968024279377,14643300
2020-10-20,44.36967086791992,44.87225788408406,44.28333575460549,44.434421320746985,14523000
2020-10-21,44.52384948730469,44.933940509027195,44.351182740622185,44.351182740622185,13114200
2020-10-22,44.26176071166992,44.57318399267394,43.99659078870843,44.459096140047244,13344000
2020-10-23,44.35425567626953,44.44367129081858,44.04592000875137,44.391256944389546,10540500
2020-10-26,43.83316421508789,44.12917082961463,43.45699406784668,44.0428357140708,16111800
2020-10-27,44.052093505859375,44.30801487906866,43.77459099571423,43.79925616039404,11831100
2020-10-28,43.17949295043945,43.82391701688546,43.1301591012661,43.46316346534503,16849200
2020-10-29,43.14249038696289,43.50941198187917,42.76632023938202,43.16715907512703,15153900
2020-10-30,42.78173065185547,43.19490200754167,42.356226718190406,42.914315568873455,18601800
2020-11-02,43.290496826171875,43.416917251120296,42.868076810222306,43.34908276179078,16575600
2020-11-03,44.024330139160156,44.44983408629457,43.651240532253745,43.67590921762698,15413100
2020-11-04,43.7714958190918,44.520755581414754,43.58032849128925,43.65124346815812,17927400
2020-11-05,44.23707962036133,44.47141623934799,44.07366149811302,44.40049774260964,14202600
2020-11-06,44.94626998901367,45.08502300526692,44.26176051940585,44.51151383148023,16198500
2020-11-09,44.2586784362793,45.695528289721544,44.24017779953198,45.633858324351934,28198500
2020-11-10,44.881507873535156,45.15284225163341,44.25558450628657,44.32341898296985,18199200
2020-11-11,45.62767791748047,45.92984546949104,45.1405040623868,45.300838153546245,18805800
2020-11-12,45.70478057861328,45.852782156050345,45.356359536777624,45.78186363082968,12564300
2020-11-13,46.41702651977539,46.540359369436274,45.48584797884185,45.92368806386192,19738200
2020-11-16,47.002872467041016,47.298875590050756,46.02852797164172,46.41395024850538,34560300
2020-11-17,46.056270599365234,47.24953491240983,45.99768467591498,46.40469152735426,42711600
2020-11-18,45.969932556152344,46.76544204737877,45.957599978342174,46.20735320432962,24936900
2020-11-19,46.904212951660156,47.005961168295116,46.0408686593889,46.0840344625481,18590700
2020-11-20,46.32453155517578,47.10153705513798,46.19194661123582,46.61128257674221,21937200
2020-11-23,46.53728485107422,46.682202379501426,46.056278912591296,46.36461460499915,18557100
2020-11-24,46.66987228393555,46.86103964710864,46.333783855982496,46.78704062958976,17155200
2020-11-25,46.814788818359375,46.987455541299205,46.623617930641245,46.635954040493445,13833300
2020-11-27,46.743865966796875,47.089202909289746,46.58969989429528,46.91345217518384,10999500
2020-11-30,47.11079025268555,47.16012410442144,46.281363326597855,46.743868627701275,32695500
2020-12-01,47.06454086303711,47.37904461183792,46.76236969512533,47.36054397618665,22935300
2020-12-02,46.41086196899414,47.05837006449349,46.105610320134666,46.86720272163556,23547000
2020-12-03,46.03468704223633,46.33685816124046,45.754100582771024,46.33685816124046,25725900
2020-12-04,45.9144401550293,46.0994429749661,45.504352746827806,46.0994429749661,20889300
2020-12-07,45.66776657104492,45.93910448502184,45.374847525645265,45.77568634269846,18479100
2020-12-08,46.0809326171875,46.20426898066691,45.38101031071998,45.436508674946346,20716500
2020-12-09,45.717105865478516,46.250529676143074,45.59993752762632,46.250529676143074,20139600
2020-12-10,45.50357437133789,45.84707833446954,45.358127130177664,45.72329465400418,20652300
2020-12-11,45.49119186401367,45.64901674809576,45.16316089589548,45.4664330056388,16860900
2020-12-14,45.07342529296875,45.71401795998057,44.99606048308997,45.70782735857668,25088100
2020-12-15,45.051761627197266,45.29314193941586,44.82894603462083,45.03319336602142,31871400
2020-12-16,45.00533676147461,45.457154981481054,44.89702604228183,45.256002961446676,25650900
2020-12-17,45.21268844604492,45.31790388604702,44.91869506623091,45.20031078396247,30679500
2020-12-18,45.166263580322266,45.54690408587819,44.92178442272369,45.37360267351974,41384100
2020-12-21,45.172454833984375,45.38907984877893,44.89084266890486,45.02700757103871,25553100
2020-12-22,44.624698638916016,45.25291005140311,44.29666762219408,44.91868843378691,37599000
2020-12-23,44.32143020629883,44.63089298786,44.03672274732624,44.42045857972113,20430600
2020-12-24,44.4080696105957,44.683494660813416,44.309041254491966,44.420450811258696,9054600
2020-12-28,44.94035720825195,44.965116073167216,44.355472851113475,44.57518962687412,19344900
2020-12-29,44.655643463134766,45.135315857711035,44.43592671825864,45.0703251745192,17938200
2020-12-30,44.61851119995117,44.9186880516288,44.54423815598672,44.835132647935616,18751200
2020-12-31,44.609222412109375,44.64635893168857,44.20692192177957,44.62469537167847,17814000
2021-01-04,45.34575271606445,45.45715874476389,44.649458839008815,44.655645898554795,32182200
2021-01-05,45.10436248779297,45.51285710457779,44.714439671625605,45.36740987354075,26498100
2021-01-06,45.385982513427734,45.83161372616788,44.87536769484979,44.900126558461544,21918900
2021-01-07,45.38288497924805,45.72639250305997,45.194114147709776,45.68306892078899,20538000
2021-01-08,45.37668991088867,45.491191218105435,45.122928438431806,45.454054701836995,24478200
2021-01-11,45.5809440612793,45.79756905003421,45.18173530521097,45.18173530521097,26264400
2021-01-12,46.1008415222168,46.39792661603021,45.8996894925764,46.11012742351116,23373300
2021-01-13,45.630455017089844,46.131783860504264,45.624264416707746,46.03275550359112,16069500
2021-01-14,45.48191452026367,45.80065962356011,45.19411179566439,45.74495838375826,23017200
2021-01-15,44.76085662841797,45.150779427858424,44.46067627891231,44.915589753125985,35920500
2021-01-19,44.374027252197266,44.89392787915616,44.15121522745294,44.760858307713505,24123600
2021-01-20,45.03010177612305,45.0765206621208,44.21930652614669,44.43593153567021,23775600
2021-01-21,44.82585906982422,45.09818889566649,44.62780230249688,44.983687548401264,14325900
2021-01-22,45.28386306762695,45.59642114817242,44.909409597883226,45.057952157197924,19219500
2021-01-25,45.243621826171875,45.259094784867905,44.64635641251871,44.98367328685199,19031100
2021-01-26,45.64903259277344,45.74187391698777,45.01772929578796,45.06723994665641,15031500
2021-01-27,44.5132942199707,45.75733942958573,44.4235482114336,45.47882258536555,29910300
2021-01-28,44.48543930053711,45.26219321367753,44.44830278048627,44.70515603751537,22301700
2021-01-29,43.476593017578125,44.485444997943254,43.433265891458596,44.30904827587676,32509200
2021-02-01,43.09903335571289,43.78604472482917,43.07427803978902,43.606556289015515,25945200
2021-02-02,43.5632438659668,43.990303312714126,43.15165738227355,43.25068576243334,27002400
2021-02-03,43.69630432128906,43.95934817965006,43.5199111628031,43.52919352207773,14966700
2021-02-04,44.10789489746094,44.3090469356251,43.71487672282048,43.87889223730089,17346300
2021-02-05,44.67422103881836,44.82585891481668,44.107901364970594,44.39570415341919,20451600
2021-02-08,44.88154983520508,45.05175592315564,44.705153147135135,44.813467400024855,15825300
2021-02-09,45.12913131713867,45.280769181881794,44.74230017408109,44.74230017408109,15906900
2021-02-10,44.60303497314453,45.15078628039538,44.420454745594604,45.129126260383444,18576900
2021-02-11,44.568992614746094,44.856791777841856,44.47305601884753,44.60612559152621,12791400
2021-02-12,44.708251953125,44.75157907429181,44.46068105193439,44.61231889295117,13423500
2021-02-16,45.07651138305664,45.30241870666276,44.85060405945052,45.16316207733568,27891000
2021-02-17,45.55309295654297,45.645934267402744,44.71754240800834,44.76396129267128,25571100
2021-02-18,42.600807189941406,43.54158026571001,42.551293003929054,43.015488940486584,96927300
2021-02-19,42.811241149902344,43.14545921821163,42.6038985231713,42.6441303449809,36606000
2021-02-22,42.610084533691406,42.811236538002795,42.164456949084595,42.625557492366646,32106600
2021-02-23,41.92307662963867,42.517246792085956,41.7961976495953,42.43059963287921,31300200
2021-02-24,41.22368240356445,42.136601094803844,41.17416822948932,42.04685864640503,46565700
2021-02-25,40.83375930786133,41.47125296627436,40.688312086632116,41.18964442349849,33324600
2021-02-26,40.20555114746094,40.790438919482014,40.18698288817879,40.68831526419685,42470700
2021-03-01,40.65428161621094,41.025636246405796,40.58000856525157,40.71926876503339,34634400
2021-03-02,40.264347076416016,41.08133276483758,40.233401158590446,40.697597009040585,29230800
2021-03-03,39.484500885009766,40.208648874589855,39.47212322525233,40.075579292980144,41837400
2021-03-04,39.46592712402344,40.10032902349154,39.07909963439957,39.56805077123925,45348000
2021-03-05,39.95798110961914,40.15294252392916,39.22455078927184,39.24930964935252,34073700
2021-03-08,39.57424545288086,40.180793257421946,39.552581892940076,40.02296836201554,40988400
2021-03-09,39.886817932128906,40.193185474810484,39.71042471310223,39.85896730321277,31988700
2021-03-10,40.90495300292969,41.17418399273241,39.7568406599035,39.87753261214679,44929200
2021-03-11,40.88946533203125,41.31033762863992,40.703789815015796,41.27010934989996,35489700
2021-03-12,41.505306243896484,41.6290899328101,40.87399951414245,41.010160863640664,28437600
2021-03-15,41.29178237915039,41.70027714497626,41.103011502398665,41.69718184374402,25071900
2021-03-16,41.27940368652344,41.554825283237825,41.10301047756416,41.10301047756416,19881000
2021-03-17,40.935890197753906,41.202029371211644,40.843048892167666,41.00397264133925,24156300
2021-03-18,40.40138244628906,41.00424977644737,40.376523770983454,40.75875346528551,29815500
2021-03-19,40.93900680541992,41.175182091823906,40.367214381107246,40.43868932322661,57703500
2021-03-22,41.13477325439453,41.159635489973844,40.705930808454454,40.70903903244191,24654000
2021-03-23,41.622657775878906,41.73452893574757,40.904811017108216,40.92966969427012,29154900
2021-03-24,41.36472702026367,41.77492718513093,41.34608123492244,41.77492718513093,23547300
2021-03-25,41.644405364990234,41.80600098070817,41.29014612371894,41.41133839010763,28125900
2021-03-26,41.992462158203125,42.01421617187334,41.46106960783018,41.641311053119374,28653600
2021-03-29,42.47102737426758,42.57668210134748,41.82776367035679,41.95206418605563,30146400
2021-03-30,42.1820182800293,42.7569187699717,42.098114018763326,42.365364365290475,27230100
2021-03-31,42.20998764038086,42.53006355807217,41.93962907707417,42.122975157567666,24546000
2021-04-01,42.14473342895508,42.53939253077069,42.054612713299974,42.2441717040994,25595100
2021-04-05,43.32870101928711,43.555555091421354,42.3249618138874,42.4865538647055,40043100
2021-04-06,43.53691864013672,43.80106078009016,43.0459223794211,43.22926847664623,31044600
2021-04-07,43.44369125366211,43.73891208797083,43.397078560767206,43.59907045296562,20361600
2021-04-08,43.41572570800781,43.853892858838684,43.40018814322322,43.645684511876276,19095600
2021-04-09,43.4374885559082,43.53382218842993,43.104979623040656,43.39087229575261,20676600
2021-04-12,43.44369125366211,43.6239291333147,43.30074495085364,43.52759552340113,18723000
2021-04-13,43.310054779052734,43.50583015590319,43.154675633004175,43.44367636369219,17397900
2021-04-14,43.29452896118164,43.338036986734124,43.01484924452936,43.23237870333014,21924600
2021-04-15,43.555564880371094,43.65189848784329,43.257239385819545,43.31938964143768,21710400
2021-04-16,43.69540023803711,43.80416673492493,43.41572054882873,43.782412724283326,26488500
2021-04-19,43.41572570800781,43.682976089887546,43.384650578438624,43.595963593301455,19281000
2021-04-20,43.75133514404297,44.05587705066043,43.139146663450724,43.32559740824998,24452100
2021-04-21,43.87873840332031,44.03411756096863,43.67053367501194,43.74511325238584,17335200
2021-04-22,43.40330123901367,43.956447853863736,43.32560985005004,43.84146843902426,19705200
2021-04-23,43.474761962890625,43.61149535987263,43.20440694905457,43.22616095938902,22971000
2021-04-26,42.856361389160156,43.50584148098989,42.77245712633736,43.47787102250215,22846200
2021-04-27,43.00241470336914,43.17954433935148,42.744485474367366,42.884327093940875,16151400
2021-04-28,42.85014724731445,43.0676766975861,42.84393435556523,42.993097102352614,14286600
2021-04-29,43.3908576965332,43.50584063948726,42.853252336412524,42.853252336412524,19596000
2021-04-30,43.477867126464844,43.50272935885714,43.229262584141374,43.41571687996395,19680000
2021-05-03,44.16464614868164,44.357316924044405,43.40640305631598,43.40640305631598,27139500
2021-05-04,43.72958755493164,44.13667956474931,43.53692033449063,43.98440858908439,19084200
2021-05-05,43.69229507446289,43.87874582760488,43.583528578809904,43.7264748674828,18351000
2021-05-06,44.0042724609375,44.1009843865268,43.50511068019919,43.67669865804257,16302000
2021-05-07,43.73908615112305,44.21329155384383,43.46454542948762,44.185211253494494,23408400
2021-05-10,43.932518005371094,44.32561014956579,43.77341174553792,43.81708706365432,26307600
2021-05-11,43.53630447387695,43.94811558881154,43.15257366150652,43.94811558881154,26464200
2021-05-12,42.410064697265625,43.35847549607923,42.40070697740532,43.32415790611463,25998300
2021-05-13,43.127620697021484,43.358482574315296,42.353918151773385,42.500546255429,21475200
2021-05-14,43.52694320678711,43.75156418728062,43.186887735698235,43.30543908606997,16091700
2021-05-17,43.33039093017578,43.80147585315685,43.29295648413379,43.67668722577872,19675800
2021-05-18,44.27257537841797,45.10555187987644,44.054191638191696,44.77173719313889,58183800
2021-05-19,44.27568817138672,44.83724422350449,43.83267990581396,43.89819465955149,34874700
2021-05-20,44.431671142578125,44.572061931784845,43.895074996303165,44.14465584467038,30540900
2021-05-21,44.22264862060547,44.63757655671465,44.175852881095906,44.462871748488396,22927500
2021-05-24,44.225765228271484,44.43166717837502,44.100973030078826,44.225765228271484,18945900
2021-05-25,44.40672302246094,44.50031451898062,44.01051402212619,44.23825547249612,21505200
2021-05-26,44.35368347167969,44.57518761643135,44.22577438752771,44.42231865935729,19294200
2021-05-27,44.203941345214844,44.82477498431719,44.203941345214844,44.72182218789444,56577000
2021-05-28,44.31001281738281,44.44104234571735,44.18834101094922,44.278815650663816,21186300
2021-06-01,44.194580078125,44.55023062051179,44.07290827663124,44.36616448811322,20767500
2021-06-02,44.09786605834961,44.21017656270553,43.70477393767405,44.11034420988103,23298000
2021-06-03,44.17586898803711,44.25386191565668,43.910689463843205,44.11035421477919,18374400
2021-06-04,44.253849029541016,44.3911193984101,44.06666248747284,44.13217724165375,13635900
2021-06-07,43.95747375488281,44.29128839642722,43.79836393969504,44.25385037281993,16630800
2021-06-08,43.623661041259766,43.95747569755691,43.617420180287255,43.83580390059922,20120700
2021-06-09,43.389671325683594,43.67980704617674,43.374072746203936,43.47078465303499,17085300
2021-06-10,43.639259338378906,43.735971261101504,43.38967845540772,43.38967845540772,16378500
2021-06-11,43.91067886352539,43.94187602704202,43.633017681711635,43.748448614837784,25232400
2021-06-14,43.851402282714844,43.96683321817349,43.686055170563634,43.96683321817349,15140700
2021-06-15,43.676692962646484,43.96059141156425,43.570619759213926,43.9387519707902,19327200
2021-06-16,42.787567138671875,43.68917881595626,42.73141009690289,43.62990491377248,28794900
2021-06-17,42.96538162231445,43.16192943398834,42.650286036053004,42.74076065223851,19341900
2021-06-18,42.16984939575195,42.55045978355606,41.92962624174407,42.25408316414426,44812800
2021-06-21,42.55358123779297,42.66277131115056,42.226007447433666,42.32271936932198,20775000
2021-06-22,42.75012969970703,42.96539300735646,42.500548794440526,42.500548794440526,19107000
2021-06-23,42.41630935668945,42.7376458450628,42.40695163599096,42.58477689155368,19390500
2021-06-24,42.71268081665039,42.81563358333794,42.459983115144944,42.48181898423431,23444100
2021-06-25,43.21809005737305,43.321042840014314,42.715807865907394,42.78132262389974,28640700
2021-06-28,43.08393478393555,43.25240230373936,42.61597024454409,43.06521577392556,15549000
2021-06-29,42.83435821533203,43.19937002129247,42.81251877308996,43.021544763854074,35962500
2021-06-30,43.994903564453125,44.48158706962272,43.26799695132159,43.53941721636948,45511200
2021-07-01,43.46454620361328,44.066660687663926,43.36783429141872,43.80460168164352,26348700
2021-07-02,43.71101379394531,44.01363127591805,43.473911068864965,43.473911068864965,26280600
2021-07-06,43.657981872558594,43.91068320637981,43.52383191399747,43.64550014968827,18279300
2021-07-07,43.58621597290039,44.047939642231206,43.47702591553173,43.60181455252449,25607400
2021-07-08,43.54879379272461,43.879488085374724,43.121387557173016,43.158825590001754,21267000
2021-07-09,43.770286560058594,43.93875409351445,43.654855630881265,43.80460415281021,15185400
2021-07-12,43.69229507446289,43.92315694032334,43.46767049912327,43.89195977685966,19515000
2021-07-13,43.85763931274414,44.04482585156238,43.65797462341436,43.673573204125354,18947700
2021-07-14,44.16025924682617,44.238252154743314,43.62365947166874,43.89819664970894,18812100
2021-07-15,44.194580078125,44.500314441730595,44.01675123664487,44.300649726605826,17974800
2021-07-16,44.16337203979492,44.34119726720833,43.97306509304413,44.207047346618225,18095400
2021-07-19,44.0604248046875,44.60638227475957,43.60493838944666,44.11657826760721,27383100
2021-07-20,44.260093688964844,44.44728024709955,43.920038167858245,43.97931563690611,19020300
2021-07-21,44.04169845581055,44.469104498094914,43.89818725162331,44.456626349556885,18591900
2021-07-22,44.07291030883789,44.338089797697506,43.92628219633586,44.0292314189611,13013400
2021-07-23,44.43479919433594,44.52527382938797,43.991794451354565,44.150900707479366,15947400
2021-07-26,44.49720001220703,44.88093448176914,44.13218812878545,44.412969796297936,18517200
2021-07-27,44.50031280517578,44.61262688101802,44.288169945729216,44.61262688101802,15395700
2021-07-28,44.31936264038086,44.69061528468609,44.19457399574557,44.450392145362414,14071500
2021-07-29,44.37552261352539,44.565829593549864,44.30688742631284,44.50031126643077,11063100
2021-07-30,44.472232818603516,44.60014189695627,44.05106399071643,44.05106399071643,16332300
2021-08-02,44.36927795410156,44.57206306799788,44.19769000076065,44.55958491783295,19958400
2021-08-03,44.86844253540039,44.893402407614,44.4129596777945,44.4379159797217,18915300
2021-08-04,44.562705993652344,44.90587833502051,44.531508832644896,44.731169949035326,15301500
2021-08-05,45.38945007324219,45.4050486567021,44.921485428871144,44.99636148570822,27005400
2021-08-06,45.30833053588867,45.69518177936534,45.220976338273985,45.61406844239686,19263600
2021-08-09,45.41752243041992,45.69830045384151,45.36136539762109,45.520471635121694,15811800
2021-08-10,46.38465118408203,46.468884952617664,45.62654726726133,45.851171840118504,38262000
2021-08-11,46.79957962036133,47.28938365477079,46.53440016098975,46.643590232965956,41455800
2021-08-12,46.6743278503418,47.03441902357576,46.59604435608906,46.655539955058124,18269100
2021-08-13,46.82149124145508,47.081382671732165,46.70563555063677,46.774519715821896,15981300
2021-08-16,47.20349884033203,47.51036177447821,46.66805645359323,46.868455859544035,47791500
2021-08-17,47.1878547668457,47.75147734243598,46.686856125559906,47.09391528196402,50950200
2021-08-18,46.68684768676758,47.77338851762459,46.661795967519,47.14087829525757,28211700
2021-08-19,47.00310516357422,47.175324543874964,46.34241127587239,46.445742904052835,22630500
2021-08-20,47.422698974609375,47.50724272084266,46.89038835639793,47.11896787086108,19400400
2021-08-23,47.10956954956055,47.529156312365764,47.09704189736894,47.4477409068185,16166100
2021-08-24,46.62422180175781,47.125223953333666,46.56159787659499,47.125223953333666,18828900
2021-08-25,46.64301300048828,46.743212721217375,46.351809577795734,46.47079719408962,21921300
2021-08-26,46.138885498046875,46.42695700402157,45.925958406555196,46.176457705288385,23466900
2021-08-27,45.87898635864258,46.245341326326,45.772522822413904,46.188977645365355,23088600
2021-08-30,46.24848556518555,46.34242147506451,45.72243515295768,45.84768661622156,16440600
2021-08-31,46.373722076416016,46.48018202326847,46.104434921477505,46.3392782038809,25078500
2021-09-01,46.27352523803711,46.32049676780435,45.8946461707637,46.20464106678935,19056600
2021-09-02,46.51776885986328,46.58978853471469,46.245349727534,46.379993336991,20018100
2021-09-03,46.733829498291016,46.859077381431106,46.31111072584251,46.405050221622936,17211900
2021-09-07,46.113834381103516,46.70876887961135,46.0480785382879,46.64614494996309,25345200
2021-09-08,46.1733283996582,46.442615608931625,45.94474889647605,46.01363665544598,19508400
2021-09-09,45.84768295288086,46.220301815793064,45.66607139157091,46.17333028118146,22328700
2021-09-10,45.68172073364258,46.10443939971319,45.5376814041688,46.0919117478115,15775200
2021-09-13,45.42182922363281,46.07625933259423,45.29031753588191,45.87899180096788,19529400
2021-09-14,45.18385696411133,45.678595365808334,45.06486933796712,45.55334391281575,16533900
2021-09-15,45.262142181396484,45.32476611855366,45.02416692008908,45.11184258216419,14850000
2021-09-16,45.41243362426758,45.50010927059559,44.99284687050973,45.22769017609491,18428400
2021-09-17,45.318504333496094,45.7662748212515,45.09618862988565,45.13376084381788,73032600
2021-09-20,44.69538116455078,45.462535033400215,44.344682150693195,44.93335280781427,25054500
2021-09-21,44.783058166503906,45.271532742644965,44.673466280342275,44.68285843721471,17437500
2021-09-22,44.67972946166992,44.9646762679616,44.55448158353533,44.92396855751273,15044400
2021-09-23,44.70477294921875,44.97406013769452,44.60457323180565,44.84568036957916,15585300
2021-09-24,44.83002471923828,44.99285196182254,44.61710119699716,44.62023311033193,13360500
2021-09-27,44.541954040527344,44.94901319616125,44.41357067533613,44.736089669873905,21250800
2021-09-28,43.993988037109375,44.48559456729755,43.834296273110034,44.42609895744024,20580900
2021-09-29,43.97519302368164,44.4104393707109,43.93762081574163,44.04094886685753,21375600
2021-09-30,43.643287658691406,44.379129683548655,43.602583532191,44.037826353279115,22457700
2021-10-01,42.9137077331543,43.721565821115526,42.55987676273881,43.605710106625054,30014400
2021-10-04,42.50037384033203,43.28318723602561,42.18098680624352,42.92622441359153,29970300
2021-10-05,42.7790641784668,43.12036749545055,42.55361299270342,42.56926897665956,20597400
2021-10-06,43.092193603515625,43.14542538994903,42.62563876473699,42.66008265105122,19376700
2021-10-07,43.59945297241211,44.05661561945759,43.44915336586055,43.45541360982607,21068100
2021-10-08,43.730960845947266,43.86560445564176,43.52742947469513,43.730960845947266,13847400
2021-10-11,43.690250396728516,44.08165713099268,43.66207034455961,43.68712206692899,13048200
2021-10-12,43.643287658691406,43.9658066742224,43.546219837699844,43.63076358772399,15789300
2021-10-13,43.327030181884766,43.840552898677196,43.2518785931993,43.680861147858046,17937900
2021-10-14,43.79671859741211,43.85934253484969,43.36773960916954,43.36773960916954,19783500
2021-10-15,44.009647369384766,44.18186680124748,43.824903865229906,44.03156718346517,20737200
2021-10-18,44.363460540771484,44.466792158311165,43.7841821168092,43.83741388191365,19887000
2021-10-19,45.305973052978516,45.594048147837924,44.98345407992641,45.28718515728934,33444300
2021-10-20,45.71617126464844,45.8696027719598,45.36860054226812,45.36860054226812,17453700
2021-10-21,45.969791412353516,46.00423170151573,45.65666464640071,45.897771754504994,13954500
2021-10-22,46.448875427246094,46.8715941010719,46.060600629932935,46.060600629932935,21195600
2021-10-25,46.987449645996094,47.131485394217904,46.345543646482,46.58665078128375,19287900
2021-10-26,46.5772590637207,47.1408852034546,46.48645507877054,46.96866580658384,17418600
2021-10-27,46.19524383544922,46.66179853754816,46.15140780363017,46.643010642933,14565600
2021-10-28,46.48332214355469,46.649277710190816,46.25161073290895,46.448878264937775,12598500
2021-10-29,46.78704833984375,46.99997183233859,46.20463796081191,46.31422982824437,22022700
2021-11-01,46.90290451049805,47.20350365005329,46.76512900901246,46.96239652245351,12549600
2021-11-02,46.880985260009766,47.02502458906367,46.743209756888454,46.959268750469306,13638900
2021-11-03,47.025028228759766,47.05947210720602,46.66493346167844,46.84341668032711,14209500
2021-11-04,47.36946105957031,47.54794426928822,46.91543041949466,47.025025875767,15149100
2021-11-05,47.040687561035156,47.59491798542466,46.84968025937522,47.59491798542466,15081900
2021-11-08,46.740089416503906,47.128360688503676,46.571001921666884,47.03755669750698,15373200
2021-11-09,46.90290451049805,46.92795623050652,46.61482943923484,46.81836077853411,15001800
2021-11-10,46.48019027709961,46.84967720258478,46.33615451946333,46.570997843569586,16803600
2021-11-11,46.498985290527344,46.65241681133113,46.40191746616943,46.5835290434835,13603200
2021-11-12,46.26726150512695,46.73068427422916,46.198373755651055,46.65553628243458,18313800
2021-11-15,46.00111770629883,46.48332848934106,45.84142236088519,46.38938899691385,28896000
2021-11-16,44.83002471923828,45.929093377126335,44.557609177336,45.434358572978624,73986600
2021-11-17,44.44487762451172,45.315366695171775,44.407305418297064,44.826892180135914,33116100
2021-11-18,44.826900482177734,44.867604608971575,44.106714436694375,44.507513377942495,24394200
2021-11-19,44.58579635620117,45.08992698092335,44.44488890101561,44.97093933915954,28119300
2021-11-22,45.33415603637695,45.515771178641664,44.46367045256133,44.67033373508156,29126400
2021-11-23,45.65666961669922,45.70990138771158,44.855071888770425,45.16819510538648,29907900
2021-11-24,45.88526153564453,46.04808520968962,45.60344664454894,45.63163028371361,18089400
2021-11-26,45.371726989746094,46.30483640807756,45.22142741397275,45.85393768075752,21039600
2021-11-29,44.660945892333984,45.48133534070843,44.53569800205888,45.40305182586093,33039600
2021-11-30,44.03469467163086,44.62023709768785,43.840555445199946,44.30084999407266,64818900
2021-12-01,42.94187545776367,44.06286006941349,42.910563498883796,43.99710423908096,36621300
2021-12-02,42.418968200683594,43.34894938887939,42.34695210985861,43.095318155735086,39805800
2021-12-03,43.057735443115234,43.1735911359215,42.36260128627765,42.541080903103655,44142600
2021-12-06,43.5243034362793,43.63703083409434,42.92936880932131,43.073404595295486,32589300
2021-12-07,43.383392333984375,43.78419123695165,43.23935298858998,43.712171564254454,37739100
2021-12-08,42.94502258300781,43.36774134447627,42.58805967516497,43.22996580986059,34496400
2021-12-09,43.54235076904297,43.564355238213,42.66521578591056,42.95444719149894,32351700
2021-12-10,44.33774185180664,44.42262599719146,43.24997057933172,43.49204851931698,38575500
2021-12-13,45.13627624511719,45.19286686778988,44.01706347127414,44.089373111713826,54039300
2021-12-14,45.56698226928711,45.673874468150956,44.68984740796729,45.051392011522616,46721400
2021-12-15,45.827938079833984,46.0480079948994,45.082844173143165,45.651880708640185,33489900
2021-12-16,45.06397247314453,46.06686320697251,44.92250129481849,45.827929788376025,39069600
2021-12-17,43.62093734741211,45.25574028425302,43.50775970655802,44.87847668426961,78581100
2021-12-20,43.762413024902344,43.935322213863515,43.259397279492305,43.42287649728746,31017900
2021-12-21,43.89445877075195,43.96990934147962,43.38829844972523,43.66809986286338,24620400
2021-12-22,43.951045989990234,44.010781140017684,43.55177787343624,43.98248402775087,17028000
2021-12-23,43.85358810424805,44.064227997844924,43.652381780852565,43.95104674254532,17592600
2021-12-27,44.25286102294922,44.287447186249295,43.87874544836983,43.88817542174021,16040700
2021-12-28,44.887908935546875,44.94764047823398,44.20255046680759,44.20255046680759,15783000
2021-12-29,44.865901947021484,45.12369885887367,44.74329073801404,44.850182930261795,13045200
2021-12-30,45.01052474975586,45.1771521103635,44.79359940583263,45.03882186268699,14949000
2021-12-31,45.48839569091797,45.59843243348531,44.93193372423026,45.01996239871349,17947800
2022-01-03,45.47581100463867,45.51982353309223,44.960217168084604,45.27146018381751,20706600
2022-01-04,44.6427001953125,45.62987199621443,44.56724961313494,45.28404633416174,33930000
2022-01-05,45.24631881713867,45.884524024008066,44.87534776166557,44.90993032754447,35418000
2022-01-06,45.12056350708008,45.472674591059906,44.76845242310025,45.1520015469895,21828900
2022-01-07,45.55126953125,45.69903335530089,44.9445060087059,45.114274301904466,19723500
2022-01-10,45.46324157714844,45.77133650636387,44.99480833769647,45.724179449654116,22731600
2022-01-11,45.334346771240234,45.46639158294376,45.01367370995245,45.33749129497062,21668700
2022-01-12,45.09540557861328,45.25888840378551,44.95707893895579,45.17085974374702,18946800
2022-01-13,45.73360824584961,45.799628837922334,44.99165911793476,45.092262267555334,24252600
2022-01-14,45.60470962524414,46.098295419862815,45.34062724746596,45.34062724746596,26867400
2022-01-18,44.806175231933594,45.49153379093733,44.6835640097116,45.40036060562299,21123900
2022-01-19,45.25260543823242,45.58271205827174,44.6175483870489,44.812465676748744,22674000
2022-01-20,44.3974723815918,45.41607842228569,44.350315327478185,44.752727945811834,22387200
2022-01-21,44.07365036010742,44.724426275374434,44.03278235651652,44.39746785523829,27508200
2022-01-24,44.07679748535156,44.1805451586614,43.16822460990836,43.72154193637505,28699200
2022-01-25,43.1179313659668,44.13025211031917,43.01103914896021,44.01078539656273,29479500
2022-01-26,42.67778396606445,43.633513907329196,42.49229668022953,43.177655201536496,26185500
2022-01-27,42.706085205078125,43.72469499885202,42.55832497386371,43.04562180300276,27759000
2022-01-28,43.234249114990234,43.24996813377615,42.111895343123415,42.75638230905164,25131900
2022-01-31,43.954193115234375,44.02650276507594,42.97645497201898,43.099066204825746,20193600
2022-02-01,44.300018310546875,44.37546888532521,43.69639932090828,43.76556084868301,20323200
2022-02-02,44.28115463256836,44.52951802065979,44.061084760201034,44.32831169139286,18149700
2022-02-03,44.32516860961914,44.6395562077142,43.941619481710376,44.0956687571634,20741100
2022-02-04,43.803287506103516,44.32831139232126,43.49519256515027,44.29372882984602,22036500
2022-02-07,43.372581481933594,44.03593202245042,43.262544747192436,44.03279109682169,20010300
2022-02-08,43.38200759887695,43.774990248542316,43.2311028658447,43.485755277433995,19458900
2022-02-09,43.287696838378906,43.63351886246695,43.218531713990714,43.54234926966645,21473700
2022-02-10,42.78153991699219,43.07391585942377,42.5866190241846,42.92930015005631,27810600
2022-02-11,42.545753479003906,43.12736447177978,42.181064263942574,43.01418679710377,23733300
2022-02-14,42.111907958984375,42.74382061876244,41.72206970017107,42.545758764012945,29363400
2022-02-15,42.24393844604492,42.65263655077138,42.061595661189585,42.3602606294501,21824400
2022-02-16,41.97985076904297,42.40427147419978,41.718912897113135,42.23136226664558,28490700
2022-02-17,43.66181182861328,43.847302731032535,42.05845028548105,42.12761540899931,53831400
2022-02-18,43.38200759887695,43.88502337565114,43.12106973873587,43.41659015839596,31103400
2022-02-22,42.89786148071289,43.4606124850196,42.737523155209715,43.31284865626575,25380900
2022-02-23,42.45772171020508,43.130505857254285,42.3917011049603,43.02675816391159,21030900
2022-02-24,42.29424285888672,42.44514761485232,41.50199199060404,42.09932196710625,31717500
2022-02-25,42.87584686279297,43.00160260463372,42.15590576447351,42.38226466064582,24997800
2022-02-28,42.49229431152344,42.778384733122515,42.055299170768336,42.44199273847143,26286600
2022-03-01,42.753238677978516,43.35056854974753,42.44828469583653,42.715511596138725,24024900
2022-03-02,42.806678771972656,43.01731863551967,42.49858388188416,42.649488602902714,23863800
2022-03-03,43.790706634521484,44.16168119732542,42.92929081937907,43.161935152421734,29885100
2022-03-04,44.90048599243164,44.93821307304692,43.25625303901738,43.325418154194566,35576400
2022-03-07,44.53895568847656,45.15515287670938,44.1554065067756,44.42263348413742,45870000
2022-03-08,43.617794036865234,44.78730835103958,43.567492461992764,44.48549890180473,28305600
2022-03-09,43.844154357910156,44.08937319424579,43.42916365323864,44.0139226283935,22122900
2022-03-10,44.84075927734375,44.95708506408238,43.70268638172446,43.85359113469917,27512700
2022-03-11,44.664703369140625,45.287185894761706,44.604968216853905,44.737013017436624,19162200
2022-03-14,45.28718566894531,45.5386935771415,44.63955415453497,44.64898412703168,22646400
2022-03-15,45.83107376098633,45.947395945352895,45.22431024904164,45.43809107465412,22872600
2022-03-16,45.69587707519531,46.19574825553344,45.17714235626019,45.70845156830928,24615900
2022-03-17,45.765316009521484,45.85684182344196,45.0204972041594,45.58858136398379,19023000
2022-03-18,45.90102767944336,45.94205736715502,45.481278804726195,45.8189719157883,31233300
2022-03-21,45.5191535949707,46.484893519187096,45.32663550254098,45.89787279685246,21350700
2022-03-22,45.38343811035156,45.75269081106564,45.124644106632076,45.63907542894621,20235000
2022-03-23,44.799583435058594,45.36135431521816,44.66387484074389,45.17514958375771,19625400
2022-03-24,45.07731246948242,45.41816228662133,44.77748873076594,44.938447194089754,13440900
2022-03-25,45.27297592163086,45.42446430211441,44.89740984967126,45.27297592163086,14085300
2022-03-28,46.0777587890625,46.09669528723564,45.22563443010967,45.288753682841666,20105700
2022-03-29,46.46595001220703,46.74052383012076,46.156659881413,46.26712219031139,19934400
2022-03-30,47.299137115478516,47.39697268221944,46.40598305097157,46.43438599311756,24991500
2022-03-31,46.99930953979492,47.510584126674445,46.765765428287246,46.958283472512505,27163800
2022-04-01,47.6589241027832,47.74097986339859,46.97407146135497,47.232861872887774,20939700
2022-04-04,47.66840362548828,48.35009971693293,47.365426782230905,47.6273739311483,25332600
2022-04-05,47.80411148071289,48.39112865386507,47.61790312787104,47.61790312787104,18657900
2022-04-06,48.91501998901367,49.050728572116924,47.49797158022313,47.66208310944668,28018500
2022-04-07,49.404197692871094,49.719797596677616,48.74143464428615,48.9497325311532,27088200
2022-04-08,49.67877197265625,49.99437187931669,49.300049195249265,49.52097021344199,23294400
2022-04-11,48.69410705566406,49.940730771562265,48.485809118084305,49.53991832661538,24712800
2022-04-12,48.35956573486328,49.044418455084745,48.14495444665832,48.67832236967527,26761200
2022-04-13,49.618812561035156,49.79870753015787,48.39743884128362,48.42899847508129,29284500
2022-04-14,49.57462692260742,49.95650280354706,49.369485703044475,49.584093367490595,22360500
2022-04-18,49.19590759277344,49.85867074626108,48.9844565989318,49.47048146678196,14671800
2022-04-19,49.754512786865234,49.849195284105306,49.2463948222754,49.44522264882761,15855000
2022-04-20,50.37940979003906,50.606644203078254,49.956504208585166,49.97544071065247,19821600
2022-04-21,50.455162048339844,50.739202390997406,50.20268134244769,50.47094186672255,18168300
2022-04-22,49.50518798828125,50.60979302546149,49.44206873237607,50.57507671236006,21046200
2022-04-25,49.53043746948242,49.69770928734621,48.71303293936173,49.35054613373777,18057600
2022-04-26,49.01285171508789,49.90600222256464,48.981292085932,49.350544803531214,19601100
2022-04-27,48.67831802368164,49.296894735486475,48.60888539096351,49.08544376365528,17496900
2022-04-28,49.30006408691406,49.54307836386181,48.634147757653544,48.99077384566586,14955900
2022-04-29,48.2838249206543,49.30321781402618,48.1954557696345,49.17382257944756,21088800
2022-05-02,47.96506118774414,48.915021294826595,47.441163342681705,48.905551238021474,20016000
2022-05-03,48.13232421875,48.690938321681166,47.90193675941678,48.10707796019449,17950500
2022-05-04,48.79824447631836,48.86136373515601,47.81672483196698,47.9808363496521,20022600
2022-05-05,48.38014221191406,48.72539916077686,47.955699385976025,48.665214994282,23234400
2022-05-06,47.372886657714844,48.76341184431614,46.96428095995342,48.05389615398387,34258200
2022-05-09,47.927188873291016,48.494166226836306,46.938933266962515,47.02762361622723,28207200
2022-05-10,47.25251388549805,48.23760136694147,47.05613147114591,47.965197614842126,24861300
2022-05-11,46.75839614868164,47.74981646195553,46.53350388916045,47.32220544030182,27878700
2022-05-12,46.71404266357422,47.559760108400056,46.40996456262328,46.834407364979405,25244400
2022-05-13,46.894588470458984,46.999115998593375,46.28960042112573,46.7868964072968,19962300
2022-05-16,46.94527053833008,47.42672937422175,46.39096214495523,47.315865520608504,21449100
2022-05-17,41.604896545410156,43.533892895187705,41.38000429181241,43.213977583679686,132940200
2022-05-18,38.77949905395508,40.62930933551512,38.49442265919073,40.55328799693878,104253000
2022-05-19,37.7152214050293,38.5767796443388,37.56635051529528,38.28537055971031,71008500
2022-05-20,37.75640106201172,38.27586691999377,37.14507669032029,37.89577110009618,49356000
2022-05-23,38.83334732055664,39.203942287906855,37.96545636181583,37.98445807176976,43680900
2022-05-24,39.31796646118164,39.451000165993165,38.35188439659218,38.39305959694516,34584900
2022-05-25,39.077239990234375,39.48901377382357,38.833346054873694,39.276790562319526,27121800
2022-05-26,39.910282135009766,40.036979510096856,39.40348538486883,39.68855810371107,28197600
2022-05-27,40.69581604003906,40.7401593932129,39.69172346374544,39.74873945345126,25299900
2022-05-31,40.74333572387695,41.145605016942184,40.36006813962862,40.372740778702244,36912300
2022-06-01,39.73607635498047,40.83519221971437,39.49218241663716,40.70215850336404,28534800
2022-06-02,40.38858413696289,40.394916832572605,39.381323045286635,39.77409154408428,23214300
2022-06-03,39.69490432739258,40.36007296237022,39.62205114360086,40.12251169990758,18302700
2022-06-06,39.5523681640625,40.00531721626499,39.46367779984948,39.85327814542726,19855500
2022-06-07,39.077239990234375,39.11525065869731,38.2885349316642,38.40256693705303,47707800
2022-06-08,38.73832702636719,39.248292116682165,38.627466783858424,38.75416420386844,22522800
2022-06-09,38.3328857421875,39.387658335380834,38.32338488657282,38.643300190759625,19880100
2022-06-10,38.54827880859375,38.877698638571275,37.80075240105429,37.93062161162027,25238100
2022-06-13,37.82291793823242,38.40256796060278,37.72155856956094,37.92744546684307,24897900
2022-06-14,37.8387565612793,38.00980095557114,37.43015091101514,37.73422902866794,21544200
2022-06-15,37.813411712646484,38.13966329827576,37.34462556040801,38.00029689145944,25914000
2022-06-16,38.206180572509766,38.56727101086343,37.4491499410056,37.48716060553646,30706800
2022-06-17,37.46815490722656,38.28853059677336,37.36679555273217,38.01613050335408,36838800
2022-06-21,38.6971435546875,38.890361446935756,37.4459885574671,37.47133021337216,23916600
2022-06-22,38.228363037109375,39.039238148200624,38.19668868119459,38.67497943028284,20235000
2022-06-23,39.15642547607422,39.26411752582544,38.38989399010896,38.56410289040833,18040800
2022-06-24,39.18810272216797,39.691731377851426,39.01072202431274,39.30529925918431,31845900
2022-06-27,39.31480407714844,39.51119012849395,38.89352940839193,39.20710838367196,19889100
2022-06-28,38.760498046875,39.77409184174653,38.73515638955454,39.48585087977386,15399000
2022-06-29,38.61795425415039,39.0709068610212,38.317044319440896,38.92520050849888,19111500
2022-06-30,38.5102653503418,38.662304410065346,37.97495866878171,38.288537643569036,19166100
2022-07-01,38.84285354614258,38.93470844824247,38.37723184015863,38.62429760248398,17460900
2022-07-05,39.355979919433594,39.4383339508798,38.51976334070074,38.709813057444144,18218100
2022-07-06,39.63471603393555,39.99897829008293,39.371816767455186,39.42882914457792,21300000
2022-07-07,39.69490432739258,39.761421190890346,39.31480485749348,39.653725495276255,17487300
2022-07-08,39.720237731933594,40.10350531733447,39.64105186196913,39.8532714434326,14751000
2022-07-11,39.73607635498047,40.014816427255,39.473177082173265,39.599874478736666,11532900
2022-07-12,39.61570739746094,40.26821051933529,39.50484718737748,39.6283800356734,13732200
2022-07-13,39.71073913574219,40.0559924483383,39.24828565407833,39.41616188288773,12689100
2022-07-14,40.48676681518555,40.64514217037788,39.32113420568447,39.327466899958374,20905500
2022-07-15,40.882713317871094,41.26280918777251,40.5596298347613,40.79719111278622,21184200
2022-07-18,40.78767395019531,41.27230083663062,40.62613407131441,40.74966328755405,14243700
2022-07-19,41.037925720214844,41.16462315117471,40.7338475360337,40.98407786209775,16995300
2022-07-20,41.380001068115234,41.59222428910455,41.018910576269,41.33882586285411,18564900
2022-07-21,41.9849967956543,41.98816495595545,41.33566168001854,41.392677690747135,18764700
2022-07-22,41.87730026245117,42.251063422815896,41.56688580726086,41.981827800927334,13616400
2022-07-25,41.817115783691406,42.03250353596082,41.63973507601286,41.93431232719807,20535300
2022-07-26,38.63697052001953,38.861862807175655,38.02881415889129,38.367734857534494,95391600
2022-07-27,40.09716796875,40.15418396859925,38.336048166679944,38.4025650207224,42159600
2022-07-28,41.09809112548828,41.33882050545257,39.9958072079277,39.9958072079277,33262200
2022-07-29,41.82661819458008,41.89313505620974,40.54695339842931,40.6451482357419,30141900
2022-08-01,41.9818229675293,42.51712598943841,41.49403146903096,41.51303680337464,24996300
2022-08-02,42.026161193847656,42.35241274788945,41.62072377713413,42.17503206562907,19695000
2022-08-03,41.335655212402344,42.10851945967718,41.13293648361571,41.86145736830478,32003100
2022-08-04,39.77408218383789,41.43067436663483,39.69806448012975,41.389499167721056,53106000
2022-08-05,40.093997955322266,40.166851125389634,39.63154815810291,39.75507738138661,32007000
2022-08-08,40.42025375366211,40.61030347273443,40.10350663847283,40.11617565310515,18175200
2022-08-09,40.81935501098633,40.851029357287885,40.29354926271143,40.50894061739655,19325100
2022-08-10,40.904876708984375,41.224791981047545,40.66731546860217,41.177280457950474,25251000
2022-08-11,41.29935836791992,41.474329655271106,40.911243218355374,41.26118215237343,23854500
2022-08-12,42.062862396240234,42.26010009900706,41.29935632647234,41.35661700627736,26625000
2022-08-15,42.18374252319336,42.49232684472451,41.78926355916711,41.87515820166221,26516100
2022-08-16,44.33747100830078,44.833747143788365,43.96207648824957,44.187948135488924,91773300
2022-08-17,44.38520050048828,45.40320868425606,44.02889399548512,44.08297636287611,41792100
2022-08-18,44.242042541503906,44.671515891788616,44.06071096724349,44.388379856086146,19197600
2022-08-19,43.58987045288086,44.242033419187976,43.554876200418185,44.194314976925355,22918800
2022-08-22,42.81045913696289,43.49443441136862,42.76910096845675,43.329009018711744,18667200
2022-08-23,42.62913131713867,42.934533749014044,42.37780760785201,42.82318706450797,16955100
2022-08-24,42.93770980834961,43.039510604989715,42.50187264476414,42.74046848943212,15766500
2022-08-25,43.224029541015625,43.26220575473764,42.95679968564562,43.03633407101385,19414500
2022-08-26,41.86561965942383,43.52942666394123,41.836985682280236,43.30037305021091,21331800
2022-08-29,42.272823333740234,42.587771628279825,41.54431153619255,41.62066396178422,17381700
2022-08-30,42.14558029174805,42.51778931907947,41.91016634631489,42.419170455544574,14468100
2022-08-31,42.167850494384766,42.56232959047318,41.97060912599827,42.24101733235039,22460700
2022-09-01,42.78183364868164,42.99179555064345,42.12012472167904,42.16466485291659,21741900
2022-09-02,42.31100082397461,43.16040156056455,42.13285122668881,42.8995392601799,17234400
2022-09-06,42.101051330566406,42.50825469081084,41.585683212500086,42.326919441480904,21899700
2022-09-07,43.18267059326172,43.2558410614665,42.228287111468816,42.330087919108486,17058900
2022-09-08,43.40217971801758,43.542156743081954,42.909081813009664,43.074507220439834,16956000
2022-09-09,43.53261184692383,43.7425737309926,43.30674017399444,43.36082253406868,16140600
2022-09-12,43.923919677734375,43.981180368924626,43.57397705075019,43.608971313448606,14284500
2022-09-13,43.01724624633789,43.88573509044825,42.886815096063536,43.53897448811946,17687400
2022-09-14,42.92180633544922,43.43399235152645,42.66094403110782,43.14767802393865,19934700
2022-09-15,42.46052551269531,42.994977967778624,42.30146037499065,42.96316566837455,20189400
2022-09-16,42.37144470214844,42.80409630010364,41.763818193395984,41.992871823424686,41874300
2022-09-19,42.73411560058594,42.8709070315711,42.14239518225314,42.253741870706286,16853100
2022-09-20,42.4859733581543,42.59095612926944,42.16466476941915,42.46370329257962,13963500
2022-09-21,42.87409210205078,43.72667489332254,42.82637364954291,43.087239620211,24903600
2022-09-22,42.43507766723633,42.858187116067896,42.260106362600645,42.81046866226307,16744500
2022-09-23,41.37570571899414,42.368265444569055,40.965320517856135,42.26964659174151,27195300
2022-09-26,41.77336120605469,42.03740543134043,40.80625363138243,40.958954827383316,23011200
2022-09-27,41.658836364746094,42.44779072649809,41.45205281181104,42.06603955550421,17171700
2022-09-28,42.34599304199219,42.5177823558083,41.26754235498256,41.80517671959241,16838400
2022-09-29,42.072410583496094,42.66731301527573,41.87517285281574,42.470071643910735,15241500
2022-09-30,41.26118469238281,42.10740355854502,41.26118469238281,42.06923098133295,19602300
2022-10-03,42.1614875793457,42.244200294239995,41.35980517552344,41.4329756559119,17574900
2022-10-04,42.70866394042969,43.01088442763199,42.42871351924454,42.584593059311686,16134300
2022-10-05,42.28554916381836,42.826365470321896,42.1551143830532,42.55277535937373,14553900
2022-10-06,41.891075134277344,42.7818340797934,41.859262834892384,42.33645460703537,14200500
2022-10-07,40.89851379394531,41.88152764155263,40.742630620435634,41.77336655596048,17080500
2022-10-10,41.14029312133789,41.3343525159485,40.80943865528479,41.207099678025216,11411700
2022-10-11,42.206024169921875,42.565509015195644,41.184833963318525,41.20074011465385,21276000
2022-10-12,41.72882843017578,42.87408942220293,41.665203830808814,42.31418493826805,16947600
2022-10-13,42.081947326660156,42.29190920457051,40.83806764417279,41.127563901317586,20545500
2022-10-14,41.4934196472168,42.38099675309018,41.372530709012715,42.13285860036693,16641000
2022-10-17,41.792449951171875,42.25691746138293,41.544308228439995,41.662015174618645,17812500
2022-10-18,42.673667907714844,42.97907034031436,42.415983922580715,42.44779622089098,16842300
2022-10-19,42.552772521972656,42.86135686563716,42.30145249097331,42.73410769173719,11339400
2022-10-20,42.65776443481445,43.07450993764559,42.51778740092011,42.622770176340865,12754800
2022-10-21,43.51988220214844,43.71394157063709,42.629127019325466,42.88681097786923,18134700
2022-10-24,44.35021209716797,44.69060885610053,43.62487843995461,43.726679271772106,18806700
2022-10-25,44.56016540527344,44.6778723667177,44.00344289674689,44.24840269365436,15051300
2022-10-26,44.90056228637695,45.186880257197664,44.48063484488906,44.652424171107796,20754300
2022-10-27,44.770137786865234,45.205975083226306,44.63016073867088,44.859214421232984,16602900
2022-10-28,45.336395263671875,45.460462489322076,44.55061917802911,44.55380113575017,13648200
2022-10-31,45.27914047241211,45.51455442372162,45.100990850077075,45.28232243080258,22572000
2022-11-01,45.075531005859375,45.66724773989787,45.0150883696621,45.482734232783415,14814300
2022-11-02,44.776493072509766,45.67361223818488,44.760586923797895,44.90692422008389,15522000
2022-11-03,44.76695251464844,45.08190084977274,44.24522422171614,44.38201930129214,10976400
2022-11-04,44.84648513793945,45.24096056980969,44.15296389266641,45.18369988618174,14669400
2022-11-07,45.317317962646484,45.482743396743636,44.9387449986261,44.9387449986261,11364000
2022-11-08,45.42548370361328,45.83268702151672,45.018276745025005,45.35867713681255,15068400
2022-11-09,44.36928939819336,45.54318063671329,44.28657305689514,45.41592780760253,15932100
2022-11-10,45.2886848449707,45.393663983580524,44.696964387254226,45.336403297190536,20310600
2022-11-11,45.35867691040039,45.530466264369004,44.534724403057766,45.387307255833555,19270800
2022-11-14,44.02571487426758,45.594085296553295,43.98753865790209,45.059629189489605,37525800
2022-11-15,46.90476989746094,47.80507106111744,45.98538062636313,46.32259536289618,76548600
2022-11-16,47.24198913574219,47.7828055489385,46.8029735448107,47.044747767176226,32593200
2022-11-17,47.082923889160156,47.315159517446276,46.67253864261815,46.7679791887236,24791400
2022-11-18,47.7923469543457,47.79552891237226,47.32787938094297,47.614193711700956,18987000
2022-11-21,48.085018157958984,48.399966447985875,47.77961574133629,47.91323248420721,21157200
2022-11-22,48.25680923461914,48.498587066778924,48.07547768084136,48.355431726644085,16898400
2022-11-23,48.489051818847656,48.791272332241995,48.317262473391274,48.380887078172265,16920600
2022-11-25,48.695831298828125,48.702191574356505,48.31089446301456,48.39361081104245,8777400
2022-11-28,48.8358039855957,49.19528879206238,48.58448390908037,48.58448390908037,17674800
2022-11-29,48.66402053833008,48.899434476065565,48.53040377842735,48.683105006203164,13841700
2022-11-30,48.489051818847656,48.60039487721439,48.10093663272513,48.54949446525267,31338000
2022-12-01,48.79126739501953,48.867619825578274,47.95140886229471,48.37133994899926,22732200
2022-12-02,48.74354553222656,48.74990944788882,48.19000137149915,48.19000137149915,20733000
2022-12-05,48.24409103393555,48.67356438903453,47.881424240664785,48.59403363464011,23608200
2022-12-06,47.684181213378906,48.326798375101625,47.46785540106004,48.10093032958988,20625600
2022-12-07,47.43604278564453,48.10410832520384,47.343784208870844,47.87824028120242,17550300
2022-12-08,47.509490966796875,47.66915209464059,47.305121799629745,47.63083561660348,13512600
2022-12-09,46.401424407958984,47.17100270092108,46.372682482814994,47.0911684864652,27929400
2022-12-12,47.26679992675781,47.29234789891748,46.48125551258282,46.5898243446371,19432200
2022-12-13,47.09756088256836,47.962935930078125,46.85806552518859,47.899071475952624,23408100
2022-12-14,46.83570861816406,47.429656044628466,46.608985434699704,46.96982542532613,20334600
2022-12-15,46.417388916015625,46.75587486420946,45.86495195811635,46.48764126819301,17514000
2022-12-16,45.583946228027344,46.21302349521704,45.52646968390471,46.13638323050824,40343100
2022-12-19,45.599910736083984,45.84260002657618,45.25823081916726,45.666969138139876,15067500
2022-12-20,45.99906539916992,46.187468424148406,45.42427811982231,45.63822545950548,17009400
2022-12-21,46.359901428222656,46.602590669487434,46.06611990744993,46.08527996906643,13726500
2022-12-22,45.81705856323242,46.29604926742052,45.322101745865325,46.228990861186915,13082400
2022-12-23,45.90965270996094,45.919234568723276,45.43385604819937,45.6797392613821,9547500
2022-12-27,45.92243576049805,46.12680492674256,45.72445084669308,45.99587841721101,10044600
2022-12-28,45.11772918701172,45.877725618748656,44.996384543314285,45.81386117082646,15246300
2022-12-29,45.39234924316406,45.67016472125773,45.26462034113136,45.38915894414041,9171900
2022-12-30,45.27738952636719,45.341257627597265,44.96445154429731,45.20394687428612,11505900
2023-01-03,45.85538101196289,45.890503539202854,45.373196329910634,45.52008530945598,17249700
2023-01-04,45.90645980834961,45.99906617313112,45.366798693447116,45.7978909874154,13338300
2023-01-05,45.75,46.0246178766182,45.55201508108714,45.810670498990184,13274400
2023-01-06,46.87083053588867,47.11671376293988,46.059741859865206,46.17469859063849,21231900
2023-01-09,46.28646469116211,47.21570777217765,46.23856635443539,46.723944937180725,17756700
2023-01-10,46.257728576660156,46.4461316334295,45.8968885761081,46.28327289567515,11970600
2023-01-11,46.66328048706055,46.679246602621674,46.216221942529764,46.538745516565676,14834700
2023-01-12,46.241764068603516,46.75588096431619,46.107647253097454,46.75268701072621,12472800
2023-01-13,46.3950309753418,46.564273935128604,45.938394379207736,46.47166757297717,13699800
2023-01-17,46.11402893066406,46.52915516835976,46.04697052665586,46.39503836034335,15122400
2023-01-18,44.974029541015625,46.06293370278721,44.85907280638849,46.046967591155905,22674300
2023-01-19,44.33218765258789,45.1943687185632,44.319411838649586,45.1496643330062,17342100
2023-01-20,44.878231048583984,44.95486765042006,44.12142496300675,44.5141971402391,29543100
2023-01-23,45.548824310302734,45.666975017441274,44.76966770305247,44.8526922279815,13149900
2023-01-24,45.67015838623047,46.79738260059003,45.02511874985897,46.79738260059003,13669200
2023-01-25,45.453025817871094,45.6126906083313,44.830336424044525,45.42109359066088,12491700
2023-01-26,45.41151428222656,45.9032808412494,45.267819251704175,45.67336367624047,15819000
2023-01-27,45.75958251953125,46.133194718028086,45.26462565720672,45.53605326031281,18412800
2023-01-30,45.39234924316406,45.48814957409755,45.11134346604675,45.38277103727519,15897600
2023-01-31,45.941593170166016,45.94478346899684,45.23587933498032,45.446632741478034,14103600
2023-02-01,46.197044372558594,46.49721380933456,45.56797088717343,45.8745245751096,12849300
2023-02-02,45.86176681518555,46.25773303333915,45.64462546500171,46.11403434820596,17806800
2023-02-03,45.2518424987793,45.97032844570782,44.980414961638544,45.778731462311846,17155500
2023-02-06,44.922943115234375,45.37638951531785,44.71537998253228,45.28697708586924,17454000
2023-02-07,45.01873016357422,45.1209147312455,44.28747207957714,44.63234590906981,16341300
2023-02-08,44.77605056762695,45.05705633924556,44.70260425774997,44.81117674588039,11691300
2023-02-09,45.19116973876953,45.32528653493262,44.8878099708379,44.98361029267483,13064400
2023-02-10,45.89368438720703,45.96393673044377,45.398727686191286,45.692509215797216,15002700
2023-02-13,46.5930061340332,46.66006817304129,46.1459478004266,46.20981588694745,16015800
2023-02-14,46.45890426635742,46.98259935559132,46.16193236913469,46.535544533001385,13831200
2023-02-15,46.80377197265625,46.8133538319251,46.161926269169065,46.28965515748515,14674200
2023-02-16,46.06932830810547,46.61857139866824,46.04059003387205,46.455712651057326,16312200
2023-02-17,46.76226043701172,46.84209465096396,46.16511908104551,46.33755601318642,24770700
2023-02-21,47.04646301269531,47.36898285309675,45.39234607337235,45.62545715035799,54393900
2023-02-22,46.05974578857422,47.123102034142136,45.58713935835736,46.8676405804069,29844000
2023-02-23,45.37318801879883,46.101252184625096,44.9325138520636,46.101252184625096,22021200
2023-02-24,45.49453353881836,45.58075200198311,44.555708649065075,44.97402880667404,20623500
2023-02-27,45.16563034057617,45.692519377621394,44.91655313108708,45.571174726353966,16647300
2023-02-28,45.38595962524414,45.552008640020155,45.00915356173882,45.02511967260542,18054000
2023-03-01,44.75369644165039,45.114536429025144,44.50462289550946,45.04428407268591,14180100
2023-03-02,44.865455627441406,44.942095884354245,44.546129750591284,44.65470222974828,14785500
2023-03-03,44.91974639892578,45.08579543311133,44.63235271532497,45.03789709491269,16888800
2023-03-06,44.91335678100586,45.018735313673645,44.71218157559035,44.865458444632,16720800
2023-03-07,44.4662971496582,45.2422596159614,44.31940454880143,45.08259851208459,17387400
2023-03-08,44.09906768798828,44.36091700493489,43.83721837104168,44.24596028346908,19090800
2023-03-09,43.80209732055664,44.38008225713079,43.722266762204946,44.33218392211977,15415800
2023-03-10,43.73823928833008,44.1565595151411,43.45723348907583,43.75420540234194,20065200
2023-03-13,43.865970611572266,44.22681062506802,43.61370309380735,43.64563532092603,28142100
2023-03-14,44.09906768798828,44.153353923083,43.747809617906206,43.96814485671912,25542600
2023-03-15,44.59083557128906,44.64512181262119,43.655208273440465,43.712688467981906,33133500
2023-03-16,44.3375358581543,44.77680550303667,44.20927977774821,44.70626520922136,28905600
2023-03-17,44.696659088134766,44.72551515405906,44.11630870835516,44.30868737370092,43081200
2023-03-20,45.17759704589844,45.50464579798107,44.828102656408355,44.92108858047937,33928500
2023-03-21,45.02369689941406,45.3347141358195,44.738328677667354,45.3347141358195,19013400
2023-03-22,44.73512649536133,45.28020659995214,44.71588789916098,45.09423839586479,18548400
2023-03-23,45.097434997558594,45.40524882114661,44.72549864524503,44.95315105180652,22044300
2023-03-24,45.4661750793457,45.68100301372791,45.081414161169995,45.21287362171686,22752300
2023-03-27,46.226078033447266,46.4857935510568,45.7803943310941,45.78360137502508,26775600
2023-03-28,46.04652404785156,46.30303254259088,45.86696993622752,46.05934855524179,21282900
2023-03-29,46.24531936645508,46.47938221586545,45.99522129644015,46.29020697598723,24216900
2023-03-30,46.707035064697266,47.00522779103567,46.49862122761403,46.65252632231423,21879000
2023-03-31,47.27777099609375,47.59519866978969,46.96354669737483,46.99881684660628,20868000
2023-04-03,47.675350189208984,47.75871865421201,47.29379635574023,47.367540019523936,19766700
2023-04-04,47.207218170166016,47.70741054601058,47.13988493393561,47.62404209221468,18113700
2023-04-05,47.98957824707031,48.05691149768436,47.1783685261166,47.18798965871115,26540700
2023-04-06,48.35189437866211,48.42884875740534,47.62084612753514,47.71062134355325,17891700
2023-04-10,48.258914947509766,48.45450429533011,48.021645030079995,48.210820289012474,14519100
2023-04-11,48.11783218383789,48.41602123200834,47.97354455644866,48.41602123200834,18370500
2023-04-12,47.883766174316406,48.40640427921493,47.82925743296427,48.02805380322578,11209800
2023-04-13,47.93186569213867,48.09538825088596,47.5182450596301,47.983163721294204,13272600
2023-04-14,47.60801315307617,48.060110909158865,47.50220272766224,47.784363862099404,10464900
2023-04-17,47.941490173339844,47.98958483475385,47.61444133858216,47.65932895535774,16166700
2023-04-18,48.04729461669922,48.204406759831485,47.91583148868932,48.024848976426895,13482300
2023-04-19,48.09859085083008,48.54748158894656,48.02163647543339,48.36471678207271,12433500
2023-04-20,48.40640640258789,48.54107290513755,47.96713674718668,48.16272241255185,13641600
2023-04-21,48.65009307861328,48.832854246537124,48.47374233011568,48.72383675303185,25335000
2023-04-24,48.980342864990234,49.041265697571426,48.64367660652345,48.64367660652345,13579500
2023-04-25,48.598785400390625,49.297770550230744,48.52183102164073,49.15027955014243,17246700
2023-04-26,48.38715362548828,48.54747276550252,48.165915340512456,48.40959925913061,12910200
2023-04-27,48.53786849975586,48.71742629250871,48.34548619877415,48.34548619877415,12861000
2023-04-28,48.40640640258789,48.79116731424591,48.153104949249865,48.50900980161496,14088600
2023-05-01,48.605201721191406,48.90980855978051,48.39358449270585,48.428854642351304,11409600
2023-05-02,48.47373962402344,48.573135978759666,47.922245437245664,48.566725559691285,11329500
2023-05-03,48.29417419433594,48.76871388600409,48.181949688985206,48.59557023214979,12334500
2023-05-04,48.429359436035156,48.596726080527596,48.11394519127138,48.45510956723625,14011200
2023-05-05,48.847774505615234,48.92501753886563,48.22337705215059,48.37464757489917,14556000
2023-05-08,49.153533935546875,49.227561423776,48.619256432805344,48.686845466988075,14926200
2023-05-09,49.237220764160156,49.30159426163085,49.03123441223757,49.15353926910742,15209700
2023-05-10,49.09881591796875,49.67815520632773,48.67397005316626,49.465730432263506,15827700
2023-05-11,49.28227615356445,49.33055350787649,48.9218000847115,49.098817050522285,11926800
2023-05-12,49.26618576049805,49.58803848601817,49.150315685316805,49.43676796285654,16119300
2023-05-15,48.8831672668457,49.51721857074218,48.722239100293045,49.404571432483046,16113900
2023-05-16,48.2072868347168,48.770530049779566,48.13969779624232,48.55167048154441,15512100
2023-05-17,48.1268196105957,48.64822018461544,47.86289825502702,48.645004641045574,26985900
2023-05-18,48.751220703125,49.65884753988283,48.26200131121227,48.85742941541083,46768500
2023-05-19,48.24912643432617,48.74799980725069,47.9916435219563,48.728688128407185,27594000
2023-05-22,47.82427978515625,48.303845191831456,47.727725068372074,48.18154034057569,16117800
2023-05-23,47.734161376953125,47.9111783497664,47.33828116261245,47.637602981183335,16302300
2023-05-24,47.515296936035156,47.80818397637906,47.08723182835192,47.79852997870886,20515200
2023-05-25,47.04217529296875,47.45414796293167,46.69779165896373,47.27390807815979,21299100
2023-05-26,47.125850677490234,47.25459027851644,46.82009044172727,46.894114238987044,15720900
2023-05-30,47.009986877441406,47.40586706562412,46.86193190815259,47.08722990562719,15742500
2023-05-31,47.27069091796875,47.41230375593143,46.672039929489166,46.803998769784926,30130800
2023-06-01,47.444496154785156,47.60220515265188,46.97137284451167,47.05827357054735,20239200
2023-06-02,47.8983039855957,47.959454565357056,47.34471480743567,47.383338164825,19178100
2023-06-05,48.213722229003906,48.68041069757525,48.07532493361154,48.07532493361154,15553200
2023-06-06,48.2072868347168,48.33924568443814,47.79853337664231,48.18154038354859,15015600
2023-06-07,48.27808380126953,48.39395017106145,47.96910435960745,48.03669338226319,24256500
2023-06-08,48.97651290893555,49.06019807759591,48.21050263293246,48.40361573626407,18873000
2023-06-09,49.27261734008789,49.47538811685904,48.79305566829175,48.97329554023811,15603900
2023-06-12,49.59769058227539,49.66206038346574,49.29836511341902,49.38204659163163,14713500
2023-06-13,49.983917236328125,50.051506269873215,49.58803703271,49.73287278077866,15738900
2023-06-14,50.489227294921875,50.6372785814881,50.08368942448456,50.18024781426771,21103200
2023-06-15,50.76601791381836,50.9269424120287,50.524627483177184,50.53106225311021,18160500
2023-06-16,50.05794143676758,50.90119837053777,49.97747550053503,50.87866746639355,34675800
2023-06-20,49.61700439453125,50.03219629088474,49.526884452300976,49.79080582478742,19994400
2023-06-21,49.71356201171875,49.996791375726374,49.35952070255154,49.633096068730126,19251000
2023-06-22,50.12874984741211,50.23496223157237,49.7199927614021,49.88092095103817,13307400
2023-06-23,50.0354118347168,50.30255241464034,49.89379531925496,50.170589896448206,18975000
2023-06-26,49.9034538269043,50.13840582539554,49.668498145087064,50.09656324210619,14106300
2023-06-27,49.723209381103516,50.1609321186335,49.58481210293767,49.61377777588961,12093600
2023-06-28,49.99357604980469,50.10622321382293,49.77149358218165,49.80046294244727,18889800
2023-06-29,49.65562057495117,49.80689107695075,49.2887060881926,49.72964805429538,21530400
2023-06-30,50.5890007019043,50.70164785826565,49.81655200830585,49.87770258509398,19073100
2023-07-03,50.91728973388672,50.99453275836263,50.3154232550141,50.469912987291686,8647500
2023-07-05,50.88832473754883,51.213396656669076,50.640495843932754,50.90441718800077,17585400
2023-07-06,50.566463470458984,50.910847033473786,50.48922045242669,50.83038478899734,14427000
2023-07-07,49.40135955810547,50.30255153159599,49.38848633419654,50.14806179471126,19774800
2023-07-10,49.84873580932617,50.04828366951865,49.6684959431371,49.745742652454084,12967800
2023-07-11,49.77470779418945,50.05150236073718,49.520444131505734,49.81333114843467,11460900
2023-07-12,49.90023422241211,50.173809575204096,49.82942596404346,49.98713493192582,16509900
2023-07-13,49.60734176635742,50.08046861826179,49.46572526510777,50.025752817022095,11859600
2023-07-14,49.77793502807617,49.78115425533541,49.43033215060634,49.60413358934126,10427400
2023-07-17,49.839088439941406,49.88092734361366,49.5075780211357,49.69425268237468,10135200
2023-07-18,49.74896240234375,50.0997807747574,49.520445182091606,49.78114730378898,13437300
2023-07-19,49.76505661010742,49.95173125507612,49.48504280099138,49.82298796142385,12372900
2023-07-20,50.68555450439453,50.70808540859578,49.855170792322255,49.86482847269101,14987700
2023-07-21,50.97201156616211,51.103970410382516,50.67268606301994,50.82073735938122,16960500
2023-07-24,51.271331787109375,51.32926682300557,50.711307840083855,50.997756425919626,12529800
2023-07-25,51.229488372802734,51.66077266871931,50.94303612887765,51.64468021849803,15553800
2023-07-26,51.41294860839844,51.71870887465163,51.155465697344255,51.252024091068385,15094200
2023-07-27,51.22626876831055,51.702611184668626,51.21661108825355,51.522375006854375,13400400
2023-07-28,51.4676628112793,51.79917319995429,51.268114942687625,51.268114942687625,11020200
2023-07-31,51.45158004760742,51.70262454407059,51.14581973332715,51.48376495612885,13033200
2023-08-01,51.21018600463867,51.641470378952256,51.16190864519919,51.4805421641609,11782500
2023-08-02,51.245582580566406,51.63502430926868,51.02350381323566,51.02350381323566,12660000
2023-08-03,51.25844955444336,51.33569625539649,51.01705913895298,51.181206536815665,13202700
2023-08-04,50.96234893798828,51.57709233674061,50.840044103594,51.419383374407836,14262000
2023-08-07,51.654335021972656,51.886071465434064,51.21017749560792,51.335701555954756,14268900
2023-08-08,51.70582962036133,52.018028304231755,51.33891513364882,51.8152612260455,11017500
2023-08-09,51.78951644897461,52.17252342512915,51.725146642896014,51.78951644897461,13209600
2023-08-10,51.763675689697266,52.244945883323,51.68938873602407,51.93486799130779,15169500
2023-08-11,52.06729507446289,52.27078299465251,51.711998881897856,51.85734581213901,14195100
2023-08-14,51.6796989440918,52.577633340369,51.414843043539946,52.32569642843476,20813700
2023-08-15,51.41483688354492,51.93486400140639,51.33085422654191,51.531115160012526,14559300
2023-08-16,51.440673828125,51.99300025081627,51.153206965372014,51.64093106116781,26980800
2023-08-17,50.287574768066406,52.04791342002068,50.07116416911524,51.970392102062085,53614200
2023-08-18,51.011085510253906,51.57310023230193,50.164830908260036,50.164830908260036,27954900
2023-08-21,50.87543487548828,51.30502173694485,50.72362659603554,50.914191840840786,15679200
2023-08-22,50.71393585205078,50.81083750890846,50.465229608359955,50.70101686327651,16670700
2023-08-23,51.06600570678711,51.16290366838503,50.552436160341294,50.58473917729423,14210400
2023-08-24,50.6751708984375,51.43098897224822,50.652563594101835,51.07568908788849,14033100
2023-08-25,50.97557067871094,51.04663066982132,50.56213341873829,50.76885204872462,12267000
2023-08-28,51.266265869140625,51.30179586301799,50.9884872611614,50.9884872611614,11871000
2023-08-29,51.69585037231445,51.7539913677128,51.31148549695642,51.35670380687492,12702300
2023-08-30,52.06729507446289,52.09636372122713,51.6538578919494,51.808896835391955,10967700
2023-08-31,52.52272033691406,52.645459954927816,51.989770536425496,52.041453877460526,19582800
2023-09-01,52.186805725097656,52.635772911101256,51.728146525577664,52.60670426339228,12553500
2023-09-05,51.766902923583984,52.58408893108975,51.73783427826893,52.27724173056925,15209400
2023-09-06,52.15450668334961,52.38060561313889,51.65062917400263,51.808898794497146,14594700
2023-09-07,52.800498962402344,52.80372593685425,52.16096289734401,52.325690147601264,19120800
2023-09-08,52.897403717041016,52.92647236578712,52.671304780386286,52.80373273180768,12667200
2023-09-11,53.081512451171875,53.12673445731882,52.861874852410615,52.9716955000014,11912100
2023-09-12,53.13964080810547,53.27206873085404,52.98460188766101,53.13317946692966,11757300
2023-09-13,53.15256881713867,53.56923667964472,53.09120085122851,53.272077774242725,14364300
2023-09-14,53.375431060791016,53.53370066086622,53.10411385861618,53.294682773576994,14923800
2023-09-15,53.178409576416016,53.507867794682475,52.89740033510227,53.362517167404334,63925200
2023-09-18,52.78435134887695,53.35928884471132,52.72944472376605,53.191330905315276,12997800
2023-09-19,52.771427154541016,52.90062811577558,52.438741979791104,52.771427154541016,14019600
2023-09-20,52.942623138427734,53.20102140054637,52.63577589524066,52.842494504935566,10120800
2023-09-21,52.29985427856445,53.13319002774551,52.257866641834504,53.055672400325506,18782400
2023-09-22,52.43874740600586,52.7229836358622,52.29985441768604,52.39998674398266,13215000
2023-09-25,52.671302795410156,52.68422178365264,52.28370727319489,52.44520386727621,10459500
2023-09-26,52.48720169067383,52.823117605041716,52.438752706457755,52.62931797175686,14435700
2023-09-27,52.23525619506836,52.39998716177026,51.77337000760655,52.32569650837018,15711000
2023-09-28,52.500118255615234,52.593789244576236,52.193271006665675,52.325698963357084,11617200
2023-09-29,51.65708541870117,52.690678312071135,51.41806382774208,52.6583789962058,18842400
2023-10-02,51.71200180053711,51.76690842609739,51.13383362874769,51.51497151494134,12992700
2023-10-03,51.38576889038086,51.921945711555814,51.25334094476502,51.57956849850604,11253300
2023-10-04,52.0026969909668,52.01884665005396,51.35993020932168,51.56664880277337,15755700
2023-10-05,51.38254165649414,51.98977475771286,51.35669998387842,51.82504749431035,14269500
2023-10-06,50.52012634277344,51.35346194647876,48.98265608706837,51.24364132235,42616200
2023-10-09,50.336029052734375,50.33925972406005,49.502693278883505,50.09054978186695,21022500
2023-10-10,50.90449523925781,51.05953416469681,50.27787819611787,50.46198946136512,16014300
2023-10-11,51.10798263549805,51.51496212105352,50.72361784456504,51.117674647479106,12026100
2023-10-12,51.340553283691406,51.45683157611377,50.95941538968786,51.20489465979528,13514100
2023-10-13,51.624786376953125,51.82827428583711,51.32439682353883,51.44067510055542,13809000
2023-10-16,52.07052993774414,52.35153920048917,51.78305933234464,51.85411931586271,14348100
2023-10-17,52.13835525512695,52.232022537918375,51.80566636589741,51.91871767516706,10893000
2023-10-18,52.177120208740234,52.441976116350176,51.91226060470999,52.28693715954669,10559100
2023-10-19,51.928409576416016,52.26755613479503,51.750759618969745,52.14158952535154,11745900
2023-10-20,51.2791748046875,52.03499284606088,51.26302514667515,51.947783214226256,15056700
2023-10-23,52.005924224853516,52.1157448643296,51.04016056023163,51.26949015611637,17097000
2023-10-24,52.72944259643555,52.80372954946743,52.12866345147507,52.131894122567765,17535000
2023-10-25,52.571170806884766,53.07827895128857,52.47749983116997,52.70036807389015,16621800
2023-10-26,52.25140380859375,52.92324294130653,52.199724159648156,52.55502405641165,16220100
2023-10-27,52.05760192871094,52.31600385858014,51.8573446839452,52.15773424751371,13829700
2023-10-30,52.6551513671875,52.73266899045851,51.934866971088674,52.151273878456045,12653700
2023-10-31,52.78112030029297,52.84894960506076,52.30954214147226,52.6486886653112,14168400
2023-11-01,53.25270080566406,53.417428068381625,52.64223333943418,53.039520869046,14899500
2023-11-02,53.462642669677734,53.67905326241414,52.85217524575447,53.094423812788484,15492300
2023-11-03,53.18486785888672,53.71458702988753,53.133188210234444,53.57892471780778,17240100
2023-11-06,53.25592803955078,53.49817662455211,52.994299124178944,53.133188411484234,14529000
2023-11-07,53.504634857177734,53.8147127322444,53.40127556548885,53.543395515666035,15023400
2023-11-08,53.0685920715332,53.70812821576138,52.83603548986125,53.566008251172846,15591900
2023-11-09,52.94585037231445,53.13964998042622,52.72944345902404,53.0912010025033,15080100
2023-11-10,53.67905807495117,53.75980637239532,52.93938962396637,53.14933889374126,14319900
2023-11-13,54.16032028198242,54.221691940304325,53.6338318137474,53.74042177576454,15408900
2023-11-14,54.150630950927734,54.63512811396697,54.02143367887461,54.31859257958481,19792500
2023-11-15,54.838623046875,54.890302698104435,54.10541591582101,54.38642517451239,35769900
2023-11-16,50.40061950683594,51.502045375505624,50.22620024778372,51.27594647289793,97658700
2023-11-17,50.17775344848633,50.885118831317875,50.06793281501665,50.371553044318766,42487800
2023-11-20,50.16160583496094,50.39093542765125,50.06793485595729,50.23912715502188,26663100
2023-11-21,50.34248733520508,50.662253545023944,49.783699515279324,50.21328636497378,29382300
2023-11-22,49.958126068115234,50.40386264195454,49.86445507382351,50.29727265768414,26416500
2023-11-24,50.40708541870117,50.4296927235179,49.96780656044159,50.11315718830351,13975200
2023-11-27,50.636417388916016,50.82698633177349,50.37155779309473,50.37155779309473,23393700
2023-11-28,51.24041748046875,51.330854086129634,50.60088141701671,50.60088141701671,23535000
2023-11-29,50.413543701171875,51.28240565525627,50.26173174033613,51.28240565525627,29896500
2023-11-30,50.287574768066406,50.500754696032644,49.90643691308307,50.394164732049525,29925900
2023-12-01,49.85152816772461,50.26173468166881,49.299201697320996,50.1874440323523,39273600
2023-12-04,49.83860397338867,50.04209187355993,49.51883410475988,49.52206477550919,24883200
2023-12-05,50.30049133300781,50.33925199012031,49.657724605501066,49.88705418092703,21883800
2023-12-06,49.75463104248047,50.3327954983699,49.628660742936596,50.242355188532756,26447400
2023-12-07,49.427188873291016,50.101519552996756,49.35262230217128,50.03992366217528,25362600
2023-12-08,48.90847396850586,49.34614168382446,48.707472941547856,49.27806045145812,34069500
2023-12-11,49.031673431396484,49.09975466927326,48.48053818757528,48.99925414765985,31883400
2023-12-12,49.0705680847168,49.18079288499364,48.70422431669577,49.02517812858946,21381900
2023-12-13,49.94266891479492,49.94266891479492,48.83715571827899,49.13217566272762,35348700
2023-12-14,49.333160400390625,49.9069904571122,49.2553548844723,49.77082802164405,30891300
2023-12-15,49.51796340942383,49.7513837048124,49.12892463691127,49.20673387547326,70003500
2023-12-18,50.24092483520508,50.273344115750014,49.64439968476154,49.71572729616877,26316000
2023-12-19,50.422481536865234,50.47435313216829,49.95563717913777,50.198785514005145,24417000
2023-12-20,49.83244323730469,50.62024149245383,49.803266623454505,50.38682116135381,21967800
2023-12-21,50.18581008911133,50.27010466989195,49.89727552693138,49.926452137110026,20087700
2023-12-22,50.78557586669922,50.94767226135492,50.30252193235766,50.39653709922823,19405500
2023-12-26,50.707763671875,50.895801414947115,50.610505840753646,50.785572904890834,11679900
2023-12-27,51.1843376159668,51.207032594693736,50.62671712835126,50.67534604549594,19896000
2023-12-28,51.08384323120117,51.330234226427805,51.06114824975558,51.148681795161124,16776000
2023-12-29,51.10976791381836,51.24917302716741,50.95091049277544,51.07086329843064,21948300
