Date,Close,High,Low,Open,Volume
2018-01-02,57.81116485595703,57.92674514892654,56.879716958643094,56.98849688521448,11469300
2018-01-03,58.94655227661133,59.13012576590486,57.66835896312547,57.899524618688226,13957700
2018-01-04,59.028160095214844,59.30011764175833,58.763002913803604,59.007764186976864,10863000
2018-01-05,58.980560302734375,59.06894428941343,58.273472847827634,58.980560302734375,11047600
2018-01-08,59.245723724365234,59.252524089340156,58.878581823099196,58.946569911372464,10927100
2018-01-09,58.99416732788086,59.2525293482722,58.91258368957546,59.10975279407866,8131600
2018-01-10,58.5250129699707,59.27969232331226,58.45702491385518,59.15051138568344,10822300
2018-01-11,59.10294723510742,59.402101048364734,58.4230559774562,58.715409425732574,14366000
2018-01-12,59.50408935546875,59.823639123597246,59.27292878364098,59.28652432844756,9834500
2018-01-16,59.130149841308594,59.667264614842516,58.878588181655736,59.653663883423874,10882800
2018-01-17,59.83042907714844,59.97320561498716,59.102945658355814,59.286514010674594,10546000
2018-01-18,59.44289779663086,59.959616647728645,59.38170488104184,59.674058353578324,9223700
2018-01-19,59.25252151489258,59.6672555786461,58.88537962957839,59.538074585528584,13090000
2018-01-22,60.000396728515625,60.02759299821698,59.18452938610725,59.26611300805325,10270400
2018-01-23,60.034393310546875,60.143173202100215,59.65365072221504,60.000396676660046,10281800
2018-01-24,60.190765380859375,60.455922526286756,59.83722424934223,60.163569111179896,10316100
2018-01-25,60.081993103027344,60.42193873636247,59.96640764545278,60.20437373851434,11271900
2018-01-26,60.510337829589844,60.510337829589844,60.14999619830306,60.26557649755353,10514400
2018-01-29,59.837249755859375,60.71431037504008,59.796452740370796,60.231582866407074,9315700
2018-01-30,59.00096893310547,60.08879402635906,59.00096893310547,59.51768779758563,12408000
2018-01-31,59.35452651977539,59.47010682303146,58.69503097377519,58.851403104731006,14404700
2018-02-01,60.55792236328125,60.680303013820705,59.38850841082851,59.49049315080462,17971000
2018-02-02,57.47121047973633,58.4774518811958,56.43097762573745,57.87914422032192,29822100
2018-02-05,54.200931549072266,57.104064918637576,53.1199017588821,56.62134275119972,30452700
2018-02-06,53.26947784423828,54.6292603300499,52.28363761688828,53.37826293293931,36262800
2018-02-07,52.31084060668945,53.99017302226779,52.29723987527599,53.330677602013054,21994500
2018-02-08,51.71931076049805,52.74594767447233,51.692114496673106,52.65076334466353,25650800
2018-02-09,52.04899215698242,52.529785682426755,50.75772844789625,52.37180939430379,29491600
2018-02-12,52.48859405517578,53.312809635509595,52.090223453357844,52.921308937916535,19340400
2018-02-13,52.40617370605469,52.71525125905003,52.01467302683331,52.2688018290113,11926600
2018-02-14,52.51605224609375,52.653424087244616,51.63002352142037,52.055868368688174,17188400
2018-02-15,52.3443603515625,52.680912314044726,51.82235764634385,52.62596879786526,14432400
2018-02-16,52.571014404296875,52.96938498504126,52.097090601680236,52.303145795913885,13722400
2018-02-20,52.02841567993164,53.20978780508982,51.829230357415234,52.52294403373758,13387300
2018-02-21,51.437713623046875,52.50232323368852,51.42397905757945,52.07647834139176,11715000
2018-02-22,52.10395431518555,52.77705808800314,51.643770374965264,51.719323587861204,14020200
2018-02-23,53.250999450683594,53.31281811814037,52.16578497935254,52.26194269299429,13378800
2018-02-26,54.1507682800293,54.21258695333128,53.27160896348943,53.395241069890524,16940400
2018-02-27,53.23038101196289,54.85820229196238,53.23038101196289,54.26064645090411,14629500
2018-02-28,52.021541595458984,53.74552079030215,51.99406721798798,53.68370737114366,17087800
2018-03-01,51.6506462097168,52.66717723206223,51.41712185767361,51.87730589743056,15696700
2018-03-02,51.891048431396484,52.11083822612065,51.15612581401863,51.43772903216425,15630300
2018-03-05,52.38557052612305,52.58475584252071,51.59570440549342,51.67125763723743,14891000
2018-03-06,52.32374572753906,52.873222704353765,52.10395598485335,52.66029762473264,10754300
2018-03-07,51.00502395629883,51.67812797087323,50.52423013425744,51.51328691998598,27255500
2018-03-08,50.908851623535156,51.35529578983482,50.613508653714796,51.16985031585507,19299800
2018-03-09,51.211055755615234,51.55447754633733,50.97066155014989,51.38963655404691,19714100
2018-03-12,51.67811965942383,51.91164924747425,51.30035876022115,51.42399083855333,14226700
2018-03-13,51.19044876098633,52.07647756615882,50.99813340610245,51.739925695112035,13739700
2018-03-14,50.55168533325195,51.36903085242234,50.503606493312546,51.26600326963775,14820700
2018-03-15,51.114906311035156,51.51327691012179,50.89511653916003,51.066827462193764,15640600
2018-03-16,51.595699310302734,51.595699310302734,51.07369664440269,51.07369664440269,32109700
2018-03-19,50.92945861816406,51.520144587080864,50.73027332723154,51.51327468320008,12744800
2018-03-20,50.81956481933594,51.30722322637443,50.79209044201243,50.977541178895684,13003200
2018-03-21,51.540740966796875,51.95284605152309,50.812688475773875,50.9843993644265,15418500
2018-03-22,50.48301315307617,51.30722351663755,50.40745992505951,51.114908114486674,17737000
2018-03-23,50.06403732299805,50.97067080552502,49.91293086920995,50.69593227501954,20157300
2018-03-26,50.82643127441406,50.92945887233489,49.96787669207599,50.58603703939966,15032700
2018-03-27,50.620384216308594,51.43772998695542,50.33191108791636,50.82643944527571,15821900
2018-03-28,50.00907897949219,50.8332944129633,49.988474510690516,50.64784371334704,18163900
2018-03-29,51.245399475097656,51.43771483738459,50.31816169824245,50.36624053881418,14882900
2018-04-02,50.29069900512695,51.1011748202622,49.56264632448407,51.011881781178346,17891100
2018-04-03,51.527000427246094,51.60942353909749,50.20826207882602,50.44865627147545,15999200
2018-04-04,51.42399215698242,51.55448890286646,50.441805409551066,50.86078050574078,13122200
2018-04-05,52.2138557434082,52.419910949390555,51.527012043735795,51.55448642054687,14200000
2018-04-06,51.42399215698242,52.28254682291186,50.97754268265875,51.952859525506156,14299600
2018-04-09,51.42399215698242,52.05588713345805,51.37591330529845,51.6643864154023,11103100
2018-04-10,52.93504333496094,53.41583182511619,52.24132973613562,52.25506954454092,19006100
2018-04-11,53.18230056762695,53.601275586073186,52.715246706418085,52.96251082354048,13734000
2018-04-12,53.03807067871094,53.66996561703586,52.89383413236731,53.47765022191101,13270400
2018-04-13,53.463924407958984,53.70432395499204,53.29908334616155,53.43645526449514,10925000
2018-04-16,53.94469451904297,54.31559067499612,53.37461309932606,53.656221477812934,10743600
2018-04-17,53.800453186035156,54.095796103790825,53.6012679400883,53.94468969374837,10478100
2018-04-18,54.4117546081543,54.78265080672913,54.219439225234275,54.288122541962686,12061400
2018-04-19,54.54911422729492,54.823852699081904,54.13013923686489,54.4804309193983,11291500
2018-04-20,54.26064682006836,54.53538532036208,53.80046284519198,54.48043657226313,12072200
2018-04-23,54.652156829833984,54.67276130384585,54.08894516596786,54.20570734550307,11729800
2018-04-24,53.8141975402832,54.89941173691743,53.55319884649313,54.810123951194754,14102000
2018-04-25,54.604061126708984,54.6864842375233,53.22350415172101,53.711162433588335,13867500
2018-04-26,55.538177490234375,55.56565186482701,54.624674185783554,54.67275303127038,14554400
2018-04-27,53.429569244384766,54.020255214563484,52.52980572152705,52.85261784179567,16346800
2018-04-30,53.4020881652832,53.95842978634671,53.39521826225015,53.511985653009674,15028800
2018-05-01,52.852622985839844,53.065548105712416,52.18638896877293,53.065548105712416,16231000
2018-05-02,52.74959182739258,53.044934792006664,52.40617001924602,52.509192369529245,13883700
2018-05-03,52.571014404296875,52.61909325092456,51.78801305053102,52.46798680718005,12243100
2018-05-04,52.81827163696289,53.03806136998758,52.158902437888834,52.28939915299061,9887200
2018-05-07,53.395233154296875,54.31560652999797,53.16170878804862,53.39523315429687,15071500
2018-05-08,53.635623931884766,53.68370802319433,52.45425712749273,53.436443863153684,17430400
2018-05-09,54.8994255065918,55.11234540913484,54.226316272452316,54.24692598835854,17142100
2018-05-10,56.12886047363281,56.17693931657573,55.29091043359831,55.38706811948415,17710300
2018-05-11,56.392513275146484,56.87124079017195,56.13580861383872,56.3231337800178,14751000
2018-05-14,56.774112701416016,57.11407595839528,56.62147462468182,56.683914586991314,11852100
2018-05-15,56.74635314941406,56.9128649892493,56.4757694246883,56.787979786043884,12595700
2018-05-16,56.90591049194336,56.92672909810118,56.316177023687814,56.72552491842537,9570000
2018-05-17,56.80878448486328,57.086307704691215,56.50351370703618,57.0308020020626,11224100
2018-05-18,56.4063720703125,56.75327471454981,56.378619223575804,56.57982339243116,10030900
2018-05-21,57.086341857910156,57.13490805343725,56.559047954102866,56.70475183400247,8822400
2018-05-22,56.64228439331055,57.343029477410475,56.44108014962576,57.1973309478421,10753400
2018-05-23,56.996124267578125,57.05162997932167,55.899910280565294,56.16355447137308,15140900
2018-05-24,55.69176483154297,56.44801557466216,55.46974728456883,56.44107603757413,13360500
2018-05-25,54.60942840576172,55.039589706672295,54.17926710485114,55.00489731553013,14562000
2018-05-29,54.4082145690918,54.62329782820206,53.790728227737496,54.220889452643256,14644800
2018-05-30,56.54513931274414,56.65615071598983,54.963263869698395,54.984077184478195,16627500
2018-05-31,56.3647575378418,56.57984084305968,55.98316768747753,56.06642096005073,15803100
2018-06-01,56.774112701416016,57.134889279165115,56.57984798314215,56.80186556021465,9906100
2018-06-04,56.177425384521484,57.25976013969904,56.06641397716212,56.926736504251444,10954700
2018-06-05,55.976226806640625,56.64921897480393,55.788901654531685,55.913781560393794,12059300
2018-06-06,56.933677673339844,56.9544909914229,56.10805272725517,56.53127450599698,11603300
2018-06-07,57.50260543823242,57.78706827114514,57.28058786099278,57.398538834304915,13502500
2018-06-08,58.00212860107422,58.0437605232507,57.23894374316173,57.662165447636966,14350400
2018-06-11,57.65523910522461,58.13396661994118,57.53729343425033,58.08540044405081,10831600
2018-06-12,57.18344497680664,58.106207512778454,57.11406548918585,57.662172440026644,12351800
2018-06-13,56.55210494995117,57.3083506336702,56.52435208633063,57.19734447250554,12049300
2018-06-14,56.81572723388672,57.10019000595807,56.545143534914935,56.85041962332021,11477300
2018-06-15,55.962345123291016,56.767156620651896,55.85827325645326,56.69777714053174,23797500
2018-06-18,56.073368072509766,56.461897512515996,55.712591491549205,55.78197099250509,9192600
2018-06-19,55.99011993408203,56.170510904852435,55.303253747922305,55.42813899025295,8759700
2018-06-20,55.816627502441406,56.28841526099113,55.69174235184549,56.094150647467195,8917700
2018-06-21,55.289363861083984,55.76808607283979,55.03959344916092,55.518315660916734,10990700
2018-06-22,56.461883544921875,56.850418182128664,56.14273368482311,56.30925079790401,16012200
2018-06-25,55.32403564453125,56.36474364164674,55.01876489816463,56.045593824395745,10557200
2018-06-26,55.94847106933594,56.20518099145155,55.483622688191765,55.60850788093511,10382800
2018-06-27,56.690853118896484,57.22508637798485,56.23987843472638,56.23987843472638,12725900
2018-06-28,56.87124252319336,56.94062202043623,56.21906360381442,56.704730671147196,9390700
2018-06-29,57.39854049682617,57.96052134757852,57.09326433428578,57.204270479462544,17323200
2018-07-02,56.72553253173828,56.98223714901108,56.42025645355953,56.81572533060233,9998300
2018-07-03,57.058563232421875,57.898067258029,56.94755710417855,57.294459856577326,7197300
2018-07-05,57.107112884521484,57.426262689198076,56.92672731664844,57.30137752273207,9035700
2018-07-06,57.12101745605469,57.37772214544472,56.65616896519246,56.86430747334789,7637100
2018-07-09,57.51648712158203,57.67605945038216,57.2805904575809,57.45404186307824,7158600
2018-07-10,58.043766021728516,58.36291589096804,57.93969414640106,58.07151358138807,8806200
2018-07-11,57.301387786865234,57.953566583377764,56.91285844084858,57.60666386920137,10405300
2018-07-12,57.370784759521484,57.75237465023995,57.107135252982275,57.5928023320555,9762200
2018-07-13,57.80093002319336,58.10620611335133,57.280575938596186,57.36383449772531,8720000
2018-07-16,57.23200988769531,57.44015363929169,56.892046700515685,57.25282320419185,8306900
2018-07-17,57.107112884521484,57.41238891217492,56.91978778147966,57.07242579530639,7373300
2018-07-18,57.044700622558594,57.114080127961884,56.538220175812334,56.75330352387459,8711900
2018-07-19,56.89897537231445,57.322197037981944,56.69777119574183,57.03079478272691,8659100
2018-07-20,56.475765228271484,56.84348127335442,56.37169335111401,56.697782762660175,9196300
2018-07-23,56.475765228271484,56.89204744358583,56.3231271808826,56.85735505342816,8425900
2018-07-24,57.59279251098633,57.59972675437433,56.53127100790895,56.559018568092114,11121000
2018-07-25,57.99518966674805,58.099261533296335,57.245883872893415,57.592786565844364,9523600
2018-07-26,58.446170806884766,58.557182221919405,57.842563440909686,58.16171331916084,13210100
2018-07-27,56.8365478515625,57.15569776075056,56.06642328838317,56.17743471417874,18220800
2018-07-30,56.711647033691406,56.98223069294178,55.99702838011656,56.98223069294178,11282800
2018-07-31,56.55210494995117,56.996140181244776,56.503538761944604,56.64229778672979,11716800
2018-08-01,55.77500915527344,56.14966466262591,55.65706352147206,56.12191181467597,8936300
2018-08-02,55.442012786865234,55.68484370900679,55.1228575254025,55.4281337094188,8364300
2018-08-03,55.64320373535156,55.71258852593066,55.247734778305826,55.48363142097884,7811100
2018-08-06,55.629329681396484,55.802781070364006,55.32405354295242,55.677895858574736,10041800
2018-08-07,56.38556671142578,56.607584244161664,55.71951411321814,56.13580161874899,10698100
2018-08-08,56.01091766357422,56.357820396972684,55.747268198469385,56.21211659082757,7275000
2018-08-09,55.72645950317383,56.13580751505818,55.58076097826058,56.01092230894452,9828500
2018-08-10,55.670379638671875,55.74047474249909,55.27784277890859,55.7334689756559,12954300
2018-08-13,55.06755828857422,55.90170455693183,54.976435178181944,55.69141387397831,10308500
2018-08-14,54.892311096191406,55.425043505798726,54.73109289391241,55.368965284174045,8005900
2018-08-15,53.9319953918457,54.60491798811654,53.630581644232514,54.52080065811516,16307800
2018-08-16,54.675010681152344,54.74510577910965,54.114239201667566,54.170317419198675,11519900
2018-08-17,54.85725402832031,55.01847219477367,54.53481234750123,54.91332688957101,10178400
2018-08-20,55.24278259277344,55.375967009571546,54.79416759166815,54.85725691727718,8152100
2018-08-21,55.25681686401367,55.78253818439152,55.14466041533443,55.41102930699071,9192200
2018-08-22,56.04888916015625,56.11197848537011,55.38998354169826,55.453072866912116,10098200
2018-08-23,55.43205261230469,55.81757833920213,55.30587929217691,55.76851123403651,7203900
2018-08-24,55.81056213378906,56.111975822833315,55.670366611028726,55.740461698452705,6545200
2018-08-27,56.35732650756836,56.40639361679433,55.97880651586208,56.013856742986555,6671900
2018-08-28,56.2732048034668,56.65172476579353,56.21712658358578,56.48349545406389,8823400
2018-08-29,56.67976379394531,56.80593711453882,56.14703140167122,56.385361161864914,8004800
2018-08-30,56.43442916870117,56.62368647865796,56.16105452770055,56.392367829222515,7450900
2018-08-31,56.19609069824219,56.3993702058356,55.91570498611636,56.24515779677076,10700000
2018-09-04,56.28022003173828,56.560605803724776,55.94375603577174,56.364337367708366,8855000
2018-09-05,57.03024673461914,57.07931384176301,55.79655259339873,56.00684325139449,13878400
2018-09-06,56.39937210083008,57.2265070380407,56.31525477999223,56.85499822985432,13320600
2018-09-07,57.35971450805664,57.429809629631606,55.95077956836549,56.18209828268635,16417800
2018-09-10,57.27557373046875,57.997563348470365,57.24052885797042,57.64708253601034,10817900
2018-09-11,58.08169174194336,58.31301040576679,57.21950642583503,57.45082508965846,11891900
2018-09-12,58.27095413208008,58.72658038435587,58.08870790950118,58.35507147567253,11556300
2018-09-13,57.703163146972656,58.35505769914995,57.48586674555123,58.28496260332817,11162700
2018-09-14,58.12377166748047,58.284995291411626,57.66814526723956,57.77329064389762,9442600
2018-09-17,58.46721267700195,58.60740286515968,58.172804725210135,58.179815838991885,8403300
2018-09-18,58.62142562866211,58.97190648214717,58.49525230749095,58.81068828437555,9219900
2018-09-19,59.32239532470703,59.42052954906572,58.62844463876654,58.62844463876654,10413600
2018-09-20,59.4555549621582,59.82005259365088,59.25928659536124,59.48359406425947,11198200
2018-09-21,59.70089340209961,59.88314490090348,59.24526732904601,59.58874233600565,26639400
2018-09-24,60.70329666137695,61.04676647906675,60.08645214317074,60.13551925998357,13549500
2018-09-25,60.63319396972656,61.23602152835696,60.542070863576,61.004702857458646,12200700
2018-09-26,60.12850570678711,60.63319908664281,60.065421708262356,60.29673505076753,10275500
2018-09-27,60.121482849121094,60.54906991532823,59.9953095287991,60.34579037992538,7895400
2018-09-28,59.595767974853516,60.23364575942951,59.574739977193026,59.756991536773874,9884900
2018-10-01,60.14952087402344,60.30373330140356,59.76399515348641,59.827079138552854,8566900
2018-10-02,60.60514450073242,60.75234580762872,60.016339273147246,60.14251258590308,8453100
2018-10-03,60.38785934448242,60.90656957223683,60.268697123550766,60.64020601699301,10206700
2018-10-04,59.988304138183594,60.338784991506124,59.756985491491506,59.93222591815277,10204600
2018-10-05,59.82008361816406,60.07243032003823,59.53269203142189,59.79905561766032,9217400
2018-10-08,60.37384033203125,60.50001367501215,59.33641982122325,59.43455404932903,13242400
2018-10-09,60.640201568603516,60.89955398949836,60.1004580344722,60.54907311982325,10177900
2018-10-10,59.24528503417969,60.85749920589018,59.23126815219614,60.794415215093544,16573400
2018-10-11,57.1984748840332,58.99994627796952,56.89706113261599,58.83872807832396,20320100
2018-10-12,57.04426193237305,57.647089429726336,56.266194007833654,57.56998321393137,15216300
2018-10-15,56.6517219543457,57.2966054072336,56.6517219543457,57.04425877820562,10558800
2018-10-16,56.918094635009766,56.96716174589853,56.08395374990078,56.434434641367375,9781800
2018-10-17,57.128387451171875,57.14240433427397,56.31526918548153,56.73585054934299,12247700
2018-10-18,57.37371063232422,57.80830878549206,56.918084485084435,56.918084485084435,17448600
2018-10-19,57.45783996582031,57.80130975258118,57.13539817752645,57.240543517775656,12098700
2018-10-22,56.88304138183594,57.605031056319184,56.52554942774434,57.47885774004646,9474100
2018-10-23,55.96480178833008,56.399400140186664,55.17972779518976,56.119014279244205,15465100
2018-10-24,54.40864944458008,56.2591879171726,54.35958233916715,56.16805947289616,16085700
2018-10-25,54.892311096191406,55.41102662434934,54.49276312596431,55.018484420890154,12315500
2018-10-26,54.34556579589844,54.962415583239974,53.94601779633129,54.58389558134783,18160100
2018-10-29,54.00910186767578,54.976427101743546,53.42730236516729,54.724080458436575,15707000
2018-10-30,55.22177505493164,55.397015521771564,54.26846648748926,54.40866206970998,17758200
2018-10-31,55.852622985839844,56.32226599522716,55.305873769190384,55.6142932503261,16629100
2018-11-01,56.546573638916016,56.602651853043504,55.586259624568854,55.95776843431596,14159300
2018-11-02,57.44380569458008,57.79428652333996,56.23815613589302,57.310626616232184,19350400
2018-11-05,57.22651290893555,58.088698155258804,57.08632270773645,57.82934040033576,15815000
2018-11-06,57.47184753417969,57.54895374800464,57.02323247987808,57.296607111470834,9063200
2018-11-07,58.200862884521484,58.27796911762288,57.24054855066442,57.626074368256766,12699800
2018-11-08,57.27557373046875,58.70553608705521,57.15641153773141,58.270937954356164,16865500
2018-11-09,57.26142120361328,57.636696117771756,56.42590132973868,56.82949959241637,15070100
2018-11-12,56.5250244140625,57.87035361578729,56.454218751261365,57.82078911161391,11906600
2018-11-13,55.22926330566406,56.53918706005266,54.974358581313986,56.50378692741446,15530200
2018-11-14,54.797332763671875,56.00104511933464,54.34417008374293,55.83819265111422,18552100
2018-11-15,55.363800048828125,55.363800048828125,53.74940699872997,54.28753441401178,18976000
2018-11-16,55.909019470214844,56.07187740220719,55.30008087566011,55.49126216113492,13704900
2018-11-19,56.09309768676758,56.19222668599291,55.53372381849591,55.55496497516915,9430800
2018-11-20,54.49995803833008,55.866528572016804,54.075118605511335,55.52665378448592,15533700
2018-11-21,54.91773223876953,55.49834757004528,54.70531515784123,54.82568537724675,9685300
2018-11-23,53.4520149230957,53.95474220793552,52.89264094083343,53.84853640292643,10875400
2018-11-26,54.50703430175781,54.74777464007591,53.8980958667903,53.98306050284332,13741100
2018-11-27,54.556602478027344,54.83982515343043,54.09635752730793,54.21672770456687,10344500
2018-11-28,55.547889709472656,55.547889709472656,54.407900674227754,54.54951740656853,11482100
2018-11-29,55.979820251464844,56.31261287308654,55.36380492407106,55.385046086791284,10255200
2018-11-30,56.29137420654297,56.36217988612579,55.45585422236077,55.54790106560572,14040100
2018-12-03,57.509239196777344,57.679173872310436,56.74452505368953,56.815330718317824,19415100
2018-12-04,56.24181365966797,58.02614176086142,56.18516695115327,57.62254341641722,18540700
2018-12-06,55.50539779663086,55.540803324127644,54.464537952875915,55.229251968956085,23218100
2018-12-07,54.9743766784668,56.90032171772912,54.75487741662355,56.21349517336137,16224700
2018-12-10,54.19549560546875,55.13014463609809,52.96345947466807,55.13014463609809,17946200
2018-12-11,54.29461669921875,55.087654252501586,53.58654919161398,55.01684318004001,15742400
2018-12-12,53.82730484008789,55.370892661186325,53.82730484008789,55.25760463689736,14559800
2018-12-13,54.50703430175781,54.67696897598976,53.77772029550536,53.83436698762464,13749700
2018-12-14,53.51573944091797,54.429147104339606,53.16878249911472,54.3229359058718,12669300
2018-12-17,52.42530822753906,53.52989158561861,52.02879223276697,53.2891512751142,15464100
2018-12-18,50.98086929321289,52.29787551545774,50.71180553893121,52.13501758383508,18681200
2018-12-19,50.11701202392578,51.88009841881547,49.77714268140829,51.29948334006611,21679600
2018-12-20,48.594669342041016,50.032050868202596,48.18399430812102,49.62844721744517,28723700
2018-12-21,48.23356246948242,49.82671442457069,47.91492883718882,48.24772144325862,47287300
2018-12-24,46.38550567626953,47.81579971836333,46.335941164962485,47.348477954914955,14262800
2018-12-26,48.60175704956055,48.61592142599914,45.77656898826174,46.85991149436213,24887700
2018-12-27,48.814178466796875,48.814178466796875,46.78910484821809,47.96449416828647,22077000
2018-12-28,48.26896286010742,49.267340683593666,48.021140301764724,48.98411258743346,19710600
2018-12-31,48.28312301635742,48.962867146459374,47.907848117646296,48.3751698436612,15807000
2019-01-02,49.34523010253906,49.47268247972752,47.624625711558366,47.6883491990892,16727200
2019-01-03,48.587589263916016,49.7417372365249,48.4034902184881,49.56472037803193,13866100
2019-01-04,50.37900161743164,50.46396625654938,49.11156019670649,49.30981822414934,16043600
2019-01-07,50.640987396240234,51.05166786037423,50.08869558687974,50.44981153997181,10844200
2019-01-08,51.00918960571289,51.398623537210185,50.93838392745219,51.36322339914333,11439000
2019-01-09,51.278236389160156,51.405688728738966,50.7330269044829,51.405688728738966,13473500
2019-01-10,51.01628112792969,51.0375222950814,50.357777935586654,51.03044010532151,13151100
2019-01-11,50.7826042175293,50.90297440135972,50.32235924168328,50.87465105184788,9790100
2019-01-14,50.7188720703125,50.825083273622866,50.357761542033934,50.421485022744434,11012400
2019-01-15,50.74720001220703,51.23576835038967,50.49937745013131,50.94545806186761,10298300
2019-01-16,50.725955963134766,51.24992440772148,50.4922923884216,50.570180246659326,12595600
2019-01-17,51.072898864746094,51.221592368300236,50.201979000768205,50.40731919199787,10141700
2019-01-18,51.68183898925781,51.894261374118976,51.072900581589835,51.880097000661216,15759200
2019-01-22,50.90296173095703,51.48357674611092,50.75426823462649,51.25699540854173,15035600
2019-01-23,50.48522186279297,51.19328946029566,50.22323490695123,50.98794920876463,13187200
2019-01-24,50.556034088134766,50.95963245488431,50.01790113175945,50.34361162052858,11272500
2019-01-25,50.7826042175293,51.17203811853242,50.65515184578927,51.03042677309975,8996200
2019-01-28,50.44272994995117,50.47105329975749,49.82671464857532,50.286954227079754,13678400
2019-01-29,50.63390350341797,51.115389572583126,50.612662344828095,50.768432641862475,10513200
2019-01-30,51.18620300292969,51.384461049355906,50.633911187277604,50.818004857743894,11524700
2019-01-31,51.887176513671875,52.035870014562335,50.99501010620375,51.186191323152464,19876700
2019-02-01,53.7564811706543,54.160079413556126,52.62357429602863,53.04841369874749,22968700
2019-02-04,52.97761154174805,53.6431967381158,52.68022448035556,53.6431967381158,15483800
2019-02-05,53.5228157043457,53.55822123753194,53.11214069086532,53.232510860297054,12786700
2019-02-06,53.289161682128906,53.65027221840798,53.19710944956159,53.515743066552105,10866900
2019-02-07,52.878482818603516,53.23959876782567,52.32619101516169,53.069658672823195,14418900
2019-02-08,52.96440887451172,53.02883983721728,52.06949797847247,52.80690368287239,11959500
2019-02-11,53.05029296875,53.13620634249258,52.54914527716876,52.892787847938706,10434800
2019-02-12,53.981014251708984,54.0168074022726,53.565774378040885,53.751917332116484,12599200
2019-02-13,54.58955764770508,54.79717760437481,54.059771994676545,54.10988677993462,13214600
2019-02-14,54.60386276245117,54.87591908057665,54.20294456155152,54.596707410364274,12772900
2019-02-15,55.634803771972656,55.67060238225859,54.947513058870825,55.083541223436136,14330300
2019-02-19,56.00709533691406,56.186077482298145,55.44866645515035,55.52741903608748,13551500
2019-02-20,56.22187805175781,56.42233720709935,55.84243672741814,56.057217515056834,12633100
2019-02-21,55.71356201171875,56.31494486066451,55.56321766500771,55.99277372162519,10266000
2019-02-22,56.14311218261719,56.52255341721923,55.57037265453711,56.350732105005314,9519300
2019-02-25,56.200382232666016,56.450956092875636,55.98560151700034,56.15026746062409,9274400
2019-02-26,56.31495666503906,56.65143858081781,56.12165284867607,56.329272836349816,10990600
2019-02-27,56.89484405517578,57.09530317986477,56.314943664168126,56.47244336063699,12398200
2019-02-28,56.5798225402832,57.095291880096,56.35072566282201,56.8805111678072,14597900
2019-03-01,57.274288177490234,57.274288177490234,56.57983655940188,56.83041047775805,15419400
2019-03-04,57.496212005615234,57.668038766130394,56.56550829894416,57.4460972326568,18089900
2019-03-05,57.410308837890625,57.56065316920622,57.09529854631448,57.360194060785425,13745500
2019-03-06,56.758827209472656,56.83041898799489,55.742209752990284,56.45097764593475,18633600
2019-03-07,57.38882064819336,57.46041239263263,56.78743797828356,56.952103906383854,16541700
2019-03-08,56.56551742553711,56.78745353271851,56.021410186984376,56.47960403141779,16211300
2019-03-11,57.116790771484375,57.48191593761367,57.0237220069074,57.25997978864415,11060900
2019-03-12,57.274288177490234,57.689528077681466,57.19553559427805,57.35304076070243,11320000
2019-03-13,57.782596588134766,57.8183952029368,57.417471473140665,57.69668318987094,10260200
2019-03-14,57.589298248291016,57.925785563738934,57.524861834091624,57.847032980885096,9976700
2019-03-15,57.38166809082031,57.66804057187876,57.34586948240022,57.40314507103206,25316400
2019-03-18,58.0474967956543,58.16920335638776,57.58930289233831,57.58930289233831,9840600
2019-03-19,57.89714813232422,58.70614548793547,57.732482150191814,58.405456785365104,13936500
2019-03-20,58.21932601928711,58.64888217898978,57.67521863720884,57.81124684825414,13133600
2019-03-21,58.55580520629883,58.627396979205265,57.84703736895142,57.854192722770556,10117000
2019-03-22,57.617950439453125,58.30524141067425,57.48908304096773,58.15489702279179,12497700
2019-03-25,57.21701431274414,57.58930025595937,56.980756555946236,57.274289913562164,11320400
2019-03-26,57.96159362792969,58.183529802831494,57.40317005101345,57.51056046090576,9472800
2019-03-27,57.5177001953125,58.212151800299395,57.145419732506994,57.968738701946116,7258700
2019-03-28,57.8040657043457,57.83986431427511,57.28859630912779,57.295757123533875,7412300
2019-03-29,57.847049713134766,58.333881519728294,57.617952713685064,58.22649110640115,10889200
2019-04-01,58.512847900390625,58.54864105375295,58.047493209865614,58.15488359415628,10816400
2019-04-02,58.26226806640625,58.670347153877884,58.068969745857295,58.527163617330636,7646000
2019-04-03,57.91861343383789,58.541467697512914,57.710993525245996,58.541467697512914,8562900
2019-04-04,58.74193572998047,58.76341271108824,57.825542659941426,58.0761220051347,9360600
2019-04-05,59.05693817138672,59.08557596574087,58.6703361407568,58.81352511252757,10059100
2019-04-08,59.42207717895508,59.56526072225632,59.128543814454865,59.185819416616184,9108200
2019-04-09,58.65602493286133,59.12137957177669,58.51999676370574,59.07842014556369,8561600
2019-04-10,58.391136169433594,58.76342210850734,58.283751246721806,58.64887090814562,10324300
2019-04-11,58.67033767700195,58.756251062314,58.0045239616111,58.376809835862396,9115100
2019-04-12,57.932926177978516,59.286030448795806,57.68951313806869,59.286030448795806,16638700
2019-04-15,57.73964309692383,58.03317098473811,57.64656888251055,57.91146443276882,8536100
2019-04-16,58.133399963378906,58.240790345481926,57.76828031117107,57.8541882471721,7005700
2019-04-17,58.298057556152344,58.491355846444165,58.047483675366294,58.38397094189367,8311400
2019-04-18,58.08328628540039,58.58443959071806,58.04033231658241,58.391135806833496,9493900
2019-04-22,59.35047912597656,59.57957604827342,58.44840760476328,58.61307357802422,10770600
2019-04-23,59.69411849975586,59.772871074542046,59.192970716663034,59.55809579411705,10595100
2019-04-24,58.53432846069336,59.479354068399616,58.51285147494357,59.42923928094937,11684000
2019-04-25,58.8636360168457,59.30750814489861,58.27657492643668,58.45555703280651,11135000
2019-04-26,57.62507629394531,57.725305834555456,56.959262652977756,57.467571169529286,18053500
2019-04-29,57.25281524658203,57.5463431539791,57.03087911205481,57.36020563693789,10023700
2019-04-30,57.47474670410156,57.65372885276262,57.22417278839643,57.53918311791243,13721500
2019-05-01,56.322105407714844,57.460434797933004,56.28631225258853,57.23133784913657,13909800
2019-05-02,55.33411407470703,56.20038689884217,55.29831546509032,56.04288175589016,15360400
2019-05-03,55.46299362182617,55.99277929565738,55.44151663617252,55.692090572302,12180700
2019-05-06,55.219566345214844,55.59901305972678,54.91887766920278,55.06922200720881,13367100
2019-05-07,54.9260368347168,54.97615161254733,54.245901464615386,54.76853168664908,13498800
2019-05-08,55.0119514465332,55.33412259639649,54.7112627430089,54.79717614205947,11352900
2019-05-09,54.96183776855469,55.04059035374359,54.38193733407452,54.66114905897993,13221600
2019-05-10,55.43975830078125,55.60631173499482,54.433211374739805,55.1645890667654,11056000
2019-05-13,54.82424545288086,55.20079864551975,54.570799375937455,54.780799132464885,12176100
2019-05-14,54.896663665771484,55.61356117712529,54.860460236478616,55.12838660714656,10548400
2019-05-15,55.302181243896484,55.43252573967737,54.46218215448402,54.72287114604578,8918000
2019-05-16,55.29495620727539,55.72219326077657,55.19357773611537,55.3239222739943,8105200
2019-05-17,54.96908950805664,55.25150171097388,54.737361008522996,54.78081286454131,9279400
2019-05-20,54.96183776855469,55.29493914597494,54.79528431748925,55.07045910405731,7154300
2019-05-21,55.21528625488281,55.36735392127522,54.983563307326165,55.2297665220441,8489900
2019-05-22,54.71562576293945,55.19355740064421,54.59252416827378,55.04872712041082,7858300
2019-05-23,53.43391799926758,54.165295837143,52.89081679311191,54.1435671481394,14657200
2019-05-24,53.65837860107422,53.76699990785009,53.1804525858532,53.68734465119506,7056400
2019-05-28,52.57943344116211,53.767014187983825,52.49253526772005,53.75977129235267,14912900
2019-05-29,52.253570556640625,52.449084524524956,51.862537096161816,52.05805106404614,13645200
2019-05-30,52.1159782409668,52.23183692678282,51.797357186730885,52.15218166322384,9362100
2019-05-31,51.24704360961914,51.8118736836348,51.145665127678285,51.551184580154626,13983300
2019-06-03,52.050811767578125,52.14495283522846,51.391851917578535,51.47874456499664,11831000
2019-06-04,53.2890739440918,53.339768680639835,52.260803918394835,52.46356076574807,10423000
2019-06-05,52.84737014770508,53.325296333407074,52.55771506788298,53.325296333407074,10617800
2019-06-06,53.810462951660156,54.03494852871743,53.28908493679417,53.37598311417546,11738900
2019-06-07,54.005985260009766,54.28115454886851,53.897363913848544,53.95529603509602,9095500
2019-06-10,54.24494171142578,54.54907700817611,53.91183483436376,54.447698575926005,7760400
2019-06-11,54.19423294067383,54.89664441421513,54.17975267897687,54.67940734050806,9415100
2019-06-12,53.607704162597656,54.02770371798925,53.448393605400106,53.93356817269555,7920800
2019-06-13,54.07839584350586,54.433220406054296,53.861153158437276,54.092876110978644,8986400
2019-06-14,53.83944320678711,54.17254468751222,53.75255053120546,54.078409114061316,8575900
2019-06-17,54.37529373168945,54.447711650437974,53.6149553072338,53.7018534949051,9355700
2019-06-18,54.84596633911133,55.19355346215815,54.56355421869636,54.614243431983404,10091500
2019-06-19,54.54183578491211,54.925626365152915,54.43321445425462,54.599767897890814,9757400
2019-06-20,55.475975036621094,55.73666404215457,55.0921844242276,55.2080431351809,16229700
2019-06-21,56.25802993774414,56.30871914875329,55.66423966961853,55.859753619308215,23108100
2019-06-24,55.7221794128418,56.30873244988447,55.62080096687609,56.14217898882026,10011800
2019-06-25,55.22975540161133,55.91768673454206,55.171828819918744,55.816308310692854,9740000
2019-06-26,55.46873474121094,55.85252537159739,55.37459918885367,55.526666861759,11365500
2019-06-27,54.90390396118164,55.57734959089359,54.8604576382036,55.461485363338205,8147800
2019-06-28,55.490447998046875,55.5628658981581,54.990798740482134,55.171832441339966,14781300
2019-07-01,55.43975830078125,56.431824961752405,55.24424433642711,55.85251491416004,11437900
2019-07-02,54.83148193359375,55.22975271514025,54.607001938091,55.13561719034769,10475400
2019-07-03,55.35287857055664,55.396324900610274,54.76632549127587,54.903912902727505,5246100
2019-07-05,55.12837219238281,55.28768270880551,54.73733879517509,55.17182403076763,6880800
2019-07-08,55.381839752197266,55.541144789927216,54.976320450154056,55.13563101259487,7876100
2019-07-09,55.34563446044922,55.591837691636584,54.83874220523332,55.36011472857914,7863000
2019-07-10,56.1276969909668,56.21458964213791,55.57011003063519,55.61356188093153,8077400
2019-07-11,56.1711311340332,56.20009718637828,55.794583502966375,56.05527244936248,6404000
2019-07-12,56.21459197998047,56.395625710396786,56.12045642905994,56.301490159476266,6139000
2019-07-15,55.81633758544922,56.294263902158605,55.678750141758755,56.21460859525494,7116400
2019-07-16,54.983558654785156,55.80907193089772,54.88218021910188,55.700450599891255,10197400
2019-07-17,54.6577033996582,55.005285049659854,54.56356232905343,54.8459744914463,7419300
2019-07-18,54.19423294067383,54.50561105189187,53.71630695875125,54.33182028798445,11424500
2019-07-19,54.30287170410156,54.49114831496592,53.97701322638798,54.23770221844307,11243100
2019-07-22,54.36081314086914,54.52736661840834,53.94805642011977,54.48391476247422,8368800
2019-07-23,54.57805252075195,54.86770207753526,54.12908686819996,54.418741949694436,8551200
2019-07-24,54.570796966552734,55.070451728116446,54.20148668519217,54.59252012580161,8260200
2019-07-25,54.259429931640625,54.87494351045732,54.165294380667575,54.87494351045732,9083900
2019-07-26,54.172523498535156,54.36804299154328,54.02045585103449,54.21597534404261,7677300
2019-07-29,54.55630874633789,54.58527479894902,54.09286295397902,54.22320742837431,7091900
2019-07-30,54.563568115234375,54.715635793824916,54.230466696696325,54.35356831392991,6961200
2019-07-31,53.846649169921875,54.78802635756657,53.77423681503579,54.3390609177392,13104600
2019-08-01,52.4708137512207,53.781496141327004,52.3332263534665,53.3977055314977,17132800
2019-08-02,51.9566764831543,53.05012167452709,51.543919831732985,52.579432908065115,21376700
2019-08-05,50.892208099365234,51.355654068164114,50.40703896401512,51.25427560778384,19080900
2019-08-06,51.384605407714844,51.42081435806584,50.89219351637606,50.899436411388294,12282400
2019-08-07,51.0515022277832,51.32667145656929,50.2549550710151,50.5880564084014,15231100
2019-08-08,52.412872314453125,52.43460099816461,51.13839910553663,51.30494700768932,14304100
2019-08-09,51.2977180480957,52.31875099621546,51.02979164801337,52.23185281189315,13686600
2019-08-12,51.048431396484375,51.43699949731756,50.82849320401203,51.36368117309062,9542600
2019-08-13,51.67893981933594,51.774251419828126,50.52791240829811,50.78450980692365,12403300
2019-08-14,49.59682846069336,50.65254426357198,49.59682846069336,50.637883952358614,18114400
2019-08-15,49.303565979003906,49.53083713266126,48.77570534420986,49.457524398584994,12874400
2019-08-16,50.07337188720703,50.190671162296915,49.31823438143669,49.69213665800593,12649000
2019-08-19,50.916481018066406,51.06311211566538,50.48393186530943,50.56457757063775,10032800
2019-08-20,50.60856246948242,50.806513046499745,50.373958314301944,50.806513046499745,9743500
2019-08-21,51.114444732666016,51.30506241181173,50.857847237704014,51.290396501581974,10134200
2019-08-22,51.004459381103516,51.2903830280093,50.7698552197089,51.25372944887527,8972000
2019-08-23,49.47953414916992,50.975137915048236,49.14229098530593,50.454610058210015,15371900
2019-08-26,49.74346160888672,50.04405117239894,49.50885743950836,49.94141219788369,7343900
2019-08-27,49.25958251953125,50.17600573596305,49.09829113849471,49.94872897477364,9490900
2019-08-28,49.618812561035156,49.83875634244455,49.2375830124486,49.50884067033046,9647400
2019-08-29,50.16867446899414,50.34462616630543,49.919404437183175,50.07336846490961,9004100
2019-08-30,50.2053337097168,50.64521575034057,49.89741124721691,50.300639713940804,9180800
2019-09-03,50.26398468017578,50.35196333289704,49.58216550344719,49.772783120974566,9849700
2019-09-04,50.79917526245117,51.03377939532056,50.652544183530466,50.953133700265106,6959200
2019-09-05,51.51764678955078,51.72293029532704,51.09975801267686,51.202396968863184,9901500
2019-09-06,52.00151824951172,52.016178559604384,51.407677806200745,51.57629654258132,10418500
2019-09-09,52.41208267211914,52.83730444897731,52.038185972534,52.17015115868294,12840200
2019-09-10,52.83730697631836,53.40915427918192,52.5073967918677,52.8886264626419,13810800
2019-09-11,52.73466110229492,53.40181433719067,52.45607044062691,53.35782780992829,10525700
2019-09-12,52.77132797241211,52.90329316686289,51.83290570442625,52.038189246219915,9100700
2019-09-13,53.25519561767578,53.31384805708091,52.829973822095354,52.97660492060817,7337200
2019-09-16,54.05431365966797,55.11736243597694,53.95900205797422,55.014723475232785,19830200
2019-09-17,53.64374923706055,54.31090803816218,53.2478537276272,54.12029043878978,14452200
2019-09-18,53.38716506958008,53.497137003888604,53.027928638016824,53.262532820952714,7292200
2019-09-19,53.027923583984375,53.65842331429577,52.92528461332014,53.49713190513643,8050200
2019-09-20,52.84463882446289,53.15255573596453,52.68334741556078,53.14522278281324,19736600
2019-09-23,52.881290435791016,53.0499147915702,52.390088867614516,52.434075398076835,7495200
2019-09-24,52.15548324584961,52.69067692280519,51.92087910099056,52.64668480017885,13307100
2019-09-25,52.309452056884766,52.39743072616679,51.92088938934816,52.03819428172419,8035200
2019-09-26,52.030845642089844,52.309436287389715,51.818234783807,52.21413028611952,8420200
2019-09-27,52.40475845336914,52.54405100741603,51.78158606323655,51.83290555018111,8224000
2019-09-30,51.76691818237305,52.382751935682805,51.74492491881252,52.22879349735536,9768900
2019-10-01,50.5499153137207,51.98687220691221,50.5205946854885,51.9282197636381,10279100
2019-10-02,49.23025131225586,50.285966946995806,49.12761236989785,50.05136285111995,14503700
2019-10-03,49.838775634765625,49.85343594894658,48.61442964797291,49.120297184991486,10788400
2019-10-04,50.564571380615234,50.637884123737685,49.72146085119762,49.93407172163536,10534800
2019-10-07,49.868099212646484,50.60857097419074,49.868099212646484,50.366633825358676,10993000
2019-10-08,48.90034484863281,49.79477488068258,48.85635832030378,49.51618421225884,9748700
2019-10-09,49.442867279052734,49.633479281268194,49.26690999383371,49.34022832604335,8580900
2019-10-10,50.03670883178711,50.11735452426301,49.39887624404235,49.43553541095086,7100100
2019-10-11,50.57190704345703,50.94580373144245,50.50592165572756,50.57190704345703,10101900
2019-10-14,50.71853256225586,50.85783069710496,50.28597784565269,50.29331079838266,6234600
2019-10-15,50.89448547363281,51.31970724752935,50.593901525467466,50.63055510317318,6645700
2019-10-16,50.02204513549805,50.97512188317475,50.00737923236583,50.740517773687834,9765800
2019-10-17,49.95607376098633,50.498594867481366,49.912087226066525,50.20534384347632,9757200
2019-10-18,49.56751251220703,49.96340811781817,49.56751251220703,49.75813015788756,13472700
2019-10-21,50.39594650268555,50.41793976604856,49.721460323669035,49.721460323669035,10199300
2019-10-22,50.652549743652344,51.14375692020175,50.32997252142502,50.4252785381324,9536000
2019-10-23,51.136417388916016,51.14375034107461,50.425272051430234,50.55723722326681,8641800
2019-10-24,50.652549743652344,51.35636781292223,50.6012302587477,51.290382421813774,9003600
2019-10-25,50.769859313964844,50.93848369047399,50.513261865716025,50.513261865716025,7607200
2019-10-28,50.3226432800293,51.07777529649664,50.27865674498219,50.923816830427015,11209600
2019-10-29,50.17601013183594,50.60855924305332,50.02937904831858,50.205336348539404,13894400
2019-10-30,49.64813995361328,50.12468109574534,49.31822427364362,50.12468109574534,12840600
2019-10-31,49.538177490234375,49.64814940449153,49.22292765251261,49.45753179267272,16169100
2019-11-01,51.02645492553711,51.03378787905309,50.08070528454347,50.13935772586199,14108700
2019-11-04,52.54405212402344,52.69068322798432,51.27572523683875,51.37103125935981,15858200
2019-11-05,53.585105895996094,53.60710475586543,52.67601545722077,52.81531360270411,14930400
2019-11-06,52.41208267211914,53.42381763039576,52.19947178369005,53.32117866265817,13996500
2019-11-07,53.52645492553711,53.54111523758256,52.78598331565054,52.80797658042074,13073800
2019-11-08,52.509952545166016,53.27419714326014,52.42833990585101,53.133219050071474,12106000
2019-11-11,52.19089889526367,52.39123677440722,51.916369768760546,52.09444348066274,8674000
2019-11-12,51.47116470336914,52.242824733574345,51.181792899649594,52.138942305270085,13918600
2019-11-13,51.04825210571289,51.307944105001134,50.89985263407602,51.21148303322192,11773700
2019-11-14,50.825645446777344,51.17437705850011,50.588212001051616,51.09275878082628,11279800
2019-11-15,51.33761215209961,51.419230427449506,50.95177927574379,50.981459163221906,11252800
2019-11-18,50.840484619140625,51.06308096014806,50.677253718043296,50.974041291573066,10095600
2019-11-19,50.32109832763672,50.870162105763356,50.29141843951368,50.75144821413104,12605500
2019-11-20,50.47691345214844,50.855324949323865,49.950108175342564,50.20980012012576,16930700
2019-11-21,51.69375991821289,51.75311969367219,50.39529454955444,50.46949143844869,14080900
2019-11-22,51.47116470336914,52.07216680942369,51.441484818262104,51.72343523549007,12143600
2019-11-25,51.1298713684082,51.5231200691881,50.981471893960325,51.471181668346624,10670000
2019-11-26,51.00371551513672,51.22631183141611,50.781124859716805,51.13727217273246,15457000
2019-11-27,50.97403335571289,51.26340515745583,50.758864096660325,51.01855601349896,8393900
2019-11-29,50.55110549926758,50.84789869095611,50.454650117834,50.69950492554148,7980800
2019-12-02,50.76628494262695,51.107595162162816,50.72918932839945,50.8256447184227,11116900
2019-12-03,50.36561584472656,50.64015056702881,50.09850250974597,50.454655510006724,12245800
2019-12-04,50.936946868896484,51.01856515178773,50.558535344660726,50.640153627551975,11049700
2019-12-05,50.75886917114258,51.17437627962361,50.61046973178522,51.11501650388066,13109000
2019-12-06,51.57502746582031,51.84214069839086,51.01854250810797,51.01854250810797,13710800
2019-12-09,51.686336517333984,51.91634853701098,51.21146404503028,51.25598670044374,12397700
2019-12-10,51.24115753173828,52.04991899962698,50.974044171780584,51.686350238908055,14281800
2019-12-11,51.16695785522461,51.76054432530564,50.951782901341744,51.003721292909326,13748400
2019-12-12,52.19089889526367,52.22057879072424,51.12245096298928,51.166967975749515,17068500
2019-12-13,51.36729431152344,52.33928661076869,51.285676032563615,52.29476960801241,12274500
2019-12-16,51.93862533569336,52.12412042617798,51.71602896276745,51.71602896276745,15208700
2019-12-17,51.701194763183594,52.22057878149875,51.426659975867736,51.92379114866794,14450700
2019-12-18,51.842166900634766,52.15379727585311,51.40439556899516,51.66408754834378,13652300
2019-12-19,51.48600387573242,51.97571350830564,51.37470571734219,51.93119084843386,13273200
2019-12-20,51.894107818603516,52.109282800767375,51.48601635917881,51.83474803162158,35092000
2019-12-23,52.15379333496094,52.16121472262743,51.589886750371086,51.834741595623804,14172500
2019-12-24,51.95344543457031,52.3095983824201,51.8718328294817,52.198300232413345,3979400
2019-12-26,52.035072326660156,52.3096070540734,51.946038320582346,52.07959499055906,8840200
2019-12-27,51.85699462890625,52.16862494771225,51.84957324202242,52.08700667456884,10516100
2019-12-30,51.552791595458984,52.26509197459694,51.49343181531577,52.00539435168543,12689400
2019-12-31,51.77537155151367,51.79021432390406,51.20404935338245,51.21146507871861,13151800
2020-01-02,52.606388092041016,52.69542207748616,52.116678528657985,52.116678528657985,12456400
2020-01-03,52.183475494384766,52.9551356803169,52.057340202869234,52.932871516349095,17386900
2020-01-06,52.584144592285156,52.947713345210175,52.10927766495361,52.176053173081336,20081900
2020-01-07,52.15379333496094,52.324445625269085,51.57504963589827,52.30960851079627,17387700
2020-01-08,51.36729431152344,52.153791551470896,51.32277164790719,52.02023488234209,15137700
2020-01-09,51.760536193847656,51.86441296066402,50.92209501201082,51.300506468761434,14811800
2020-01-10,51.300514221191406,51.90893780199925,51.28567710691515,51.88667930015483,11995600
2020-01-13,51.79020309448242,51.842141464869165,51.27823511434322,51.34501059304426,9953900
2020-01-14,51.34502410888672,51.6269801887995,51.115012073892025,51.47858076230349,16261000
2020-01-15,51.2634162902832,51.634406440865746,51.11502249439437,51.3450345762802,11390300
2020-01-16,51.063072204589844,51.626978687154065,51.048235092801455,51.41922515696176,13340300
2020-01-17,50.87017059326172,51.256003542376185,50.66983839108131,51.01114867015286,18144100
2020-01-21,50.143035888671875,50.76629669624776,50.09109748804055,50.73661680147827,17982600
2020-01-22,49.853641510009766,50.23204726074694,49.712663488641866,50.12817050632592,17033100
2020-01-23,49.54201126098633,49.66073080012899,49.007790317421964,49.49749426423743,19605900
2020-01-24,49.208133697509766,49.475247060701584,49.000380117440685,49.37137027066704,18238600
2020-01-27,48.035804748535156,48.77036934752813,48.00612485617437,48.54035159694721,21231000
2020-01-28,47.96902084350586,48.3771065551298,47.9541780694921,48.310331054646845,19664700
2020-01-29,47.5683479309082,48.32516519410921,47.41253277850974,48.25096831118508,14202800
2020-01-30,48.07289505004883,48.13967054696456,47.06380158368704,47.323493506458234,18544700
2020-01-31,46.09181213378906,46.89315215885417,45.89889851503081,46.89315215885417,34282900
2020-02-03,45.06045913696289,45.572424477943294,44.79334580064965,45.54274741979846,27389300
2020-02-04,44.496559143066406,45.935999894670445,44.43719936093171,45.594689638686525,31922100
2020-02-05,46.54441452026367,46.692811116510335,44.96399600653152,45.07529416132393,32099200
2020-02-06,45.913734436035156,46.75217000344524,45.83953471960742,46.692813060732824,16055400
2020-02-07,45.609519958496094,45.7504951656684,45.30530821533405,45.565000131290816,15112500
2020-02-10,45.127838134765625,45.54931331346802,44.871943003243594,45.51920732833254,20934500
2020-02-11,45.55683898925781,45.827787117005506,45.28589086151012,45.59447290671762,14908700
2020-02-12,46.113792419433594,46.30947560107235,45.57942404739596,46.1664764633773,17862100
2020-02-13,45.8578987121582,46.22668703143232,45.579425489492934,45.95574174160579,16949400
2020-02-14,45.647151947021484,46.03099317191937,45.36867591785207,46.02346811189037,10855300
2020-02-18,45.067630767822266,45.45147204432662,44.74399859283835,45.27084186870041,18948500
2020-02-19,45.413841247558594,45.62457741064018,45.029999968936444,45.24073613201802,12804900
2020-02-20,45.05257034301758,45.56436054131082,44.94720227943916,45.33104349262689,14817200
2020-02-21,44.50315856933594,44.789156839575966,44.2472634157609,44.789156839575966,20315700
2020-02-24,42.41836929321289,43.50215908859913,42.41836929321289,43.366685005292695,32096600
2020-02-25,40.79267501831055,42.71188698713173,40.619569917780325,42.71188698713173,36414500
2020-02-26,39.89704132080078,41.2593069662906,39.83683222317291,41.05609587855026,29801000
2020-02-27,37.496150970458984,39.468047319197794,37.48109797591104,38.91862593799086,48141300
2020-02-28,38.71541976928711,38.71541976928711,36.13388973101232,36.70589211272389,62446700
2020-03-02,40.55183410644531,40.55935916710084,38.48209502734351,39.58093763119293,38127600
2020-03-03,38.610042572021484,40.755046691673414,38.36920042730521,40.60451963345953,50580700
2020-03-04,39.4529914855957,39.49815046598989,38.474569878907914,39.3099923542782,24079600
2020-03-05,37.71440887451172,38.15846209182753,36.909092460728495,37.947723073923044,40788200
2020-03-06,35.89303207397461,36.8865064448761,35.524243867916475,36.75856033654776,55640500
2020-03-09,31.50519371032715,33.54482688916678,30.707402307751586,31.392297698364576,72896300
2020-03-10,32.67177963256836,34.81678130100747,31.196620489674604,34.74904425510595,60445900
2020-03-11,31.59551429748535,32.72446312938196,31.42240915445571,31.90409353002781,51986100
2020-03-12,27.98287010192871,30.594505191101973,27.847396053604395,30.030030946772154,65725300
2020-03-13,28.690353393554688,30.210671562816415,26.342140527567043,30.112828522672835,79891500
2020-03-16,25.958288192749023,28.509711122504278,25.025022916939257,25.890551173770376,48924700
2020-03-17,27.70440101623535,28.133401275279084,25.740029897948325,26.500187395409966,41204400
2020-03-18,24.92718505859375,27.629135573386403,23.504710237767576,26.003449653718654,54036400
2020-03-19,25.91313934326172,26.2668775661961,24.34766223595373,25.386295975569016,49412400
2020-03-20,24.64118766784668,26.477609811635645,23.75307971193255,26.22171466388051,76534600
2020-03-23,23.670291900634766,24.61108249389477,22.661764269817436,24.48313348025759,56952500
2020-03-24,26.67329216003418,27.222713486819625,25.085240151905495,25.905606740520792,61835600
2020-03-25,28.0656681060791,29.044089833880804,26.477612987284694,27.478612772545844,56607700
2020-03-26,29.21718406677246,29.77413320174032,27.636657471185757,28.223709714506953,46722000
2020-03-27,27.809772491455078,28.359193892518228,27.24529809529996,27.945246576217524,51558600
2020-03-30,28.223716735839844,28.712928974353705,26.98939998329617,27.26787318452494,45835000
2020-03-31,28.577457427978516,29.691353202325374,28.125876197687504,28.855930653798932,41491600
2020-04-01,28.24629783630371,29.126879386369342,27.35066616222658,27.742035421026277,36045900
2020-04-02,30.406360626220703,31.580465738871276,28.524778975367088,29.156990524896532,62000200
2020-04-03,29.510713577270508,31.746032562090946,28.991398292471573,31.196611294417263,48425700
2020-04-06,30.45902442932129,30.729972466250416,29.52575928779473,30.014971340146076,41301900
2020-04-07,31.03856658935547,32.60404074815374,30.97835460925369,32.28793646581509,48921800
2020-04-08,33.002933502197266,33.145935512623474,31.211670245111378,31.572933495390846,33355600
2020-04-09,32.46104049682617,35.15546335121016,31.414881782230214,34.21467272713968,60107300
2020-04-13,32.182559967041016,33.63514071998385,31.587982556628692,33.454510552867234,29651900
2020-04-14,31.934186935424805,32.92766128626233,31.54281781675181,32.36318709278354,30769000
2020-04-15,30.466556549072266,30.903084681093507,29.6386621297372,30.8579257074506,33125000
2020-04-16,29.465559005737305,30.466558584309183,29.299978962383356,30.466558584309183,30934000
2020-04-17,32.528778076171875,32.60404017891987,30.007457439201577,30.014985372115486,40829100
2020-04-20,30.993406295776367,32.16751401860464,30.51172195955916,30.669774094055725,39260800
2020-04-21,30.827829360961914,31.708410960325118,29.826829536373847,30.40635695947869,44381600
2020-04-22,31.708406448364258,32.310511844138745,31.50519533896568,32.06214175340771,27074200
2020-04-23,32.70188522338867,33.61256992962649,32.2202008455791,32.461043034483886,35271000
2020-04-24,32.91261291503906,33.785666341954936,32.46103464531398,33.41687809159453,28653800
2020-04-27,33.07066345214844,33.35666454062952,31.783662860580307,32.80724328582671,28274400
2020-04-28,33.84587478637695,34.16197896807056,33.19861056169273,33.39429369258911,26545100
2020-04-29,35.719940185546875,35.825308283328646,34.74151844334647,34.816780550029065,29502500
2020-04-30,34.974830627441406,35.88551519656374,34.44798734188582,35.88551519656374,37076300
2020-05-01,32.46855163574219,34.91460620943517,32.36318359039948,34.34260701854739,35399300
2020-05-04,33.77814865112305,33.8233047653087,31.776146242043687,31.994407493093263,27465600
2020-05-05,33.74050521850586,35.48661181259312,33.61255624277606,34.81676669695203,29276200
2020-05-06,33.10829544067383,34.071663845576786,33.04055842026257,33.815768754141395,22659000
2020-05-07,33.29645538330078,34.07166576075439,33.09324431064446,33.838348705986505,22160300
2020-05-08,34.75657272338867,34.786678715600466,33.85341305449295,34.101783183642084,19977400
2020-05-11,34.4254035949707,34.77161377326511,34.25229563475905,34.703876749593206,22258000
2020-05-12,33.8499870300293,35.039185927156595,33.8499870300293,34.84737955901564,25439100
2020-05-13,32.169761657714844,33.65817789867105,31.916575867722653,33.55844070267352,30827900
2020-05-14,32.45363998413086,32.64544637047529,30.842467509530927,31.50995291452425,24856500
2020-05-15,32.22346878051758,32.998365194381876,32.10838379275118,32.51501526992174,22445600
2020-05-18,34.78600311279297,34.97013851433961,33.80395544249867,34.06481222076221,32026100
2020-05-19,33.711883544921875,35.77572177602096,33.70421257856533,34.947116926345636,21771600
2020-05-20,34.809017181396484,34.97013674713251,34.195237418479756,34.233598104899656,19352400
2020-05-21,34.187564849853516,35.131251739879055,34.057135010058495,34.8627210940576,19130700
2020-05-22,34.21825408935547,34.27195963701512,33.335946572994814,33.79628067485839,15406400
2020-05-26,35.22331619262695,35.522533615022404,34.88573808754304,35.092889286139695,20356500
2020-05-27,35.476505279541016,36.1670064126147,34.83970676586032,35.79873855629551,20788300
2020-05-28,34.55583572387695,35.64529448179994,34.471440454259536,35.6222786543526,19698000
2020-05-29,34.885746002197266,35.05453362966643,34.041796157918824,34.387048233908494,25874700
2020-06-01,35.5071907043457,35.63762054472017,34.37169745943149,34.77065502008772,19031000
2020-06-02,36.29743576049805,36.4048468512773,35.86778847064832,35.95218373532708,22319000
2020-06-03,37.77819061279297,37.9009465942615,36.78846886591534,36.826829561361734,23418000
2020-06-04,37.6707763671875,37.70913998916273,36.94958534574824,37.501988722776964,18731400
2020-06-05,40.724327087402344,41.00819967602854,39.58883087943208,39.62719449218468,41328900
2020-06-08,41.9979248046875,42.47360379120324,41.01587418276511,41.98257994360854,33579400
2020-06-09,41.06190872192383,41.407160778997294,40.24097767884524,40.57088487485622,27276900
2020-06-10,38.85997009277344,41.04656144780447,38.82160647900606,41.04656144780447,31156800
2020-06-11,35.430477142333984,37.471297046395,35.36909769175372,36.46623049364291,39183000
2020-06-12,36.190032958984375,37.302510750766,35.223329915638224,36.857521390093524,30978100
2020-06-15,36.16700744628906,36.64268640845493,34.3333390788469,34.7936731807193,27929300
2020-06-16,36.98027038574219,38.16946934791867,36.24373459420834,38.03136852116444,26203400
2020-06-17,35.77572250366211,36.92656064490735,35.752703750658945,36.826820519847594,19279400
2020-06-18,35.99821853637695,36.31278379650727,35.115910980132206,35.37676776344217,21478700
2020-06-19,35.27702713012695,37.02630028355596,35.27702713012695,36.99561348875047,48899900
2020-06-22,35.6146125793457,35.62995744325695,34.8320450070069,35.05453821688613,17565400
2020-06-23,35.82942581176758,36.228383360357476,35.67598015050491,35.98287147303024,18916600
2020-06-24,34.14153289794922,35.261681364769416,33.949726533353996,35.223320677196945,27626900
2020-06-25,34.65557098388672,34.70927945614012,33.52007770801244,33.79627932882319,19353600
2020-06-26,33.466373443603516,34.479110807522595,33.37430720871983,34.43307915344717,31518600
2020-06-29,34.0034294128418,34.202909655336775,33.40499453882212,33.612145747536466,17052100
2020-06-30,34.3103141784668,34.50212049131291,33.11344173268351,33.32059290176516,22153600
2020-07-01,33.53541564941406,34.81668336457845,33.504725936381256,34.133853346625244,17290100
2020-07-02,33.819305419921875,34.67092336656453,33.70422041070168,34.233605014301176,18216600
2020-07-06,34.0571403503418,34.58652783203055,33.63516689986412,34.271962559297755,22692000
2020-07-07,33.174827575683594,33.75791759177924,33.075087454222746,33.681196222490975,17407600
2020-07-08,33.09811019897461,33.70421909395269,32.8679431162597,33.10578409354728,18291400
2020-07-09,31.732444763183594,33.06741539387321,31.678739216358885,32.913972646792786,25882000
2020-07-10,32.722164154052734,32.76819580448435,31.532962454537515,31.548307313592254,18951000
2020-07-13,32.72983932495117,33.213192203706754,32.399932129723254,32.97535124790223,20028300
2020-07-14,33.81162643432617,33.9036926718007,32.422947271559565,32.630098500926934,21444100
2020-07-15,34.241268157958984,34.5941911162131,33.9190319893595,34.54815654163248,17332400
2020-07-16,33.97274398803711,34.379375490637266,33.59680513439129,33.99576274306961,14673700
2020-07-17,33.3896484375,34.28730071513534,33.28990831996301,34.0111020405239,17958900
2020-07-20,32.607078552246094,33.381974895960674,32.59173369348419,33.15180786799721,18553900
2020-07-21,34.25662612915039,34.670925752034826,33.07509793656583,33.10578766470055,28821800
2020-07-22,33.45870590209961,33.873008391588804,33.27457048674892,33.873008391588804,21345400
2020-07-23,33.52775573730469,33.6198219800216,33.00604215068706,33.297588667145874,17934400
2020-07-24,33.32060623168945,34.0801578954491,33.13647080993161,33.66585831827713,16415300
2020-07-27,33.81162643432617,33.82697129502741,32.96767958288839,33.16715691853867,18547900
2020-07-28,33.41266632080078,33.94972469797977,33.34361591621016,33.68886793916327,19190500
2020-07-29,33.78094482421875,33.826979417376045,33.25156017321115,33.53543284751375,14143200
2020-07-30,32.12372970581055,33.12879612815036,32.09304291123547,33.09043543988183,29901100
2020-07-31,32.284854888916016,32.35390238375686,31.387199408450513,31.579005809853104,32116200
2020-08-03,32.41527557373047,32.607081938072064,31.816840653539188,32.26182989691061,23033600
2020-08-04,33.351287841796875,33.45102503286281,32.40760098588611,32.484322352357225,17724000
2020-08-05,33.642826080322266,33.99575192004267,33.39731423417977,33.87299599697142,17175100
2020-08-06,33.481719970703125,33.681200237403544,33.182502497385485,33.29758749176903,14434900
2020-08-07,33.328269958496094,33.38964939465761,32.84492006902084,33.167153328671006,18757900
2020-08-10,34.149208068847656,34.21825848567198,33.45103293283868,33.75025335689957,24367800
2020-08-11,34.502132415771484,35.61460707338134,34.317997004037124,34.90876100298797,28987500
2020-08-12,34.49430465698242,35.15931046834172,34.13441922929318,34.783777458865416,22503200
2020-08-13,33.64936065673828,34.32219190138045,33.578948015218245,34.03271903489663,17338700
2020-08-14,33.798004150390625,33.86059149393509,33.17993809135686,33.32858564368718,13595700
2020-08-17,33.3598747253418,33.77452512719476,33.22687477926464,33.77452512719476,15554600
2020-08-18,33.19558334350586,33.7901764955663,33.08605326163716,33.32076100628021,13014000
2020-08-19,32.82786560058594,33.37551887674122,32.75745299387354,33.13298590151624,14473100
2020-08-20,32.32716369628906,32.773109329820265,32.31151611456345,32.616636497035216,15678500
2020-08-21,32.084632873535156,32.34281351314334,31.84992510037306,32.31151834752939,25517700
2020-08-24,33.03129577636719,33.258178290219654,32.147226652034185,32.29587422793361,18208900
2020-08-25,31.982925415039062,32.913934131467826,31.842100165902476,32.59316617165027,31285600
2020-08-26,31.30227279663086,31.95163407699348,31.29445049717397,31.795161227613335,26795000
2020-08-27,31.091045379638672,31.529165882189112,30.754629716910536,31.294458043755363,32034300
2020-08-28,31.83428192138672,32.01422467185255,31.106685634801735,31.169275974688116,33477100
2020-08-31,31.24751091003418,31.857754785941275,31.21621872456771,31.79516444606499,25259600
2020-09-01,30.84850311279297,31.09885846418722,30.55120501383559,31.09885846418722,22464100
2020-09-02,30.660730361938477,31.075383773396045,30.472965369687014,30.6920255221373,26413400
2020-09-03,30.59815216064453,31.317923153270193,30.418209412488114,30.66856479987718,28817200
2020-09-04,30.574674606323242,31.13015029622684,30.238259079317768,30.87196968897901,24632500
2020-09-08,29.87055015563965,30.261730746484098,29.221188942291757,29.92531519960019,38496400
2020-09-09,29.69061279296875,30.386913892647133,29.66713992384737,30.003555531361673,25886100
2020-09-10,28.94736671447754,30.019200808523777,28.86913178201074,29.94096587605698,34381200
2020-09-11,28.86913299560547,29.189901007357907,28.548364983853027,29.04907573542059,26838600
2020-09-14,28.681360244750977,28.955185459239864,28.548360278990945,28.876950536377613,26129900
2020-09-15,28.37624168395996,29.244663111893438,28.329298936554757,28.7908921737234,23724200
2020-09-16,29.581077575683594,29.847080498829513,28.376240630583187,28.52488818180814,30890900
2020-09-17,29.573253631591797,29.714078890485144,28.9238953684469,29.221190484358434,24696200
2020-09-18,29.096012115478516,29.58890050987283,28.712656796649387,29.362015044337383,46853800
2020-09-21,28.501413345336914,28.72047348472967,27.914642556702972,28.50141334533691,35351800
2020-09-22,27.79728889465332,28.822183008834415,27.750349138770858,28.52488495553893,27303200
2020-09-23,26.905405044555664,28.000712075241626,26.874109875799707,27.891181969067343,31251400
2020-09-24,26.850635528564453,27.241816119580218,26.412512192217214,26.913225855673083,26796000
2020-09-25,27.100990295410156,27.335698048166005,26.506397122797274,26.600279627005413,23486000
2020-09-28,27.625171661376953,28.086764832194774,27.460873561311054,27.492168721749394,23396500
2020-09-29,26.8193416595459,27.46870290452203,26.59245917400343,27.382642692829172,20770500
2020-09-30,26.85845947265625,27.32004968194999,26.70198664715671,27.100989516933176,22223700
2020-10-01,25.919628143310547,26.678516499877627,25.770977600938217,26.435986430905878,36890200
2020-10-02,25.80227279663086,26.091745613715847,25.199854296312054,25.23114946152968,32694300
2020-10-05,26.396867752075195,26.404690050774818,25.950919129948716,26.068274501740593,22965200
2020-10-06,26.1230411529541,26.928872269782644,26.060453806093967,26.69416449623243,26731800
2020-10-07,26.2091007232666,26.396868728182703,25.982215254463746,26.318630815937997,23779300
2020-10-08,27.5860538482666,27.648644175109776,26.412512080196528,26.50639757046129,34413700
2020-10-09,27.179231643676758,28.125888057510604,27.108819010488293,27.914650157945207,29228600
2020-10-12,27.09317398071289,27.171408920753453,26.780228251607326,27.022761340887723,17912800
2020-10-13,26.77240562438965,27.28093869738532,26.678520116121717,27.171408588877686,20995100
2020-10-14,26.717636108398438,27.249641961854074,26.623750615809005,26.647223481191926,17743000
2020-10-15,26.952348709106445,26.96017100932417,26.029162090888327,26.365577705212132,23251600
2020-10-16,26.67852020263672,27.100996037797586,26.506402739197263,26.889758120217152,22627200
2020-10-19,26.146509170532227,26.889752887501974,26.123039290192157,26.67851501102819,23645800
2020-10-20,26.36557388305664,26.54551660669509,26.076101065418374,26.3342787177792,23040600
2020-10-21,25.94310188293457,26.302987382616266,25.927454298017324,26.216927157807238,28619300
2020-10-22,27.273115158081055,27.35135009361135,25.833570259234587,25.958747946765957,31831500
2020-10-23,26.725461959838867,27.4452359096821,26.490754166107724,27.359175688937327,27429100
2020-10-26,26.091745376586914,26.4203386394432,25.778802680668427,26.295160964181566,30888700
2020-10-27,25.677093505859375,25.97439158779263,25.583211000580306,25.935274125965606,27100700
2020-10-28,24.699138641357422,25.332852179906638,24.660021184909585,25.113789051751628,42136400
2020-10-29,25.794448852539062,25.919626520955227,24.33925659190676,24.57396434712819,38622800
2020-10-30,25.52062225341797,25.927450447431777,25.043381429969628,25.356327112894473,47885700
2020-11-02,26.592458724975586,26.96016646262993,25.481504259700547,25.92744990869604,40130300
2020-11-03,26.138689041137695,26.983640617154673,25.91962884786128,26.983640617154673,36773000
2020-11-04,25.997861862182617,26.709810422325003,25.450208434887458,26.029157025907157,35410100
2020-11-05,25.9509220123291,26.537692967519227,25.927452129152346,26.10739486394075,30824100
2020-11-06,25.645801544189453,26.334280299283602,25.52062386003337,25.896156912501613,33985600
2020-11-09,28.89259910583496,29.73754764263036,28.211945703351013,28.493593225968745,76879400
2020-11-10,29.53359031677246,29.990295069590513,28.8285010440192,29.685824215553154,49055400
2020-11-11,29.229122161865234,29.74191329613855,28.996762723998806,29.717877166868316,34124500
2020-11-12,28.227571487426758,29.07688357741049,27.939125756621877,28.732351516335303,30933700
2020-11-13,28.90862464904785,29.044833435291192,28.34775828865742,28.363783391122947,29241500
2020-11-16,30.575197219848633,30.583208243275454,29.725885082236527,30.118492472621387,38596800
2020-11-17,30.98381996154785,31.015870161281033,29.95022700019272,30.29475900613619,26521100
2020-11-18,29.814023971557617,31.352400391180936,29.806012947499553,31.26426384416135,31068000
2020-11-19,29.96625518798828,30.046377639102317,29.293216206613366,29.533586616431066,26954400
2020-11-20,29.597686767578125,29.97426904770556,29.46948899977583,29.926193738601246,18351000
2020-11-23,31.53668212890625,31.59276846250786,29.87010805481279,30.04638113554697,29367600
2020-11-24,33.63591384887695,33.71603934692515,32.225738704456134,32.458095007607845,46979300
2020-11-25,32.6984748840332,33.41958616961185,32.570277118387494,33.387535964081465,28178200
2020-11-27,32.20170974731445,32.80263741926604,31.945314185133203,32.610342275868206,14971900
2020-11-30,30.551166534423828,31.953331232497998,30.422968741430388,31.88923080776304,45614300
2020-12-01,30.847610473632812,31.769033827253484,30.823574352634513,31.216178592491,32472900
2020-12-02,32.001399993896484,32.38599333080561,30.719422204199397,30.759483437038153,29369500
2020-12-03,32.21773147583008,32.562263549496,31.83313817286074,32.10555881119017,27038900
2020-12-04,33.39555740356445,33.45965477227546,32.57028429637259,32.66643187767735,28723600
2020-12-07,32.77058410644531,33.28337513441819,32.586296965321665,33.18722452431656,24899400
2020-12-08,33.8442497253418,34.12468143204036,32.402020786673816,32.474132233607214,32573800
2020-12-09,34.292938232421875,35.03808878359083,33.956420206204236,34.22082679016436,37824800
2020-12-10,35.262428283691406,35.630999514341354,34.260882338777165,34.6134284675314,38058700
2020-12-11,35.09416198730469,35.198323599688884,34.6214322775303,35.014039550993786,25478800
2020-12-14,33.828224182128906,35.622993194734434,33.796173971356154,35.52684561889251,30595000
2020-12-15,34.485225677490234,34.62944851703401,33.70001413801592,34.00448186018592,27138400
2020-12-16,35.01404571533203,35.3425526524015,34.421129190231355,35.05410694054039,34273000
2020-12-17,34.8377799987793,35.286473762512564,34.77368263623238,35.254423553001,21204600
2020-12-18,34.23685073852539,35.07814883213464,33.988466211031735,34.66951937745908,46596800
2020-12-21,33.61189270019531,33.71605436581941,32.474134572895714,32.938853499159706,27869500
2020-12-22,33.04301452636719,33.5718308129297,33.0350004449097,33.31543522286766,21792900
2020-12-23,33.4676628112793,33.96442879088838,33.21927829323678,33.25933952350791,19085900
2020-12-24,33.331459045410156,33.53176830182843,33.15518897816622,33.37152334187517,8039000
2020-12-28,33.443634033203125,34.09263405304195,33.267360913505364,33.403569737652454,23877500
2020-12-29,33.06704330444336,33.74809336600655,33.01095697261937,33.68399601098307,20287700
2020-12-30,33.331459045410156,33.988473161943965,33.06705241630591,33.11512773817791,23807300
2020-12-31,33.026973724365234,33.39554182786349,32.826664573793344,33.227282874937124,22786500
2021-01-04,33.251319885253906,33.8522473530597,32.850701573383375,33.21125866536188,27764700
2021-01-05,34.85380172729492,35.895408983712,33.51573770280376,33.52374872616753,44035100
2021-01-06,35.74317932128906,36.13578369860662,35.01405384979447,35.58293132675125,36484800
2021-01-07,36.02360534667969,36.512360277640695,35.67907328244409,36.05565555183551,29528100
2021-01-08,36.424224853515625,36.71267059577097,36.01559542297114,36.21590462659559,28628200
2021-01-11,37.52993392944336,37.770304371567356,35.85534880169723,36.08770822022336,38246200
2021-01-12,38.36322021484375,38.59557657225034,37.58601951291474,38.02669915741459,36915100
2021-01-13,38.7958869934082,39.02824641456158,38.21098445691855,38.88402353636128,29000300
2021-01-14,40.31022262573242,40.927175299696124,38.859982985131325,38.859982985131325,35474800
2021-01-15,38.37123107910156,39.32470485746549,37.89049020645529,39.188493007780956,42411300
2021-01-19,39.13241195678711,39.61315289432591,38.73980451449856,38.819930041739255,24932600
2021-01-20,39.68525695800781,39.85351900567353,39.25259141730164,39.348738975627924,22342400
2021-01-21,38.54750442504883,39.573086590566135,38.20297234323112,39.52501433685498,29044500
2021-01-22,38.002662658691406,38.170921657521255,37.36968483664474,37.6661416045558,23264800
2021-01-25,37.578006744384766,37.69819042922571,36.9850901738184,37.578006744384766,26395800
2021-01-26,36.75273513793945,38.3471978873577,36.736710033427954,37.866453921441234,23976800
2021-01-27,36.336090087890625,37.38571146642994,35.67907611246175,36.055658411723186,32410300
2021-01-28,36.904972076416016,37.32962664800332,36.608512227877554,36.80882144941514,24967200
2021-01-29,35.927459716796875,36.88894452776748,35.663050094777674,36.49633713471726,38961100
2021-02-01,35.991554260253906,36.5203734629492,35.48677729555048,36.5203734629492,24412400
2021-02-02,36.5604362487793,37.650118792043656,36.280001533290935,36.70465911812169,31940400
2021-02-03,37.99464797973633,38.19495718179687,36.39217436325194,36.560436415904455,28459300
2021-02-04,38.72377395629883,38.763835182877884,37.85843679110804,38.363216804136,25280300
2021-02-05,40.021785736083984,40.15799454867932,39.292660243457,39.40483292594171,34980100
2021-02-08,41.74443435668945,41.95275762782857,40.63071573909987,40.79897472669059,36998700
2021-02-09,41.255531311035156,41.52442807598085,40.554765335144,41.28812269185354,28977000
2021-02-10,41.65480422973633,41.89925668963325,41.05996877091387,41.25553260386041,25723800
2021-02-11,40.61180877685547,41.49998850454642,39.748073364666396,41.46739401162263,26972200
2021-02-12,41.165897369384766,41.320716528065596,40.26142051285962,40.277717757202055,19756700
2021-02-16,42.40446090698242,42.80373252291586,42.0622249849436,42.339271928162994,28060100
2021-02-17,43.06447982788086,43.40671573089801,42.208894732910125,42.657058058048946,25509700
2021-02-18,42.388160705566406,43.137815259409464,42.25778586540321,43.03188783878906,20627600
2021-02-19,42.67335891723633,42.828181192253474,42.306678671645294,42.46150094666245,22607200
2021-02-22,44.24601745605469,44.66158953228553,42.85263531232576,42.85263531232576,36435100
2021-02-23,44.857139587402344,45.028255997501674,43.78969646007463,44.800100784035905,33527900
2021-02-24,46.201629638671875,46.44608208057757,44.71046445879866,44.971214144615594,28728600
2021-02-25,45.4356803894043,46.64979879113225,45.101594618466834,46.42979063343463,29670900
2021-02-26,44.30304718017578,44.86529127281141,43.284492645264,44.33564167130458,35291000
2021-03-01,45.95718765258789,46.94314782067501,45.73717947230378,46.01422646506353,36998300
2021-03-02,45.68828582763672,46.41349622039571,45.64754426447604,46.160896663770274,30302600
2021-03-03,46.054954528808594,47.22832803796467,45.53345519140589,45.97346831460115,35358900
2021-03-04,47.839473724365234,48.4587566879767,46.527574846896236,46.54387209418939,52137500
2021-03-05,49.64842987060547,49.746210250129316,48.1654144962345,48.752102990142035,51429800
2021-03-08,49.599525451660156,50.20251103946109,48.74394035560838,50.17806672792235,38154600
2021-03-09,48.83357620239258,50.02324708815864,48.45874890003586,49.38767008778146,35645900
2021-03-10,50.33289337158203,50.45511805584521,48.91506403210312,49.31433879414605,31579100
2021-03-11,49.958065032958984,50.968469412853764,49.917320363971726,50.34103943270825,24802600
2021-03-12,50.49586868286133,50.82180432106373,50.1128911218817,50.15363268810922,20422700
2021-03-15,49.208396911621094,50.406217813426345,48.78467793201393,50.10472659830667,31243600
2021-03-16,48.1654052734375,48.61356862785411,47.61945844983858,48.515788267053416,30624800
2021-03-17,48.377262115478516,48.670606299444074,47.76612943501079,47.823168236517255,25575500
2021-03-18,46.291259765625,48.051321578918206,46.05495440761709,47.92094674491061,38622800
2021-03-19,46.030521392822266,46.82906783561801,45.47642743522816,46.20978489083307,84439400
2021-03-22,45.55790328979492,46.33200529303845,45.549756221887336,46.0386611142614,29315100
2021-03-23,44.995670318603516,45.8675528330006,44.36824029367048,44.76751196783929,33493300
2021-03-24,45.90829086303711,46.67424276663911,45.69643288404313,45.69643288404313,29781800
2021-03-25,45.77791213989258,46.03866183435468,44.408974689775754,44.9875128800897,31495900
2021-03-26,47.024627685546875,47.081666494062404,46.054964832400884,46.6905419035065,34226500
2021-03-29,46.77202224731445,47.1142550553203,46.2342256144613,46.72313051400724,21144400
2021-03-30,46.1934814453125,46.73942826043792,46.03051521596791,46.33200647031329,20303400
2021-03-31,45.49271774291992,46.14459197348645,45.46827032226138,45.916433661502026,23686500
2021-04-01,46.76388168334961,46.812773426706656,45.74532700961092,45.89199913129986,23194500
2021-04-05,46.038658142089844,46.70682956910985,45.745313982250565,46.6905323259653,23264800
2021-04-06,45.90829086303711,46.8861038540149,45.84310187972708,46.31571268357937,18926300
2021-04-07,46.11199951171875,46.25867160859089,45.82680549467939,45.94903016981841,22385000
2021-04-08,45.631248474121094,45.696437463964685,45.07715449397906,45.57420966219902,21999300
2021-04-09,45.52531433105469,45.98977496773941,45.24826736282329,45.63124487700896,20020700
2021-04-12,45.22382354736328,46.274972624475815,45.069004369551955,46.250525200750516,20238800
2021-04-13,45.39494323730469,45.61495141636862,44.88974099744425,45.06085743392215,19370600
2021-04-14,46.70683670043945,47.26907768705506,45.834954263563105,45.96532912024419,28051100
2021-04-15,46.42979431152344,46.78832442559106,46.26682494753558,46.78832442559106,23250300
2021-04-16,46.16904067993164,47.000181568651406,45.98977408382096,46.73943185160777,22752000
2021-04-19,46.022361755371094,46.56015835562381,45.59864275087178,46.242369879344665,21123300
2021-04-20,45.05270004272461,46.014215667957274,44.63712809690669,46.014215667957274,21782100
2021-04-21,45.631248474121094,45.73717902842587,44.246013523765996,44.408982889992856,16625600
2021-04-22,45.036407470703125,45.623095874655085,44.832696564706666,45.623095874655085,21600100
2021-04-23,45.28086471557617,45.58235601792617,44.963076166020485,45.03641222425503,15337900
2021-04-26,45.37049865722656,45.8675538246327,45.174934796398105,45.199382221740485,16083800
2021-04-27,45.965328216552734,46.14459480660796,45.476423290706116,45.63938952706718,19278600
2021-04-28,47.350563049316406,47.63575707172162,46.27496972427145,46.3727500878987,24729800
2021-04-29,48.02687454223633,48.466890776152084,47.38315054267208,48.010577299308196,27318400
2021-04-30,46.64164733886719,47.98613736504102,46.57645836120997,47.529826954966694,30518400
2021-05-03,47.92910385131836,48.06762888993124,47.04907431453196,47.24463505231476,20509600
2021-05-04,48.2305908203125,48.48319345142976,47.67649693219706,48.075771657720274,23522200
2021-05-05,49.68101501464844,49.74620088593304,48.401710818323934,48.70320207832622,31526200
2021-05-06,50.153621673583984,50.226957720040666,48.91505906030532,49.591380723003795,26836800
2021-05-07,50.87068176269531,50.90327624986592,49.583227494888824,49.76249406594577,33610600
2021-05-10,50.99291229248047,52.16628281025029,50.952167627123536,51.530708926347536,31956600
2021-05-11,49.37138366699219,50.83810181700714,49.20841429290557,50.218821925536744,34563800
2021-05-12,49.63592529296875,50.99173618477125,49.396177398922916,49.61112172049406,34426500
2021-05-13,49.02415466308594,49.97487731726496,48.5694624538256,48.7761410174589,24268200
2021-05-14,50.23943328857422,50.330372375028574,49.54499308270879,49.54499308270879,20735400
2021-05-17,51.41336441040039,51.462968406834804,49.958348538639015,50.04928762193628,25282500
2021-05-18,49.958335876464844,51.50429043969406,49.933535461365906,51.25627682771216,25170800
2021-05-19,48.75960159301758,49.48711094899853,48.29664052036347,48.85880641084907,28889800
2021-05-20,48.643863677978516,48.900146215423256,48.147836419201255,48.73480274460937,20692500
2021-05-21,48.71000289916992,49.462315906588955,48.652133153009174,49.12336003098365,20792700
2021-05-24,49.28043746948242,49.43751204332823,48.51985871151434,48.84227992151041,18400300
2021-05-25,48.164371490478516,49.222567889758594,48.048631998447405,49.18949856241696,25616100
2021-05-26,48.726531982421875,48.875340785125495,47.866751643501765,48.15610034116753,21698700
2021-05-27,48.412384033203125,49.354837703883014,47.96595761435549,48.96628102596033,33556000
2021-05-28,48.255306243896484,48.610793596833396,48.04036194274745,48.55292385599849,19246800
2021-06-01,49.9831428527832,50.18155566061261,49.148162846982466,49.148162846982466,28474200
2021-06-02,50.379974365234375,50.68586096365807,49.74340389924243,50.22289976466435,22978300
2021-06-03,50.5783805847168,50.768524493241024,49.89220620930503,50.05754969826754,20272800
2021-06-04,50.80159378051758,51.00827235313672,50.24769356599262,50.809859535809856,20427800
2021-06-07,50.47090148925781,51.03306739988993,50.44610107232724,50.702383610712715,15477900
2021-06-08,51.3637580871582,51.65310681798989,50.156752865360474,50.84292721799653,28953400
2021-06-09,51.79365158081055,52.43021880951048,51.41336061025202,51.810183091401804,29133000
2021-06-10,51.876319885253906,52.893178047991235,51.46296275469411,52.58729465440309,27488700
2021-06-11,51.396827697753906,52.24007668156193,51.372027277357006,52.091267851850816,17631700
2021-06-14,51.31414794921875,51.90111424926012,50.900790866880165,51.504291828654786,16997200
2021-06-15,53.182525634765625,53.24039537607531,51.545628754775024,51.65310248306346,30717100
2021-06-16,52.99238967895508,53.5710935204248,52.54596631742806,53.17426784892184,24803200
2021-06-17,51.248016357421875,53.2899983551373,50.65278110436695,52.79397108003453,28491800
2021-06-18,49.93354797363281,50.8842675834039,49.80127380385314,50.42957532189034,39590700
2021-06-21,51.74405288696289,51.83499197285126,50.34690672773399,50.37170714982534,33145400
2021-06-22,52.736106872558594,52.9179850308997,51.44643140677274,51.95899339867558,25140400
2021-06-23,53.124664306640625,53.48841432076655,52.56249831317719,52.951055055217616,20701600
2021-06-24,53.339595794677734,53.37266511855648,52.75263264098354,53.03371558662433,19568400
2021-06-25,53.45534896850586,53.678559051370385,53.207332158807965,53.41401073111305,18438300
2021-06-28,52.09126663208008,53.372673165773776,51.876322301788754,53.372673165773776,20570000
2021-06-29,51.76884078979492,52.719563353140934,51.744040373701054,52.25660227951486,19579300
2021-06-30,52.149131774902344,52.27313700919665,51.6283009606062,51.834979504761016,17875500
2021-07-01,52.297935485839844,53.256923769007294,51.89284732037122,53.182522523388485,22530300
2021-07-02,52.223533630371094,52.34754201977128,51.60349799069882,52.091259486720915,14555300
2021-07-06,50.735450744628906,51.88458300462529,50.346897206132354,51.87631725004642,22110800
2021-07-07,49.94181823730469,51.09921969259353,49.28871308533934,50.57838872234703,21671400
2021-07-08,49.71858596801758,50.18981275745016,49.03241489804159,49.14815436861604,18935900
2021-07-09,50.61971664428711,50.80159480101823,49.80127124632667,50.18155907070556,20086000
2021-07-12,50.57011032104492,50.842927543574355,49.73513029696615,49.950074619294014,21809400
2021-07-13,50.33036422729492,50.85119193213096,50.02447768534599,50.429569053883036,17147300
2021-07-14,49.21429443359375,51.0330662716857,49.07375453587488,50.57010519267513,21573600
2021-07-15,48.734806060791016,49.35484175328539,48.58599724229919,48.91668105276409,15851100
2021-07-16,47.38726043701172,48.991084942607536,47.24672052862868,48.924949442681566,27049500
2021-07-19,45.75863265991211,46.461341667434645,45.138596969920535,45.99838055025502,37969100
2021-07-20,46.262935638427734,46.79203233350174,45.49409101787799,45.882647783051425,26756100
2021-07-21,47.75101089477539,48.19743732049989,46.9821695886913,47.00697000556564,20908700
2021-07-22,47.21365737915039,47.734488306494136,46.84163528819057,47.72621939688114,13493800
2021-07-23,47.155784606933594,47.36246318271399,46.684557706447485,47.36246318271399,14088200
2021-07-26,48.34624481201172,48.486787862354525,47.122708205467376,47.254982347967726,18387600
2021-07-27,47.80889129638672,47.95769697466006,47.29632614030395,47.95769697466006,16861400
2021-07-28,48.13130569458008,48.47025841833072,47.63527524155606,47.94942754643814,16855300
2021-07-29,48.71826934814453,49.04895629836547,48.41238596907208,48.77613909138353,18607800
2021-07-30,47.59394073486328,48.676937574423924,47.38726216535157,48.676937574423924,28652800
2021-08-02,47.602210998535156,48.825747786428636,47.4534021719582,47.57740742499581,20873800
2021-08-03,48.114768981933594,48.28837821395019,47.06484152778896,47.59393813221927,18208200
2021-08-04,46.990440368652344,47.85022398711186,46.96563994912564,47.27978910867971,20868300
2021-08-05,47.28805923461914,47.701416390247516,46.98217582248029,47.230189485124356,15180200
2021-08-06,47.83368682861328,48.00729606357695,47.56086961338645,47.66834334850592,14888500
2021-08-09,47.28805923461914,47.55260756192811,46.98217582248029,47.230189485124356,17828200
2021-08-10,48.098236083984375,48.24704490364957,47.37072664936171,47.46993147791696,16340200
2021-08-11,48.23878860473633,48.36279703809507,47.717960753426745,48.10651441419756,18278600
2021-08-12,48.12967300415039,48.498934977809675,47.72684437948354,48.17163692035518,19225500
2021-08-13,47.64292907714844,47.89469659976997,47.24849126415614,47.8611267430477,20063000
2021-08-16,46.946372985839844,47.07225835865417,46.38409224377135,47.013512705046956,16959500
2021-08-17,46.62747573852539,47.24850222496571,46.15750723958255,46.577120941760576,16243700
2021-08-18,45.645565032958984,46.83726927305177,45.57842852442566,46.50996798923502,21890500
2021-08-19,44.25244140625,45.07488352074742,43.7237274750027,44.873470824060796,30923500
2021-08-20,44.26084518432617,44.5965341529506,43.73213113703039,43.86640736475972,16918300
2021-08-23,46.081966400146484,46.207851763372325,45.27630903941485,45.27630903941485,21632600
2021-08-24,46.45960998535156,46.870829446937535,46.16587859710731,46.400864347982136,17915600
2021-08-25,46.54353713989258,46.80369870984161,46.04839299153638,46.358909343171604,13270300
2021-08-26,45.91411590576172,46.61067596627642,45.8469793995155,46.325338611585664,11842600
2021-08-27,46.8036994934082,47.172958294429655,46.49318633797204,46.49318633797204,15822500
2021-08-30,46.29176712036133,47.282055363295676,46.25819726772689,47.198133933106945,14086100
2021-08-31,45.75467300415039,46.417663342731466,45.704318213400576,46.098756070778855,27104100
2021-09-01,45.12525177001953,45.9560849943836,44.982581465984474,45.72949644330107,21644100
2021-09-02,46.22463607788086,46.694601264699415,45.544860888006944,45.56164581630728,23293300
2021-09-03,46.048397064208984,46.42604995676247,45.821805328676895,46.25820387102783,13840000
2021-09-07,45.77983856201172,46.38408311030214,45.71270205742244,45.88054491959433,14354400
2021-09-08,45.360225677490234,46.30855322955367,45.326655823998315,45.981255161501025,18756700
2021-09-09,45.39379119873047,46.1574876851008,44.73080106182735,44.99935346133798,19110800
2021-09-10,45.301483154296875,46.3505171376811,45.2763073631429,46.31694728187737,15123700
2021-09-13,46.4680061340332,46.937974487855385,45.83858577512372,45.86376476643039,22052300
2021-09-14,45.805015563964844,46.803694636681335,45.66234529563549,46.73655493360934,19940300
2021-09-15,47.349185943603516,47.441501426100515,46.41764666001722,46.46799823127235,23240900
2021-09-16,46.84565353393555,47.382758332095925,46.577101134855354,47.382758332095925,17907200
2021-09-17,46.29176712036133,47.62613834930525,46.24141234140968,46.44282825581893,30000400
2021-09-20,45.058101654052734,45.46093027616456,44.44546625783699,45.13363222078603,27555100
2021-09-21,45.016143798828125,45.746270522694374,44.68884572266041,45.62877923395699,19696800
2021-09-22,46.333736419677734,46.92119614402922,45.628785390735544,45.67914017901639,25690600
2021-09-23,47.9030876159668,48.037363832912426,46.39247617358155,46.50996746323428,23069400
2021-09-24,48.33110046386719,48.524122359213855,47.56740374688772,47.58418867710022,22328600
2021-09-27,49.76616668701172,50.18578023951839,49.363338060772996,49.38851384947625,32972200
2021-09-28,50.2864875793457,50.75645591984892,49.94240458761577,50.26970585414684,37619300
2021-09-29,50.25292205810547,50.513080422706935,49.556361994978054,50.21935220415771,23422800
2021-09-30,49.36334991455078,50.496305497820074,49.354959050100554,50.45434477277271,31289600
2021-10-01,51.13411331176758,51.184468096034074,49.85848758959564,49.85848758959564,24407300
2021-10-04,51.79710006713867,52.09082828536358,51.15089478564641,51.46140793082666,33946700
2021-10-05,51.71317672729492,52.61954359719492,51.209641711615525,52.46848245221158,29641600
2021-10-06,50.76485061645508,51.29356140453768,50.14382113024387,50.74806568964964,25284900
2021-10-07,50.90752029418945,51.259997372324435,50.471121779135366,50.865559575729904,19513600
2021-10-08,52.183143615722656,52.38455633574655,51.40266212248577,51.40266212248577,22186900
2021-10-11,51.66282653808594,52.92166731258844,51.61247175460268,52.896488320147995,22121500
2021-10-12,51.39427947998047,52.015305867681114,51.06697815514594,51.671222814658336,20198600
2021-10-13,51.251609802246094,51.52016227609454,50.52987382825415,51.00823312238406,14991700
2021-10-14,52.03208541870117,52.21671642366639,51.33552531916705,51.788708766955686,18594500
2021-10-15,52.52722930908203,52.93005797119795,52.40134395155935,52.64472060202447,16092600
2021-10-18,52.502052307128906,52.98880239543419,52.25867566227748,52.946841677693705,18282800
2021-10-19,53.29092025756836,53.38323574976566,52.594360235641254,52.762206294054785,18933200
2021-10-20,53.58465576171875,53.60144068998742,52.63633132502152,52.778998413208676,14305200
2021-10-21,52.61114501953125,53.40841139379432,52.32580768141807,53.265744325436366,16564600
2021-10-22,52.97201156616211,53.05593619369015,52.32580634048358,52.67828337330696,14266800
2021-10-25,54.004268646240234,54.0630142937007,53.358066524175165,53.47555781909608,17939800
2021-10-26,55.25471878051758,55.338646627319584,54.01266604251528,54.121763279443826,25585100
2021-10-27,53.81964111328125,54.75957793611842,53.69375894691051,54.68405055713471,21764500
2021-10-28,53.9706916809082,54.10497108758449,53.4000202095203,53.5594722028525,16626400
2021-10-29,54.10498046875,54.851892190207586,53.987489168933905,54.59173379815704,23966300
2021-11-01,55.07848358154297,55.45613969579326,54.566554433165166,54.608518357902746,19656400
2021-11-02,54.398704528808594,54.927415337262694,54.264431511986416,54.574941464959956,16300000
2021-11-03,53.65179443359375,54.088189754519455,53.425202708460596,53.74410993658107,17372800
2021-11-04,54.05461883544922,54.45744424485114,53.567865596527,54.281207327888495,17720100
2021-11-05,54.56654739379883,54.826712168576464,54.180503666639424,54.59172958707031,18565100
2021-11-08,55.154014587402344,55.707901229822475,54.86867399971056,55.01134749495427,17696000
2021-11-09,55.69111633300781,55.69951039761399,54.8099252304216,55.19596896596743,18781300
2021-11-10,54.593963623046875,55.83570118147959,54.23674953760544,55.55503273974548,20177200
2021-11-11,54.69601821899414,55.13828480646468,54.44937079306699,54.59396169022662,13319300
2021-11-12,54.27928161621094,54.747062416569655,54.07516203462009,54.398351912875974,18158900
2021-11-15,54.74705123901367,55.087248309259806,53.76896843994809,54.2282390269706,18849200
2021-11-16,55.29988098144531,55.59756318486723,54.721536812189235,54.721536812189235,17028700
2021-11-17,54.69601821899414,55.48698876115936,54.5854548165482,54.75555335705632,15497000
2021-11-18,54.100677490234375,54.883141312780175,53.675424566392785,54.568458301997985,16948200
2021-11-19,51.600181579589844,52.75686990265648,51.37905151520212,52.63779961841526,32035500
2021-11-22,52.31460952758789,53.190632694350725,51.30250880911246,51.30250880911246,21994400
2021-11-23,53.69242477416992,53.90505119530778,52.66331043010219,52.89294735426168,21185900
2021-11-24,53.9901008605957,54.30478705774162,53.22464768555791,53.22464768555791,15869700
2021-11-26,52.093475341796875,52.23805975685162,50.63911133948713,51.47260655562526,24979600
2021-11-29,52.38264846801758,53.70093171139287,52.12749739581945,53.21614370088984,18946400
2021-11-30,50.89426803588867,52.04244958693749,50.74117672982587,51.42158073209266,34979800
2021-12-01,50.85173797607422,52.756868979438906,50.8177169684801,51.79579984806897,30630600
2021-12-02,52.118988037109375,52.37414234156645,50.298906365923216,50.80921173041561,29216000
2021-12-03,51.787288665771484,52.92696636998976,51.32801483472347,52.663308449701844,22014700
2021-12-06,52.374149322509766,52.8674410050726,52.238065278302436,52.493219616769,19210500
2021-12-07,52.96099090576172,53.60737381726362,52.81640324808597,53.02052604585709,19800400
2021-12-08,53.11408996582031,53.74346246590993,53.02053380500157,53.250170769441496,18214400
2021-12-09,53.25016784667969,53.38624864283175,52.569763865919356,52.773883437936405,16910300
2021-12-10,53.590362548828125,53.87953461563034,52.92696914327906,53.811495846958984,17942400
2021-12-13,52.41667175292969,53.343723176240495,52.17852793003508,53.13109673276941,17793700
2021-12-14,52.34012985229492,53.13110053821333,52.06796824471249,52.10198601234358,22551100
2021-12-15,52.1104850769043,52.30610100025757,51.0388460688033,52.042443062996135,19961900
2021-12-16,52.195533752441406,53.1140814631572,52.13599861316409,52.255068891718714,21187800
2021-12-17,51.05585861206055,52.11899078868631,50.766686530241465,51.83832558115651,44338100
2021-12-20,50.31591796875,50.392463612875545,49.295310461883346,50.00123176264358,21819300
2021-12-21,51.45559310913086,51.60868438950514,50.79219972379005,50.81771385571188,19798900
2021-12-22,51.87235641479492,52.195546321721906,51.004840005018345,51.31952628046726,14058300
2021-12-23,51.89786911010742,52.59528367112126,51.88085860320191,52.025443045265106,13543300
2021-12-27,52.6378059387207,52.688837457132344,51.387561315225106,51.821321110668286,12593700
2021-12-28,52.46769332885742,52.99500917737215,52.22104915165975,52.654805613454364,12781000
2021-12-29,52.008426666259766,52.39115164906766,51.81280749334753,52.289091869947015,12733600
2021-12-30,51.702247619628906,52.39115523132483,51.685237114542055,52.06796536794096,11940300
2021-12-31,52.04245376586914,52.28059761910176,51.62570770045136,51.659728714402085,14072000
2022-01-03,54.041133880615234,54.09216214705774,52.059454008411535,52.08497138605462,24282400
2022-01-04,56.0738525390625,56.29498588320544,54.51742523213407,54.542939370141944,38584000
2022-01-05,56.7712516784668,57.50268705066011,56.54161800991452,56.55862526768602,34033300
2022-01-06,58.10654830932617,58.2426323339684,57.04341619997167,57.83438674888515,30668500
2022-01-07,58.58283996582031,58.83799431354372,57.81738990033932,58.276657344090076,23985400
2022-01-10,58.23412322998047,58.82947459288099,57.79185665567449,58.65937605743604,22760300
2022-01-11,60.6835823059082,60.72611018778324,58.327684297899445,58.59133899676223,32936100
2022-01-12,60.50498962402344,61.07482702362917,60.07973667109167,60.50498962402344,23045100
2022-01-13,60.071224212646484,60.879208641436676,59.79906260761635,60.48797673975864,21043200
2022-01-14,61.12586212158203,61.36400273829887,60.04571598152975,60.08824387259139,23012900
2022-01-18,62.154964447021484,62.83536518304938,61.24492351484047,61.93383112561143,32841200
2022-01-19,62.180477142333984,62.81835646756199,61.7041959892605,62.724800314087695,26431600
2022-01-20,62.31656265258789,63.252124306860836,61.45755639016618,61.661675983441704,26774600
2022-01-21,61.3809814453125,62.239993832129564,60.4199125495792,62.239993832129564,35995200
2022-01-24,61.90830993652344,62.15495736521598,59.373800125938025,60.2838409544309,41507000
2022-01-25,63.728397369384766,63.992052080677176,60.71760617608579,61.73821050076434,39278400
2022-01-26,63.08200454711914,64.63843149437182,62.50366042682629,64.15364351771777,35252400
2022-01-27,63.88998031616211,64.6469297491628,62.92890487579489,64.17914909333427,29174700
2022-01-28,64.02607727050781,64.31525262431595,62.89490296942051,63.76242254200042,30595700
2022-01-31,64.60440826416016,64.99564008370459,63.167051642148884,63.76240948924591,36085500
2022-02-01,68.74636840820312,69.3247124690509,64.86805850475932,65.02114977053793,61033100
2022-02-02,68.5677719116211,68.72936358230561,67.31752749364692,68.09148430691826,30299300
2022-02-03,67.76829528808594,68.30411154984289,67.20695840437936,68.11699925527404,28529400
2022-02-04,69.23967742919922,70.19223973294511,68.78040353753144,68.78040353753144,32197500
2022-02-07,70.07315826416016,70.66000922468331,68.58477341319865,69.01002622775908,34949200
2022-02-08,68.2615966796875,70.16672783680436,67.97242133622167,69.9711086495618,34356300
2022-02-09,67.93482208251953,68.82055352323782,67.6854403027712,68.43358564201618,40106100
2022-02-10,67.28126525878906,68.51957288760896,66.89429740517224,67.69403665532195,28527700
2022-02-11,68.97533416748047,69.06992747185933,67.27266781021794,67.60804168545991,42002100
2022-02-14,67.91761779785156,68.65715530237038,66.25794424118847,68.43357709530167,34652800
2022-02-15,67.06627655029297,67.23826735273585,65.71617991481311,66.12895127989776,25075100
2022-02-16,67.3758773803711,68.5625913762801,67.10929974281153,67.75425071944707,21733800
2022-02-17,67.27265930175781,68.0380002598224,67.03187220057029,67.4876428643777,23738800
2022-02-18,66.52454376220703,67.22108871578529,66.1203734347992,66.35255945984568,23394800
2022-02-22,65.7505874633789,68.6141707653363,64.76166153065972,68.51097626913612,35947800
2022-02-23,66.01715850830078,66.61911650203677,65.46680103794583,65.75058095381657,25385000
2022-02-24,65.18302917480469,67.96061357145585,63.66094163540749,67.93481658956415,46199900
2022-02-25,66.93729400634766,67.06628548517008,65.57860257031827,65.94837464386036,28310300
2022-02-28,67.4360580444336,67.87462645127707,65.52700251429289,65.79358665532047,32204600
2022-03-01,68.08100128173828,69.35370701333822,67.3586595730199,67.73702622772923,40002300
2022-03-02,69.25050354003906,70.64359937559858,68.6399510147938,69.3106986746188,44321400
2022-03-03,69.6890869140625,70.31683537320173,68.47657621998798,68.67436402540247,30196600
2022-03-04,72.31188201904297,72.47527165781868,69.36231326533957,69.69768716330523,42802200
2022-03-07,74.91749572753906,75.01208904705503,72.14850559795414,73.02563589799915,55207900
2022-03-08,75.48504638671875,78.6926048321075,73.46420170348111,76.57716683273378,72082300
2022-03-09,71.1939697265625,74.44452070716085,70.17064569164124,72.2602865449943,65466700
2022-03-10,73.40399932861328,73.67917806825805,71.2885615374481,72.24308922576124,44644200
2022-03-11,73.02561950683594,74.15213790618509,72.20868454250666,72.29467666073427,35303400
2022-03-14,70.41142272949219,71.76151940640466,69.22471567972009,71.42614553232171,37462600
2022-03-15,66.40412902832031,68.08099832266045,65.67318617080738,67.78002262377609,47957900
2022-03-16,66.15475463867188,67.60804589574295,65.56999897554081,66.91149456005017,37812300
2022-03-17,67.91761779785156,68.06380506265305,66.27514004143282,67.22966769406581,34041900
2022-03-18,67.6510238647461,68.27017755609144,67.16086161922728,67.98639768742858,41461500
2022-03-21,70.68660736083984,70.96178611538251,68.57116945514704,68.89794873670203,33089300
2022-03-22,70.37702178955078,70.68659867044849,69.474094687581,70.19643636915683,23132200
2022-03-23,71.48634338378906,72.46666806222356,71.41755361887235,71.66692881815555,27716300
2022-03-24,71.70132446289062,72.79344477242022,71.15956817881735,71.77012078616997,19871600
2022-03-25,73.26641082763672,73.51579259968449,71.1939722624907,71.30576137653458,22398300
2022-03-28,71.211181640625,71.64114893769101,70.53183252396705,71.52075861937496,21552400
2022-03-29,70.8327865600586,70.93597447119829,68.58835764188272,69.49128466824345,27036300
2022-03-30,72.04530334472656,72.24309114446429,71.12517379452866,71.42614952388706,22079000
2022-03-31,71.02198791503906,72.57847383691197,70.98759630818166,71.26277508849836,27861500
2022-04-01,71.47774505615234,72.35487520054745,70.50601504824878,70.50601504824878,18671100
2022-04-04,71.51213836669922,71.94210550966173,70.5576107844602,71.85610683244688,20869400
2022-04-05,71.14237213134766,73.15461537444253,70.99617830469207,71.80451869847127,21753100
2022-04-06,71.93351745605469,72.8364446845734,71.32296478892896,71.73572964745776,24768200
2022-04-07,73.1374282836914,73.47280219747879,71.12517824018792,72.08830719511379,26122000
2022-04-08,74.67668914794922,74.99486719096622,73.24060048605278,73.24060048605278,24866500
2022-04-11,72.10549926757812,73.89416442243754,71.80452353497652,73.76517294824288,21800100
2022-04-12,73.61038970947266,74.65951081815048,73.42120307534658,73.7049830265357,22444200
2022-04-13,74.65088653564453,74.90886942248892,73.25779731686146,74.47890231826652,19306800
2022-04-14,75.52803802490234,76.06979432138135,74.15214433170108,74.53051099684478,24566400
2022-04-18,76.14717864990234,76.43955313877207,75.45922864196092,76.10417931411443,19032300
2022-04-19,75.46784973144531,76.24179205436899,75.046477124044,75.68283334554748,20382600
2022-04-20,75.63983154296875,76.10419692164857,75.07227823176834,75.64843272427181,20689400
2022-04-21,74.840087890625,77.2221097924534,74.63370547685956,76.49116032230575,29010900
2022-04-22,73.20621490478516,75.77742354757962,73.09442579192499,74.52192008009415,23591600
2022-04-25,70.73823547363281,71.08221069114587,68.18422817663395,70.83282882246844,37698300
2022-04-26,70.7640151977539,72.85365642527708,70.66942187200257,71.14238850075925,28941500
2022-04-27,72.78483581542969,73.50718401112967,70.75539042096575,71.7099179819542,32773000
2022-04-28,74.98628234863281,75.79462284113916,72.29468984852578,72.99123466224253,33683800
2022-04-29,73.30941009521484,75.79462007094104,72.83644353480507,75.79462007094104,34656500
2022-05-02,74.30693817138672,74.84869450715689,72.77624935585895,73.10302864222942,36335200
2022-05-03,75.83761596679688,76.34497410781171,74.05755204161707,74.1779423313758,33908100
2022-05-04,78.85598754882812,79.0107760144345,76.4567761730984,76.96413435655415,46188400
2022-05-05,77.66065979003906,79.15695010440587,76.00958760947326,79.14834892491336,41013400
2022-05-06,78.84739685058594,78.95918597433781,76.8351466975948,78.23684413942483,29619300
2022-05-09,72.63005828857422,77.01572239539698,72.25168505493862,76.91253446679,45851600
2022-05-10,73.11162567138672,74.71970549037975,71.82172396782056,73.64478740407462,34483200
2022-05-11,74.63370513916016,76.48256535621867,74.19513677121172,74.32412823952345,33020600
2022-05-12,74.97252655029297,75.04202095580578,72.45317042391544,74.66846118574308,29491500
2022-05-13,77.19649505615234,77.27467873615826,75.01594850911715,75.89338069886144,25798400
2022-05-16,79.01216888427734,79.90697969292121,77.29206154987585,77.30075083523664,26101200
2022-05-17,80.0199203491211,80.31528979539969,79.15986661250506,79.68980038657737,23120700
2022-05-18,78.75154876708984,80.72359232283694,78.0391798220379,80.36741116430228,25451200
2022-05-19,79.17724609375,80.18499127741869,77.3181363784836,77.3181363784836,24387400
2022-05-20,79.802734375,81.30565608844844,78.53437036071993,79.86354612130167,28795000
2022-05-23,81.5662841796875,82.33077567522741,80.40217167775283,80.49773394319325,27239300
2022-05-24,82.00934600830078,82.3481552707131,80.20235885677938,80.63673038581913,24293300
2022-05-25,83.65995025634766,83.85975742680796,82.07014903824411,82.16571129471915,29947800
2022-05-26,83.955322265625,84.64163002506339,83.5730732279674,83.92057175056676,24314800
2022-05-27,84.7806167602539,85.07599279395683,82.79120134411868,83.35587892893533,25588800
2022-05-31,83.39933776855469,86.6831856327141,83.14740147368744,85.62331798809464,44888100
2022-06-01,84.997802734375,85.75361144860433,83.93794195665039,84.28543381663492,25815400
2022-06-02,84.85010528564453,85.22366494419917,84.08561402933842,84.51998541705399,19089100
2022-06-03,86.08373260498047,86.57892243134404,85.04993303908665,85.04993303908665,21038200
2022-06-06,85.86653900146484,86.6831593908521,85.71885430959153,86.16191501319332,20682100
2022-06-07,89.80196380615234,89.85408626375256,86.43123681770265,86.61367204728633,37810200
2022-06-08,90.86183166503906,91.71320276329595,89.46316146387552,89.90621564355554,31613200
2022-06-09,88.89845275878906,90.84443478467496,88.7507680727669,89.84537923408809,26607000
2022-06-10,87.27393341064453,89.78460050787294,86.6918771084877,88.55967615002025,30950500
2022-06-13,83.26901245117188,84.93699736490456,81.59233825189332,84.71981162213783,33421000
2022-06-14,83.48619079589844,85.71885976857563,82.76513260309278,84.62424849417674,31264000
2022-06-15,82.43500518798828,83.89449338235848,81.02763944156575,83.3906209589253,29620800
2022-06-16,79.39441680908203,80.90602766985066,78.4301116148031,80.28053832014072,35696700
2022-06-17,74.81615447998047,79.35967695794196,74.4165334689846,79.02086769583713,64610200
2022-06-21,79.47261047363281,80.38478662293824,76.9011254283967,76.95325451405908,35951500
2022-06-22,76.32775115966797,77.9783639830554,76.04106441407274,76.04975369884352,29727200
2022-06-23,74.02559661865234,77.36157347290013,72.55741870108125,77.02276420391968,35757200
2022-06-24,75.4937744140625,76.79688902433521,74.5468410173795,75.53720759094807,26639000
2022-06-27,77.34419250488281,78.22162483921997,76.1627014293348,76.28432492581915,25478700
2022-06-28,79.4899673461914,81.00157798415297,78.49091178618939,79.15984746350466,33096900
2022-06-29,76.55362701416016,80.96683592504017,76.24087903877732,80.77571805384609,25400900
2022-06-30,74.39913940429688,76.10187464667477,73.55645775371582,74.83351084249477,39948100
2022-07-01,76.05845642089844,76.34513658915931,73.59122272070955,75.35477004575478,26327900
2022-07-05,73.67807006835938,75.31999332585585,72.1143371044481,75.00724540747737,34591100
2022-07-06,72.34892272949219,74.04297571433285,70.3768788518181,72.76592232470975,33375700
2022-07-07,74.65977478027344,75.37214376789605,74.10377979617691,74.17327419820171,23817400
2022-07-08,74.7813949584961,75.84126242125832,73.78233923730303,75.53719708542971,17673800
2022-07-11,74.39913940429688,74.816138901279,73.28714958298741,73.99082919191372,15603800
2022-07-12,73.40878295898438,73.8865942566562,71.98404497972321,72.78328694311692,21013000
2022-07-13,73.70413208007812,74.98118498914562,72.36627407132107,72.4357684543868,19928600
2022-07-14,72.22728729248047,72.37497200113752,70.0988697468289,71.10660810776355,26343000
2022-07-15,73.44353485107422,73.73890429300336,72.01879684510072,73.66940988947972,17243700
2022-07-18,74.79876708984375,76.39725757337979,74.49470838123119,75.21576662450008,19395800
2022-07-19,76.68394470214844,76.90113046066907,74.9290866896145,75.07677141469252,18248900
2022-07-20,77.52660369873047,77.88279141935217,75.79780742532294,76.08449413294801,16584400
2022-07-21,76.23218536376953,76.27562515761974,74.02557772141483,75.51981648930715,21375700
2022-07-22,75.65013885498047,76.85769104404969,75.25920054460191,76.0584491083172,15479500
2022-07-25,78.16948699951172,78.29979312869389,75.9455007270583,76.58837522827378,17536400
2022-07-26,77.86543273925781,79.29886001550484,77.31812703508338,79.1685472398491,15141200
2022-07-27,79.55078887939453,79.92434859992653,77.66561833465553,78.43010971779853,18047000
2022-07-28,80.4803466796875,81.01028041154588,79.06429805159699,80.08072571644692,20353100
2022-07-29,84.2072525024414,84.71980764990712,81.74870841887899,82.05276711889955,29825800
2022-08-01,82.07884216308594,82.83464433676407,80.99291340505813,82.34815037412223,20793200
2022-08-02,81.72264862060547,82.70432576297722,81.50546288422372,82.26127163290597,16722500
2022-08-03,79.07298278808594,82.02671023316125,78.8731756152034,82.02671023316125,23580800
2022-08-04,75.74569702148438,78.48223190646702,75.08545054901431,78.45617067944546,31821500
2022-08-05,76.8403091430664,77.91755514330747,74.95513858461837,75.02463960940473,17408000
2022-08-08,77.27468872070312,77.83937300742099,76.64051002988374,76.97931927631781,14458500
2022-08-09,78.69941711425781,79.5855385950151,78.14342218153978,78.23030177501268,19083400
2022-08-10,79.446533203125,79.74190922693616,77.48317907936445,78.77760410622965,18302000
2022-08-11,81.7447738647461,82.71844857776019,80.20970196308743,80.56057018670349,18797900
2022-08-12,82.45528411865234,82.47282485147637,80.79740713293381,81.12196757542428,15058200
2022-08-15,80.98161315917969,81.34126175177657,78.64830758684072,79.41145325693762,20755200
2022-08-16,80.22724914550781,81.48162255366333,80.07812946924739,80.72724376596796,14038200
2022-08-17,80.8763427734375,81.76230027533997,79.75354859284649,80.06056158091728,13678000
2022-08-18,82.78861999511719,83.60440134817028,81.65705188008337,81.7096874686685,17770400
2022-08-19,82.52545166015625,83.50789321100834,82.27984127244322,82.59562796875458,16128600
2022-08-22,82.46405029296875,82.88509476607526,80.57810379864664,81.94650837481466,16019900
2022-08-23,85.9640121459961,86.32366071527643,83.72719078565287,83.8149145192987,23764700
2022-08-24,86.4728012084961,86.81490243659609,85.40263564679542,85.97280659108971,17050300
2022-08-25,86.92015075683594,87.59558611781314,86.05174055653312,86.77103109774617,15305700
2022-08-26,85.84998321533203,87.63943901836052,85.45524647932756,86.63944330257806,15531400
2022-08-29,87.82365417480469,89.08679443563481,86.08682711413799,86.121915273103,23059200
2022-08-30,84.48157501220703,86.50787426996467,84.05175679672341,86.27980459358528,17086800
2022-08-31,83.85000610351562,84.94648598263294,82.09563829692793,82.48160135593949,18340900
2022-09-01,82.34125518798828,83.39387319213141,80.95530301837358,82.82370231806136,16423000
2022-09-02,83.85000610351562,84.90263080289749,83.42896157766855,84.51666774388593,18206800
2022-09-06,83.28861236572266,84.72719349089013,82.9026559832222,84.35001082165037,19201500
2022-09-07,82.57808685302734,82.97281690737687,80.96407178626825,81.74476487500871,16274700
2022-09-08,83.2535171508789,83.70087606757306,82.20966629383005,83.03422120224721,18759200
2022-09-09,84.64824676513672,85.08683871728769,83.61316949036515,84.66578749857464,17158000
2022-09-12,85.62191772460938,87.00786983952976,84.98157055756482,85.65700588234706,16118900
2022-09-13,83.62193298339844,85.77103060933281,83.25351739478933,84.7447271729012,18229100
2022-09-14,85.6745376586914,86.45523068269202,84.34122126595206,84.37630942002166,22655700
2022-09-15,83.18335723876953,84.68334102001076,82.49915481494538,84.40264241812437,21092300
2022-09-16,81.7623062133789,83.63070541280156,80.70091455331782,83.3938687169126,37874700
2022-09-19,81.75353240966797,82.00791653008338,79.82373061032702,79.8325043227225,15342100
2022-09-20,81.08687591552734,81.51669412116335,80.38512616999866,81.34126003097197,14712500
2022-09-21,79.77986907958984,82.35001804708357,79.70969945727303,82.0780931931039,17332400
2022-09-22,79.446533203125,81.27985074912331,79.40267133799173,80.87634032856405,16139400
2022-09-23,75.21852111816406,76.75359297771843,74.4290542519168,76.75359297771843,27738800
2022-09-26,73.6658935546875,75.63078326175072,73.58694353791567,74.47290099068371,22043400
2022-09-27,75.20973205566406,76.27989729012621,74.39395090909709,75.09570057862726,17307300
2022-09-28,77.94654846191406,78.33251145298833,75.36762609861034,75.54306686381723,19543300
2022-09-29,77.78868103027344,78.38516644590013,76.42904308965312,77.35008900973567,17896000
2022-09-30,76.58690643310547,78.10443717335677,76.58690643310547,77.34128494781345,21357600
2022-10-03,80.6307373046875,81.01670033746782,78.7009355255491,78.98163408783071,23881300
2022-10-04,83.56930541992188,83.64825544927096,81.32371682554098,81.7886232118106,22133700
2022-10-05,86.94646453857422,87.70961019544703,83.91140925845342,83.9903525916272,34857700
2022-10-06,89.52538299560547,89.63064746851626,86.25349093144787,86.37629613698623,29124700
2022-10-07,88.62187957763672,90.63063131296911,87.87627467488609,89.63941601330123,24507600
2022-10-10,86.70084381103516,89.49906228206477,86.59558603787828,89.0253822257149,16786100
2022-10-11,85.9640121459961,87.50785750330114,84.86753239923594,85.27980985479876,17804100
2022-10-12,86.34120178222656,86.76225295126704,85.28858389819729,85.52542057977043,12635800
2022-10-13,89.35873413085938,89.86749575122096,85.4377206835634,85.56929961856726,22019100
2022-10-14,87.00786590576172,89.683272561578,86.87628699328975,88.70083095886785,15222000
2022-10-17,88.26224517822266,89.44644208798819,88.15698070245476,88.65697525068384,14283200
2022-10-18,88.42013549804688,89.77976646151363,87.04295710969932,89.06924967862057,14065400
2022-10-19,91.04289245605469,91.21832651029631,88.79730443833702,88.8148451668091,20921700
2022-10-20,91.16572570800781,92.10431224124714,90.7095930110803,91.50782690379901,17649000
2022-10-21,92.85868072509766,93.33236079610751,91.14817493454669,91.62184831317502,22814100
2022-10-24,93.50779724121094,94.45515740710171,92.2095688885888,92.68324897153418,17024200
2022-10-25,92.87622833251953,94.14814899486578,92.16571151959708,93.34114141816596,15719800
2022-10-26,93.98147583007812,94.58673481961647,92.9814867905514,93.2095564622064,17383800
2022-10-27,94.34113311767578,96.1218154015638,94.22709492513887,95.09551182302472,18214000
2022-10-28,97.10425567626953,97.55162134200773,94.84112628595496,96.01654950715553,28169400
2022-10-31,97.20075225830078,99.04284392426989,95.99901451879393,96.05164341471905,26401800
2022-11-01,98.16565704345703,98.7445949585441,97.0604034152588,98.56916084909524,22213100
2022-11-02,96.14811706542969,98.33230285837979,95.88495924789682,97.87617022602163,20654200
2022-11-03,97.45512390136719,98.08669734093932,95.00778016921602,95.24462355524638,17103700
2022-11-04,98.51651763916016,99.56036857904002,97.19197482283495,99.12177664697376,17541500
2022-11-07,99.68316650390625,99.99017949545247,98.35861709194253,98.6042341775608,16008000
2022-11-08,99.99896240234375,100.57790697596378,98.77090363085613,99.54282972901618,14661000
2022-11-09,95.52532958984375,99.36739272458057,95.23585729200123,99.20949935233756,19522800
2022-11-10,96.9288330078125,97.10426713268345,94.35868359339419,96.65690810654768,20146700
2022-11-11,99.9551010131836,100.43755482685927,98.67441334424134,98.75336337392552,20518900
2022-11-14,100.24691772460938,101.36990657442526,99.46877734402075,99.59257117797658,20858300
2022-11-15,100.91893005371094,101.27262958041747,99.8047856520328,100.62713418446612,19373800
2022-11-16,99.84015655517578,101.03388655813325,98.9116961382881,100.30880556219736,13591000
2022-11-17,99.97278594970703,100.09657976994977,97.93018116944464,98.40767451020544,12425900
2022-11-18,99.1062240600586,99.45992356220418,96.92213688653575,98.06281423917041,15415000
2022-11-21,98.12469482421875,98.32806745040048,95.03868084248987,97.25813152541726,20973000
2022-11-22,100.96315002441406,101.21958202531918,98.53147493398622,99.22118533477907,17719100
2022-11-23,100.4591064453125,100.75974660124662,99.12389418828164,99.31842922859481,11546700
2022-11-25,100.10542297363281,101.34336790822526,99.97278481166627,100.69786578465857,7136000
2022-11-28,97.09898376464844,98.55799000210394,96.93098172861298,97.85059774042578,23015500
2022-11-29,97.7444839477539,98.8586350022037,97.08129992067184,97.80638085376464,14453200
2022-11-30,98.45189666748047,98.94707876479039,97.07247576311741,98.62874982589766,23158100
2022-12-01,97.97440338134766,99.09739218977415,97.42616874670784,98.71716635770703,14398300
2022-12-02,97.14318084716797,98.7790331622971,96.5595757611323,96.83369636802284,15248400
2022-12-05,94.48162078857422,98.46956947997444,93.67696097285233,97.88596427068104,19287700
2022-12-06,91.85541534423828,94.64963421742775,91.20991994064254,93.64159493944356,21197000
2022-12-07,91.65204620361328,92.71313809097835,90.52021305808847,91.76699568842956,20061700
2022-12-08,92.3328857421875,94.43739371732678,91.70507243541455,93.97758241760906,21128800
2022-12-09,91.55477142333984,93.68579937345912,91.34255441189288,92.48322506483105,21298200
2022-12-12,93.8095932006836,93.94223136269619,91.598979654664,91.81120341238704,20413200
2022-12-13,94.83531951904297,95.97599689903265,94.63194010789844,95.32165718943831,24305300
2022-12-14,94.13676452636719,95.76377957131817,93.50895110157178,95.4896589097122,17597300
2022-12-15,93.2348403930664,93.88033577972051,91.69624848599241,93.13757285596665,15365100
2022-12-16,92.58049011230469,93.35863037712511,91.19222511269014,91.68740712110049,54596600
2022-12-19,92.99607849121094,93.90685008950908,92.29752388031808,93.07566407789817,13611100
2022-12-20,94.34014129638672,95.06522223464236,92.90766135903722,92.99608454735976,14680000
2022-12-21,95.55154418945312,96.02019311527677,94.75572882286906,95.75492357516748,13565400
2022-12-22,93.62389373779297,95.66650505120593,92.04993811926926,95.4012287519295,13213000
2022-12-23,96.09978485107422,96.15283741324075,94.52582920840518,94.57003742812508,11539400
2022-12-27,97.43499755859375,97.68258517791254,96.23242333939673,96.62148670707343,11962100
2022-12-28,95.83451843261719,97.26699847517698,95.41008439899325,97.18741962371898,10702100
2022-12-29,96.5595932006836,97.0194045781074,95.48965709596689,95.48965709596689,10534000
2022-12-30,97.53226470947266,97.7091110807995,96.03788791061125,96.03788791061125,11799600
2023-01-03,94.18097686767578,97.28467327950352,93.27904280643425,97.07245627825833,15146200
2023-01-04,94.45508575439453,94.75573267424572,92.63354253583333,92.6689131585368,18058400
2023-01-05,96.5684585571289,97.22279839449598,94.00414503716603,94.0306713250479,15946600
2023-01-06,97.73564147949219,99.02663893408669,96.97518990748685,97.33773375411454,16348100
2023-01-09,95.91410064697266,98.71715697595984,95.33049543850468,98.71715697595984,17964600
2023-01-10,97.3465805053711,97.5588042753703,95.50735505584743,97.0813109122584,15104600
2023-01-11,98.47840118408203,98.54913568070779,96.46231623948252,98.14238365352067,16710400
2023-01-12,100.1142578125,100.57406241790805,98.80557174959682,98.87631299543084,15357300
2023-01-13,100.05237579345703,100.35301601359217,99.17697467136394,100.01700516527804,12011400
2023-01-17,99.85783386230469,100.87471742736521,99.62792816803935,100.28227462508247,16542200
2023-01-18,97.80638885498047,100.91009224458013,97.62069812175756,100.14964062494879,16399700
2023-01-19,98.4342041015625,99.15044076364445,96.89561889380009,97.32889727921012,12928000
2023-01-20,100.2292251586914,100.30881076101728,97.80639439981151,98.46957851874365,16515600
2023-01-23,99.70751953125,101.32568358895959,99.60140764785206,100.48565310406258,16584400
2023-01-24,100.6359634399414,100.82165415816263,92.73081441652907,96.52422786485161,13583000
2023-01-25,100.10542297363281,100.49449311639943,98.49609658253976,100.12311165989883,11914700
2023-01-26,104.12874603271484,104.1464279733534,101.10462146796013,101.44063905640921,21019700
2023-01-27,102.22760772705078,104.04915102976527,102.03307266632268,103.41249328420302,15179200
2023-01-30,100.41490936279297,102.12150332088453,100.05237224277478,101.76780379790432,18672100
2023-01-31,102.58131408691406,102.92616926445515,97.64722297497009,99.12391122200573,27861800
2023-02-01,101.45832061767578,103.79272805616499,100.22037564362668,102.42215166217919,19464900
2023-02-02,98.28387451171875,101.7501147531378,97.11667088976105,101.5555796917687,24562100
2023-02-03,98.96475982666016,100.90125972997866,98.64643089060073,98.94707788410491,20226600
2023-02-06,98.79673767089844,99.99930516160761,97.549948467148,99.35380982259689,13855200
2023-02-07,101.61747741699219,101.96233257537793,99.05316446658634,99.38033768573094,16013300
2023-02-08,100.73323059082031,102.42214248001505,100.6713336849798,101.73243217314736,18459700
2023-02-09,101.11346435546875,102.78468769142992,100.96314425030464,101.35221440132452,17439300
2023-02-10,105.37552642822266,105.7822785170671,102.71395253733247,103.02343708903398,24918600
2023-02-13,104.96564483642578,105.3042412346242,103.2726492490959,104.89435923738331,14536200
2023-02-14,103.73599243164062,104.97455082738382,103.37957123327398,104.26171522881944,12079000
2023-02-15,103.42411804199219,103.441936041289,101.70439218769393,103.11225206803516,13663400
2023-02-16,103.12117004394531,104.056768016417,102.29249366937398,102.7469240567879,11360600
2023-02-17,99.15599060058594,101.74894799574247,98.88867982051423,101.74894799574247,20758300
2023-02-21,99.05797576904297,100.1361448970851,98.73719739066384,98.73719739066384,14469400
2023-02-22,97.7748794555664,98.87977909965782,96.80363181821126,98.44316668192455,13973800
2023-02-23,98.67481994628906,99.64606743849976,97.92634162774273,98.66591434595033,11289400
2023-02-24,98.6837387084961,98.87085830019925,97.14221997946264,97.41844996564515,14351000
2023-02-27,98.50553131103516,99.13817568114506,97.97980853700834,98.72829370043308,11710500
2023-02-28,97.93526458740234,99.22728378534165,97.32043818931743,99.12035538623199,18107000
2023-03-01,98.8084945678711,99.6728138110329,97.33826129431944,97.40063449752857,13200000
2023-03-02,99.26292419433594,99.53023498841861,98.16693022390754,98.5679066122847,10339900
2023-03-03,100.51929473876953,101.01828709551873,97.9708925534431,98.06000294447685,13006700
2023-03-06,101.41034698486328,101.4370773836233,99.68171548275244,99.78863707779253,14347400
2023-03-07,99.4500503540039,100.84008560985787,99.0579863390013,100.51930719725016,11525300
2023-03-08,97.99763488769531,100.17179121990932,97.18677651431959,99.11144685233094,13509800
2023-03-09,97.24024200439453,100.00250124848627,97.15113840255877,98.79067322864667,12961200
2023-03-10,96.03732299804688,98.94214654302196,95.47596420792222,97.62339016857555,15795700
2023-03-13,94.93241882324219,96.10860394431197,92.41965939194907,93.86315529616243,20745600
2023-03-14,95.28884887695312,97.13332132498321,93.52456763188694,94.76312606423632,18263500
2023-03-15,90.5484619140625,92.84736469297809,89.30099112662504,91.61771870434096,25733800
2023-03-16,90.02274322509766,90.60192684547903,87.34068192953325,88.31192956337324,27465200
2023-03-17,88.9623794555664,90.53954088886348,88.33864752035572,89.63957898391531,43199500
2023-03-20,91.28802490234375,91.31476209966388,88.6594314138635,88.77526540957608,32042100
2023-03-21,95.37793731689453,95.59178728897052,92.78498006257206,92.82062285761273,31592300
2023-03-22,93.19486236572266,95.50268406673912,93.16813196888165,95.16408770980617,14952700
2023-03-23,92.14344024658203,94.75420898735035,91.27912106706614,93.88098420672414,14385900
2023-03-24,92.2503662109375,92.5355018178436,89.91582055382166,90.41480616636505,13401600
2023-03-27,94.2730484008789,94.87896238796156,92.5889652364314,93.32853122214578,14805900
2023-03-28,95.44922637939453,95.92148153406987,93.7295005455852,93.9522629240674,11047600
2023-03-29,97.08876037597656,97.26697436895958,95.77891641976845,96.28681440297478,14219100
2023-03-30,97.5610122680664,97.63229786285385,96.69669312623206,97.61447986324123,11578200
2023-03-31,97.71249389648438,98.16692425825963,97.16895314392808,97.73031189573958,14418000
2023-04-03,103.47759246826172,104.11914929814769,100.79553794077908,101.0361183529017,28087700
2023-04-04,102.48851776123047,103.98548129923331,101.73112699219475,103.59342411420617,16365500
2023-04-05,104.2438735961914,104.25278599420781,101.85586079038028,102.78255303722004,16479500
2023-04-06,102.51526641845703,104.41319975276987,102.26576680242519,104.1280641326172,15778000
2023-04-10,102.06082153320312,103.52214232666908,101.7311307353695,102.27467153273818,13006600
2023-04-11,102.78256225585938,103.53995299915736,101.91824312127746,102.43505348189714,11758500
2023-04-12,102.6756362915039,103.88745735028841,102.40831872375888,103.5043125937117,10919000
2023-04-13,103.15681457519531,103.26374298010703,101.69549369891516,102.11428812044105,12399700
2023-04-14,103.40631103515625,103.94985184676241,102.57763461731156,103.27265223263245,11530800
2023-04-17,102.20338439941406,103.81618876658746,101.9538916040066,102.90731438541017,13260400
2023-04-18,104.19934844970703,104.4399288644819,101.84697791297111,101.92716911850628,17436100
2023-04-19,103.8696517944336,104.16369979454436,103.15680939383215,103.43303939310391,10682600
2023-04-20,103.04097747802734,103.07662027859556,100.89355142960301,102.58654026849399,17038700
2023-04-21,103.37066650390625,104.14587530886092,102.7023793006452,103.79836650701868,14315300
2023-04-24,105.32205963134766,105.9368860286054,103.2548248385246,103.29046763817986,15831300
2023-04-25,103.8250732421875,104.91215459941647,103.03203981893044,104.74285983593326,12179800
2023-04-26,102.87166595458984,104.33298664612074,102.18556080478032,103.38847631573744,15566100
2023-04-27,104.101318359375,104.26170754691421,102.36376769467202,103.02314924242684,16279200
2023-04-28,105.44679260253906,106.85465241787279,104.10131277728473,104.47555192875278,24381900
2023-05-01,102.17666625976562,104.52013129389573,101.98063424037547,103.35285157793695,17355000
2023-05-02,98.10456085205078,101.52619489475417,97.3828128422563,101.52619489475417,24324100
2023-05-03,96.17096710205078,97.84613761533888,96.01949032759677,97.19567532589858,16212300
2023-05-04,94.48688507080078,96.90162827926721,94.37105108893381,96.14423760177547,17177200
2023-05-05,96.83926391601562,97.5075510685098,95.8145555892242,96.72342992359061,14968200
2023-05-08,97.222412109375,98.87976473380651,97.16003891590364,98.46097037842664,11187800
2023-05-09,97.24913787841797,98.22038532843939,96.42046160564176,96.5362955885276,11370800
2023-05-10,96.0016860961914,98.02437258145902,95.08390605674359,97.78378537222035,14884800
2023-05-11,94.26414489746094,95.1819249649115,93.49784164153398,94.8878769438343,17165900
2023-05-12,94.25523376464844,95.3512278587774,93.36418408746603,94.727489005848,12613300
2023-05-15,94.43497467041016,95.20792733140733,93.9945736426379,94.83044073617398,13715600
2023-05-16,92.14307403564453,94.2012844415205,91.69368329699454,94.03950350132017,14795200
2023-05-17,94.21028137207031,94.57878509734566,92.43968062940567,92.92502348707713,14064700
2023-05-18,95.06412506103516,95.18996079130031,93.5901238128014,93.96761728927827,12005600
2023-05-19,95.5045166015625,96.21455475359926,95.10905057836277,95.78313665036698,13359600
2023-05-22,94.34510040283203,96.20557793708879,94.26420649760746,95.12703596276837,12882000
2023-05-23,95.63036346435547,97.26614569955332,95.04615405382208,95.26185971748569,14394400
2023-05-24,96.69992065429688,97.52680503694486,95.92697469414807,96.51117731851122,16340300
2023-05-25,94.96525573730469,95.65731446900327,94.1114092055992,95.21691345792236,14316500
2023-05-26,94.34510040283203,96.12468403186422,94.21927153440184,95.69327272786327,12370300
2023-05-30,93.50923156738281,93.58113573578032,92.22397370020268,92.8351454172637,11938000
2023-05-31,91.83751678466797,92.61046961547733,91.44205063202308,91.93638332282919,24926100
2023-06-01,92.8980712890625,94.89336763624567,91.01063120775618,91.45103229339037,13551900
2023-06-02,95.05514526367188,95.38769007173461,93.94964086308077,94.51587766757163,14112000
2023-06-05,94.6327133178711,96.3403996901627,94.45295288769556,96.3403996901627,10628000
2023-06-06,95.4056625366211,95.51351193362409,93.45530822634811,93.60809944354169,12209800
2023-06-07,97.54476165771484,97.86832356804699,95.92695896321322,95.98088366254888,16027100
2023-06-08,97.23917388916016,98.09301358192033,95.18096340569245,97.76046195420554,13517100
2023-06-09,96.52014923095703,97.6166638091624,96.31343331634001,97.48184520645275,12251600
2023-06-12,95.64832305908203,96.22354265532303,94.87537044091597,95.1000658099838,14112000
2023-06-13,95.66631317138672,97.37399268055299,95.52250482774872,96.51116319020267,13533800
2023-06-14,94.51586151123047,97.1672640721746,93.8237959478551,96.57406501785286,16627700
2023-06-15,95.17198944091797,96.19659998487535,94.76754043673054,94.82146514204622,16224100
2023-06-16,94.4889144897461,95.96291587983639,94.33612325157867,95.59441896089379,43128900
2023-06-20,92.32286071777344,94.16535915626424,91.78359304936542,94.08447209172523,17514100
2023-06-21,93.3564453125,94.03951437709155,91.97232085452352,92.12511207761695,13285700
2023-06-22,92.84413146972656,93.37440926201596,92.25992212469889,92.4306859464206,12455300
2023-06-23,92.03523254394531,92.41271915108315,91.33418402864389,92.20599637641676,17933600
2023-06-26,93.7339096069336,94.29115652316713,91.85545298378793,91.85545298378793,14283400
2023-06-27,93.96762084960938,94.02154555236666,92.8171746192306,93.51823004087315,13227500
2023-06-28,94.73157501220703,95.10906161059825,92.75425152400555,93.75189957486727,13084100
2023-06-29,95.89999389648438,95.9269631044756,94.48890705995747,94.96526706757078,11364400
2023-06-30,96.39431762695312,96.96054751366715,95.99885156547482,96.45723205881025,13544700
2023-07-03,96.58307647705078,97.48185813813313,96.23255217780145,96.61003882973766,7397000
2023-07-05,96.08873748779297,96.99650190372355,95.36071977938144,96.73585443492918,12491200
2023-07-06,92.5025863647461,95.01917719961585,92.06218536864931,94.45294049033305,17961400
2023-07-07,92.71830749511719,93.47328070165578,91.28025153705681,91.60381344190449,21929200
2023-07-10,94.09344482421875,94.147369524166,92.34980638289314,92.54753942557862,14877600
2023-07-11,95.24388885498047,95.41465955615072,94.20129888996563,94.60575473108051,12576500
2023-07-12,95.71123504638672,96.75382482369945,95.38767317461092,96.16961550759547,13238200
2023-07-13,93.9586181640625,95.47756108254144,92.86210364472208,95.24387597420039,26826800
2023-07-14,90.72301483154297,93.51822609243841,90.35451109250127,93.51822609243841,28181900
2023-07-17,91.11846160888672,91.37910905418076,90.07587868486888,90.52526941320517,18051300
2023-07-18,90.70501708984375,91.85545618276507,90.18372223300194,90.70501708984375,24617800
2023-07-19,91.33419036865234,92.0352389326174,90.5971897171558,90.82188512135791,15556500
2023-07-20,92.94300079345703,93.16769617471131,91.99927744932552,92.16105839811495,15740200
2023-07-21,93.37442016601562,93.81482123138156,92.80819022483087,93.61709503878014,17121500
2023-07-24,94.83941650390625,95.41464294605404,93.43731962263922,93.79683357754723,15090900
2023-07-25,94.98324584960938,95.35174276350286,93.95863530851649,94.42599875331892,14116100
2023-07-26,94.45295715332031,95.01919396249619,94.04850816718861,94.47093662572948,15159600
2023-07-27,94.7495346069336,96.16062114650292,94.13836297377986,95.27082947050901,17677900
2023-07-28,93.6170883178711,94.51586985614333,91.96332672172755,94.47092803636613,17566400
2023-07-31,96.38533782958984,96.94258489574977,94.54283964542724,94.54283964542724,24197000
2023-08-01,95.82809448242188,96.45723884525776,94.84841899496682,96.12468719223921,14177400
2023-08-02,94.6327133178711,95.61238194798051,93.98558948355772,95.50453254703446,13484100
2023-08-03,96.27747344970703,96.96054242914799,94.64169145004213,95.17196922543643,16280400
2023-08-04,96.547119140625,98.18290140060732,96.46623208696036,97.03246203409134,14279600
2023-08-07,96.34937286376953,97.44588737733368,95.72921829931855,96.97852402027218,12410800
2023-08-08,96.82573699951172,96.84370961291643,94.22825207578562,95.30679402335704,14065600
2023-08-09,98.47051239013672,99.2434651342426,97.34703536174557,97.70654938226265,19919600
2023-08-10,98.97382354736328,100.3309787067306,98.36265183888175,99.0367379795382,15837200
2023-08-11,100.51073455810547,100.72644019330964,98.91090462078736,99.19851442011243,14047000
2023-08-14,100.59163665771484,100.64556821745794,99.56702616567007,100.37593099022108,12973400
2023-08-15,98.00909423828125,100.45569414937245,97.83692368951293,100.3560171909665,14909600
2023-08-16,96.35990142822266,99.06929248063209,96.3055346891675,98.11783306694896,13695100
2023-08-17,98.22657775878906,99.81233890877247,97.33854847291556,97.33854847291556,16709500
2023-08-18,99.71266174316406,99.85764202449458,97.51978227359409,97.53790221624668,16224000
2023-08-21,98.50749206542969,100.56445489995404,97.99098722789802,100.0026398309279,11092400
2023-08-22,97.95474243164062,99.42270685365662,97.81881864774401,98.92432195049263,10518800
2023-08-23,97.0938949584961,97.22981873068366,95.79810123526576,96.9942179864499,11435600
2023-08-24,96.36897277832031,97.65570307311815,96.11525209071175,96.43240295022245,10818500
2023-08-25,98.09065246582031,98.70683420819121,96.61363173505575,97.34761038649393,13579300
2023-08-28,98.91526794433594,99.71267689625898,98.26283929577572,98.27189581179333,10382100
2023-08-29,99.5042495727539,99.69454009070303,98.24470263487376,99.36833271234048,9665000
2023-08-30,100.47382354736328,100.70942428153225,99.65829477581755,100.07512258958113,11922100
2023-08-31,100.75473022460938,100.96314066594579,100.23822546501654,100.69130005811094,17479800
2023-09-01,102.86605072021484,103.13789823651958,101.6699340925392,101.6699340925392,14843500
2023-09-05,102.87511444091797,104.95926030287664,102.8479310718839,103.3916191926737,18304000
2023-09-06,103.76315307617188,103.83563976237589,102.60328313646578,102.82982045010745,13325500
2023-09-07,103.25570678710938,104.97739178671779,103.0291694690917,103.89001542558105,13248500
2023-09-08,104.7599105834961,105.15861844765047,103.5909772745279,103.78126777877344,14283200
2023-09-11,103.44600677490234,105.72949995507909,102.91137509621349,105.27642530784502,14383600
2023-09-12,106.4634780883789,106.6265852370249,104.45182555953512,104.51525573326576,20145800
2023-09-13,105.51203155517578,106.8893755126159,105.02271008107485,106.39099752272537,13472800
2023-09-14,107.39680480957031,107.52367206338413,106.31849191579839,106.51784585460145,15210700
2023-09-15,105.74760437011719,107.38773905334374,105.56637730318482,106.83498751181973,34568400
2023-09-18,106.59941101074219,107.14309924842064,105.7476283932443,106.49973402727451,14045300
2023-09-19,106.31848907470703,107.68676941198231,105.6660605336479,107.48742239187635,12562900
2023-09-20,105.47577667236328,106.94373406884836,105.40328307137456,105.60263701740841,11879900
2023-09-21,103.98968505859375,106.35473504483376,103.84469786687843,106.00133740673995,14400600
2023-09-22,104.15279388427734,105.72949159625674,104.03499006075278,104.85052574397312,13197300
2023-09-25,105.32173919677734,105.70232025446639,104.0531287577765,104.28872260489598,11316000
2023-09-26,105.4848403930664,105.77480788445435,104.54244431771302,104.66024123461833,11805400
2023-09-27,108.91914367675781,109.19099123355889,106.38192977122027,106.8259409948495,23976200
2023-09-28,108.25765228271484,109.37221199160076,107.09778234586405,108.71979033714982,16808100
2023-09-29,106.54502868652344,107.99486607952304,105.77480321962082,107.92237248153056,18813600
2023-10-02,104.77803802490234,106.73532377443335,103.79940206350716,106.49972302753714,14395000
2023-10-03,104.95926666259766,105.5120182443478,104.23434451537355,104.60586901700265,13297100
2023-10-04,101.03563690185547,103.38256003703262,100.12948769197335,103.34632015240278,19622200
2023-10-05,98.7612075805664,100.49195601483106,98.49842346112135,99.49519319466137,20128800
2023-10-06,97.11201477050781,98.10877757625113,95.24534950265924,95.80716453403502,25367500
2023-10-09,100.51008605957031,101.55215921358058,99.24147556396525,100.07513823519608,22369900
2023-10-10,100.08418273925781,100.99033199688212,99.78515873840313,100.60068753956887,13892000
2023-10-11,96.4958267211914,97.11200845595435,94.99162263870438,96.92171795287062,57939000
2023-10-12,96.47771453857422,97.71913462235229,96.13337338907755,97.49259730331303,31183000
2023-10-13,99.55863189697266,99.85765592928288,97.71914290326103,97.89131349259944,30276500
2023-10-16,99.631103515625,100.29259548506673,98.88806143517573,100.12948834968176,18452000
2023-10-17,100.93596649169922,101.30749101029969,99.38645207176101,99.43176230054604,19775400
2023-10-18,102.34956359863281,102.74827151432137,101.21687694121823,101.32561734914349,23380300
2023-10-19,102.4129867553711,103.27383270402491,100.88159920060231,102.14114612424639,20972500
2023-10-20,100.65506744384766,102.68483997117185,100.39228331322099,102.32237886294988,22445300
2023-10-23,99.17802429199219,100.54631147996575,98.48029247015481,100.2472805934485,18185000
2023-10-24,98.21751403808594,99.51330770760305,97.97285678898604,99.40456731168645,16786100
2023-10-25,98.39875030517578,99.22334949611849,97.9819224519655,98.33532012997792,22047300
2023-10-26,97.50164794921875,98.17219638992141,96.50488525879707,97.36572419294093,18768300
2023-10-27,95.64405822753906,99.54955936951963,95.10942656321,98.67059347135456,23092000
2023-10-30,95.94306945800781,96.43239082833071,95.33595118706563,95.81620913015033,19379900
2023-10-31,95.9158935546875,96.1968045139801,94.72884028876139,95.67123630716934,22185200
2023-11-01,95.7256088256836,97.11201610982731,95.56250167970373,96.5320811270923,28984900
2023-11-02,98.86994171142578,98.94243530806163,95.59874248195929,95.94307669592474,25212700
2023-11-03,97.66476440429688,98.57091364822372,96.5411412775712,98.22657942434475,30555600
2023-11-06,95.93402862548828,98.10878140902652,95.84340816503212,98.01816786194084,19097300
2023-11-07,94.42980194091797,95.01880027015012,93.59614638345948,94.6654026552847,20272500
2023-11-08,93.26994323730469,95.0550583785427,93.23369643744445,93.99486540776901,19184100
2023-11-09,93.29712677001953,94.2123394563034,93.20651322689751,93.94049191356714,18380500
2023-11-10,94.01298522949219,94.61104705635773,93.2518231735217,94.17609237196733,17825500
2023-11-13,95.00068664550781,95.27253419327847,94.06735399866307,94.2848348022277,15308400
2023-11-14,95.36646270751953,95.85111232279556,94.98240153804662,95.37560901438927,18260500
2023-11-15,94.79036712646484,96.15287377835287,94.64405412880795,95.0646935321899,20137600
2023-11-16,93.69304656982422,94.43373698224751,92.49513847534445,94.09540036254214,22469100
2023-11-17,95.97914123535156,96.40892700074919,93.95823978614435,94.24171253498592,22984900
2023-11-20,95.5584945678711,96.82041284580811,95.49448437210447,96.36319516844986,17458800
2023-11-21,95.52191925048828,95.74138178891646,94.38802132925638,95.29331040478735,14989000
2023-11-22,95.11042022705078,95.2110086710551,93.21753938096897,93.80277743158253,18072000
2023-11-24,95.62251281738281,96.44550610126133,95.01898906026435,95.11957053929352,9480800
2023-11-27,95.06470489501953,95.46705871008051,94.35144638765766,95.19272529497738,18013500
2023-11-28,95.00982666015625,95.93340824322046,94.99153404773023,95.32073130552365,20629500
2023-11-29,93.58331298828125,95.63165325272807,92.94321101600929,95.3481735422177,26802100
2023-11-30,93.94908905029297,95.54021163569567,93.09866386726334,94.28743265268997,29254700
2023-12-01,94.17770385742188,95.30246251647294,93.47359163947777,93.7296324460029,17845300
2023-12-04,93.66561126708984,94.51603640428931,92.8974819609478,93.391277877056,21523900
2023-12-05,91.84590148925781,93.58332331328153,91.70873477246936,93.51931310899212,22250300
2023-12-06,90.62969207763672,92.1019336139336,89.92557292031819,91.4435390167588,31154800
2023-12-07,89.99872589111328,92.21165777402229,89.69696054982894,91.31551503374453,29990700
2023-12-08,91.03205108642578,91.25151363916868,90.30049994183113,90.5473944415933,22074900
2023-12-11,91.09606170654297,91.31552426029339,90.14504800483947,91.26066036600298,22252300
2023-12-12,89.66038513183594,90.23647686682177,89.13915728306176,90.23647686682177,26084000
2023-12-13,90.45594024658203,90.55652868998308,89.30375676567742,89.6512396759615,19915400
2023-12-14,92.88835144042969,93.40043304203226,91.1875010047199,91.30637509749519,26165700
2023-12-15,92.26653289794922,92.35797504227735,91.7270123862129,91.98305318096706,55527000
2023-12-18,92.95236206054688,94.28743693974812,92.83348099064595,93.39128715630663,21610400
2023-12-19,94.17770385742188,94.36059513107463,93.08038412186026,93.2724147267541,18904700
2023-12-20,92.60486602783203,95.04641374625713,92.47684563529596,94.64405995452196,20988900
2023-12-21,93.02552795410156,93.28156878189164,92.18424197860507,92.78777276690109,19250900
2023-12-22,93.19010925292969,94.13197654096658,93.10780644414646,93.555877809248,12927800
2023-12-26,93.40043640136719,94.21428339458089,93.38215076204737,93.94909627661626,16835100
2023-12-27,92.96150970458984,93.77535668390802,92.66888366775852,93.30899265844397,14558800
2023-12-28,91.61729431152344,92.91579103770299,91.56242343784164,92.71461411291112,16329300
2023-12-29,91.42525482177734,91.98305400012299,91.09605751799366,91.78188407144494,17746400
